1                                                          The SAS System                              15:54 Sunday, August 30, 2026

NOTE: Copyright (c) 2016 by SAS Institute Inc., Cary, NC, USA. 
NOTE: SAS (r) Proprietary Software 9.4 (TS1M7) 
      Licensed to GILEAD SCIENCES - CONTROL NODE 1, Site 70173328.
NOTE: This session is executing on the Linux 4.18.0-553.58.1.el8_10.x86_64 (LIN X64) platform.



NOTE: Analytical products:
      
      SAS/STAT 15.2
      SAS/IML 15.2
      SAS/QC 15.2

NOTE: Additional host information:

 Linux LIN X64 4.18.0-553.58.1.el8_10.x86_64 #1 SMP Thu Jun 12 14:27:07 EDT 2025 x86_64 Red Hat Enterprise Linux release 8.10 
      (Ootpa) 

You are running SAS 9. Some SAS 8 files will be automatically converted 
by the V9 engine; others are incompatible.  Please see 
http://support.sas.com/rnd/migration/planning/platform/64bit.html

PROC MIGRATE will preserve current SAS file attributes and is 
recommended for converting all your SAS libraries from any 
SAS 8 release to SAS 9.  For details and examples, please see
http://support.sas.com/rnd/migration/index.html


This message is contained in the SAS news file, and is presented upon
initialization.  Edit the file "news" in the "misc/base" directory to
display site-specific news and information in the program log.
The command line option "-nonews" will prevent this display.




NOTE: SAS initialization used:
      real time           0.13 seconds
      cpu time            0.04 seconds
      
NOTE: Libref SASDATA successfully assigned from logical server.
NOTE: Libref STPSAMP successfully assigned from logical server.

NOTE: AUTOEXEC processing beginning; file is /opt/sas/sas94/m3/Config_GCS/Lev1/SASApp/appserver_autoexec.sas.


NOTE: AUTOEXEC processing completed.

1          /******************************************************************************
2           * Description: This code ensures that a SAS program, submitted to the SAS    *
3           *              GRID using 'gsub', is run in a SAS session whose current      *
4           *              working directory matches the directory from which the 'gsub' *
5           *              command was issued or directory identified by the argument    *
6           *              associated with the 'gsub' 'cwd' option                       *
7           *                                                                            *
8           * Note:        GSUB reserves the prefix 'gsub_' for the naming of macro      *
9           *              variables. In order to prevent naming collisions please       *
10          *              refrain from using the prefix 'gsub_' when naming macros      *
2                                                          The SAS System                              15:54 Sunday, August 30, 2026

11          *              in any program that will be submitted to the GSUB GS2         *
12          *              environment                                                   *
13          *                                                                            *
14          * Author:      Gilead Sciences, Inc.                                         *
15          *                                                                            *
16          * Date:        01 September 2016                                             *
17          *****************************************************************************/
18         
19         %*** Remember the original program ***;
20         %let gsas_orig_abs_pgm_name = /biometrics/gsi_stds/dss_2026/s0000000/final/draft1/prog/t-aebrief.sas;
21         %let gsas_orig_pgm_name = t-aebrief.sas;
22         
23         %*** Remember the log path ***;
24         %let gsub_log_path = /biometrics/gsi_stds/dss_2026/s0000000/final/draft1/prog;
25         
26         %*** Set the current working directory ***;
27         %sysexec cd /biometrics/gsi_stds/dss_2026/s0000000/final/draft1/prog;
28         
29         %*** Update UNIX PWD environment variable to reflect the current working directory ***;
30         %sysexec setenv PWD /biometrics/gsi_stds/dss_2026/s0000000/final/draft1/prog;
31         
32         %*** Precode ***;
33         %include "/gridwork/gsubwork/cpearson1/t-aebrief.sas_1788130478.0426695@sjgsasappprdg09/init_sys.sas";
G_SYSVER=v9.4
G_SYSUSERID_SHORT=cpearson1
G_SYSUSERID_LONG=_NULL_
G_SYSJOBID=1539281
   Got toolver from &progpath/../tools/init.inc : v4.19.01;				/*
 
      *******************************************************************************
      * SAS Program:    /biometrics/gsi_stds/dss_2026/s0000000/final/draft1/prog/t-aebrief.sas
      * Run by:         cpearson1 on sjgsasappprdg12
      * On Date:        30AUG2026:15:54
      * Tools Version:  v4.19.01 (from init_sys.sas)
      * SAS Version:    LIN X64 v9.4
      *******************************************************************************
 
CURRPATH=/biometrics/gsi_stds/dss_2026/s0000000/final/draft1/prog
PROGPATH=/biometrics/gsi_stds/dss_2026/s0000000/final/draft1/prog
G_SYSPROG=0
G_DEV=0
G_QUAL=0
NOTE: %INCLUDE (level 1) ending.
985        
986        *** Include the original SAS program ***;
987        %include "/gridwork/gsubwork/cpearson1/t-aebrief.sas_1788130478.0426695@sjgsasappprdg09/original_t-aebrief.sas" / source2;
                                                                    The SAS System

NOTE: %INCLUDE (level 1) file /gridwork/gsubwork/cpearson1/t-aebrief.sas_1788130478.0426695@sjgsasappprdg09/original_t-aebrief.sas is file 
      /gridwork/gsubwork/cpearson1/t-aebrief.sas_1788130478.0426695@sjgsasappprdg09/original_t-aebrief.sas.
988       +/* start of header *********************************************************************************
989       +Program Name:      t-aebrief.sas
990       +Program Author:    GitHub Copilot (copilot)
991       +Program Purpose:   Create Table 15.11.2.1.1.1 Treatment-Emergent Adverse Events: Overall Summary,
992       +                    Safety Analysis Set
993       +
994       +*********************************************************************************** end of header */
995       +
996       +/*----------------------------------------------------------------------------------------------
997       +  METADATA-TO-DATASET MAPPING (Phase 0)
998       +  Source:  DSS TFL Shells_Tables.json Shells[TitleKey=t-aebrief] Result rows (official source of
999       +           truth for variables/where-clauses/display text - every row below was re-verified
1000      +           verbatim against this file); cross-checked against DSS TFL Shells.json outputs[id=
1001      +           Out_04] "Treatment-Emergent Adverse Events: Overall Summary", analyses An_61-An_88,
1002      +           and the RTF "Adverse Events PROGRAMMING NOTES" for Table 15.11.2.1.1 (rules 4, 6, 7,
1003      +           17 govern the derivations below). All 13 non-header rows and their where-clauses
1004      +           match the shell JSON exactly; no additional or missing rows were found.
1005      +  Population:      Safety Analysis Set (ADSL.SAFFL = 'Y') [Programming Note 4]
1006      +  Column variable: ADAE.TRT01AN (Actual treatment received; 1=Drug A, 2=Drug B, format TRTFMT.)
1007      +                   confirmed against the production %mk_t_s_aebrief run (colvar=trt01an) and
1008      +                   against the shell JSON AnalysisGroup CompoundExpressions (variable=TRT01AN).
1009      +  Denominator:     Number of participants in the Safety Analysis Set per treatment (fixed
1010      +                   denominator for every row - a participant not represented in ADAE simply has
1011      +                   flag = 0 for every category).
1012      +  Rows (Label / where-clause, verbatim from DSS TFL Shells_Tables.json):
1013      +     1. Count of Subjects by Treatment          -> table header                     (An_61/62)
1014      +     2. Any TEAE                                -> ADAE.TRTEMFL == Y                (An_63/64)
1015      +     3. TEAE with Grade 3 or Higher              -> ADAE.ATOXGRN GE 3                  (An_65/66)
1016      +     4. TEAE with Grade 2 or Higher              -> ADAE.ATOXGRN GE 2                  (An_67/68)
1017      +     5. TEAE Related to Study Drug               -> ADAE.AREL == RELATED               (An_69/70)
1018      +     6. TEAE Related to Study Drug with Grade 3 or Higher -> ADAE.AREL==RELATED AND ADAE.ATOXGRN GE 3 (An_71/72)
1019      +     7. TEAE Related to Study Drug with Grade 2 or Higher -> ADAE.AREL==RELATED AND ADAE.ATOXGRN GE 2 (An_73/74)
1020      +     8. TE Serious AE                            -> ADAE.AESER == Y                    (An_75/76)
1021      +     9. TE Serious AE Related to Study Drug      -> ADAE.AESER==Y AND ADAE.AREL==RELATED (An_77/78)
1022      +    10. TEAE Leading to D/C of Study Drug        -> ADAE.AEACN == DRUG WITHDRAWN        (An_79/80)
1023      +    11. TEAE Leading to Dose Interruption        -> ADAE.AACN1 == DRUG INTERRUPTED      (An_81/82)
1024      +    12. TEAE Leading to Dose Reduction           -> ADAE.AACN1 == DOSE REDUCED          (An_83/84)
1025      +    13. TEAE Leading to D/C of Study             -> ADAE.AEACNOTH CONTAINS STUDY DISCONTINUATION (An_85/86)
1026      +    14. TEAE Leading to Death                    -> ADAE.AESDTH == Y                    (An_87/88)
1027      +
1028      +  DEDUPLICATION: Rows 2,5,8,9,10,11,12,13,14 are simple "ever had a qualifying record" flags,
1029      +  so one occurrence is enough to flag the participant (SELECT DISTINCT logic below). Rows
1030      +  3/4/6/7 flag a participant once if ANY of their records meets the grade threshold - this is
1031      +  equivalent to using a pre-derived max-severity occurrence flag for a simple >= threshold count,
                                                                    The SAS System

1032      +  and does not require one (ADAE.AOCCIFL was assumed in an earlier draft but does not exist in
1033      +  this study's ADAE - confirmed removed after the variable-existence check below reported it
1034      +  NOT FOUND, and confirmed the shell JSON where-clause never references AOCCIFL). For the
1035      +  *related* subset (rows 6/7), Programming Note 17 requires subsetting to AREL='RELATED' first;
1036      +  the highest grade among those records is computed explicitly below.
1037      +
1038      +  DISPLAY TEXT: every row is a single yes/no criterion (per the shell JSON where-clause), so
1039      +  each flag is coded 1 (criterion met) or left MISSING (not met) - never explicitly 0. TABCOUNT
1040      +  tabulates only the value 1 and computes % against the full Safety Analysis Set column total
1041      +  (its default DENOM=), giving exactly one "n (%)" line per row on the same line as the row
1042      +  label, with no separate row for the complementary 0/"not met" category. PTCLABEL= is blanked
1043      +  on every %tabcount call because TABCOUNT's own default (used when left unset) always prefixes
1044      +  the row label with "Number Of &study_subject_text.s With Event, Per <variable label>", which
1045      +  is not part of this shell's display text.
1046      +----------------------------------------------------------------------------------------------*/
1047      +
1048      +options missing='' mprint mlogic=0 symbolgen=0;
1049      +
1050      +%let titlekey = t-aebrief;
1051      +%let outname  = &titlekey;
1052      +%let statvar  = %sysfunc(translate(&titlekey,'_','-'));  /* macro variable names cannot contain '-' */
1053      +%global &statvar._status;
1054      +%let &statvar._status = PASS;
1055      +
1056      +%let tools = ../tools;
1057      +libname adamdata "../adamdata";
NOTE: Libref ADAMDATA was successfully assigned as follows: 
      Engine:        V9 
      Physical Name: /biometrics/gsi_stds/dss_2026/s0000000/final/draft1/adamdata
1058      +libname tools    "&tools";
NOTE: Libref TOOLS refers to the same physical library as _FMTS_1.
NOTE: Libref TOOLS was successfully assigned as follows: 
      Engine:        V9 
      Physical Name: /biometrics/gsi_stds/dss_2026/s0000000/final/draft1/tools
1059      +libname libfmt   "&tools";
NOTE: Libref LIBFMT refers to the same physical library as TOOLS.
NOTE: Libref LIBFMT was successfully assigned as follows: 
      Engine:        V9 
      Physical Name: /biometrics/gsi_stds/dss_2026/s0000000/final/draft1/tools
1060      +options fmtsearch = (libfmt work);
1061      +
1062      +%include "&tools/init.inc";
NOTE: %INCLUDE (level 2) file ../tools/init.inc is file /biometrics/gsi_stds/dss_2026/s0000000/final/draft1/tools/init.inc.
1063      +/* start of header *********************************************************************************
1064      +
1065      +Program Name:      init.inc
                                                                    The SAS System

1066      +Program Author:    First Last (userid)
1067      +Program Purpose:   initialization file	
1068      +                   - creates macro variables used by global macros
1069      +                   - automatically copied into tools directory & localized by FAB when new tools
1070      +                     folders are created
1071      +                   - Programmer needs to provide data transfer date &dataver and last 4 digits of
1072      +                     &sno (as applicable)
1073      +                   - can be further customized by Programmer
1074      +                   - template location: \\gsasdata\global\biostat\v4.19.01\folder_templates
1075      +
1076      +*********************************************************************************** end of header */
1077      +
1078      +&debug %put Begin "init.inc" file processing. ;
1079      +
1080      +/* macro variables used by the standard macros */
1081      +%let toolver  = v4.19.01;				/* Global Macro Version */
1082      +%let dataver  = %str(ddmmmyyyy);			/* Data Transfer Date (updated/customized by Programmer) */
1083      +%let sno      = 000-0000;            		        /* Study # (partially updated by FAB; Programmer provides last 4 digits) */
1084      +%let project  = GS-XXXX;             		        /* GS # (updated by FAB) */
1085      +%let protocol = GS-US-000-0000;			        /* Protocol # (updated by FAB) */
1086      +%let prtstudy = %str(Study GS-US-000-0000);	      	/* Protocol # for Output Header (updated by FAB, customizable by Programmer) */
1087      +%let hdrmode  = R;                   		        /* Header Justification (default & standard is R, can be changed to L) */
1088      +%let runmode  = ;             		        /* Run Mode (changed to blank by Programmer if study is open-label/unblinded) */
1089      +%let caution  = N;                   		        /* Caution Flag (changed to blank by Programmer when data & programs are final) */
1090      +%let _subj_keyvars = subjid;		  		/* Declare the unique key identifier variables for subjects in the study */
1091      +%let study_subject_text = Participant;            /* Declare the study subject term for TFLs (Participant or Patient, per Protocol/SAP) */
1092      +
1093      +/* Programmer: create task/release specific macro variables below (an example of common macro variables created for DMCs is
1094      +   given - can be modified or deleted as needed) */
1095      +%let dmcdtn   = "01JAN2000"d;       		   /* DMC Meeting Date, numeric */
1096      +%let dmcdtc   = "01JAN2000";			         /* DMC Meeting Date, character */
1097      +%let cutdtn   = "01JAN2000"d;       		   /* DMC Data Snapshot Date, numeric  */
1098      +
1099      +/* set SAS options, overwrite system defaults  */
1100      +options mprint source;* source2 symbolgen;
1101      +
1102      +&debug %put End "init.inc" file processing. ;
NOTE: %INCLUDE (level 2) ending.
NOTE: %INCLUDE (level 1) resuming.
1103      +
1104      +%macro m_val_init;
1105      +   %if %sysfunc(exist(tools.val_report))=0 %then %do;
1106      +      data tools.val_report;
1107      +         length titlekey $16 dsname $16 varname $32 check $60 expected $100
1108      +                actual $100 status $10 message $200;
1109      +         format rundttm datetime20.;
                                                                    The SAS System

1110      +         call missing(titlekey, dsname, varname, check, expected, actual, status, message, rundttm);
1111      +         delete;
1112      +      run;
1113      +   %end;
1114      +%mend m_val_init;
1115      +
1116      +%macro m_val_log(titlekey=, dsname=, varname=, check=, expected=, actual=, status=, message=);
1117      +   data _val_rec;
1118      +      length titlekey $16 dsname $16 varname $32 check $60 expected $100
1119      +             actual $100 status $10 message $200;
1120      +      titlekey = "&titlekey";
1121      +      dsname   = "&dsname";
1122      +      varname  = "&varname";
1123      +      check    = "&check";
1124      +      expected = "&expected";
1125      +      actual   = "&actual";
1126      +      status   = "&status";
1127      +      message  = "&message";
1128      +      rundttm  = datetime();
1129      +      format rundttm datetime20.;
1130      +   run;
1131      +   proc append base=tools.val_report data=_val_rec force; run;
1132      +   proc datasets library=work nolist memtype=data; delete _val_rec; quit;
1133      +%mend m_val_log;
1134      +
1135      +%m_val_init;
1136      +
1137      +%macro m_req_check(dsname=, varlist=);
1138      +   %local _i _v _ok;
1139      +   %if %sysfunc(exist(adamdata.&dsname))=0 %then %do;
1140      +      %m_val_log(titlekey=&titlekey, dsname=&dsname, varname=, check=Dataset existence,
1141      +                 expected=adamdata.&dsname exists, actual=NOT FOUND, status=ERROR,
1142      +                 message=Required dataset adamdata.&dsname could not be found - table skipped.);
1143      +      %let &statvar._status = ERROR;
1144      +      %goto done;
1145      +   %end;
1146      +   %let _i = 1;
1147      +   %do %while (%scan(&varlist, &_i, %str( )) ne );
1148      +      %let _v = %scan(&varlist, &_i, %str( ));
1149      +      %m_chkvar(var=&_v, inds=&dsname, libnm=adamdata, abort=N, alert=N);
1150      +      %let _ok = &m_chkvar;
1151      +      %if %eval(&_ok) = 0 %then %do;
1152      +         %m_val_log(titlekey=&titlekey, dsname=&dsname, varname=&_v, check=Variable existence,
1153      +                    expected=Variable &_v present, actual=NOT FOUND, status=ERROR,
1154      +                    message=Required variable &_v not found in adamdata.&dsname - table marked ERROR.);
1155      +         %let &statvar._status = ERROR;
                                                                    The SAS System

1156      +      %end;
1157      +      %else %do;
1158      +         %m_val_log(titlekey=&titlekey, dsname=&dsname, varname=&_v, check=Variable existence,
1159      +                    expected=Variable &_v present, actual=FOUND, status=PASS, message= );
1160      +      %end;
1161      +      %let _i = %eval(&_i + 1);
1162      +   %end;
1163      +   %done:
1164      +%mend m_req_check;
1165      +
1166      +%macro main;
1167      +
1168      +%m_req_check(dsname=adsl, varlist=subjid usubjid trt01an saffl);
1169      +%m_req_check(dsname=adae, varlist=usubjid trtemfl aeser arel atoxgrn
1170      +                                  aeacn aacn1 aeacnoth aesdth);
1171      +
1172      +%if &&&statvar._status = ERROR %then %do;
1173      +   %put %str(ER)ROR: [USER] &titlekey - one or more required ADSL/ADAE variables were not found.;
1174      +   %put %str(ER)ROR: [USER] &titlekey - PDF generation skipped. See tools/val_report.out.;
1175      +   %goto endprogram;
1176      +%end;
1177      +
1178      +/*------------------------------------------------------------------------------------------*
1179      + | Data preparation                                                                          |
1180      + *------------------------------------------------------------------------------------------*/
1181      +
1182      +/* Safety Analysis Set - denominator for every row (Programming Note 4) */
1183      +%fetch(library = adamdata,
1184      +          data = adsl,
1185      +           out = safety0,
1186      +       dataopt = where=(saffl = 'Y'),
1187      +        sortby = subjid);
1188      +
1189      +%nobs(safety0);
1190      +%m_val_log(titlekey=&titlekey, dsname=adsl, varname=saffl, check=Population record count,
1191      +           expected=>0 Safety participants, actual=&nobs, status=%sysfunc(ifc(&nobs>0,PASS,ERROR)),
1192      +           message=Safety Analysis Set population count for AE overall summary table.);
1193      +
1194      +%if &nobs = 0 %then %do;
1195      +   %let &statvar._status = ERROR;
1196      +   %goto endprogram;
1197      +%end;
1198      +
1199      +proc sort data=safety0 out=safety0 nodupkey;
1200      +   by usubjid;
1201      +run;
                                                                    The SAS System

1202      +
1203      +/* Treatment-emergent AE records only (Programming Note 6/7 TEAE definition already applied
1204      +   upstream in ADAE.TRTEMFL by the ADaM programmer; this program trusts that flag). */
1205      +%fetch(library = adamdata,
1206      +          data = adae,
1207      +           out = ae0,
1208      +       dataopt = where=(trtemfl = 'Y'),
1209      +        sortby = usubjid);
1210      +
1211      +proc sort data=ae0 out=ae0;
1212      +   by usubjid;
1213      +run;
1214      +
1215      +/* One row per participant per qualifying category - "ever" flags require only PROC SQL EXISTS-
1216      +   style aggregation; grade-based related-subset flags require the max grade per participant. */
1217      +proc sql noprint;
1218      +   create table _any_teae as
1219      +      select distinct usubjid, 1 as any_teae
1220      +      from ae0;
1221      +
1222      +   create table _sae as
1223      +      select distinct usubjid, 1 as sae
1224      +      from ae0 where upcase(aeser) = 'Y';
1225      +
1226      +   create table _sae_rel as
1227      +      select distinct usubjid, 1 as sae_rel
1228      +      from ae0 where upcase(aeser) = 'Y' and upcase(arel) = 'RELATED';
1229      +
1230      +   create table _related as
1231      +      select distinct usubjid, 1 as any_related
1232      +      from ae0 where upcase(arel) = 'RELATED';
1233      +
1234      +   create table _dcdrug as
1235      +      select distinct usubjid, 1 as dc_drug
1236      +      from ae0 where upcase(aeacn) = 'DRUG WITHDRAWN';
1237      +
1238      +   create table _interrupt as
1239      +      select distinct usubjid, 1 as interrupt
1240      +      from ae0 where upcase(aacn1) = 'DRUG INTERRUPTED';
1241      +
1242      +   create table _reduce as
1243      +      select distinct usubjid, 1 as dosereduce
1244      +      from ae0 where upcase(aacn1) = 'DOSE REDUCED';
1245      +
1246      +   create table _dcstudy as
1247      +      select distinct usubjid, 1 as dc_study
                                                                    The SAS System

1248      +      from ae0 where upcase(aeacnoth) contains 'STUDY DISCONTINUATION';
1249      +
1250      +   create table _death as
1251      +      select distinct usubjid, 1 as ae_death
1252      +      from ae0 where upcase(aesdth) = 'Y';
1253      +
1254      +   /* Grade >=3 / >=2 - a participant is flagged once if any of their TEAE records meets the
1255      +      threshold; no pre-derived occurrence flag is needed for a simple "ever reached this grade"
1256      +      count (ADAE has no AOCCIFL variable in this study). */
1257      +   create table _g3 as
1258      +      select distinct usubjid, 1 as gr3plus
1259      +      from ae0 where atoxgrn >= 3;
1260      +
1261      +   create table _g2 as
1262      +      select distinct usubjid, 1 as gr2plus
1263      +      from ae0 where atoxgrn >= 2;
1264      +quit;
1265      +
1266      +/* Related subset: no pre-derived occurrence flag exists, so compute the highest grade among
1267      +   AREL='RELATED' records per Programming Note 17 ("subset on relationship to study drug FIRST,
1268      +   then determine the highest severity grade experienced per participant"). */
1269      +data _rel_only;
1270      +   set ae0;
1271      +   where upcase(arel) = 'RELATED';
1272      +run;
1273      +
1274      +proc sort data=_rel_only;
1275      +   by usubjid descending atoxgrn;
1276      +run;
1277      +
1278      +data _rel_maxgrade;
1279      +   set _rel_only;
1280      +   by usubjid;
1281      +   if first.usubjid; /* keep only the single highest-grade related record per participant */
1282      +   if atoxgrn >= 3 then gr3plus_rel = 1;
1283      +   if atoxgrn >= 2 then gr2plus_rel = 1;
1284      +   keep usubjid gr3plus_rel gr2plus_rel;
1285      +run;
1286      +
1287      +/* Merge every derived flag back onto the full Safety Analysis Set so participants with no
1288      +   qualifying AE correctly contribute a zero to both the numerator and denominator. */
1289      +proc sort data=safety0; by usubjid; run;
1290      +
1291      +data ae_summary;
1292      +   merge safety0 (in=insaf)
1293      +         _any_teae _sae _sae_rel _related _dcdrug _interrupt _reduce _dcstudy _death
                                                                    The SAS System

1294      +         _g3 _g2 _rel_maxgrade;
1295      +   by usubjid;
1296      +   if insaf; /* Safety Analysis Set drives the denominator - guards against many-to-many merges */
1297      +
1298      +   /* Flags are left as 1 (criterion met) or missing (not met) - never 0. TABCOUNT tabulates only
1299      +      the value 1 and computes % against the full Safety Analysis Set column total (via its
1300      +      default DENOM=), so a participant who never had a qualifying record simply contributes
1301      +      nothing rather than an explicit "0" category - this is what keeps each row to a single
1302      +      n (%) line instead of separate rows for 1 and 0. */
1303      +
1304      +   format trt01an trtfmt.;
1305      +   /* Labels are blanked (not descriptive text) so TABCOUNT does not emit a separate header row
1306      +      above the n (%) detail row - see the COMBINE post-process step below, which supplies the
1307      +      real label text and puts it on the same line as n (%). */
1308      +   label any_teae    = ' '
1309      +         gr3plus     = ' '
1310      +         gr2plus     = ' '
1311      +         any_related = ' '
1312      +         gr3plus_rel = ' '
1313      +         gr2plus_rel = ' '
1314      +         sae         = ' '
1315      +         sae_rel     = ' '
1316      +         dc_drug     = ' '
1317      +         interrupt   = ' '
1318      +         dosereduce  = ' '
1319      +         dc_study    = ' '
1320      +         ae_death    = ' ';
1321      +run;
1322      +
1323      +%nobs(ae_summary);
1324      +%m_val_log(titlekey=&titlekey, dsname=adsl adae, varname=usubjid, check=Merge integrity,
1325      +           expected=&nobs (safety pop count), actual=&nobs, status=PASS,
1326      +           message=One record per Safety Analysis Set participant confirmed after flag merge - no many-to-many inflation.);
1327      +
1328      +/*------------------------------------------------------------------------------------------*
1329      + | Report generation                                                                        |
1330      + *------------------------------------------------------------------------------------------*/
1331      +%tabdesc(data     = ae_summary,
1332      +         ptvar    = usubjid,
1333      +         colvar   = trt01an,
1334      +         ocprint  = Y,
1335      +         col2     = 50,
1336      +         statlen  = 3,
1337      +         col1hdr  = %str(Number (%%) of Participants with),
1338      +         numtitle = Number of &study_subject_text.s);
1339      +
                                                                    The SAS System

1340      +%tabcount(sortord = 1,  var = any_teae,    stat = N PCT, showall = N, ptclabel=%str());
1341      +%tabcount(sortord = 2,  var = gr3plus,     stat = N PCT, showall = N, ptclabel=%str());
1342      +%tabcount(sortord = 3,  var = gr2plus,     stat = N PCT, showall = N, ptclabel=%str());
1343      +%tabcount(sortord = 4,  var = any_related, stat = N PCT, showall = N, ptclabel=%str());
1344      +%tabcount(sortord = 5,  var = gr3plus_rel, stat = N PCT, showall = N, ptclabel=%str());
1345      +%tabcount(sortord = 6,  var = gr2plus_rel, stat = N PCT, showall = N, ptclabel=%str());
1346      +%tabcount(sortord = 7,  var = sae,         stat = N PCT, showall = N, ptclabel=%str());
1347      +%tabcount(sortord = 8,  var = sae_rel,     stat = N PCT, showall = N, ptclabel=%str());
1348      +%tabcount(sortord = 9,  var = dc_drug,     stat = N PCT, showall = N, ptclabel=%str());
1349      +%tabcount(sortord = 10, var = interrupt,   stat = N PCT, showall = N, ptclabel=%str());
1350      +%tabcount(sortord = 11, var = dosereduce,  stat = N PCT, showall = N, ptclabel=%str());
1351      +%tabcount(sortord = 12, var = dc_study,    stat = N PCT, showall = N, ptclabel=%str());
1352      +%tabcount(sortord = 13, var = ae_death,    stat = N PCT, showall = N, ptclabel=%str());
1353      +
1354      +/* Put the real row label back on the same line as its n (%) value (TABCOUNT's blanked-label
1355      +   detail row otherwise shows only the raw "1" it tabulated). */
1356      +data combine;
1357      +   set combine;
1358      +   length _newlbl $80;
1359      +   select (sortord);
1360      +      when (1)  _newlbl = 'Any TEAE';
1361      +      when (2)  _newlbl = 'TEAE with Grade 3 or Higher';
1362      +      when (3)  _newlbl = 'TEAE with Grade 2 or Higher';
1363      +      when (4)  _newlbl = 'TEAE Related to Study Drug';
1364      +      when (5)  _newlbl = 'TEAE Related to Study Drug with Grade 3 or Higher';
1365      +      when (6)  _newlbl = 'TEAE Related to Study Drug with Grade 2 or Higher';
1366      +      when (7)  _newlbl = 'TE Serious AE';
1367      +      when (8)  _newlbl = 'TE Serious AE Related to Study Drug';
1368      +      when (9)  _newlbl = 'TEAE Leading to Discontinuation of Study Drug';
1369      +      when (10) _newlbl = 'TEAE Leading to Dose Interruption of Study Drug';
1370      +      when (11) _newlbl = 'TEAE Leading to Dose Reduction of Study Drug';
1371      +      when (12) _newlbl = 'TEAE Leading to Discontinuation of Study';
1372      +      when (13) _newlbl = 'TEAE Leading to Death';
1373      +      otherwise _newlbl = ' ';
1374      +   end;
1375      +   if _newlbl ne ' ' then linlabel = _newlbl;
1376      +   drop _newlbl;
1377      +run;
1378      +
1379      +%tabprep(titlekey = &titlekey,
1380      +         outname  = &outname,
1381      +         tsource  = &tools/tnf.inc,
1382      +         vdata    = vdata);
1383      +
1384      +%printset(titlekey = &titlekey,
1385      +          outname  = &outname,
                                                                    The SAS System

1386      +          tsource  = &tools/tnf.inc,
1387      +          orient   = landscape);
1388      +
1389      +%tabdrpt(titlekey = &titlekey,
1390      +         outname  = &outname,
1391      +         cwidth   = );
1392      +
1393      +%m_val_log(titlekey=&titlekey, dsname=adae, varname=, check=PDF generation,
1394      +           expected=&outname..pdf created, actual=see log, status=&&&statvar._status,
1395      +           message=AE overall summary table completed - see &outname..log for ODS/PROC PRINTTO confirmation.);
1396      +
1397      +%endprogram:
1398      +
1399      +%put NOTE: [USER] &titlekey final status = &&&statvar._status;
1400      +
1401      +%mend main;
1402      +
1403      +%main;
MPRINT(M_REQ_CHECK):  ;
MPRINT(M_VAL_LOG):   data _val_rec;
MPRINT(M_VAL_LOG):   length titlekey $16 dsname $16 varname $32 check $60 expected $100 actual $100 status $10 message $200;
MPRINT(M_VAL_LOG):   titlekey = "t-aebrief";
MPRINT(M_VAL_LOG):   dsname = "adsl";
MPRINT(M_VAL_LOG):   varname = "subjid";
MPRINT(M_VAL_LOG):   check = "Variable existence";
MPRINT(M_VAL_LOG):   expected = "Variable subjid present";
MPRINT(M_VAL_LOG):   actual = "FOUND";
MPRINT(M_VAL_LOG):   status = "PASS";
MPRINT(M_VAL_LOG):   message = "";
MPRINT(M_VAL_LOG):   rundttm = datetime();
MPRINT(M_VAL_LOG):   format rundttm datetime20.;
MPRINT(M_VAL_LOG):   run;

NOTE: The data set WORK._VAL_REC has 1 observations and 9 variables.
NOTE: DATA statement used (Total process time):
      real time           0.00 seconds
      cpu time            0.00 seconds
      

MPRINT(M_VAL_LOG):   proc append base=tools.val_report data=_val_rec force;
MPRINT(M_VAL_LOG):   run;

NOTE: Appending WORK._VAL_REC to TOOLS.VAL_REPORT.
 
INFO: Engine's fast-append process in use.
INFO: 15:54:42 Reading DATA file, updating BASE file
                                                                    The SAS System

INFO: Starting data set size is 7 pages
INFO: Engine's block-read method is in use.
INFO: Engine's block-write  method is in use.
INFO: Ending data set size is 7 pages, 0 added.
INFO: 00:00:00 Elapsed time
INFO: 15:54:42 Finished updating BASE file
 
NOTE: There were 1 observations read from the data set WORK._VAL_REC.
NOTE: 1 observations added.
NOTE: The data set TOOLS.VAL_REPORT has 736 observations and 9 variables.
NOTE: PROCEDURE APPEND used (Total process time):
      real time           0.05 seconds
      cpu time            0.02 seconds
      

MPRINT(M_VAL_LOG):   proc datasets library=work nolist memtype=data;
MPRINT(M_VAL_LOG):   delete _val_rec;
MPRINT(M_VAL_LOG):   quit;

NOTE: Deleting WORK._VAL_REC (memtype=DATA).
NOTE: PROCEDURE DATASETS used (Total process time):
      real time           0.00 seconds
      cpu time            0.00 seconds
      

MPRINT(M_REQ_CHECK):  ;
MPRINT(M_REQ_CHECK):  ;
MPRINT(M_VAL_LOG):   data _val_rec;
MPRINT(M_VAL_LOG):   length titlekey $16 dsname $16 varname $32 check $60 expected $100 actual $100 status $10 message $200;
MPRINT(M_VAL_LOG):   titlekey = "t-aebrief";
MPRINT(M_VAL_LOG):   dsname = "adsl";
MPRINT(M_VAL_LOG):   varname = "usubjid";
MPRINT(M_VAL_LOG):   check = "Variable existence";
MPRINT(M_VAL_LOG):   expected = "Variable usubjid present";
MPRINT(M_VAL_LOG):   actual = "FOUND";
MPRINT(M_VAL_LOG):   status = "PASS";
MPRINT(M_VAL_LOG):   message = "";
MPRINT(M_VAL_LOG):   rundttm = datetime();
MPRINT(M_VAL_LOG):   format rundttm datetime20.;
MPRINT(M_VAL_LOG):   run;

NOTE: The data set WORK._VAL_REC has 1 observations and 9 variables.
NOTE: DATA statement used (Total process time):
      real time           0.00 seconds
      cpu time            0.00 seconds
      
                                                                    The SAS System


MPRINT(M_VAL_LOG):   proc append base=tools.val_report data=_val_rec force;
MPRINT(M_VAL_LOG):   run;

NOTE: Appending WORK._VAL_REC to TOOLS.VAL_REPORT.
 
INFO: Engine's fast-append process in use.
INFO: 15:54:42 Reading DATA file, updating BASE file
INFO: Starting data set size is 7 pages
INFO: Engine's block-read method is in use.
INFO: Engine's block-write  method is in use.
INFO: Ending data set size is 7 pages, 0 added.
INFO: 00:00:00 Elapsed time
INFO: 15:54:42 Finished updating BASE file
 
NOTE: There were 1 observations read from the data set WORK._VAL_REC.
NOTE: 1 observations added.
NOTE: The data set TOOLS.VAL_REPORT has 737 observations and 9 variables.
NOTE: PROCEDURE APPEND used (Total process time):
      real time           0.00 seconds
      cpu time            0.01 seconds
      

MPRINT(M_VAL_LOG):   proc datasets library=work nolist memtype=data;
MPRINT(M_VAL_LOG):   delete _val_rec;
MPRINT(M_VAL_LOG):   quit;

NOTE: Deleting WORK._VAL_REC (memtype=DATA).
NOTE: PROCEDURE DATASETS used (Total process time):
      real time           0.00 seconds
      cpu time            0.00 seconds
      

MPRINT(M_REQ_CHECK):  ;
MPRINT(M_REQ_CHECK):  ;
MPRINT(M_VAL_LOG):   data _val_rec;
MPRINT(M_VAL_LOG):   length titlekey $16 dsname $16 varname $32 check $60 expected $100 actual $100 status $10 message $200;
MPRINT(M_VAL_LOG):   titlekey = "t-aebrief";
MPRINT(M_VAL_LOG):   dsname = "adsl";
MPRINT(M_VAL_LOG):   varname = "trt01an";
MPRINT(M_VAL_LOG):   check = "Variable existence";
MPRINT(M_VAL_LOG):   expected = "Variable trt01an present";
MPRINT(M_VAL_LOG):   actual = "FOUND";
MPRINT(M_VAL_LOG):   status = "PASS";
MPRINT(M_VAL_LOG):   message = "";
MPRINT(M_VAL_LOG):   rundttm = datetime();
                                                                    The SAS System

MPRINT(M_VAL_LOG):   format rundttm datetime20.;
MPRINT(M_VAL_LOG):   run;

NOTE: The data set WORK._VAL_REC has 1 observations and 9 variables.
NOTE: DATA statement used (Total process time):
      real time           0.00 seconds
      cpu time            0.00 seconds
      

MPRINT(M_VAL_LOG):   proc append base=tools.val_report data=_val_rec force;
MPRINT(M_VAL_LOG):   run;

NOTE: Appending WORK._VAL_REC to TOOLS.VAL_REPORT.
 
INFO: Engine's fast-append process in use.
INFO: 15:54:42 Reading DATA file, updating BASE file
INFO: Starting data set size is 7 pages
INFO: Engine's block-read method is in use.
INFO: Engine's block-write  method is in use.
INFO: Ending data set size is 7 pages, 0 added.
INFO: 00:00:00 Elapsed time
INFO: 15:54:42 Finished updating BASE file
 
NOTE: There were 1 observations read from the data set WORK._VAL_REC.
NOTE: 1 observations added.
NOTE: The data set TOOLS.VAL_REPORT has 738 observations and 9 variables.
NOTE: PROCEDURE APPEND used (Total process time):
      real time           0.00 seconds
      cpu time            0.00 seconds
      

MPRINT(M_VAL_LOG):   proc datasets library=work nolist memtype=data;
MPRINT(M_VAL_LOG):   delete _val_rec;
MPRINT(M_VAL_LOG):   quit;

NOTE: Deleting WORK._VAL_REC (memtype=DATA).
NOTE: PROCEDURE DATASETS used (Total process time):
      real time           0.00 seconds
      cpu time            0.00 seconds
      

MPRINT(M_REQ_CHECK):  ;
MPRINT(M_REQ_CHECK):  ;
MPRINT(M_VAL_LOG):   data _val_rec;
MPRINT(M_VAL_LOG):   length titlekey $16 dsname $16 varname $32 check $60 expected $100 actual $100 status $10 message $200;
MPRINT(M_VAL_LOG):   titlekey = "t-aebrief";
                                                                    The SAS System

MPRINT(M_VAL_LOG):   dsname = "adsl";
MPRINT(M_VAL_LOG):   varname = "saffl";
MPRINT(M_VAL_LOG):   check = "Variable existence";
MPRINT(M_VAL_LOG):   expected = "Variable saffl present";
MPRINT(M_VAL_LOG):   actual = "FOUND";
MPRINT(M_VAL_LOG):   status = "PASS";
MPRINT(M_VAL_LOG):   message = "";
MPRINT(M_VAL_LOG):   rundttm = datetime();
MPRINT(M_VAL_LOG):   format rundttm datetime20.;
MPRINT(M_VAL_LOG):   run;

NOTE: The data set WORK._VAL_REC has 1 observations and 9 variables.
NOTE: DATA statement used (Total process time):
      real time           0.00 seconds
      cpu time            0.01 seconds
      

MPRINT(M_VAL_LOG):   proc append base=tools.val_report data=_val_rec force;
MPRINT(M_VAL_LOG):   run;

NOTE: Appending WORK._VAL_REC to TOOLS.VAL_REPORT.
 
INFO: Engine's fast-append process in use.
INFO: 15:54:42 Reading DATA file, updating BASE file
INFO: Starting data set size is 7 pages
INFO: Engine's block-read method is in use.
INFO: Engine's block-write  method is in use.
INFO: Ending data set size is 7 pages, 0 added.
INFO: 00:00:00 Elapsed time
INFO: 15:54:42 Finished updating BASE file
 
NOTE: There were 1 observations read from the data set WORK._VAL_REC.
NOTE: 1 observations added.
NOTE: The data set TOOLS.VAL_REPORT has 739 observations and 9 variables.
NOTE: PROCEDURE APPEND used (Total process time):
      real time           0.00 seconds
      cpu time            0.00 seconds
      

MPRINT(M_VAL_LOG):   proc datasets library=work nolist memtype=data;
MPRINT(M_VAL_LOG):   delete _val_rec;
MPRINT(M_VAL_LOG):   quit;

NOTE: Deleting WORK._VAL_REC (memtype=DATA).
NOTE: PROCEDURE DATASETS used (Total process time):
      real time           0.00 seconds
                                                                    The SAS System

      cpu time            0.00 seconds
      

MPRINT(M_REQ_CHECK):  ;
MPRINT(MAIN):  ;
MPRINT(M_REQ_CHECK):  ;
MPRINT(M_VAL_LOG):   data _val_rec;
MPRINT(M_VAL_LOG):   length titlekey $16 dsname $16 varname $32 check $60 expected $100 actual $100 status $10 message $200;
MPRINT(M_VAL_LOG):   titlekey = "t-aebrief";
MPRINT(M_VAL_LOG):   dsname = "adae";
MPRINT(M_VAL_LOG):   varname = "usubjid";
MPRINT(M_VAL_LOG):   check = "Variable existence";
MPRINT(M_VAL_LOG):   expected = "Variable usubjid present";
MPRINT(M_VAL_LOG):   actual = "FOUND";
MPRINT(M_VAL_LOG):   status = "PASS";
MPRINT(M_VAL_LOG):   message = "";
MPRINT(M_VAL_LOG):   rundttm = datetime();
MPRINT(M_VAL_LOG):   format rundttm datetime20.;
MPRINT(M_VAL_LOG):   run;

NOTE: The data set WORK._VAL_REC has 1 observations and 9 variables.
NOTE: DATA statement used (Total process time):
      real time           0.00 seconds
      cpu time            0.00 seconds
      

MPRINT(M_VAL_LOG):   proc append base=tools.val_report data=_val_rec force;
MPRINT(M_VAL_LOG):   run;

NOTE: Appending WORK._VAL_REC to TOOLS.VAL_REPORT.
 
INFO: Engine's fast-append process in use.
INFO: 15:54:42 Reading DATA file, updating BASE file
INFO: Starting data set size is 7 pages
INFO: Engine's block-read method is in use.
INFO: Engine's block-write  method is in use.
INFO: Ending data set size is 7 pages, 0 added.
INFO: 00:00:00 Elapsed time
INFO: 15:54:42 Finished updating BASE file
 
NOTE: There were 1 observations read from the data set WORK._VAL_REC.
NOTE: 1 observations added.
NOTE: The data set TOOLS.VAL_REPORT has 740 observations and 9 variables.
NOTE: PROCEDURE APPEND used (Total process time):
      real time           0.00 seconds
      cpu time            0.00 seconds
                                                                    The SAS System

      

MPRINT(M_VAL_LOG):   proc datasets library=work nolist memtype=data;
MPRINT(M_VAL_LOG):   delete _val_rec;
MPRINT(M_VAL_LOG):   quit;

NOTE: Deleting WORK._VAL_REC (memtype=DATA).
NOTE: PROCEDURE DATASETS used (Total process time):
      real time           0.00 seconds
      cpu time            0.00 seconds
      

MPRINT(M_REQ_CHECK):  ;
MPRINT(M_REQ_CHECK):  ;
MPRINT(M_VAL_LOG):   data _val_rec;
MPRINT(M_VAL_LOG):   length titlekey $16 dsname $16 varname $32 check $60 expected $100 actual $100 status $10 message $200;
MPRINT(M_VAL_LOG):   titlekey = "t-aebrief";
MPRINT(M_VAL_LOG):   dsname = "adae";
MPRINT(M_VAL_LOG):   varname = "trtemfl";
MPRINT(M_VAL_LOG):   check = "Variable existence";
MPRINT(M_VAL_LOG):   expected = "Variable trtemfl present";
MPRINT(M_VAL_LOG):   actual = "FOUND";
MPRINT(M_VAL_LOG):   status = "PASS";
MPRINT(M_VAL_LOG):   message = "";
MPRINT(M_VAL_LOG):   rundttm = datetime();
MPRINT(M_VAL_LOG):   format rundttm datetime20.;
MPRINT(M_VAL_LOG):   run;

NOTE: The data set WORK._VAL_REC has 1 observations and 9 variables.
NOTE: DATA statement used (Total process time):
      real time           0.00 seconds
      cpu time            0.00 seconds
      

MPRINT(M_VAL_LOG):   proc append base=tools.val_report data=_val_rec force;
MPRINT(M_VAL_LOG):   run;

NOTE: Appending WORK._VAL_REC to TOOLS.VAL_REPORT.
 
INFO: Engine's fast-append process in use.
INFO: 15:54:42 Reading DATA file, updating BASE file
INFO: Starting data set size is 7 pages
INFO: Engine's block-read method is in use.
INFO: Engine's block-write  method is in use.
INFO: Ending data set size is 7 pages, 0 added.
INFO: 00:00:00 Elapsed time
                                                                    The SAS System

INFO: 15:54:42 Finished updating BASE file
 
NOTE: There were 1 observations read from the data set WORK._VAL_REC.
NOTE: 1 observations added.
NOTE: The data set TOOLS.VAL_REPORT has 741 observations and 9 variables.
NOTE: PROCEDURE APPEND used (Total process time):
      real time           0.01 seconds
      cpu time            0.00 seconds
      

MPRINT(M_VAL_LOG):   proc datasets library=work nolist memtype=data;
MPRINT(M_VAL_LOG):   delete _val_rec;
MPRINT(M_VAL_LOG):   quit;

NOTE: Deleting WORK._VAL_REC (memtype=DATA).
NOTE: PROCEDURE DATASETS used (Total process time):
      real time           0.00 seconds
      cpu time            0.01 seconds
      

MPRINT(M_REQ_CHECK):  ;
MPRINT(M_REQ_CHECK):  ;
MPRINT(M_VAL_LOG):   data _val_rec;
MPRINT(M_VAL_LOG):   length titlekey $16 dsname $16 varname $32 check $60 expected $100 actual $100 status $10 message $200;
MPRINT(M_VAL_LOG):   titlekey = "t-aebrief";
MPRINT(M_VAL_LOG):   dsname = "adae";
MPRINT(M_VAL_LOG):   varname = "aeser";
MPRINT(M_VAL_LOG):   check = "Variable existence";
MPRINT(M_VAL_LOG):   expected = "Variable aeser present";
MPRINT(M_VAL_LOG):   actual = "FOUND";
MPRINT(M_VAL_LOG):   status = "PASS";
MPRINT(M_VAL_LOG):   message = "";
MPRINT(M_VAL_LOG):   rundttm = datetime();
MPRINT(M_VAL_LOG):   format rundttm datetime20.;
MPRINT(M_VAL_LOG):   run;

NOTE: The data set WORK._VAL_REC has 1 observations and 9 variables.
NOTE: DATA statement used (Total process time):
      real time           0.00 seconds
      cpu time            0.00 seconds
      

MPRINT(M_VAL_LOG):   proc append base=tools.val_report data=_val_rec force;
MPRINT(M_VAL_LOG):   run;

NOTE: Appending WORK._VAL_REC to TOOLS.VAL_REPORT.
                                                                    The SAS System

 
INFO: Engine's fast-append process in use.
INFO: 15:54:42 Reading DATA file, updating BASE file
INFO: Starting data set size is 7 pages
INFO: Engine's block-read method is in use.
INFO: Engine's block-write  method is in use.
INFO: Ending data set size is 7 pages, 0 added.
INFO: 00:00:00 Elapsed time
INFO: 15:54:42 Finished updating BASE file
 
NOTE: There were 1 observations read from the data set WORK._VAL_REC.
NOTE: 1 observations added.
NOTE: The data set TOOLS.VAL_REPORT has 742 observations and 9 variables.
NOTE: PROCEDURE APPEND used (Total process time):
      real time           0.02 seconds
      cpu time            0.00 seconds
      

MPRINT(M_VAL_LOG):   proc datasets library=work nolist memtype=data;
MPRINT(M_VAL_LOG):   delete _val_rec;
MPRINT(M_VAL_LOG):   quit;

NOTE: Deleting WORK._VAL_REC (memtype=DATA).
NOTE: PROCEDURE DATASETS used (Total process time):
      real time           0.00 seconds
      cpu time            0.00 seconds
      

MPRINT(M_REQ_CHECK):  ;
MPRINT(M_REQ_CHECK):  ;
MPRINT(M_VAL_LOG):   data _val_rec;
MPRINT(M_VAL_LOG):   length titlekey $16 dsname $16 varname $32 check $60 expected $100 actual $100 status $10 message $200;
MPRINT(M_VAL_LOG):   titlekey = "t-aebrief";
MPRINT(M_VAL_LOG):   dsname = "adae";
MPRINT(M_VAL_LOG):   varname = "arel";
MPRINT(M_VAL_LOG):   check = "Variable existence";
MPRINT(M_VAL_LOG):   expected = "Variable arel present";
MPRINT(M_VAL_LOG):   actual = "FOUND";
MPRINT(M_VAL_LOG):   status = "PASS";
MPRINT(M_VAL_LOG):   message = "";
MPRINT(M_VAL_LOG):   rundttm = datetime();
MPRINT(M_VAL_LOG):   format rundttm datetime20.;
MPRINT(M_VAL_LOG):   run;

NOTE: The data set WORK._VAL_REC has 1 observations and 9 variables.
NOTE: DATA statement used (Total process time):
                                                                    The SAS System

      real time           0.00 seconds
      cpu time            0.00 seconds
      

MPRINT(M_VAL_LOG):   proc append base=tools.val_report data=_val_rec force;
MPRINT(M_VAL_LOG):   run;

NOTE: Appending WORK._VAL_REC to TOOLS.VAL_REPORT.
 
INFO: Engine's fast-append process in use.
INFO: 15:54:42 Reading DATA file, updating BASE file
INFO: Starting data set size is 7 pages
INFO: Engine's block-read method is in use.
INFO: Engine's block-write  method is in use.
INFO: Ending data set size is 7 pages, 0 added.
INFO: 00:00:00 Elapsed time
INFO: 15:54:42 Finished updating BASE file
 
NOTE: There were 1 observations read from the data set WORK._VAL_REC.
NOTE: 1 observations added.
NOTE: The data set TOOLS.VAL_REPORT has 743 observations and 9 variables.
NOTE: PROCEDURE APPEND used (Total process time):
      real time           0.02 seconds
      cpu time            0.01 seconds
      

MPRINT(M_VAL_LOG):   proc datasets library=work nolist memtype=data;
MPRINT(M_VAL_LOG):   delete _val_rec;
MPRINT(M_VAL_LOG):   quit;

NOTE: Deleting WORK._VAL_REC (memtype=DATA).
NOTE: PROCEDURE DATASETS used (Total process time):
      real time           0.00 seconds
      cpu time            0.00 seconds
      

MPRINT(M_REQ_CHECK):  ;
MPRINT(M_REQ_CHECK):  ;
MPRINT(M_VAL_LOG):   data _val_rec;
MPRINT(M_VAL_LOG):   length titlekey $16 dsname $16 varname $32 check $60 expected $100 actual $100 status $10 message $200;
MPRINT(M_VAL_LOG):   titlekey = "t-aebrief";
MPRINT(M_VAL_LOG):   dsname = "adae";
MPRINT(M_VAL_LOG):   varname = "atoxgrn";
MPRINT(M_VAL_LOG):   check = "Variable existence";
MPRINT(M_VAL_LOG):   expected = "Variable atoxgrn present";
MPRINT(M_VAL_LOG):   actual = "FOUND";
                                                                    The SAS System

MPRINT(M_VAL_LOG):   status = "PASS";
MPRINT(M_VAL_LOG):   message = "";
MPRINT(M_VAL_LOG):   rundttm = datetime();
MPRINT(M_VAL_LOG):   format rundttm datetime20.;
MPRINT(M_VAL_LOG):   run;

NOTE: The data set WORK._VAL_REC has 1 observations and 9 variables.
NOTE: DATA statement used (Total process time):
      real time           0.00 seconds
      cpu time            0.00 seconds
      

MPRINT(M_VAL_LOG):   proc append base=tools.val_report data=_val_rec force;
MPRINT(M_VAL_LOG):   run;

NOTE: Appending WORK._VAL_REC to TOOLS.VAL_REPORT.
 
INFO: Engine's fast-append process in use.
INFO: 15:54:42 Reading DATA file, updating BASE file
INFO: Starting data set size is 7 pages
INFO: Engine's block-read method is in use.
INFO: Engine's block-write  method is in use.
INFO: Ending data set size is 7 pages, 0 added.
INFO: 00:00:00 Elapsed time
INFO: 15:54:42 Finished updating BASE file
 
NOTE: There were 1 observations read from the data set WORK._VAL_REC.
NOTE: 1 observations added.
NOTE: The data set TOOLS.VAL_REPORT has 744 observations and 9 variables.
NOTE: PROCEDURE APPEND used (Total process time):
      real time           0.01 seconds
      cpu time            0.00 seconds
      

MPRINT(M_VAL_LOG):   proc datasets library=work nolist memtype=data;
MPRINT(M_VAL_LOG):   delete _val_rec;
MPRINT(M_VAL_LOG):   quit;

NOTE: Deleting WORK._VAL_REC (memtype=DATA).
NOTE: PROCEDURE DATASETS used (Total process time):
      real time           0.00 seconds
      cpu time            0.00 seconds
      

MPRINT(M_REQ_CHECK):  ;
MPRINT(M_REQ_CHECK):  ;
                                                                    The SAS System

MPRINT(M_VAL_LOG):   data _val_rec;
MPRINT(M_VAL_LOG):   length titlekey $16 dsname $16 varname $32 check $60 expected $100 actual $100 status $10 message $200;
MPRINT(M_VAL_LOG):   titlekey = "t-aebrief";
MPRINT(M_VAL_LOG):   dsname = "adae";
MPRINT(M_VAL_LOG):   varname = "aeacn";
MPRINT(M_VAL_LOG):   check = "Variable existence";
MPRINT(M_VAL_LOG):   expected = "Variable aeacn present";
MPRINT(M_VAL_LOG):   actual = "FOUND";
MPRINT(M_VAL_LOG):   status = "PASS";
MPRINT(M_VAL_LOG):   message = "";
MPRINT(M_VAL_LOG):   rundttm = datetime();
MPRINT(M_VAL_LOG):   format rundttm datetime20.;
MPRINT(M_VAL_LOG):   run;

NOTE: The data set WORK._VAL_REC has 1 observations and 9 variables.
NOTE: DATA statement used (Total process time):
      real time           0.00 seconds
      cpu time            0.01 seconds
      

MPRINT(M_VAL_LOG):   proc append base=tools.val_report data=_val_rec force;
MPRINT(M_VAL_LOG):   run;

NOTE: Appending WORK._VAL_REC to TOOLS.VAL_REPORT.
 
INFO: Engine's fast-append process in use.
INFO: 15:54:42 Reading DATA file, updating BASE file
INFO: Starting data set size is 7 pages
INFO: Engine's block-read method is in use.
INFO: Engine's block-write  method is in use.
INFO: Ending data set size is 7 pages, 0 added.
INFO: 00:00:00 Elapsed time
INFO: 15:54:42 Finished updating BASE file
 
NOTE: There were 1 observations read from the data set WORK._VAL_REC.
NOTE: 1 observations added.
NOTE: The data set TOOLS.VAL_REPORT has 745 observations and 9 variables.
NOTE: PROCEDURE APPEND used (Total process time):
      real time           0.00 seconds
      cpu time            0.00 seconds
      

MPRINT(M_VAL_LOG):   proc datasets library=work nolist memtype=data;
MPRINT(M_VAL_LOG):   delete _val_rec;
MPRINT(M_VAL_LOG):   quit;

                                                                    The SAS System

NOTE: Deleting WORK._VAL_REC (memtype=DATA).
NOTE: PROCEDURE DATASETS used (Total process time):
      real time           0.00 seconds
      cpu time            0.00 seconds
      

MPRINT(M_REQ_CHECK):  ;
MPRINT(M_REQ_CHECK):  ;
MPRINT(M_VAL_LOG):   data _val_rec;
MPRINT(M_VAL_LOG):   length titlekey $16 dsname $16 varname $32 check $60 expected $100 actual $100 status $10 message $200;
MPRINT(M_VAL_LOG):   titlekey = "t-aebrief";
MPRINT(M_VAL_LOG):   dsname = "adae";
MPRINT(M_VAL_LOG):   varname = "aacn1";
MPRINT(M_VAL_LOG):   check = "Variable existence";
MPRINT(M_VAL_LOG):   expected = "Variable aacn1 present";
MPRINT(M_VAL_LOG):   actual = "FOUND";
MPRINT(M_VAL_LOG):   status = "PASS";
MPRINT(M_VAL_LOG):   message = "";
MPRINT(M_VAL_LOG):   rundttm = datetime();
MPRINT(M_VAL_LOG):   format rundttm datetime20.;
MPRINT(M_VAL_LOG):   run;

NOTE: The data set WORK._VAL_REC has 1 observations and 9 variables.
NOTE: DATA statement used (Total process time):
      real time           0.00 seconds
      cpu time            0.00 seconds
      

MPRINT(M_VAL_LOG):   proc append base=tools.val_report data=_val_rec force;
MPRINT(M_VAL_LOG):   run;

NOTE: Appending WORK._VAL_REC to TOOLS.VAL_REPORT.
 
INFO: Engine's fast-append process in use.
INFO: 15:54:42 Reading DATA file, updating BASE file
INFO: Starting data set size is 7 pages
INFO: Engine's block-read method is in use.
INFO: Engine's block-write  method is in use.
INFO: Ending data set size is 7 pages, 0 added.
INFO: 00:00:00 Elapsed time
INFO: 15:54:42 Finished updating BASE file
 
NOTE: There were 1 observations read from the data set WORK._VAL_REC.
NOTE: 1 observations added.
NOTE: The data set TOOLS.VAL_REPORT has 746 observations and 9 variables.
NOTE: PROCEDURE APPEND used (Total process time):
                                                                    The SAS System

      real time           0.02 seconds
      cpu time            0.00 seconds
      

MPRINT(M_VAL_LOG):   proc datasets library=work nolist memtype=data;
MPRINT(M_VAL_LOG):   delete _val_rec;
MPRINT(M_VAL_LOG):   quit;

NOTE: Deleting WORK._VAL_REC (memtype=DATA).
NOTE: PROCEDURE DATASETS used (Total process time):
      real time           0.00 seconds
      cpu time            0.00 seconds
      

MPRINT(M_REQ_CHECK):  ;
MPRINT(M_REQ_CHECK):  ;
MPRINT(M_VAL_LOG):   data _val_rec;
MPRINT(M_VAL_LOG):   length titlekey $16 dsname $16 varname $32 check $60 expected $100 actual $100 status $10 message $200;
MPRINT(M_VAL_LOG):   titlekey = "t-aebrief";
MPRINT(M_VAL_LOG):   dsname = "adae";
MPRINT(M_VAL_LOG):   varname = "aeacnoth";
MPRINT(M_VAL_LOG):   check = "Variable existence";
MPRINT(M_VAL_LOG):   expected = "Variable aeacnoth present";
MPRINT(M_VAL_LOG):   actual = "FOUND";
MPRINT(M_VAL_LOG):   status = "PASS";
MPRINT(M_VAL_LOG):   message = "";
MPRINT(M_VAL_LOG):   rundttm = datetime();
MPRINT(M_VAL_LOG):   format rundttm datetime20.;
MPRINT(M_VAL_LOG):   run;

NOTE: The data set WORK._VAL_REC has 1 observations and 9 variables.
NOTE: DATA statement used (Total process time):
      real time           0.00 seconds
      cpu time            0.00 seconds
      

MPRINT(M_VAL_LOG):   proc append base=tools.val_report data=_val_rec force;
MPRINT(M_VAL_LOG):   run;

NOTE: Appending WORK._VAL_REC to TOOLS.VAL_REPORT.
 
INFO: Engine's fast-append process in use.
INFO: 15:54:42 Reading DATA file, updating BASE file
INFO: Starting data set size is 7 pages
INFO: Engine's block-read method is in use.
INFO: Engine's block-write  method is in use.
                                                                    The SAS System

INFO: Ending data set size is 7 pages, 0 added.
INFO: 00:00:00 Elapsed time
INFO: 15:54:42 Finished updating BASE file
 
NOTE: There were 1 observations read from the data set WORK._VAL_REC.
NOTE: 1 observations added.
NOTE: The data set TOOLS.VAL_REPORT has 747 observations and 9 variables.
NOTE: PROCEDURE APPEND used (Total process time):
      real time           0.01 seconds
      cpu time            0.01 seconds
      

MPRINT(M_VAL_LOG):   proc datasets library=work nolist memtype=data;
MPRINT(M_VAL_LOG):   delete _val_rec;
MPRINT(M_VAL_LOG):   quit;

NOTE: Deleting WORK._VAL_REC (memtype=DATA).
NOTE: PROCEDURE DATASETS used (Total process time):
      real time           0.00 seconds
      cpu time            0.00 seconds
      

MPRINT(M_REQ_CHECK):  ;
MPRINT(M_REQ_CHECK):  ;
MPRINT(M_VAL_LOG):   data _val_rec;
MPRINT(M_VAL_LOG):   length titlekey $16 dsname $16 varname $32 check $60 expected $100 actual $100 status $10 message $200;
MPRINT(M_VAL_LOG):   titlekey = "t-aebrief";
MPRINT(M_VAL_LOG):   dsname = "adae";
MPRINT(M_VAL_LOG):   varname = "aesdth";
MPRINT(M_VAL_LOG):   check = "Variable existence";
MPRINT(M_VAL_LOG):   expected = "Variable aesdth present";
MPRINT(M_VAL_LOG):   actual = "FOUND";
MPRINT(M_VAL_LOG):   status = "PASS";
MPRINT(M_VAL_LOG):   message = "";
MPRINT(M_VAL_LOG):   rundttm = datetime();
MPRINT(M_VAL_LOG):   format rundttm datetime20.;
MPRINT(M_VAL_LOG):   run;

NOTE: The data set WORK._VAL_REC has 1 observations and 9 variables.
NOTE: DATA statement used (Total process time):
      real time           0.00 seconds
      cpu time            0.00 seconds
      

MPRINT(M_VAL_LOG):   proc append base=tools.val_report data=_val_rec force;
MPRINT(M_VAL_LOG):   run;
                                                                    The SAS System


NOTE: Appending WORK._VAL_REC to TOOLS.VAL_REPORT.
 
INFO: Engine's fast-append process in use.
INFO: 15:54:42 Reading DATA file, updating BASE file
INFO: Starting data set size is 7 pages
INFO: Engine's block-read method is in use.
INFO: Engine's block-write  method is in use.
INFO: Ending data set size is 7 pages, 0 added.
INFO: 00:00:00 Elapsed time
INFO: 15:54:42 Finished updating BASE file
 
NOTE: There were 1 observations read from the data set WORK._VAL_REC.
NOTE: 1 observations added.
NOTE: The data set TOOLS.VAL_REPORT has 748 observations and 9 variables.
NOTE: PROCEDURE APPEND used (Total process time):
      real time           0.02 seconds
      cpu time            0.00 seconds
      

MPRINT(M_VAL_LOG):   proc datasets library=work nolist memtype=data;
MPRINT(M_VAL_LOG):   delete _val_rec;
MPRINT(M_VAL_LOG):   quit;

NOTE: Deleting WORK._VAL_REC (memtype=DATA).
NOTE: PROCEDURE DATASETS used (Total process time):
      real time           0.00 seconds
      cpu time            0.00 seconds
      

MPRINT(M_REQ_CHECK):  ;
MPRINT(MAIN):  ;
MPRINT(FETCH):   proc sort data=adamdata.adsl ( where=(saffl = 'Y') ) out=safety0 ;
MPRINT(FETCH):   by subjid;
MPRINT(FETCH):   run;

NOTE: There were 100 observations read from the data set ADAMDATA.ADSL.
      WHERE saffl='Y';
NOTE: SAS sort was used.
NOTE: The data set WORK.SAFETY0 has 100 observations and 39 variables.
NOTE: PROCEDURE SORT used (Total process time):
      real time           0.02 seconds
      cpu time            0.00 seconds
      

MPRINT(FETCH):   options _last_ = safety0;
                                                                    The SAS System

MPRINT(MAIN):  ;
MPRINT(MAIN):  ;
MPRINT(M_VAL_LOG):   data _val_rec;
MPRINT(M_VAL_LOG):   length titlekey $16 dsname $16 varname $32 check $60 expected $100 actual $100 status $10 message $200;
MPRINT(M_VAL_LOG):   titlekey = "t-aebrief";
MPRINT(M_VAL_LOG):   dsname = "adsl";
MPRINT(M_VAL_LOG):   varname = "saffl";
MPRINT(M_VAL_LOG):   check = "Population record count";
MPRINT(M_VAL_LOG):   expected = ">0 Safety participants";
MPRINT(M_VAL_LOG):   actual = "100";
MPRINT(M_VAL_LOG):   status = "PASS";
MPRINT(M_VAL_LOG):   message = "Safety Analysis Set population count for AE overall summary table.";
MPRINT(M_VAL_LOG):   rundttm = datetime();
MPRINT(M_VAL_LOG):   format rundttm datetime20.;
MPRINT(M_VAL_LOG):   run;

NOTE: The data set WORK._VAL_REC has 1 observations and 9 variables.
NOTE: DATA statement used (Total process time):
      real time           0.00 seconds
      cpu time            0.00 seconds
      

MPRINT(M_VAL_LOG):   proc append base=tools.val_report data=_val_rec force;
MPRINT(M_VAL_LOG):   run;

NOTE: Appending WORK._VAL_REC to TOOLS.VAL_REPORT.
 
INFO: Engine's fast-append process in use.
INFO: 15:54:42 Reading DATA file, updating BASE file
INFO: Starting data set size is 7 pages
INFO: Engine's block-read method is in use.
INFO: Engine's block-write  method is in use.
INFO: Ending data set size is 7 pages, 0 added.
INFO: 00:00:00 Elapsed time
INFO: 15:54:42 Finished updating BASE file
 
NOTE: There were 1 observations read from the data set WORK._VAL_REC.
NOTE: 1 observations added.
NOTE: The data set TOOLS.VAL_REPORT has 749 observations and 9 variables.
NOTE: PROCEDURE APPEND used (Total process time):
      real time           0.01 seconds
      cpu time            0.00 seconds
      

MPRINT(M_VAL_LOG):   proc datasets library=work nolist memtype=data;
MPRINT(M_VAL_LOG):   delete _val_rec;
                                                                    The SAS System

MPRINT(M_VAL_LOG):   quit;

NOTE: Deleting WORK._VAL_REC (memtype=DATA).
NOTE: PROCEDURE DATASETS used (Total process time):
      real time           0.00 seconds
      cpu time            0.00 seconds
      

MPRINT(MAIN):  ;
MPRINT(MAIN):   proc sort data=safety0 out=safety0 nodupkey;
MPRINT(MAIN):   by usubjid;
MPRINT(MAIN):   run;

NOTE: There were 100 observations read from the data set WORK.SAFETY0.
NOTE: SAS sort was used.
NOTE: 0 observations with duplicate key values were deleted.
NOTE: The data set WORK.SAFETY0 has 100 observations and 39 variables.
NOTE: PROCEDURE SORT used (Total process time):
      real time           0.00 seconds
      cpu time            0.00 seconds
      

MPRINT(FETCH):   proc sort data=adamdata.adae ( where=(trtemfl = 'Y') ) out=ae0 ;
MPRINT(FETCH):   by usubjid;
MPRINT(FETCH):   run;

NOTE: There were 550 observations read from the data set ADAMDATA.ADAE.
      WHERE trtemfl='Y';
NOTE: SAS sort was used.
NOTE: The data set WORK.AE0 has 550 observations and 77 variables.
NOTE: PROCEDURE SORT used (Total process time):
      real time           0.03 seconds
      cpu time            0.00 seconds
      

MPRINT(FETCH):   options _last_ = ae0;
MPRINT(MAIN):  ;
MPRINT(MAIN):   proc sort data=ae0 out=ae0;
MPRINT(MAIN):   by usubjid;
MPRINT(MAIN):   run;

NOTE: Input data set is already sorted; it has been copied to the output data set.
NOTE: There were 550 observations read from the data set WORK.AE0.
NOTE: The data set WORK.AE0 has 550 observations and 77 variables.
NOTE: PROCEDURE SORT used (Total process time):
      real time           0.00 seconds
                                                                    The SAS System

      cpu time            0.00 seconds
      

MPRINT(MAIN):   proc sql noprint;
MPRINT(MAIN):   create table _any_teae as select distinct usubjid, 1 as any_teae from ae0;
NOTE: Table WORK._ANY_TEAE created, with 100 rows and 2 columns.

MPRINT(MAIN):   create table _sae as select distinct usubjid, 1 as sae from ae0 where upcase(aeser) = 'Y';
NOTE: Table WORK._SAE created, with 73 rows and 2 columns.

MPRINT(MAIN):   create table _sae_rel as select distinct usubjid, 1 as sae_rel from ae0 where upcase(aeser) = 'Y' and upcase(arel) = 'RELATED';
NOTE: Table WORK._SAE_REL created, with 44 rows and 2 columns.

MPRINT(MAIN):   create table _related as select distinct usubjid, 1 as any_related from ae0 where upcase(arel) = 'RELATED';
NOTE: Table WORK._RELATED created, with 91 rows and 2 columns.

MPRINT(MAIN):   create table _dcdrug as select distinct usubjid, 1 as dc_drug from ae0 where upcase(aeacn) = 'DRUG WITHDRAWN';
NOTE: Table WORK._DCDRUG created, with 51 rows and 2 columns.

MPRINT(MAIN):   create table _interrupt as select distinct usubjid, 1 as interrupt from ae0 where upcase(aacn1) = 'DRUG INTERRUPTED';
NOTE: Table WORK._INTERRUPT created, with 56 rows and 2 columns.

MPRINT(MAIN):   create table _reduce as select distinct usubjid, 1 as dosereduce from ae0 where upcase(aacn1) = 'DOSE REDUCED';
NOTE: Table WORK._REDUCE created, with 49 rows and 2 columns.

MPRINT(MAIN):   create table _dcstudy as select distinct usubjid, 1 as dc_study from ae0 where upcase(aeacnoth) contains 'STUDY DISCONTINUATION';
NOTE: Table WORK._DCSTUDY created, with 7 rows and 2 columns.

MPRINT(MAIN):   create table _death as select distinct usubjid, 1 as ae_death from ae0 where upcase(aesdth) = 'Y';
NOTE: Table WORK._DEATH created, with 51 rows and 2 columns.

MPRINT(MAIN):   create table _g3 as select distinct usubjid, 1 as gr3plus from ae0 where atoxgrn >= 3;
NOTE: Table WORK._G3 created, with 85 rows and 2 columns.

MPRINT(MAIN):   create table _g2 as select distinct usubjid, 1 as gr2plus from ae0 where atoxgrn >= 2;
NOTE: Table WORK._G2 created, with 99 rows and 2 columns.

MPRINT(MAIN):   quit;
NOTE: PROCEDURE SQL used (Total process time):
      real time           0.02 seconds
      cpu time            0.02 seconds
      

MPRINT(MAIN):   data _rel_only;
MPRINT(MAIN):   set ae0;
MPRINT(MAIN):   where upcase(arel) = 'RELATED';
                                                                    The SAS System

MPRINT(MAIN):   run;

NOTE: There were 365 observations read from the data set WORK.AE0.
      WHERE UPCASE(arel)='RELATED';
NOTE: The data set WORK._REL_ONLY has 365 observations and 77 variables.
NOTE: DATA statement used (Total process time):
      real time           0.00 seconds
      cpu time            0.00 seconds
      

MPRINT(MAIN):   proc sort data=_rel_only;
MPRINT(MAIN):   by usubjid descending atoxgrn;
MPRINT(MAIN):   run;

NOTE: There were 365 observations read from the data set WORK._REL_ONLY.
NOTE: SAS sort was used.
NOTE: The data set WORK._REL_ONLY has 365 observations and 77 variables.
NOTE: PROCEDURE SORT used (Total process time):
      real time           0.00 seconds
      cpu time            0.02 seconds
      

MPRINT(MAIN):   data _rel_maxgrade;
MPRINT(MAIN):   set _rel_only;
MPRINT(MAIN):   by usubjid;
MPRINT(MAIN):   if first.usubjid;
MPRINT(MAIN):   if atoxgrn >= 3 then gr3plus_rel = 1;
MPRINT(MAIN):   if atoxgrn >= 2 then gr2plus_rel = 1;
MPRINT(MAIN):   keep usubjid gr3plus_rel gr2plus_rel;
MPRINT(MAIN):   run;

NOTE: There were 365 observations read from the data set WORK._REL_ONLY.
NOTE: The data set WORK._REL_MAXGRADE has 91 observations and 3 variables.
NOTE: DATA statement used (Total process time):
      real time           0.00 seconds
      cpu time            0.00 seconds
      

MPRINT(MAIN):   proc sort data=safety0;
MPRINT(MAIN):   by usubjid;
MPRINT(MAIN):   run;

NOTE: Input data set is already sorted, no sorting done.
NOTE: PROCEDURE SORT used (Total process time):
      real time           0.00 seconds
      cpu time            0.00 seconds
                                                                    The SAS System

      

MPRINT(MAIN):   data ae_summary;
MPRINT(MAIN):   merge safety0 (in=insaf) _any_teae _sae _sae_rel _related _dcdrug _interrupt _reduce _dcstudy _death _g3 _g2 _rel_maxgrade;
MPRINT(MAIN):   by usubjid;
MPRINT(MAIN):   if insaf;
MPRINT(MAIN):   format trt01an trtfmt.;
MPRINT(MAIN):   label any_teae = ' ' gr3plus = ' ' gr2plus = ' ' any_related = ' ' gr3plus_rel = ' ' gr2plus_rel = ' ' sae = ' ' sae_rel = ' ' 
dc_drug = ' ' interrupt = ' ' dosereduce = ' ' dc_study = ' ' ae_death = ' ';
MPRINT(MAIN):   run;

NOTE: There were 100 observations read from the data set WORK.SAFETY0.
NOTE: There were 100 observations read from the data set WORK._ANY_TEAE.
NOTE: There were 73 observations read from the data set WORK._SAE.
NOTE: There were 44 observations read from the data set WORK._SAE_REL.
NOTE: There were 91 observations read from the data set WORK._RELATED.
NOTE: There were 51 observations read from the data set WORK._DCDRUG.
NOTE: There were 56 observations read from the data set WORK._INTERRUPT.
NOTE: There were 49 observations read from the data set WORK._REDUCE.
NOTE: There were 7 observations read from the data set WORK._DCSTUDY.
NOTE: There were 51 observations read from the data set WORK._DEATH.
NOTE: There were 85 observations read from the data set WORK._G3.
NOTE: There were 99 observations read from the data set WORK._G2.
NOTE: There were 91 observations read from the data set WORK._REL_MAXGRADE.
NOTE: The data set WORK.AE_SUMMARY has 100 observations and 52 variables.
NOTE: DATA statement used (Total process time):
      real time           0.02 seconds
      cpu time            0.00 seconds
      

MPRINT(MAIN):  ;
MPRINT(M_VAL_LOG):   data _val_rec;
MPRINT(M_VAL_LOG):   length titlekey $16 dsname $16 varname $32 check $60 expected $100 actual $100 status $10 message $200;
MPRINT(M_VAL_LOG):   titlekey = "t-aebrief";
MPRINT(M_VAL_LOG):   dsname = "adsl adae";
MPRINT(M_VAL_LOG):   varname = "usubjid";
MPRINT(M_VAL_LOG):   check = "Merge integrity";
MPRINT(M_VAL_LOG):   expected = "100 (safety pop count)";
MPRINT(M_VAL_LOG):   actual = "100";
MPRINT(M_VAL_LOG):   status = "PASS";
MPRINT(M_VAL_LOG):   message = "One record per Safety Analysis Set participant confirmed after flag merge - no many-to-many inflation.";
MPRINT(M_VAL_LOG):   rundttm = datetime();
MPRINT(M_VAL_LOG):   format rundttm datetime20.;
MPRINT(M_VAL_LOG):   run;

NOTE: The data set WORK._VAL_REC has 1 observations and 9 variables.
                                                                    The SAS System

NOTE: DATA statement used (Total process time):
      real time           0.00 seconds
      cpu time            0.00 seconds
      

MPRINT(M_VAL_LOG):   proc append base=tools.val_report data=_val_rec force;
MPRINT(M_VAL_LOG):   run;

NOTE: Appending WORK._VAL_REC to TOOLS.VAL_REPORT.
 
INFO: Engine's fast-append process in use.
INFO: 15:54:42 Reading DATA file, updating BASE file
INFO: Starting data set size is 7 pages
INFO: Engine's block-read method is in use.
INFO: Engine's block-write  method is in use.
INFO: Ending data set size is 7 pages, 0 added.
INFO: 00:00:00 Elapsed time
INFO: 15:54:42 Finished updating BASE file
 
NOTE: There were 1 observations read from the data set WORK._VAL_REC.
NOTE: 1 observations added.
NOTE: The data set TOOLS.VAL_REPORT has 750 observations and 9 variables.
NOTE: PROCEDURE APPEND used (Total process time):
      real time           0.00 seconds
      cpu time            0.00 seconds
      

MPRINT(M_VAL_LOG):   proc datasets library=work nolist memtype=data;
MPRINT(M_VAL_LOG):   delete _val_rec;
MPRINT(M_VAL_LOG):   quit;

NOTE: Deleting WORK._VAL_REC (memtype=DATA).
NOTE: PROCEDURE DATASETS used (Total process time):
      real time           0.00 seconds
      cpu time            0.00 seconds
      

MPRINT(MAIN):  ;
MPRINT(TABDESC):   ** only one of &spctvar,&sdpvar,&stpvar, or &sopvar should be populated **;
MPRINT(TABDESC):   data ck_ssvars;
MPRINT(TABDESC):   sv1=0;
MPRINT(TABDESC):   sv2=0;
MPRINT(TABDESC):   sv3=0;
MPRINT(TABDESC):   sv4=0;
MPRINT(TABDESC):   all_ss=sum(sv1,sv2,sv3,sv4);
MPRINT(TABDESC):   call symput("all_ss",strip(put(all_ss,best.)));
                                                                    The SAS System

MPRINT(TABDESC):   run;

NOTE: The data set WORK.CK_SSVARS has 1 observations and 5 variables.
NOTE: DATA statement used (Total process time):
      real time           0.00 seconds
      cpu time            0.00 seconds
      

MPRINT(TABDESC):   ***--- print all/selected columns ---***;
MPRINT(TABDESC):   ***---31may2007 VK ---***;
MPRINT(TABDESC):   ***--- create data set showing the showallcol values...21Sep2010...saw ---***;
MPRINT(TABDESC):   *----------------------------------------------------------------------------;
MPRINT(TABDESC):   * initialize the dataset that will accumulate the statistic records ;
MPRINT(TABDESC):   *----------------------------------------------------------------------------;
MPRINT(TABDESC):   data combine;
MPRINT(TABDESC):   stop;
MPRINT(TABDESC):   pval1 = .;
MPRINT(TABDESC):   pval2 = .;
MPRINT(TABDESC):   length pvalc1 pvalc2 $10;
MPRINT(TABDESC):   pvalc1='';
MPRINT(TABDESC):   pvalc2='';
MPRINT(TABDESC):   run;

NOTE: The data set WORK.COMBINE has 0 observations and 4 variables.
NOTE: DATA statement used (Total process time):
      real time           0.00 seconds
      cpu time            0.00 seconds
      

MPRINT(TABDESC):   *----------------------------------------------------------------------------;
MPRINT(TABDESC):   * if > 1 byvar variable, set up individual macro vars ;
MPRINT(TABDESC):   *----------------------------------------------------------------------------;
MPRINT(TABDESC):   *----------------------------------------------------------------------------;
MPRINT(TABDESC):   * Prepare for p-value calculations ;
MPRINT(TABDESC):   * if pairwise p-values are requested, calculate how many pairs ;
MPRINT(TABDESC):   *----------------------------------------------------------------------------;
MPRINT(TABDESC):  ;
MPRINT(TABDESC):  ;
MPRINT(TABDESC):  ;
MPRINT(TABDESC):  ;
MPRINT(TABDESC):  ;
MPRINT(TABDESC):  ;
MPRINT(TABDESC):  ;
MPRINT(TABDESC):   *----------------------------------------------------------------------------;
MPRINT(TABDESC):   * Check input dataset for existence, var names, var formats and type ;
MPRINT(TABDESC):   *----------------------------------------------------------------------------;
                                                                    The SAS System

MPRINT(TABDESC):   data _null_;
MPRINT(TABDESC):   set ae_summary;
MPRINT(TABDESC):   where trt01an <=0;
MPRINT(TABDESC):   if _n_ = 1 then do;
MPRINT(TABDESC):   call symput("_errcode",'F');
MPRINT(TABDESC):   call symput("_errmsg","Column variable (in COLVAR) trt01an contains a zero or a missing "||"value - canceling run" );
MPRINT(TABDESC):   end;
MPRINT(TABDESC):   run;

NOTE: There were 0 observations read from the data set WORK.AE_SUMMARY.
      WHERE trt01an<=0;
NOTE: DATA statement used (Total process time):
      real time           0.00 seconds
      cpu time            0.00 seconds
      

MPRINT(TABDESC):   data _null_;
MPRINT(TABDESC):   rc = exist("ae_summary","DATA");
MPRINT(TABDESC):   if not(rc) then do;
MPRINT(TABDESC):   call symput("_errcode",'F');
MPRINT(TABDESC):   call symput("_errmsg","Input dataset (in DATA) ae_summary does not "||"exist - canceling run" );
MPRINT(TABDESC):   goto errout;
MPRINT(TABDESC):   end;
MPRINT(TABDESC):   ds = open("ae_summary","i");
MPRINT(TABDESC):   var = varnum(ds, "trt01an");
MPRINT(TABDESC):   if not(var) then do;
MPRINT(TABDESC):   call symput("_errcode",'F');
MPRINT(TABDESC):   call symput("_errmsg","Column variable (in COLVAR) trt01an does not "||"exist - canceling run" );
MPRINT(TABDESC):   goto errout;
MPRINT(TABDESC):   end;
MPRINT(TABDESC):   call symput("_colvarf",varfmt(ds,var));
MPRINT(TABDESC):   *** Check population variables ***;
MPRINT(TABDESC):   *** Check stratification variables ***;
MPRINT(TABDESC):   var = varnum(ds, "usubjid");
MPRINT(TABDESC):   if not(var) then do;
MPRINT(TABDESC):   call symput("_errcode",'F');
MPRINT(TABDESC):   call symput("_errmsg","Patient identifying variable (in PTVAR) usubjid does not "||"exist - canceling run" );
MPRINT(TABDESC):   goto errout;
MPRINT(TABDESC):   end;
MPRINT(TABDESC):   errout: run;

NOTE: DATA statement used (Total process time):
      real time           0.00 seconds
      cpu time            0.01 seconds
      

                                                                    The SAS System

MPRINT(TABDESC):   *----------------------------------------------------------------------------;
MPRINT(TABDESC):   * Subset the analysis file for the right sample and ;
MPRINT(TABDESC):   * perform all necessary data massage here. ;
MPRINT(TABDESC):   *----------------------------------------------------------------------------;
MPRINT(TABDESC):   data analf analfall;
MPRINT(TABDESC):   set ae_summary ;
MPRINT(TABDESC):   ;
MPRINT(TABDESC):   call symput('_empty','0');
MPRINT(TABDESC):   run;

NOTE: There were 100 observations read from the data set WORK.AE_SUMMARY.
NOTE: The data set WORK.ANALF has 100 observations and 52 variables.
NOTE: The data set WORK.ANALFALL has 100 observations and 52 variables.
NOTE: DATA statement used (Total process time):
      real time           0.00 seconds
      cpu time            0.01 seconds
      

MPRINT(TABDESC):   *----------------------------------------------------------------------------;
MPRINT(TABDESC):   * Find the maximum value of the column variable ;
MPRINT(TABDESC):   * Use the highest value in the data. Override with the highest value in the;
MPRINT(TABDESC):   * format if higher ;
MPRINT(TABDESC):   *----------------------------------------------------------------------------;
MPRINT(GETFMT):   data _null_;
MPRINT(GETFMT):   set sashelp.voption;
MPRINT(GETFMT):   where optname = 'FMTSEARCH';
MPRINT(GETFMT):   length fmtpath $2000;
MPRINT(GETFMT):   fmtpath = 'WORK ' || compress(setting,'()');
MPRINT(GETFMT):   call symput('_fmtpath',fmtpath);
MPRINT(GETFMT):   fmtname = "TRTFMT. ";
MPRINT(GETFMT):   if substr(fmtname,1,1) = '$' then call symput("fmttype","C");
MPRINT(GETFMT):   if substr(fmtname,1,1) ^= '$' then call symput("fmttype","N");
MPRINT(GETFMT):   fmtname = compress(fmtname,'$. ');
MPRINT(GETFMT):   call symput("fmtname",fmtname);
MPRINT(GETFMT):   run;

NOTE: There were 1 observations read from the data set SASHELP.VOPTION.
      WHERE optname='FMTSEARCH';
NOTE: DATA statement used (Total process time):
      real time           0.01 seconds
      cpu time            0.00 seconds
      

MPRINT(GETFMT):   data _getfmt1;
MPRINT(GETFMT):   set sashelp.vcatalg;
MPRINT(GETFMT):   memname = upcase(memname);
                                                                    The SAS System

MPRINT(GETFMT):   objname = upcase(objname);
MPRINT(GETFMT):   ** kdaughtry - 29Aug2008 **;
MPRINT(GETFMT):   **where memname = 'FORMATS' and trim(objname) = trim("&fmtname");
MPRINT(GETFMT):   where trim(objname) = trim("TRTFMT  ") and libname^='SASHELP' and objtype=:'FORMAT';
MPRINT(GETFMT):   **indx = indexw("%upcase( &_fmtpath)",upcase(trim(libname)));
MPRINT(GETFMT):   indx = index("WORK LIBFMT WORK",upcase(trim(libname)));
MPRINT(GETFMT):   if indx;
MPRINT(GETFMT):   run;

NOTE: There were 3 observations read from the data set SASHELP.VCATALG.
      WHERE (TRIM(objname)='TRTFMT') and (libname not = 'SASHELP') and (objtype=:'FORMAT');
NOTE: The data set WORK._GETFMT1 has 1 observations and 11 variables.
NOTE: DATA statement used (Total process time):
      real time           0.02 seconds
      cpu time            0.01 seconds
      

MPRINT(GETFMT):   proc sort data = _getfmt1;
MPRINT(GETFMT):   by indx;
MPRINT(GETFMT):   run;

NOTE: There were 1 observations read from the data set WORK._GETFMT1.
NOTE: SAS sort was used.
NOTE: The data set WORK._GETFMT1 has 1 observations and 11 variables.
NOTE: PROCEDURE SORT used (Total process time):
      real time           0.00 seconds
      cpu time            0.00 seconds
      

MPRINT(GETFMT):   data _null_;
MPRINT(GETFMT):   set _getfmt1 end = eof;
MPRINT(GETFMT):   **call symput("_flib" || compress(put(_n_,best.)) , libname );
MPRINT(GETFMT):   ** kdaughtry - 29Aug2008 **;
MPRINT(GETFMT):   ** chg _flib to be libname and memname together so can handle format **;
MPRINT(GETFMT):   ** catalogs with a name other than formats **;
MPRINT(GETFMT):   call symput("_flib" || compress(put(_n_,best.)) , compress(libname) || "." || compress(memname) );
MPRINT(GETFMT):   if eof then call symput("_nlib",compress(put(_n_,best.)));
MPRINT(GETFMT):   run;

NOTE: There were 1 observations read from the data set WORK._GETFMT1.
NOTE: DATA statement used (Total process time):
      real time           0.00 seconds
      cpu time            0.00 seconds
      

MPRINT(GETFMT):   proc format library = LIBFMT.FORMATS cntlout = _getfmt2;
                                                                    The SAS System

MPRINT(GETFMT):   run;
NOTE: PROCEDURE FORMAT used (Total process time):
      real time           0.04 seconds
      cpu time            0.01 seconds
      
NOTE: The data set WORK._GETFMT2 has 499 observations and 21 variables.

MPRINT(GETFMT):   data _tabd1;
MPRINT(GETFMT):   set _getfmt2;
MPRINT(GETFMT):   if upcase(trim(fmtname)) = trim("TRTFMT  ") and upcase(type) = "N" then do;
MPRINT(GETFMT):   start = left(start);
MPRINT(GETFMT):   output;
MPRINT(GETFMT):   call symput('_gotfmt','Y');
MPRINT(GETFMT):   end;
MPRINT(GETFMT):   run;

NOTE: There were 499 observations read from the data set WORK._GETFMT2.
NOTE: The data set WORK._TABD1 has 2 observations and 21 variables.
NOTE: DATA statement used (Total process time):
      real time           0.00 seconds
      cpu time            0.00 seconds
      

MPRINT(TABDESC):  ;
MPRINT(TABDESC):   data _tabd1_sw (keep=trt01an);
MPRINT(TABDESC):   set _tabd1 end=eof nobs=numobs;
MPRINT(TABDESC):   *** kaling 19jun2015 nobs ***;
MPRINT(TABDESC):   trt01an = input(left(start),best8.);
MPRINT(TABDESC):   if eof then call symput('ntrt_fmt',compress(put(numobs,5.)) );
MPRINT(TABDESC):   *** kaling 19jun2015 ***;
MPRINT(TABDESC):   run;

NOTE: There were 2 observations read from the data set WORK._TABD1.
NOTE: The data set WORK._TABD1_SW has 2 observations and 1 variables.
NOTE: DATA statement used (Total process time):
      real time           0.00 seconds
      cpu time            0.00 seconds
      

MPRINT(TABDESC):   proc sort data= analf out = analfpt (keep = trt01an usubjid) nodupkey;
MPRINT(TABDESC):   by trt01an usubjid;
MPRINT(TABDESC):   run;

NOTE: There were 100 observations read from the data set WORK.ANALF.
NOTE: SAS sort was used.
NOTE: 0 observations with duplicate key values were deleted.
                                                                    The SAS System

NOTE: The data set WORK.ANALFPT has 100 observations and 2 variables.
NOTE: PROCEDURE SORT used (Total process time):
      real time           0.00 seconds
      cpu time            0.00 seconds
      

MPRINT(TABDESC):   data analfpt;
MPRINT(TABDESC):   set analfpt;
MPRINT(TABDESC):   format trt01an;
MPRINT(TABDESC):   run;

NOTE: There were 100 observations read from the data set WORK.ANALFPT.
NOTE: The data set WORK.ANALFPT has 100 observations and 2 variables.
NOTE: DATA statement used (Total process time):
      real time           0.00 seconds
      cpu time            0.00 seconds
      

MPRINT(TABDESC):   proc summary data=analfpt nway;
MPRINT(TABDESC):   class trt01an;
MPRINT(TABDESC):   output out=_tabd2;
MPRINT(TABDESC):   run;

NOTE: Multiple concurrent threads will be used to summarize data.
NOTE: There were 100 observations read from the data set WORK.ANALFPT.
NOTE: The data set WORK._TABD2 has 2 observations and 3 variables.
NOTE: PROCEDURE SUMMARY used (Total process time):
      real time           0.01 seconds
      cpu time            0.01 seconds
      

MPRINT(TABDESC):   data _null_;
MPRINT(TABDESC):   merge _tabd2 (in=_V)
MPRINT(TABDESC):   _tabd1_sw (in=_F) end = eof;
MPRINT(TABDESC):   BY trt01an;
MPRINT(TABDESC):   LENGTH _A $8 _B $50;
MPRINT(TABDESC):   IF trt01an NE _N_ THEN DO;
MPRINT(TABDESC):   _A='ER'||'ROR:';
MPRINT(TABDESC):   _B="The value "||strip(put(trt01an,best.))||'is out of sequence.';
MPRINT(TABDESC):   PUT _A "**---------------------------------------------------------------------------------------**";
MPRINT(TABDESC):   PUT _A "The variable trt01an and its format must contain consecutive positive integers starting from 1. " _B;
MPRINT(TABDESC):   PUT _A "**---------------------------------------------------------------------------------------**";
MPRINT(TABDESC):   ABORT;
MPRINT(TABDESC):   END;
MPRINT(TABDESC):  ;
MPRINT(TABDESC):   IF _V AND (NOT(_F)) THEN DO;
                                                                    The SAS System

MPRINT(TABDESC):   _A='WAR'||'NING:';
MPRINT(TABDESC):   _B="You have an unformatted trt01an value of "||strip(put(trt01an,best.))||'.';
MPRINT(TABDESC):   PUT _A "**---------------------------------------------------------------------------------------**";
MPRINT(TABDESC):   PUT _A _B " Use the SHOWALLCOL parameter in tabdesc when you have columns you do not wish to display.";
MPRINT(TABDESC):   PUT _A "**---------------------------------------------------------------------------------------**";
MPRINT(TABDESC):   END;
MPRINT(TABDESC):   ELSE IF (NOT(_V)) AND _F THEN DO;
MPRINT(TABDESC):   _A='WAR'||'NING:';
MPRINT(TABDESC):   _B="You have a format for the value "||strip(put(trt01an,best.))||',';
MPRINT(TABDESC):   PUT _A "**---------------------------------------------------------------------------------------**";
MPRINT(TABDESC):   PUT _A _B " but this value does not appear in the passed data.";
MPRINT(TABDESC):   PUT _A "**---------------------------------------------------------------------------------------**";
MPRINT(TABDESC):   END;
MPRINT(TABDESC):   IF NOT(EOF) THEN DO;
MPRINT(TABDESC):   IF NOT(_V) THEN DO;
MPRINT(TABDESC):   _A='WAR'||'NING:';
MPRINT(TABDESC):   _B="You have requested printing the trt01an value of "||strip(put(trt01an,best.))||',';
MPRINT(TABDESC):   PUT _A "**---------------------------------------------------------------------------------------**";
MPRINT(TABDESC):   PUT _A _B " but this value is not present in the passed data.";
MPRINT(TABDESC):   PUT _A "**---------------------------------------------------------------------------------------**";
MPRINT(TABDESC):   END;
MPRINT(TABDESC):   END;
MPRINT(TABDESC):  ;
MPRINT(TABDESC):   RUN;

NOTE: There were 2 observations read from the data set WORK._TABD2.
NOTE: There were 2 observations read from the data set WORK._TABD1_SW.
NOTE: DATA statement used (Total process time):
      real time           0.00 seconds
      cpu time            0.01 seconds
      

MPRINT(TABDESC):   ************* kaling begin 19jun2015 ************;
MPRINT(TABDESC):   data _null_;
MPRINT(TABDESC):   if 1 eq 2 then set _tabd2 nobs=ntrt_data;
MPRINT(TABDESC):   maxcol =max(ntrt_data, 2 );
MPRINT(TABDESC):   maxcol_1=maxcol;
MPRINT(TABDESC):   maxcol_1=maxcol +1;
MPRINT(TABDESC):   call symput( 'maxcol',compress(put(maxcol ,5.)) );
MPRINT(TABDESC):   call symput('_maxcol',compress(put(maxcol_1 ,5.)) );
MPRINT(TABDESC):   stop;
MPRINT(TABDESC):   run;

NOTE: DATA statement used (Total process time):
      real time           0.00 seconds
      cpu time            0.00 seconds
                                                                    The SAS System

      

'TOOLVER=' v4.19.01   ' MAXCOL=' 2   ' _MAXCOL= '  3
' SHOWALLCOL=' Y
'line 721 _SHOWALLCOL=' Y
MPRINT(TABDESC):   ************** kaling end 19jun2015 ************;
MPRINT(TABDESC):   data _null_;
MPRINT(TABDESC):   set _tabd2 end = eof;
MPRINT(TABDESC):   call symput("_colct" || compress(put(trt01an,best.)) , put(_freq_,best.) );
MPRINT(TABDESC):   run;

NOTE: There were 2 observations read from the data set WORK._TABD2.
NOTE: DATA statement used (Total process time):
      real time           0.00 seconds
      cpu time            0.00 seconds
      

MPRINT(TABDESC):   *----------------------------------------------------------------------------;
MPRINT(TABDESC):   * determine total number of patients in each column and in the whole file ;
MPRINT(TABDESC):   *----------------------------------------------------------------------------;
MPRINT(TABDESC):   proc sort data= analf out = analfpt (keep = usubjid) nodupkey;
MPRINT(TABDESC):   by usubjid;
MPRINT(TABDESC):   run;

NOTE: There were 100 observations read from the data set WORK.ANALF.
NOTE: SAS sort was used.
NOTE: 0 observations with duplicate key values were deleted.
NOTE: The data set WORK.ANALFPT has 100 observations and 1 variables.
NOTE: PROCEDURE SORT used (Total process time):
      real time           0.01 seconds
      cpu time            0.00 seconds
      

MPRINT(TABDESC):   data _null_;
MPRINT(TABDESC):   set analfpt nobs = _freq_;
MPRINT(TABDESC):   call symput("_patct", put(_freq_,best.));
MPRINT(TABDESC):   call symput("_colct3", put(_freq_,best.) );
MPRINT(TABDESC):   if _freq_ = 0 then do;
MPRINT(TABDESC):   call symput("_errcode",'F');
MPRINT(TABDESC):   call symput("_errmsg","No patients meet subset criteria - canceling run" );
MPRINT(TABDESC):   end;
MPRINT(TABDESC):   stop;
MPRINT(TABDESC):   run;

NOTE: There were 1 observations read from the data set WORK.ANALFPT.
NOTE: DATA statement used (Total process time):
                                                                    The SAS System

      real time           0.00 seconds
      cpu time            0.00 seconds
      

MPRINT(TABDESC):   ** # of subj at top of table will not reflect subset of subjects **;
MPRINT(TABDESC):   *----------------------------------------------------------------------------;
MPRINT(TABDESC):   * Set up file with duplicate records for total column if necessary ;
MPRINT(TABDESC):   *----------------------------------------------------------------------------;
MPRINT(TABDESC):   data analf analfnot;
MPRINT(TABDESC):   set analf;
MPRINT(TABDESC):   format trt01an;
MPRINT(TABDESC):   output analf;
MPRINT(TABDESC):   output analfnot;
MPRINT(TABDESC):   trt01an=3;
MPRINT(TABDESC):   output analf;
MPRINT(TABDESC):   run;

NOTE: There were 100 observations read from the data set WORK.ANALF.
NOTE: The data set WORK.ANALF has 200 observations and 52 variables.
NOTE: The data set WORK.ANALFNOT has 100 observations and 52 variables.
NOTE: DATA statement used (Total process time):
      real time           0.00 seconds
      cpu time            0.00 seconds
      

MPRINT(TABDESC):   proc sort data=analf;
MPRINT(TABDESC):   by trt01an;
MPRINT(TABDESC):   run;

NOTE: There were 200 observations read from the data set WORK.ANALF.
NOTE: SAS sort was used.
NOTE: The data set WORK.ANALF has 200 observations and 52 variables.
NOTE: PROCEDURE SORT used (Total process time):
      real time           0.00 seconds
      cpu time            0.00 seconds
      

MPRINT(TABDESC):   proc sort data=analfnot;
MPRINT(TABDESC):   by trt01an;
MPRINT(TABDESC):   run;

NOTE: There were 100 observations read from the data set WORK.ANALFNOT.
NOTE: SAS sort was used.
NOTE: The data set WORK.ANALFNOT has 100 observations and 52 variables.
NOTE: PROCEDURE SORT used (Total process time):
      real time           0.00 seconds
                                                                    The SAS System

      cpu time            0.01 seconds
      

MPRINT(TABDESC):   data analfall;
MPRINT(TABDESC):   set analfall;
MPRINT(TABDESC):   format trt01an;
MPRINT(TABDESC):   output analfall;
MPRINT(TABDESC):   trt01an=3;
MPRINT(TABDESC):   output analfall;
MPRINT(TABDESC):   run;

NOTE: There were 100 observations read from the data set WORK.ANALFALL.
NOTE: The data set WORK.ANALFALL has 200 observations and 52 variables.
NOTE: DATA statement used (Total process time):
      real time           0.00 seconds
      cpu time            0.00 seconds
      

MPRINT(TABDESC):   *----------------------------------------------------------------------------;
MPRINT(TABDESC):   * determine total number of patients per &byvar value, if necessary ;
MPRINT(TABDESC):   *----------------------------------------------------------------------------;
MPRINT(TABDESC):   *----------------------------------------------------------------------------;
MPRINT(TABDESC):   * If pairwise=ALL, set to a list of all the pairs in the data ;
MPRINT(TABDESC):   *----------------------------------------------------------------------------;
MPRINT(TABPAIR):   *** change pairwise if = ALL ***;
MPRINT(TABPAIR):   *** call macro for each pair of pair_wise ***;
MPRINT(TABDESC):  ;
'TOOLVER=' v4.19.01   ' MAXCOL=' 2   ' _MAXCOL= '  3
' SHOWALLCOL=' Y
'line 1269 _SHOWALLCOL=' Y
MPRINT(TABDESC):  ;
MPRINT(TABDESC):   proc datasets library = work nolist;
MPRINT(TABDESC):   *delete _tabd1 _tabd2 _tabd3 _tabd4 _tabd5 _tabd6 _tabd7;
MPRINT(TABDESC):   delete _tabd: ;
MPRINT(TABDESC):   *2016-12-29 kchan07 replace _tabd1.... _tabd7;
MPRINT(TABDESC):   quit;

NOTE: Deleting WORK._TABD1 (memtype=DATA).
NOTE: Deleting WORK._TABD1_SW (memtype=DATA).
NOTE: Deleting WORK._TABD2 (memtype=DATA).
NOTE: PROCEDURE DATASETS used (Total process time):
      real time           0.00 seconds
      cpu time            0.00 seconds
      

MPRINT(MAIN):  ;
                                                                    The SAS System

MPRINT(TABCOUNT):   *** this logic moved to tabdesc ***;
MPRINT(TABCOUNT):  ;
MPRINT(TABCOUNT):   ** if one of subsetting vars (&_spercent, &_sdpvar, &_stpvar, &_spctvar, &_sopvar) **;
MPRINT(TABCOUNT):   ** is specified, then &denom cannot be specified **;
MPRINT(TABCOUNT):  ;
MPRINT(TABCOUNT):   *----------------------------------------------------------------------------;
MPRINT(TABCOUNT):   * Get variable attributes (type, label, format) ;
MPRINT(TABCOUNT):   * Cancel run if variable .does not. exist ;
MPRINT(TABCOUNT):   *----------------------------------------------------------------------------;
MPRINT(TABCOUNT):   data _null_;
MPRINT(TABCOUNT):   length label1 $250;
MPRINT(TABCOUNT):   ds = open("analf","i");
MPRINT(TABCOUNT):   var = varnum(ds , "any_teae");
MPRINT(TABCOUNT):   if not(var) then do;
MPRINT(TABCOUNT):   call symput("_errcode","F");
MPRINT(TABCOUNT):   call symput("_errmsg","Patient count analysis variable any_teae "|| '.does not.'||' exist - cancelling run' );
MPRINT(TABCOUNT):   *klc 2016-10-26;
MPRINT(TABCOUNT):   stop;
MPRINT(TABCOUNT):   end;
MPRINT(TABCOUNT):   else do;
MPRINT(TABCOUNT):   label1 = varlabel(ds,var);
MPRINT(TABCOUNT):   label1 = translate(label1,' ','~');
MPRINT(TABCOUNT):   call symput("_ptclab1",trim(label1));
MPRINT(TABCOUNT):   call symput("_ptcfmt1",varfmt(ds,var));
MPRINT(TABCOUNT):   call symput("catvfmt",varfmt(ds,var));
MPRINT(TABCOUNT):   typ = vartype(ds,var);
MPRINT(TABCOUNT):   call symput("type",typ);
MPRINT(TABCOUNT):   end;
MPRINT(TABCOUNT):   run;

INFO: Character variables have defaulted to a length of 200 at the places given by: (Line):(Column). Truncation can result.
      1403:71  TYP
NOTE: DATA statement used (Total process time):
      real time           0.00 seconds
      cpu time            0.00 seconds
      

MPRINT(TABCOUNT):   *-----------------------------------------------------------;
MPRINT(TABCOUNT):   * General routine for count and percent statistics ;
MPRINT(TABCOUNT):   *-----------------------------------------------------------;
MPRINT(TABCOUNT):   *-----------------------------------------------------------;
MPRINT(TABCOUNT):   * Do count and percent once for each requested denominator;
MPRINT(TABCOUNT):   *-----------------------------------------------------------;
MPRINT(TABCOUNT):  ;
MPRINT(COUNTPCT):   proc sort data = analf out = _t1 nodupkey;
MPRINT(COUNTPCT):   by trt01an any_teae usubjid;
                                                                    The SAS System

MPRINT(COUNTPCT):   run;

NOTE: There were 200 observations read from the data set WORK.ANALF.
NOTE: SAS sort was used.
NOTE: 0 observations with duplicate key values were deleted.
NOTE: The data set WORK._T1 has 200 observations and 52 variables.
NOTE: PROCEDURE SORT used (Total process time):
      real time           0.00 seconds
      cpu time            0.00 seconds
      

MPRINT(COUNTPCT):   proc summary data=_t1 nway;
MPRINT(COUNTPCT):   by trt01an any_teae;
MPRINT(COUNTPCT):   format trt01an any_teae;
MPRINT(COUNTPCT):   output out=_t2;
MPRINT(COUNTPCT):   run;

NOTE: There were 200 observations read from the data set WORK._T1.
NOTE: The data set WORK._T2 has 3 observations and 4 variables.
NOTE: PROCEDURE SUMMARY used (Total process time):
      real time           0.01 seconds
      cpu time            0.01 seconds
      

MPRINT(COUNTPCT):   * proc print data = _t2 (obs=100);
MPRINT(COUNTPCT):   * title "tabcount: File _t2 after summary with denominator &countby ";
MPRINT(COUNTPCT):   * run;
MPRINT(COUNTPCT):   proc sort data = analf out = _t1 nodupkey;
MPRINT(COUNTPCT):   by trt01an usubjid;
MPRINT(COUNTPCT):   run;

NOTE: There were 200 observations read from the data set WORK.ANALF.
NOTE: SAS sort was used.
NOTE: 0 observations with duplicate key values were deleted.
NOTE: The data set WORK._T1 has 200 observations and 52 variables.
NOTE: PROCEDURE SORT used (Total process time):
      real time           0.00 seconds
      cpu time            0.00 seconds
      

MPRINT(COUNTPCT):   proc summary data=_t1 nway;
MPRINT(COUNTPCT):   by trt01an;
MPRINT(COUNTPCT):   format trt01an;
MPRINT(COUNTPCT):   output out=_t3;
MPRINT(COUNTPCT):   run;

                                                                    The SAS System

NOTE: There were 200 observations read from the data set WORK._T1.
NOTE: The data set WORK._T3 has 3 observations and 3 variables.
NOTE: PROCEDURE SUMMARY used (Total process time):
      real time           0.00 seconds
      cpu time            0.01 seconds
      

MPRINT(COUNTPCT):   * proc print data = _t3 (obs=100);
MPRINT(COUNTPCT):   * title "tabcount: File _t3 after summary with denominator &pctby";
MPRINT(COUNTPCT):   * run;
MPRINT(COUNTPCT):   proc sort data = _t2;
MPRINT(COUNTPCT):   by trt01an;
MPRINT(COUNTPCT):   run;

NOTE: There were 3 observations read from the data set WORK._T2.
NOTE: SAS sort was used.
NOTE: The data set WORK._T2 has 3 observations and 4 variables.
NOTE: PROCEDURE SORT used (Total process time):
      real time           0.00 seconds
      cpu time            0.00 seconds
      

MPRINT(COUNTPCT):   data _tabc1;
MPRINT(COUNTPCT):   merge _t2(drop=_type_) _t3 (rename=(_freq_=denom));
MPRINT(COUNTPCT):   by trt01an;
MPRINT(COUNTPCT):   **if denom > 0 then &pctvar = 100 * _freq_ / denom;
MPRINT(COUNTPCT):   if denom > 0 and _freq_>0 then pct1 = 100 * _freq_ / denom;
MPRINT(COUNTPCT):   run;

NOTE: There were 3 observations read from the data set WORK._T2.
NOTE: There were 3 observations read from the data set WORK._T3.
NOTE: The data set WORK._TABC1 has 3 observations and 6 variables.
NOTE: DATA statement used (Total process time):
      real time           0.00 seconds
      cpu time            0.00 seconds
      

MPRINT(TABCOUNT):  ;
MPRINT(TABCOUNT):   proc sort data = _tabc1;
MPRINT(TABCOUNT):   by any_teae trt01an;
MPRINT(TABCOUNT):   run;

NOTE: There were 3 observations read from the data set WORK._TABC1.
NOTE: SAS sort was used.
NOTE: The data set WORK._TABC1 has 3 observations and 6 variables.
NOTE: PROCEDURE SORT used (Total process time):
                                                                    The SAS System

      real time           0.00 seconds
      cpu time            0.00 seconds
      

MPRINT(TABCOUNT):   data _tabptc3;
MPRINT(TABCOUNT):   set _tabc1;
MPRINT(TABCOUNT):   run;

NOTE: There were 3 observations read from the data set WORK._TABC1.
NOTE: The data set WORK._TABPTC3 has 3 observations and 6 variables.
NOTE: DATA statement used (Total process time):
      real time           0.00 seconds
      cpu time            0.00 seconds
      

MPRINT(TABCOUNT):   * proc print data = _tabc&__I (obs=100);
MPRINT(TABCOUNT):   * title "tabcount: File _tabc&__I after summary ";
MPRINT(TABCOUNT):   * run;
MPRINT(TABCOUNT):   *----------------------------------------------------------------------------;
MPRINT(TABCOUNT):   * Get list of categories specified in the format in variable catvfmt ;
MPRINT(TABCOUNT):   * Flag to indicate if format found in macro variable _gotfmt ;
MPRINT(TABCOUNT):   * Categories in data set _tabptc4 ;
MPRINT(TABCOUNT):   *----------------------------------------------------------------------------;
MPRINT(TABCOUNT):   *---------------------------------------;
MPRINT(TABCOUNT):   * Reformat count and percent ;
MPRINT(TABCOUNT):   *---------------------------------------;
MPRINT(TABCOUNT):   data _tabptc3;
MPRINT(TABCOUNT):   set _tabptc3;
MPRINT(TABCOUNT):   length linlabel $250;
MPRINT(TABCOUNT):   length start $200;
MPRINT(TABCOUNT):   start = left(any_teae);
MPRINT(TABCOUNT):   linlabel=left(any_teae);
MPRINT(TABCOUNT):   if trim(linlabel) = '.' or linlabel = ' ' then delete;
MPRINT(TABCOUNT):   run;

NOTE: Numeric values have been converted to character values at the places given by: (Line):(Column).
      1403:1   1403:1   
NOTE: There were 3 observations read from the data set WORK._TABPTC3.
NOTE: The data set WORK._TABPTC3 has 3 observations and 8 variables.
NOTE: DATA statement used (Total process time):
      real time           0.00 seconds
      cpu time            0.00 seconds
      

MPRINT(TABCOUNT):   * proc print data = _tabptc3 (obs=100);
MPRINT(TABCOUNT):   * title "tabcount: File _tabptc3 after formatting statistics ";
                                                                    The SAS System

MPRINT(TABCOUNT):   * run;
MPRINT(TABCOUNT):   *----------------------------------------------------------------------------;
MPRINT(TABCOUNT):   * If all categories are to be shown, get the list of categories from the ;
MPRINT(TABCOUNT):   * variable format and expand the file to include all the defined categories;
MPRINT(TABCOUNT):   *----------------------------------------------------------------------------;
MPRINT(TABCOUNT):   *--------------------------------------------------------------------------;
MPRINT(TABCOUNT):   * postprocess _tabptc3 to modify START variable if sortby = I and the VAR;
MPRINT(TABCOUNT):   * is numeric. This to accomodate cases where the values might be negative;
MPRINT(TABCOUNT):   *--------------------------------------------------------------------------;
MPRINT(TABCOUNT):   *----------------------------------------------------------------------------;
MPRINT(TABCOUNT):   * Transpose the formatted and unformatted statistics ;
MPRINT(TABCOUNT):   *----------------------------------------------------------------------------;
MPRINT(TABCOUNT):   data _tabptc7 (keep = any_teae start linlabel value1 - value3 statord1 - statord1 pctx1 - pctx3);
MPRINT(TABCOUNT):   set _tabptc3;
MPRINT(TABCOUNT):   by any_teae start linlabel notsorted;
MPRINT(TABCOUNT):   length value1- value3 $40 statord1 - statord1 $40 pctx1 - pctx3 $10 pctx_n1 - pctx_n3 8 __temp 8;
MPRINT(TABCOUNT):   *kchan07 2016-11-1;
MPRINT(TABCOUNT):   length statval $ 40;
MPRINT(TABCOUNT):   array outval {*} $ value1 - value3;
MPRINT(TABCOUNT):   array outpct {*} $ pctx1 - pctx3;
MPRINT(TABCOUNT):   array __pn {*} pctx_n1 - pctx_n3;
MPRINT(TABCOUNT):   *kchan07 2016-11-1;
MPRINT(TABCOUNT):   retain value1 - value3 totn pctx1 - pctx3;
MPRINT(TABCOUNT):   statord1 = ' ';
MPRINT(TABCOUNT):   if first.linlabel then do;
MPRINT(TABCOUNT):   totn = 0;
MPRINT(TABCOUNT):   do i = 1 to 3;
MPRINT(TABCOUNT):   outval{i} = ' ';
MPRINT(TABCOUNT):   outpct{i} = ' ';
MPRINT(TABCOUNT):   end;
MPRINT(TABCOUNT):   end;
MPRINT(TABCOUNT):   statval = ' ';
MPRINT(TABCOUNT):   if _freq_ = . then _freq_ = 0;
MPRINT(TABCOUNT):   statval = put(_freq_, 3. );
MPRINT(TABCOUNT):   len = length(statval);
MPRINT(TABCOUNT):   *if pct&__I = . then do;
MPRINT(TABCOUNT):   ** kdaughtry 07Oct08 - if count=0, then pct=0 **;
MPRINT(TABCOUNT):   *pct&__I = 0;
MPRINT(TABCOUNT):   *percent = 0;
MPRINT(TABCOUNT):   *end;
MPRINT(TABCOUNT):   if 0 < pct1 < 0.1 then do;
MPRINT(TABCOUNT):   statval = substr(statval,1,len) || " ( <0.1%)";
MPRINT(TABCOUNT):   percent = pct1;
MPRINT(TABCOUNT):   end;
MPRINT(TABCOUNT):   else do;
MPRINT(TABCOUNT):   if pct1 ne . then percent = round(pct1,0.1);
                                                                    The SAS System

MPRINT(TABCOUNT):   if percent>0 then statval = substr(statval,1,len) || " (" || put(percent,5.1) || "%)";
MPRINT(TABCOUNT):   else statval= substr(statval,1,len);
MPRINT(TABCOUNT):   end;
MPRINT(TABCOUNT):   drop len;
MPRINT(TABCOUNT):   *if (totn=.) then totn = _freq_;
MPRINT(TABCOUNT):   *else if (_freq_>.) then totn = totn + _freq_;
MPRINT(TABCOUNT):   totn=sum(totn, _freq_);
MPRINT(TABCOUNT):   *klc 27may2015;
MPRINT(TABCOUNT):   outval{trt01an} = statval;
MPRINT(TABCOUNT):   __pn{trt01an} = percent;
MPRINT(TABCOUNT):   *kchan07 2016-11-1;
MPRINT(TABCOUNT):   outpct{trt01an} = compress(put(percent,best.));
MPRINT(TABCOUNT):   if last.linlabel then do;
MPRINT(TABCOUNT):   if "F" = "F" then statord1 = put(1000000-totn,z7.);
MPRINT(TABCOUNT):   if "F" = "A" then statord1 = ' ';
MPRINT(TABCOUNT):   if "F" = "I" then statord1 = start;
MPRINT(TABCOUNT):   if "F" = "M" then do;
MPRINT(TABCOUNT):   __temp=pctx_n1;
MPRINT(TABCOUNT):   __temp = max(of pctx_n1 - pctx_n2);
MPRINT(TABCOUNT):   statord1=compress(put(__temp,z9.5));
MPRINT(TABCOUNT):   end;
MPRINT(TABCOUNT):   if "F" = "T" then statord1 = put(percent,6.2);
MPRINT(TABCOUNT):   output;
MPRINT(TABCOUNT):   end;
MPRINT(TABCOUNT):   run;

NOTE: There were 3 observations read from the data set WORK._TABPTC3.
NOTE: The data set WORK._TABPTC7 has 1 observations and 10 variables.
NOTE: DATA statement used (Total process time):
      real time           0.01 seconds
      cpu time            0.01 seconds
      

MPRINT(TABCOUNT):   * proc print data = _tabptc7 (obs=100);
MPRINT(TABCOUNT):   * title "tabcount: File _tabptc7 after transpose";
MPRINT(TABCOUNT):   * run;
MPRINT(TABCOUNT):   *---------------------------------------;
MPRINT(TABCOUNT):   * CHISQ, CMH, EXACT p-values ;
MPRINT(TABCOUNT):   *---------------------------------------;
MPRINT(TABCOUNT):   *----------------------------------------------------------------------------;
MPRINT(TABCOUNT):   * If overall p-values are requested, generate and add to the dataset ;
MPRINT(TABCOUNT):   *----------------------------------------------------------------------------;
MPRINT(TABCOUNT):   *----------------------------------------------------------------------------;
MPRINT(TABCOUNT):   * If pairwise p-values are requested, generate and add to the dataset ;
MPRINT(TABCOUNT):   *----------------------------------------------------------------------------;
MPRINT(TABCOUNT):   *---------------------------------------;
                                                                    The SAS System

MPRINT(TABCOUNT):   * Get Patient With Event totals -------;
MPRINT(TABCOUNT):   *---------------------------------------;
MPRINT(TABCOUNT):   *----------------------------------------------------------------------------;
MPRINT(TABCOUNT):   * Final data massage before merging with accumulated statistics ;
MPRINT(TABCOUNT):   *----------------------------------------------------------------------------;
MPRINT(TABCOUNT):   * proc print data = _tabptc7;
MPRINT(TABCOUNT):   * title "tabcount: File _tabptc7 ";
MPRINT(TABCOUNT):   * run;
MPRINT(TABCOUNT):   data _tabptc7;
MPRINT(TABCOUNT):   set _tabptc7;
MPRINT(TABCOUNT):   length statord $40;
MPRINT(TABCOUNT):   statord = ' ';
MPRINT(TABCOUNT):   sortord=1;
MPRINT(TABCOUNT):   type = "PTCT";
MPRINT(TABCOUNT):   level = 1;
MPRINT(TABCOUNT):   array vl {*} value1 - value3;
MPRINT(TABCOUNT):   if trim(start) eq '.' or start = ' ' then delete;
MPRINT(TABCOUNT):   do i = 1 to 3;
MPRINT(TABCOUNT):   if vl{i} = ' ' then do;
MPRINT(TABCOUNT):   vl{i} = put(0, 3. );
MPRINT(TABCOUNT):   len = length(vl{i});
MPRINT(TABCOUNT):   **vl{i} = substr(vl{i},1,len) || " (" || put(0,&pctfmt) || "%)";
MPRINT(TABCOUNT):   vl{i} = substr(vl{i},1,len);
MPRINT(TABCOUNT):   drop len;
MPRINT(TABCOUNT):   end;
MPRINT(TABCOUNT):   end;
MPRINT(TABCOUNT):   drop i;
MPRINT(TABCOUNT):   length pvalc1 pvalc2 $10;
MPRINT(TABCOUNT):   pvalc1='';
MPRINT(TABCOUNT):   pvalc2='';
MPRINT(TABCOUNT):   run;

NOTE: There were 1 observations read from the data set WORK._TABPTC7.
NOTE: The data set WORK._TABPTC7 has 1 observations and 16 variables.
NOTE: DATA statement used (Total process time):
      real time           0.00 seconds
      cpu time            0.00 seconds
      

MPRINT(TABCOUNT):   data _tabptc7;
MPRINT(TABCOUNT):   set _tabptc7;
MPRINT(TABCOUNT):   format pvalc1 pvalc2;
MPRINT(TABCOUNT):   run;

NOTE: There were 1 observations read from the data set WORK._TABPTC7.
NOTE: The data set WORK._TABPTC7 has 1 observations and 16 variables.
                                                                    The SAS System

NOTE: DATA statement used (Total process time):
      real time           0.00 seconds
      cpu time            0.00 seconds
      

MPRINT(TABCOUNT):   data combine;
MPRINT(TABCOUNT):   set combine _tabptc7;
MPRINT(TABCOUNT):   length label1 $ 250;
MPRINT(TABCOUNT):   if sortord = 1 then do;
MPRINT(TABCOUNT):   if 1 = 1 then label1 = trim("") || " " || left("");
MPRINT(TABCOUNT):   if 1 > 1 then label1 = left("");
MPRINT(TABCOUNT):   if 1 < 0 then label1 = trim(label1) || ",";
MPRINT(TABCOUNT):   if 1 > 1 then label1 = "And " || left("");
MPRINT(TABCOUNT):   end;
MPRINT(TABCOUNT):   run;

NOTE: There were 0 observations read from the data set WORK.COMBINE.
NOTE: There were 1 observations read from the data set WORK._TABPTC7.
NOTE: The data set WORK.COMBINE has 1 observations and 19 variables.
NOTE: DATA statement used (Total process time):
      real time           0.00 seconds
      cpu time            0.01 seconds
      

MPRINT(TABCOUNT):   *----------------------------------------------------------------------------;
MPRINT(TABCOUNT):   * Cleanup ;
MPRINT(TABCOUNT):   *----------------------------------------------------------------------------;
MPRINT(TABCOUNT):   proc datasets library = work nolist;
MPRINT(TABCOUNT):   *delete _tabptc1 _tabptc2 _tabptc3 _tabptc4 _tabptc5 _tabptc6 _tabptc7 _tabptc8 _tabptc9;
MPRINT(TABCOUNT):   delete _tabptc: ;
MPRINT(TABCOUNT):   *2016-11-29 kchan07;
MPRINT(TABCOUNT):   quit;

NOTE: Deleting WORK._TABPTC3 (memtype=DATA).
NOTE: Deleting WORK._TABPTC7 (memtype=DATA).
NOTE: PROCEDURE DATASETS used (Total process time):
      real time           0.00 seconds
      cpu time            0.00 seconds
      

MPRINT(MAIN):  ;
MPRINT(TABCOUNT):   *** this logic moved to tabdesc ***;
MPRINT(TABCOUNT):  ;
MPRINT(TABCOUNT):   ** if one of subsetting vars (&_spercent, &_sdpvar, &_stpvar, &_spctvar, &_sopvar) **;
MPRINT(TABCOUNT):   ** is specified, then &denom cannot be specified **;
MPRINT(TABCOUNT):  ;
                                                                    The SAS System

MPRINT(TABCOUNT):   *----------------------------------------------------------------------------;
MPRINT(TABCOUNT):   * Get variable attributes (type, label, format) ;
MPRINT(TABCOUNT):   * Cancel run if variable .does not. exist ;
MPRINT(TABCOUNT):   *----------------------------------------------------------------------------;
MPRINT(TABCOUNT):   data _null_;
MPRINT(TABCOUNT):   length label1 $250;
MPRINT(TABCOUNT):   ds = open("analf","i");
MPRINT(TABCOUNT):   var = varnum(ds , "gr3plus");
MPRINT(TABCOUNT):   if not(var) then do;
MPRINT(TABCOUNT):   call symput("_errcode","F");
MPRINT(TABCOUNT):   call symput("_errmsg","Patient count analysis variable gr3plus "|| '.does not.'||' exist - cancelling run' );
MPRINT(TABCOUNT):   *klc 2016-10-26;
MPRINT(TABCOUNT):   stop;
MPRINT(TABCOUNT):   end;
MPRINT(TABCOUNT):   else do;
MPRINT(TABCOUNT):   label1 = varlabel(ds,var);
MPRINT(TABCOUNT):   label1 = translate(label1,' ','~');
MPRINT(TABCOUNT):   call symput("_ptclab1",trim(label1));
MPRINT(TABCOUNT):   call symput("_ptcfmt1",varfmt(ds,var));
MPRINT(TABCOUNT):   call symput("catvfmt",varfmt(ds,var));
MPRINT(TABCOUNT):   typ = vartype(ds,var);
MPRINT(TABCOUNT):   call symput("type",typ);
MPRINT(TABCOUNT):   end;
MPRINT(TABCOUNT):   run;

INFO: Character variables have defaulted to a length of 200 at the places given by: (Line):(Column). Truncation can result.
      1403:71  TYP
NOTE: DATA statement used (Total process time):
      real time           0.00 seconds
      cpu time            0.00 seconds
      

MPRINT(TABCOUNT):   *-----------------------------------------------------------;
MPRINT(TABCOUNT):   * General routine for count and percent statistics ;
MPRINT(TABCOUNT):   *-----------------------------------------------------------;
MPRINT(TABCOUNT):   *-----------------------------------------------------------;
MPRINT(TABCOUNT):   * Do count and percent once for each requested denominator;
MPRINT(TABCOUNT):   *-----------------------------------------------------------;
MPRINT(TABCOUNT):  ;
MPRINT(COUNTPCT):   proc sort data = analf out = _t1 nodupkey;
MPRINT(COUNTPCT):   by trt01an gr3plus usubjid;
MPRINT(COUNTPCT):   run;

NOTE: There were 200 observations read from the data set WORK.ANALF.
NOTE: SAS sort was used.
NOTE: 0 observations with duplicate key values were deleted.
                                                                    The SAS System

NOTE: The data set WORK._T1 has 200 observations and 52 variables.
NOTE: PROCEDURE SORT used (Total process time):
      real time           0.00 seconds
      cpu time            0.00 seconds
      

MPRINT(COUNTPCT):   proc summary data=_t1 nway;
MPRINT(COUNTPCT):   by trt01an gr3plus;
MPRINT(COUNTPCT):   format trt01an gr3plus;
MPRINT(COUNTPCT):   output out=_t2;
MPRINT(COUNTPCT):   run;

NOTE: There were 200 observations read from the data set WORK._T1.
NOTE: The data set WORK._T2 has 6 observations and 4 variables.
NOTE: PROCEDURE SUMMARY used (Total process time):
      real time           0.00 seconds
      cpu time            0.00 seconds
      

MPRINT(COUNTPCT):   * proc print data = _t2 (obs=100);
MPRINT(COUNTPCT):   * title "tabcount: File _t2 after summary with denominator &countby ";
MPRINT(COUNTPCT):   * run;
MPRINT(COUNTPCT):   proc sort data = analf out = _t1 nodupkey;
MPRINT(COUNTPCT):   by trt01an usubjid;
MPRINT(COUNTPCT):   run;

NOTE: There were 200 observations read from the data set WORK.ANALF.
NOTE: SAS sort was used.
NOTE: 0 observations with duplicate key values were deleted.
NOTE: The data set WORK._T1 has 200 observations and 52 variables.
NOTE: PROCEDURE SORT used (Total process time):
      real time           0.00 seconds
      cpu time            0.01 seconds
      

MPRINT(COUNTPCT):   proc summary data=_t1 nway;
MPRINT(COUNTPCT):   by trt01an;
MPRINT(COUNTPCT):   format trt01an;
MPRINT(COUNTPCT):   output out=_t3;
MPRINT(COUNTPCT):   run;

NOTE: There were 200 observations read from the data set WORK._T1.
NOTE: The data set WORK._T3 has 3 observations and 3 variables.
NOTE: PROCEDURE SUMMARY used (Total process time):
      real time           0.00 seconds
      cpu time            0.00 seconds
                                                                    The SAS System

      

MPRINT(COUNTPCT):   * proc print data = _t3 (obs=100);
MPRINT(COUNTPCT):   * title "tabcount: File _t3 after summary with denominator &pctby";
MPRINT(COUNTPCT):   * run;
MPRINT(COUNTPCT):   proc sort data = _t2;
MPRINT(COUNTPCT):   by trt01an;
MPRINT(COUNTPCT):   run;

NOTE: There were 6 observations read from the data set WORK._T2.
NOTE: SAS sort was used.
NOTE: The data set WORK._T2 has 6 observations and 4 variables.
NOTE: PROCEDURE SORT used (Total process time):
      real time           0.00 seconds
      cpu time            0.00 seconds
      

MPRINT(COUNTPCT):   data _tabc1;
MPRINT(COUNTPCT):   merge _t2(drop=_type_) _t3 (rename=(_freq_=denom));
MPRINT(COUNTPCT):   by trt01an;
MPRINT(COUNTPCT):   **if denom > 0 then &pctvar = 100 * _freq_ / denom;
MPRINT(COUNTPCT):   if denom > 0 and _freq_>0 then pct1 = 100 * _freq_ / denom;
MPRINT(COUNTPCT):   run;

NOTE: There were 6 observations read from the data set WORK._T2.
NOTE: There were 3 observations read from the data set WORK._T3.
NOTE: The data set WORK._TABC1 has 6 observations and 6 variables.
NOTE: DATA statement used (Total process time):
      real time           0.00 seconds
      cpu time            0.00 seconds
      

MPRINT(TABCOUNT):  ;
MPRINT(TABCOUNT):   proc sort data = _tabc1;
MPRINT(TABCOUNT):   by gr3plus trt01an;
MPRINT(TABCOUNT):   run;

NOTE: There were 6 observations read from the data set WORK._TABC1.
NOTE: SAS sort was used.
NOTE: The data set WORK._TABC1 has 6 observations and 6 variables.
NOTE: PROCEDURE SORT used (Total process time):
      real time           0.00 seconds
      cpu time            0.00 seconds
      

MPRINT(TABCOUNT):   data _tabptc3;
                                                                    The SAS System

MPRINT(TABCOUNT):   set _tabc1;
MPRINT(TABCOUNT):   run;

NOTE: There were 6 observations read from the data set WORK._TABC1.
NOTE: The data set WORK._TABPTC3 has 6 observations and 6 variables.
NOTE: DATA statement used (Total process time):
      real time           0.00 seconds
      cpu time            0.01 seconds
      

MPRINT(TABCOUNT):   * proc print data = _tabc&__I (obs=100);
MPRINT(TABCOUNT):   * title "tabcount: File _tabc&__I after summary ";
MPRINT(TABCOUNT):   * run;
MPRINT(TABCOUNT):   *----------------------------------------------------------------------------;
MPRINT(TABCOUNT):   * Get list of categories specified in the format in variable catvfmt ;
MPRINT(TABCOUNT):   * Flag to indicate if format found in macro variable _gotfmt ;
MPRINT(TABCOUNT):   * Categories in data set _tabptc4 ;
MPRINT(TABCOUNT):   *----------------------------------------------------------------------------;
MPRINT(TABCOUNT):   *---------------------------------------;
MPRINT(TABCOUNT):   * Reformat count and percent ;
MPRINT(TABCOUNT):   *---------------------------------------;
MPRINT(TABCOUNT):   data _tabptc3;
MPRINT(TABCOUNT):   set _tabptc3;
MPRINT(TABCOUNT):   length linlabel $250;
MPRINT(TABCOUNT):   length start $200;
MPRINT(TABCOUNT):   start = left(gr3plus);
MPRINT(TABCOUNT):   linlabel=left(gr3plus);
MPRINT(TABCOUNT):   if trim(linlabel) = '.' or linlabel = ' ' then delete;
MPRINT(TABCOUNT):   run;

NOTE: Numeric values have been converted to character values at the places given by: (Line):(Column).
      1403:1   1403:1   
NOTE: There were 6 observations read from the data set WORK._TABPTC3.
NOTE: The data set WORK._TABPTC3 has 3 observations and 8 variables.
NOTE: DATA statement used (Total process time):
      real time           0.00 seconds
      cpu time            0.00 seconds
      

MPRINT(TABCOUNT):   * proc print data = _tabptc3 (obs=100);
MPRINT(TABCOUNT):   * title "tabcount: File _tabptc3 after formatting statistics ";
MPRINT(TABCOUNT):   * run;
MPRINT(TABCOUNT):   *----------------------------------------------------------------------------;
MPRINT(TABCOUNT):   * If all categories are to be shown, get the list of categories from the ;
MPRINT(TABCOUNT):   * variable format and expand the file to include all the defined categories;
MPRINT(TABCOUNT):   *----------------------------------------------------------------------------;
                                                                    The SAS System

MPRINT(TABCOUNT):   *--------------------------------------------------------------------------;
MPRINT(TABCOUNT):   * postprocess _tabptc3 to modify START variable if sortby = I and the VAR;
MPRINT(TABCOUNT):   * is numeric. This to accomodate cases where the values might be negative;
MPRINT(TABCOUNT):   *--------------------------------------------------------------------------;
MPRINT(TABCOUNT):   *----------------------------------------------------------------------------;
MPRINT(TABCOUNT):   * Transpose the formatted and unformatted statistics ;
MPRINT(TABCOUNT):   *----------------------------------------------------------------------------;
MPRINT(TABCOUNT):   data _tabptc7 (keep = gr3plus start linlabel value1 - value3 statord1 - statord1 pctx1 - pctx3);
MPRINT(TABCOUNT):   set _tabptc3;
MPRINT(TABCOUNT):   by gr3plus start linlabel notsorted;
MPRINT(TABCOUNT):   length value1- value3 $40 statord1 - statord1 $40 pctx1 - pctx3 $10 pctx_n1 - pctx_n3 8 __temp 8;
MPRINT(TABCOUNT):   *kchan07 2016-11-1;
MPRINT(TABCOUNT):   length statval $ 40;
MPRINT(TABCOUNT):   array outval {*} $ value1 - value3;
MPRINT(TABCOUNT):   array outpct {*} $ pctx1 - pctx3;
MPRINT(TABCOUNT):   array __pn {*} pctx_n1 - pctx_n3;
MPRINT(TABCOUNT):   *kchan07 2016-11-1;
MPRINT(TABCOUNT):   retain value1 - value3 totn pctx1 - pctx3;
MPRINT(TABCOUNT):   statord1 = ' ';
MPRINT(TABCOUNT):   if first.linlabel then do;
MPRINT(TABCOUNT):   totn = 0;
MPRINT(TABCOUNT):   do i = 1 to 3;
MPRINT(TABCOUNT):   outval{i} = ' ';
MPRINT(TABCOUNT):   outpct{i} = ' ';
MPRINT(TABCOUNT):   end;
MPRINT(TABCOUNT):   end;
MPRINT(TABCOUNT):   statval = ' ';
MPRINT(TABCOUNT):   if _freq_ = . then _freq_ = 0;
MPRINT(TABCOUNT):   statval = put(_freq_, 3. );
MPRINT(TABCOUNT):   len = length(statval);
MPRINT(TABCOUNT):   *if pct&__I = . then do;
MPRINT(TABCOUNT):   ** kdaughtry 07Oct08 - if count=0, then pct=0 **;
MPRINT(TABCOUNT):   *pct&__I = 0;
MPRINT(TABCOUNT):   *percent = 0;
MPRINT(TABCOUNT):   *end;
MPRINT(TABCOUNT):   if 0 < pct1 < 0.1 then do;
MPRINT(TABCOUNT):   statval = substr(statval,1,len) || " ( <0.1%)";
MPRINT(TABCOUNT):   percent = pct1;
MPRINT(TABCOUNT):   end;
MPRINT(TABCOUNT):   else do;
MPRINT(TABCOUNT):   if pct1 ne . then percent = round(pct1,0.1);
MPRINT(TABCOUNT):   if percent>0 then statval = substr(statval,1,len) || " (" || put(percent,5.1) || "%)";
MPRINT(TABCOUNT):   else statval= substr(statval,1,len);
MPRINT(TABCOUNT):   end;
MPRINT(TABCOUNT):   drop len;
MPRINT(TABCOUNT):   *if (totn=.) then totn = _freq_;
                                                                    The SAS System

MPRINT(TABCOUNT):   *else if (_freq_>.) then totn = totn + _freq_;
MPRINT(TABCOUNT):   totn=sum(totn, _freq_);
MPRINT(TABCOUNT):   *klc 27may2015;
MPRINT(TABCOUNT):   outval{trt01an} = statval;
MPRINT(TABCOUNT):   __pn{trt01an} = percent;
MPRINT(TABCOUNT):   *kchan07 2016-11-1;
MPRINT(TABCOUNT):   outpct{trt01an} = compress(put(percent,best.));
MPRINT(TABCOUNT):   if last.linlabel then do;
MPRINT(TABCOUNT):   if "F" = "F" then statord1 = put(1000000-totn,z7.);
MPRINT(TABCOUNT):   if "F" = "A" then statord1 = ' ';
MPRINT(TABCOUNT):   if "F" = "I" then statord1 = start;
MPRINT(TABCOUNT):   if "F" = "M" then do;
MPRINT(TABCOUNT):   __temp=pctx_n1;
MPRINT(TABCOUNT):   __temp = max(of pctx_n1 - pctx_n2);
MPRINT(TABCOUNT):   statord1=compress(put(__temp,z9.5));
MPRINT(TABCOUNT):   end;
MPRINT(TABCOUNT):   if "F" = "T" then statord1 = put(percent,6.2);
MPRINT(TABCOUNT):   output;
MPRINT(TABCOUNT):   end;
MPRINT(TABCOUNT):   run;

NOTE: There were 3 observations read from the data set WORK._TABPTC3.
NOTE: The data set WORK._TABPTC7 has 1 observations and 10 variables.
NOTE: DATA statement used (Total process time):
      real time           0.00 seconds
      cpu time            0.01 seconds
      

MPRINT(TABCOUNT):   * proc print data = _tabptc7 (obs=100);
MPRINT(TABCOUNT):   * title "tabcount: File _tabptc7 after transpose";
MPRINT(TABCOUNT):   * run;
MPRINT(TABCOUNT):   *---------------------------------------;
MPRINT(TABCOUNT):   * CHISQ, CMH, EXACT p-values ;
MPRINT(TABCOUNT):   *---------------------------------------;
MPRINT(TABCOUNT):   *----------------------------------------------------------------------------;
MPRINT(TABCOUNT):   * If overall p-values are requested, generate and add to the dataset ;
MPRINT(TABCOUNT):   *----------------------------------------------------------------------------;
MPRINT(TABCOUNT):   *----------------------------------------------------------------------------;
MPRINT(TABCOUNT):   * If pairwise p-values are requested, generate and add to the dataset ;
MPRINT(TABCOUNT):   *----------------------------------------------------------------------------;
MPRINT(TABCOUNT):   *---------------------------------------;
MPRINT(TABCOUNT):   * Get Patient With Event totals -------;
MPRINT(TABCOUNT):   *---------------------------------------;
MPRINT(TABCOUNT):   *----------------------------------------------------------------------------;
MPRINT(TABCOUNT):   * Final data massage before merging with accumulated statistics ;
MPRINT(TABCOUNT):   *----------------------------------------------------------------------------;
                                                                    The SAS System

MPRINT(TABCOUNT):   * proc print data = _tabptc7;
MPRINT(TABCOUNT):   * title "tabcount: File _tabptc7 ";
MPRINT(TABCOUNT):   * run;
MPRINT(TABCOUNT):   data _tabptc7;
MPRINT(TABCOUNT):   set _tabptc7;
MPRINT(TABCOUNT):   length statord $40;
MPRINT(TABCOUNT):   statord = ' ';
MPRINT(TABCOUNT):   sortord=2;
MPRINT(TABCOUNT):   type = "PTCT";
MPRINT(TABCOUNT):   level = 1;
MPRINT(TABCOUNT):   array vl {*} value1 - value3;
MPRINT(TABCOUNT):   if trim(start) eq '.' or start = ' ' then delete;
MPRINT(TABCOUNT):   do i = 1 to 3;
MPRINT(TABCOUNT):   if vl{i} = ' ' then do;
MPRINT(TABCOUNT):   vl{i} = put(0, 3. );
MPRINT(TABCOUNT):   len = length(vl{i});
MPRINT(TABCOUNT):   **vl{i} = substr(vl{i},1,len) || " (" || put(0,&pctfmt) || "%)";
MPRINT(TABCOUNT):   vl{i} = substr(vl{i},1,len);
MPRINT(TABCOUNT):   drop len;
MPRINT(TABCOUNT):   end;
MPRINT(TABCOUNT):   end;
MPRINT(TABCOUNT):   drop i;
MPRINT(TABCOUNT):   length pvalc1 pvalc2 $10;
MPRINT(TABCOUNT):   pvalc1='';
MPRINT(TABCOUNT):   pvalc2='';
MPRINT(TABCOUNT):   run;

NOTE: There were 1 observations read from the data set WORK._TABPTC7.
NOTE: The data set WORK._TABPTC7 has 1 observations and 16 variables.
NOTE: DATA statement used (Total process time):
      real time           0.00 seconds
      cpu time            0.00 seconds
      

MPRINT(TABCOUNT):   data _tabptc7;
MPRINT(TABCOUNT):   set _tabptc7;
MPRINT(TABCOUNT):   format pvalc1 pvalc2;
MPRINT(TABCOUNT):   run;

NOTE: There were 1 observations read from the data set WORK._TABPTC7.
NOTE: The data set WORK._TABPTC7 has 1 observations and 16 variables.
NOTE: DATA statement used (Total process time):
      real time           0.00 seconds
      cpu time            0.00 seconds
      

                                                                    The SAS System

MPRINT(TABCOUNT):   data combine;
MPRINT(TABCOUNT):   set combine _tabptc7;
MPRINT(TABCOUNT):   length label1 $ 250;
MPRINT(TABCOUNT):   if sortord = 2 then do;
MPRINT(TABCOUNT):   if 1 = 1 then label1 = trim("") || " " || left("");
MPRINT(TABCOUNT):   if 1 > 1 then label1 = left("");
MPRINT(TABCOUNT):   if 1 < 0 then label1 = trim(label1) || ",";
MPRINT(TABCOUNT):   if 1 > 1 then label1 = "And " || left("");
MPRINT(TABCOUNT):   end;
MPRINT(TABCOUNT):   run;

NOTE: There were 1 observations read from the data set WORK.COMBINE.
NOTE: There were 1 observations read from the data set WORK._TABPTC7.
NOTE: The data set WORK.COMBINE has 2 observations and 20 variables.
NOTE: DATA statement used (Total process time):
      real time           0.00 seconds
      cpu time            0.00 seconds
      

MPRINT(TABCOUNT):   *----------------------------------------------------------------------------;
MPRINT(TABCOUNT):   * Cleanup ;
MPRINT(TABCOUNT):   *----------------------------------------------------------------------------;
MPRINT(TABCOUNT):   proc datasets library = work nolist;
MPRINT(TABCOUNT):   *delete _tabptc1 _tabptc2 _tabptc3 _tabptc4 _tabptc5 _tabptc6 _tabptc7 _tabptc8 _tabptc9;
MPRINT(TABCOUNT):   delete _tabptc: ;
MPRINT(TABCOUNT):   *2016-11-29 kchan07;
MPRINT(TABCOUNT):   quit;

NOTE: Deleting WORK._TABPTC3 (memtype=DATA).
NOTE: Deleting WORK._TABPTC7 (memtype=DATA).
NOTE: PROCEDURE DATASETS used (Total process time):
      real time           0.00 seconds
      cpu time            0.00 seconds
      

MPRINT(MAIN):  ;
MPRINT(TABCOUNT):   *** this logic moved to tabdesc ***;
MPRINT(TABCOUNT):  ;
MPRINT(TABCOUNT):   ** if one of subsetting vars (&_spercent, &_sdpvar, &_stpvar, &_spctvar, &_sopvar) **;
MPRINT(TABCOUNT):   ** is specified, then &denom cannot be specified **;
MPRINT(TABCOUNT):  ;
MPRINT(TABCOUNT):   *----------------------------------------------------------------------------;
MPRINT(TABCOUNT):   * Get variable attributes (type, label, format) ;
MPRINT(TABCOUNT):   * Cancel run if variable .does not. exist ;
MPRINT(TABCOUNT):   *----------------------------------------------------------------------------;
MPRINT(TABCOUNT):   data _null_;
                                                                    The SAS System

MPRINT(TABCOUNT):   length label1 $250;
MPRINT(TABCOUNT):   ds = open("analf","i");
MPRINT(TABCOUNT):   var = varnum(ds , "gr2plus");
MPRINT(TABCOUNT):   if not(var) then do;
MPRINT(TABCOUNT):   call symput("_errcode","F");
MPRINT(TABCOUNT):   call symput("_errmsg","Patient count analysis variable gr2plus "|| '.does not.'||' exist - cancelling run' );
MPRINT(TABCOUNT):   *klc 2016-10-26;
MPRINT(TABCOUNT):   stop;
MPRINT(TABCOUNT):   end;
MPRINT(TABCOUNT):   else do;
MPRINT(TABCOUNT):   label1 = varlabel(ds,var);
MPRINT(TABCOUNT):   label1 = translate(label1,' ','~');
MPRINT(TABCOUNT):   call symput("_ptclab1",trim(label1));
MPRINT(TABCOUNT):   call symput("_ptcfmt1",varfmt(ds,var));
MPRINT(TABCOUNT):   call symput("catvfmt",varfmt(ds,var));
MPRINT(TABCOUNT):   typ = vartype(ds,var);
MPRINT(TABCOUNT):   call symput("type",typ);
MPRINT(TABCOUNT):   end;
MPRINT(TABCOUNT):   run;

INFO: Character variables have defaulted to a length of 200 at the places given by: (Line):(Column). Truncation can result.
      1403:71  TYP
NOTE: DATA statement used (Total process time):
      real time           0.00 seconds
      cpu time            0.01 seconds
      

MPRINT(TABCOUNT):   *-----------------------------------------------------------;
MPRINT(TABCOUNT):   * General routine for count and percent statistics ;
MPRINT(TABCOUNT):   *-----------------------------------------------------------;
MPRINT(TABCOUNT):   *-----------------------------------------------------------;
MPRINT(TABCOUNT):   * Do count and percent once for each requested denominator;
MPRINT(TABCOUNT):   *-----------------------------------------------------------;
MPRINT(TABCOUNT):  ;
MPRINT(COUNTPCT):   proc sort data = analf out = _t1 nodupkey;
MPRINT(COUNTPCT):   by trt01an gr2plus usubjid;
MPRINT(COUNTPCT):   run;

NOTE: There were 200 observations read from the data set WORK.ANALF.
NOTE: SAS sort was used.
NOTE: 0 observations with duplicate key values were deleted.
NOTE: The data set WORK._T1 has 200 observations and 52 variables.
NOTE: PROCEDURE SORT used (Total process time):
      real time           0.00 seconds
      cpu time            0.00 seconds
      
                                                                    The SAS System


MPRINT(COUNTPCT):   proc summary data=_t1 nway;
MPRINT(COUNTPCT):   by trt01an gr2plus;
MPRINT(COUNTPCT):   format trt01an gr2plus;
MPRINT(COUNTPCT):   output out=_t2;
MPRINT(COUNTPCT):   run;

NOTE: There were 200 observations read from the data set WORK._T1.
NOTE: The data set WORK._T2 has 5 observations and 4 variables.
NOTE: PROCEDURE SUMMARY used (Total process time):
      real time           0.00 seconds
      cpu time            0.00 seconds
      

MPRINT(COUNTPCT):   * proc print data = _t2 (obs=100);
MPRINT(COUNTPCT):   * title "tabcount: File _t2 after summary with denominator &countby ";
MPRINT(COUNTPCT):   * run;
MPRINT(COUNTPCT):   proc sort data = analf out = _t1 nodupkey;
MPRINT(COUNTPCT):   by trt01an usubjid;
MPRINT(COUNTPCT):   run;

NOTE: There were 200 observations read from the data set WORK.ANALF.
NOTE: SAS sort was used.
NOTE: 0 observations with duplicate key values were deleted.
NOTE: The data set WORK._T1 has 200 observations and 52 variables.
NOTE: PROCEDURE SORT used (Total process time):
      real time           0.00 seconds
      cpu time            0.00 seconds
      

MPRINT(COUNTPCT):   proc summary data=_t1 nway;
MPRINT(COUNTPCT):   by trt01an;
MPRINT(COUNTPCT):   format trt01an;
MPRINT(COUNTPCT):   output out=_t3;
MPRINT(COUNTPCT):   run;

NOTE: There were 200 observations read from the data set WORK._T1.
NOTE: The data set WORK._T3 has 3 observations and 3 variables.
NOTE: PROCEDURE SUMMARY used (Total process time):
      real time           0.00 seconds
      cpu time            0.00 seconds
      

MPRINT(COUNTPCT):   * proc print data = _t3 (obs=100);
MPRINT(COUNTPCT):   * title "tabcount: File _t3 after summary with denominator &pctby";
MPRINT(COUNTPCT):   * run;
                                                                    The SAS System

MPRINT(COUNTPCT):   proc sort data = _t2;
MPRINT(COUNTPCT):   by trt01an;
MPRINT(COUNTPCT):   run;

NOTE: There were 5 observations read from the data set WORK._T2.
NOTE: SAS sort was used.
NOTE: The data set WORK._T2 has 5 observations and 4 variables.
NOTE: PROCEDURE SORT used (Total process time):
      real time           0.00 seconds
      cpu time            0.00 seconds
      

MPRINT(COUNTPCT):   data _tabc1;
MPRINT(COUNTPCT):   merge _t2(drop=_type_) _t3 (rename=(_freq_=denom));
MPRINT(COUNTPCT):   by trt01an;
MPRINT(COUNTPCT):   **if denom > 0 then &pctvar = 100 * _freq_ / denom;
MPRINT(COUNTPCT):   if denom > 0 and _freq_>0 then pct1 = 100 * _freq_ / denom;
MPRINT(COUNTPCT):   run;

NOTE: There were 5 observations read from the data set WORK._T2.
NOTE: There were 3 observations read from the data set WORK._T3.
NOTE: The data set WORK._TABC1 has 5 observations and 6 variables.
NOTE: DATA statement used (Total process time):
      real time           0.00 seconds
      cpu time            0.01 seconds
      

MPRINT(TABCOUNT):  ;
MPRINT(TABCOUNT):   proc sort data = _tabc1;
MPRINT(TABCOUNT):   by gr2plus trt01an;
MPRINT(TABCOUNT):   run;

NOTE: There were 5 observations read from the data set WORK._TABC1.
NOTE: SAS sort was used.
NOTE: The data set WORK._TABC1 has 5 observations and 6 variables.
NOTE: PROCEDURE SORT used (Total process time):
      real time           0.00 seconds
      cpu time            0.00 seconds
      

MPRINT(TABCOUNT):   data _tabptc3;
MPRINT(TABCOUNT):   set _tabc1;
MPRINT(TABCOUNT):   run;

NOTE: There were 5 observations read from the data set WORK._TABC1.
NOTE: The data set WORK._TABPTC3 has 5 observations and 6 variables.
                                                                    The SAS System

NOTE: DATA statement used (Total process time):
      real time           0.00 seconds
      cpu time            0.00 seconds
      

MPRINT(TABCOUNT):   * proc print data = _tabc&__I (obs=100);
MPRINT(TABCOUNT):   * title "tabcount: File _tabc&__I after summary ";
MPRINT(TABCOUNT):   * run;
MPRINT(TABCOUNT):   *----------------------------------------------------------------------------;
MPRINT(TABCOUNT):   * Get list of categories specified in the format in variable catvfmt ;
MPRINT(TABCOUNT):   * Flag to indicate if format found in macro variable _gotfmt ;
MPRINT(TABCOUNT):   * Categories in data set _tabptc4 ;
MPRINT(TABCOUNT):   *----------------------------------------------------------------------------;
MPRINT(TABCOUNT):   *---------------------------------------;
MPRINT(TABCOUNT):   * Reformat count and percent ;
MPRINT(TABCOUNT):   *---------------------------------------;
MPRINT(TABCOUNT):   data _tabptc3;
MPRINT(TABCOUNT):   set _tabptc3;
MPRINT(TABCOUNT):   length linlabel $250;
MPRINT(TABCOUNT):   length start $200;
MPRINT(TABCOUNT):   start = left(gr2plus);
MPRINT(TABCOUNT):   linlabel=left(gr2plus);
MPRINT(TABCOUNT):   if trim(linlabel) = '.' or linlabel = ' ' then delete;
MPRINT(TABCOUNT):   run;

NOTE: Numeric values have been converted to character values at the places given by: (Line):(Column).
      1403:1   1403:1   
NOTE: There were 5 observations read from the data set WORK._TABPTC3.
NOTE: The data set WORK._TABPTC3 has 3 observations and 8 variables.
NOTE: DATA statement used (Total process time):
      real time           0.00 seconds
      cpu time            0.00 seconds
      

MPRINT(TABCOUNT):   * proc print data = _tabptc3 (obs=100);
MPRINT(TABCOUNT):   * title "tabcount: File _tabptc3 after formatting statistics ";
MPRINT(TABCOUNT):   * run;
MPRINT(TABCOUNT):   *----------------------------------------------------------------------------;
MPRINT(TABCOUNT):   * If all categories are to be shown, get the list of categories from the ;
MPRINT(TABCOUNT):   * variable format and expand the file to include all the defined categories;
MPRINT(TABCOUNT):   *----------------------------------------------------------------------------;
MPRINT(TABCOUNT):   *--------------------------------------------------------------------------;
MPRINT(TABCOUNT):   * postprocess _tabptc3 to modify START variable if sortby = I and the VAR;
MPRINT(TABCOUNT):   * is numeric. This to accomodate cases where the values might be negative;
MPRINT(TABCOUNT):   *--------------------------------------------------------------------------;
MPRINT(TABCOUNT):   *----------------------------------------------------------------------------;
                                                                    The SAS System

MPRINT(TABCOUNT):   * Transpose the formatted and unformatted statistics ;
MPRINT(TABCOUNT):   *----------------------------------------------------------------------------;
MPRINT(TABCOUNT):   data _tabptc7 (keep = gr2plus start linlabel value1 - value3 statord1 - statord1 pctx1 - pctx3);
MPRINT(TABCOUNT):   set _tabptc3;
MPRINT(TABCOUNT):   by gr2plus start linlabel notsorted;
MPRINT(TABCOUNT):   length value1- value3 $40 statord1 - statord1 $40 pctx1 - pctx3 $10 pctx_n1 - pctx_n3 8 __temp 8;
MPRINT(TABCOUNT):   *kchan07 2016-11-1;
MPRINT(TABCOUNT):   length statval $ 40;
MPRINT(TABCOUNT):   array outval {*} $ value1 - value3;
MPRINT(TABCOUNT):   array outpct {*} $ pctx1 - pctx3;
MPRINT(TABCOUNT):   array __pn {*} pctx_n1 - pctx_n3;
MPRINT(TABCOUNT):   *kchan07 2016-11-1;
MPRINT(TABCOUNT):   retain value1 - value3 totn pctx1 - pctx3;
MPRINT(TABCOUNT):   statord1 = ' ';
MPRINT(TABCOUNT):   if first.linlabel then do;
MPRINT(TABCOUNT):   totn = 0;
MPRINT(TABCOUNT):   do i = 1 to 3;
MPRINT(TABCOUNT):   outval{i} = ' ';
MPRINT(TABCOUNT):   outpct{i} = ' ';
MPRINT(TABCOUNT):   end;
MPRINT(TABCOUNT):   end;
MPRINT(TABCOUNT):   statval = ' ';
MPRINT(TABCOUNT):   if _freq_ = . then _freq_ = 0;
MPRINT(TABCOUNT):   statval = put(_freq_, 3. );
MPRINT(TABCOUNT):   len = length(statval);
MPRINT(TABCOUNT):   *if pct&__I = . then do;
MPRINT(TABCOUNT):   ** kdaughtry 07Oct08 - if count=0, then pct=0 **;
MPRINT(TABCOUNT):   *pct&__I = 0;
MPRINT(TABCOUNT):   *percent = 0;
MPRINT(TABCOUNT):   *end;
MPRINT(TABCOUNT):   if 0 < pct1 < 0.1 then do;
MPRINT(TABCOUNT):   statval = substr(statval,1,len) || " ( <0.1%)";
MPRINT(TABCOUNT):   percent = pct1;
MPRINT(TABCOUNT):   end;
MPRINT(TABCOUNT):   else do;
MPRINT(TABCOUNT):   if pct1 ne . then percent = round(pct1,0.1);
MPRINT(TABCOUNT):   if percent>0 then statval = substr(statval,1,len) || " (" || put(percent,5.1) || "%)";
MPRINT(TABCOUNT):   else statval= substr(statval,1,len);
MPRINT(TABCOUNT):   end;
MPRINT(TABCOUNT):   drop len;
MPRINT(TABCOUNT):   *if (totn=.) then totn = _freq_;
MPRINT(TABCOUNT):   *else if (_freq_>.) then totn = totn + _freq_;
MPRINT(TABCOUNT):   totn=sum(totn, _freq_);
MPRINT(TABCOUNT):   *klc 27may2015;
MPRINT(TABCOUNT):   outval{trt01an} = statval;
MPRINT(TABCOUNT):   __pn{trt01an} = percent;
                                                                    The SAS System

MPRINT(TABCOUNT):   *kchan07 2016-11-1;
MPRINT(TABCOUNT):   outpct{trt01an} = compress(put(percent,best.));
MPRINT(TABCOUNT):   if last.linlabel then do;
MPRINT(TABCOUNT):   if "F" = "F" then statord1 = put(1000000-totn,z7.);
MPRINT(TABCOUNT):   if "F" = "A" then statord1 = ' ';
MPRINT(TABCOUNT):   if "F" = "I" then statord1 = start;
MPRINT(TABCOUNT):   if "F" = "M" then do;
MPRINT(TABCOUNT):   __temp=pctx_n1;
MPRINT(TABCOUNT):   __temp = max(of pctx_n1 - pctx_n2);
MPRINT(TABCOUNT):   statord1=compress(put(__temp,z9.5));
MPRINT(TABCOUNT):   end;
MPRINT(TABCOUNT):   if "F" = "T" then statord1 = put(percent,6.2);
MPRINT(TABCOUNT):   output;
MPRINT(TABCOUNT):   end;
MPRINT(TABCOUNT):   run;

NOTE: There were 3 observations read from the data set WORK._TABPTC3.
NOTE: The data set WORK._TABPTC7 has 1 observations and 10 variables.
NOTE: DATA statement used (Total process time):
      real time           0.00 seconds
      cpu time            0.00 seconds
      

MPRINT(TABCOUNT):   * proc print data = _tabptc7 (obs=100);
MPRINT(TABCOUNT):   * title "tabcount: File _tabptc7 after transpose";
MPRINT(TABCOUNT):   * run;
MPRINT(TABCOUNT):   *---------------------------------------;
MPRINT(TABCOUNT):   * CHISQ, CMH, EXACT p-values ;
MPRINT(TABCOUNT):   *---------------------------------------;
MPRINT(TABCOUNT):   *----------------------------------------------------------------------------;
MPRINT(TABCOUNT):   * If overall p-values are requested, generate and add to the dataset ;
MPRINT(TABCOUNT):   *----------------------------------------------------------------------------;
MPRINT(TABCOUNT):   *----------------------------------------------------------------------------;
MPRINT(TABCOUNT):   * If pairwise p-values are requested, generate and add to the dataset ;
MPRINT(TABCOUNT):   *----------------------------------------------------------------------------;
MPRINT(TABCOUNT):   *---------------------------------------;
MPRINT(TABCOUNT):   * Get Patient With Event totals -------;
MPRINT(TABCOUNT):   *---------------------------------------;
MPRINT(TABCOUNT):   *----------------------------------------------------------------------------;
MPRINT(TABCOUNT):   * Final data massage before merging with accumulated statistics ;
MPRINT(TABCOUNT):   *----------------------------------------------------------------------------;
MPRINT(TABCOUNT):   * proc print data = _tabptc7;
MPRINT(TABCOUNT):   * title "tabcount: File _tabptc7 ";
MPRINT(TABCOUNT):   * run;
MPRINT(TABCOUNT):   data _tabptc7;
MPRINT(TABCOUNT):   set _tabptc7;
                                                                    The SAS System

MPRINT(TABCOUNT):   length statord $40;
MPRINT(TABCOUNT):   statord = ' ';
MPRINT(TABCOUNT):   sortord=3;
MPRINT(TABCOUNT):   type = "PTCT";
MPRINT(TABCOUNT):   level = 1;
MPRINT(TABCOUNT):   array vl {*} value1 - value3;
MPRINT(TABCOUNT):   if trim(start) eq '.' or start = ' ' then delete;
MPRINT(TABCOUNT):   do i = 1 to 3;
MPRINT(TABCOUNT):   if vl{i} = ' ' then do;
MPRINT(TABCOUNT):   vl{i} = put(0, 3. );
MPRINT(TABCOUNT):   len = length(vl{i});
MPRINT(TABCOUNT):   **vl{i} = substr(vl{i},1,len) || " (" || put(0,&pctfmt) || "%)";
MPRINT(TABCOUNT):   vl{i} = substr(vl{i},1,len);
MPRINT(TABCOUNT):   drop len;
MPRINT(TABCOUNT):   end;
MPRINT(TABCOUNT):   end;
MPRINT(TABCOUNT):   drop i;
MPRINT(TABCOUNT):   length pvalc1 pvalc2 $10;
MPRINT(TABCOUNT):   pvalc1='';
MPRINT(TABCOUNT):   pvalc2='';
MPRINT(TABCOUNT):   run;

NOTE: There were 1 observations read from the data set WORK._TABPTC7.
NOTE: The data set WORK._TABPTC7 has 1 observations and 16 variables.
NOTE: DATA statement used (Total process time):
      real time           0.00 seconds
      cpu time            0.00 seconds
      

MPRINT(TABCOUNT):   data _tabptc7;
MPRINT(TABCOUNT):   set _tabptc7;
MPRINT(TABCOUNT):   format pvalc1 pvalc2;
MPRINT(TABCOUNT):   run;

NOTE: There were 1 observations read from the data set WORK._TABPTC7.
NOTE: The data set WORK._TABPTC7 has 1 observations and 16 variables.
NOTE: DATA statement used (Total process time):
      real time           0.00 seconds
      cpu time            0.00 seconds
      

MPRINT(TABCOUNT):   data combine;
MPRINT(TABCOUNT):   set combine _tabptc7;
MPRINT(TABCOUNT):   length label1 $ 250;
MPRINT(TABCOUNT):   if sortord = 3 then do;
MPRINT(TABCOUNT):   if 1 = 1 then label1 = trim("") || " " || left("");
                                                                    The SAS System

MPRINT(TABCOUNT):   if 1 > 1 then label1 = left("");
MPRINT(TABCOUNT):   if 1 < 0 then label1 = trim(label1) || ",";
MPRINT(TABCOUNT):   if 1 > 1 then label1 = "And " || left("");
MPRINT(TABCOUNT):   end;
MPRINT(TABCOUNT):   run;

NOTE: There were 2 observations read from the data set WORK.COMBINE.
NOTE: There were 1 observations read from the data set WORK._TABPTC7.
NOTE: The data set WORK.COMBINE has 3 observations and 21 variables.
NOTE: DATA statement used (Total process time):
      real time           0.00 seconds
      cpu time            0.00 seconds
      

MPRINT(TABCOUNT):   *----------------------------------------------------------------------------;
MPRINT(TABCOUNT):   * Cleanup ;
MPRINT(TABCOUNT):   *----------------------------------------------------------------------------;
MPRINT(TABCOUNT):   proc datasets library = work nolist;
MPRINT(TABCOUNT):   *delete _tabptc1 _tabptc2 _tabptc3 _tabptc4 _tabptc5 _tabptc6 _tabptc7 _tabptc8 _tabptc9;
MPRINT(TABCOUNT):   delete _tabptc: ;
MPRINT(TABCOUNT):   *2016-11-29 kchan07;
MPRINT(TABCOUNT):   quit;

NOTE: Deleting WORK._TABPTC3 (memtype=DATA).
NOTE: Deleting WORK._TABPTC7 (memtype=DATA).
NOTE: PROCEDURE DATASETS used (Total process time):
      real time           0.00 seconds
      cpu time            0.00 seconds
      

MPRINT(MAIN):  ;
MPRINT(TABCOUNT):   *** this logic moved to tabdesc ***;
MPRINT(TABCOUNT):  ;
MPRINT(TABCOUNT):   ** if one of subsetting vars (&_spercent, &_sdpvar, &_stpvar, &_spctvar, &_sopvar) **;
MPRINT(TABCOUNT):   ** is specified, then &denom cannot be specified **;
MPRINT(TABCOUNT):  ;
MPRINT(TABCOUNT):   *----------------------------------------------------------------------------;
MPRINT(TABCOUNT):   * Get variable attributes (type, label, format) ;
MPRINT(TABCOUNT):   * Cancel run if variable .does not. exist ;
MPRINT(TABCOUNT):   *----------------------------------------------------------------------------;
MPRINT(TABCOUNT):   data _null_;
MPRINT(TABCOUNT):   length label1 $250;
MPRINT(TABCOUNT):   ds = open("analf","i");
MPRINT(TABCOUNT):   var = varnum(ds , "any_related");
MPRINT(TABCOUNT):   if not(var) then do;
MPRINT(TABCOUNT):   call symput("_errcode","F");
                                                                    The SAS System

MPRINT(TABCOUNT):   call symput("_errmsg","Patient count analysis variable any_related "|| '.does not.'||' exist - cancelling run' );
MPRINT(TABCOUNT):   *klc 2016-10-26;
MPRINT(TABCOUNT):   stop;
MPRINT(TABCOUNT):   end;
MPRINT(TABCOUNT):   else do;
MPRINT(TABCOUNT):   label1 = varlabel(ds,var);
MPRINT(TABCOUNT):   label1 = translate(label1,' ','~');
MPRINT(TABCOUNT):   call symput("_ptclab1",trim(label1));
MPRINT(TABCOUNT):   call symput("_ptcfmt1",varfmt(ds,var));
MPRINT(TABCOUNT):   call symput("catvfmt",varfmt(ds,var));
MPRINT(TABCOUNT):   typ = vartype(ds,var);
MPRINT(TABCOUNT):   call symput("type",typ);
MPRINT(TABCOUNT):   end;
MPRINT(TABCOUNT):   run;

INFO: Character variables have defaulted to a length of 200 at the places given by: (Line):(Column). Truncation can result.
      1403:71  TYP
NOTE: DATA statement used (Total process time):
      real time           0.00 seconds
      cpu time            0.00 seconds
      

MPRINT(TABCOUNT):   *-----------------------------------------------------------;
MPRINT(TABCOUNT):   * General routine for count and percent statistics ;
MPRINT(TABCOUNT):   *-----------------------------------------------------------;
MPRINT(TABCOUNT):   *-----------------------------------------------------------;
MPRINT(TABCOUNT):   * Do count and percent once for each requested denominator;
MPRINT(TABCOUNT):   *-----------------------------------------------------------;
MPRINT(TABCOUNT):  ;
MPRINT(COUNTPCT):   proc sort data = analf out = _t1 nodupkey;
MPRINT(COUNTPCT):   by trt01an any_related usubjid;
MPRINT(COUNTPCT):   run;

NOTE: There were 200 observations read from the data set WORK.ANALF.
NOTE: SAS sort was used.
NOTE: 0 observations with duplicate key values were deleted.
NOTE: The data set WORK._T1 has 200 observations and 52 variables.
NOTE: PROCEDURE SORT used (Total process time):
      real time           0.00 seconds
      cpu time            0.00 seconds
      

MPRINT(COUNTPCT):   proc summary data=_t1 nway;
MPRINT(COUNTPCT):   by trt01an any_related;
MPRINT(COUNTPCT):   format trt01an any_related;
MPRINT(COUNTPCT):   output out=_t2;
                                                                    The SAS System

MPRINT(COUNTPCT):   run;

NOTE: There were 200 observations read from the data set WORK._T1.
NOTE: The data set WORK._T2 has 6 observations and 4 variables.
NOTE: PROCEDURE SUMMARY used (Total process time):
      real time           0.00 seconds
      cpu time            0.00 seconds
      

MPRINT(COUNTPCT):   * proc print data = _t2 (obs=100);
MPRINT(COUNTPCT):   * title "tabcount: File _t2 after summary with denominator &countby ";
MPRINT(COUNTPCT):   * run;
MPRINT(COUNTPCT):   proc sort data = analf out = _t1 nodupkey;
MPRINT(COUNTPCT):   by trt01an usubjid;
MPRINT(COUNTPCT):   run;

NOTE: There were 200 observations read from the data set WORK.ANALF.
NOTE: SAS sort was used.
NOTE: 0 observations with duplicate key values were deleted.
NOTE: The data set WORK._T1 has 200 observations and 52 variables.
NOTE: PROCEDURE SORT used (Total process time):
      real time           0.00 seconds
      cpu time            0.01 seconds
      

MPRINT(COUNTPCT):   proc summary data=_t1 nway;
MPRINT(COUNTPCT):   by trt01an;
MPRINT(COUNTPCT):   format trt01an;
MPRINT(COUNTPCT):   output out=_t3;
MPRINT(COUNTPCT):   run;

NOTE: There were 200 observations read from the data set WORK._T1.
NOTE: The data set WORK._T3 has 3 observations and 3 variables.
NOTE: PROCEDURE SUMMARY used (Total process time):
      real time           0.00 seconds
      cpu time            0.00 seconds
      

MPRINT(COUNTPCT):   * proc print data = _t3 (obs=100);
MPRINT(COUNTPCT):   * title "tabcount: File _t3 after summary with denominator &pctby";
MPRINT(COUNTPCT):   * run;
MPRINT(COUNTPCT):   proc sort data = _t2;
MPRINT(COUNTPCT):   by trt01an;
MPRINT(COUNTPCT):   run;

NOTE: There were 6 observations read from the data set WORK._T2.
                                                                    The SAS System

NOTE: SAS sort was used.
NOTE: The data set WORK._T2 has 6 observations and 4 variables.
NOTE: PROCEDURE SORT used (Total process time):
      real time           0.00 seconds
      cpu time            0.01 seconds
      

MPRINT(COUNTPCT):   data _tabc1;
MPRINT(COUNTPCT):   merge _t2(drop=_type_) _t3 (rename=(_freq_=denom));
MPRINT(COUNTPCT):   by trt01an;
MPRINT(COUNTPCT):   **if denom > 0 then &pctvar = 100 * _freq_ / denom;
MPRINT(COUNTPCT):   if denom > 0 and _freq_>0 then pct1 = 100 * _freq_ / denom;
MPRINT(COUNTPCT):   run;

NOTE: There were 6 observations read from the data set WORK._T2.
NOTE: There were 3 observations read from the data set WORK._T3.
NOTE: The data set WORK._TABC1 has 6 observations and 6 variables.
NOTE: DATA statement used (Total process time):
      real time           0.00 seconds
      cpu time            0.00 seconds
      

MPRINT(TABCOUNT):  ;
MPRINT(TABCOUNT):   proc sort data = _tabc1;
MPRINT(TABCOUNT):   by any_related trt01an;
MPRINT(TABCOUNT):   run;

NOTE: There were 6 observations read from the data set WORK._TABC1.
NOTE: SAS sort was used.
NOTE: The data set WORK._TABC1 has 6 observations and 6 variables.
NOTE: PROCEDURE SORT used (Total process time):
      real time           0.00 seconds
      cpu time            0.00 seconds
      

MPRINT(TABCOUNT):   data _tabptc3;
MPRINT(TABCOUNT):   set _tabc1;
MPRINT(TABCOUNT):   run;

NOTE: There were 6 observations read from the data set WORK._TABC1.
NOTE: The data set WORK._TABPTC3 has 6 observations and 6 variables.
NOTE: DATA statement used (Total process time):
      real time           0.00 seconds
      cpu time            0.00 seconds
      

                                                                    The SAS System

MPRINT(TABCOUNT):   * proc print data = _tabc&__I (obs=100);
MPRINT(TABCOUNT):   * title "tabcount: File _tabc&__I after summary ";
MPRINT(TABCOUNT):   * run;
MPRINT(TABCOUNT):   *----------------------------------------------------------------------------;
MPRINT(TABCOUNT):   * Get list of categories specified in the format in variable catvfmt ;
MPRINT(TABCOUNT):   * Flag to indicate if format found in macro variable _gotfmt ;
MPRINT(TABCOUNT):   * Categories in data set _tabptc4 ;
MPRINT(TABCOUNT):   *----------------------------------------------------------------------------;
MPRINT(TABCOUNT):   *---------------------------------------;
MPRINT(TABCOUNT):   * Reformat count and percent ;
MPRINT(TABCOUNT):   *---------------------------------------;
MPRINT(TABCOUNT):   data _tabptc3;
MPRINT(TABCOUNT):   set _tabptc3;
MPRINT(TABCOUNT):   length linlabel $250;
MPRINT(TABCOUNT):   length start $200;
MPRINT(TABCOUNT):   start = left(any_related);
MPRINT(TABCOUNT):   linlabel=left(any_related);
MPRINT(TABCOUNT):   if trim(linlabel) = '.' or linlabel = ' ' then delete;
MPRINT(TABCOUNT):   run;

NOTE: Numeric values have been converted to character values at the places given by: (Line):(Column).
      1403:1   1403:1   
NOTE: There were 6 observations read from the data set WORK._TABPTC3.
NOTE: The data set WORK._TABPTC3 has 3 observations and 8 variables.
NOTE: DATA statement used (Total process time):
      real time           0.00 seconds
      cpu time            0.00 seconds
      

MPRINT(TABCOUNT):   * proc print data = _tabptc3 (obs=100);
MPRINT(TABCOUNT):   * title "tabcount: File _tabptc3 after formatting statistics ";
MPRINT(TABCOUNT):   * run;
MPRINT(TABCOUNT):   *----------------------------------------------------------------------------;
MPRINT(TABCOUNT):   * If all categories are to be shown, get the list of categories from the ;
MPRINT(TABCOUNT):   * variable format and expand the file to include all the defined categories;
MPRINT(TABCOUNT):   *----------------------------------------------------------------------------;
MPRINT(TABCOUNT):   *--------------------------------------------------------------------------;
MPRINT(TABCOUNT):   * postprocess _tabptc3 to modify START variable if sortby = I and the VAR;
MPRINT(TABCOUNT):   * is numeric. This to accomodate cases where the values might be negative;
MPRINT(TABCOUNT):   *--------------------------------------------------------------------------;
MPRINT(TABCOUNT):   *----------------------------------------------------------------------------;
MPRINT(TABCOUNT):   * Transpose the formatted and unformatted statistics ;
MPRINT(TABCOUNT):   *----------------------------------------------------------------------------;
MPRINT(TABCOUNT):   data _tabptc7 (keep = any_related start linlabel value1 - value3 statord1 - statord1 pctx1 - pctx3);
MPRINT(TABCOUNT):   set _tabptc3;
MPRINT(TABCOUNT):   by any_related start linlabel notsorted;
                                                                    The SAS System

MPRINT(TABCOUNT):   length value1- value3 $40 statord1 - statord1 $40 pctx1 - pctx3 $10 pctx_n1 - pctx_n3 8 __temp 8;
MPRINT(TABCOUNT):   *kchan07 2016-11-1;
MPRINT(TABCOUNT):   length statval $ 40;
MPRINT(TABCOUNT):   array outval {*} $ value1 - value3;
MPRINT(TABCOUNT):   array outpct {*} $ pctx1 - pctx3;
MPRINT(TABCOUNT):   array __pn {*} pctx_n1 - pctx_n3;
MPRINT(TABCOUNT):   *kchan07 2016-11-1;
MPRINT(TABCOUNT):   retain value1 - value3 totn pctx1 - pctx3;
MPRINT(TABCOUNT):   statord1 = ' ';
MPRINT(TABCOUNT):   if first.linlabel then do;
MPRINT(TABCOUNT):   totn = 0;
MPRINT(TABCOUNT):   do i = 1 to 3;
MPRINT(TABCOUNT):   outval{i} = ' ';
MPRINT(TABCOUNT):   outpct{i} = ' ';
MPRINT(TABCOUNT):   end;
MPRINT(TABCOUNT):   end;
MPRINT(TABCOUNT):   statval = ' ';
MPRINT(TABCOUNT):   if _freq_ = . then _freq_ = 0;
MPRINT(TABCOUNT):   statval = put(_freq_, 3. );
MPRINT(TABCOUNT):   len = length(statval);
MPRINT(TABCOUNT):   *if pct&__I = . then do;
MPRINT(TABCOUNT):   ** kdaughtry 07Oct08 - if count=0, then pct=0 **;
MPRINT(TABCOUNT):   *pct&__I = 0;
MPRINT(TABCOUNT):   *percent = 0;
MPRINT(TABCOUNT):   *end;
MPRINT(TABCOUNT):   if 0 < pct1 < 0.1 then do;
MPRINT(TABCOUNT):   statval = substr(statval,1,len) || " ( <0.1%)";
MPRINT(TABCOUNT):   percent = pct1;
MPRINT(TABCOUNT):   end;
MPRINT(TABCOUNT):   else do;
MPRINT(TABCOUNT):   if pct1 ne . then percent = round(pct1,0.1);
MPRINT(TABCOUNT):   if percent>0 then statval = substr(statval,1,len) || " (" || put(percent,5.1) || "%)";
MPRINT(TABCOUNT):   else statval= substr(statval,1,len);
MPRINT(TABCOUNT):   end;
MPRINT(TABCOUNT):   drop len;
MPRINT(TABCOUNT):   *if (totn=.) then totn = _freq_;
MPRINT(TABCOUNT):   *else if (_freq_>.) then totn = totn + _freq_;
MPRINT(TABCOUNT):   totn=sum(totn, _freq_);
MPRINT(TABCOUNT):   *klc 27may2015;
MPRINT(TABCOUNT):   outval{trt01an} = statval;
MPRINT(TABCOUNT):   __pn{trt01an} = percent;
MPRINT(TABCOUNT):   *kchan07 2016-11-1;
MPRINT(TABCOUNT):   outpct{trt01an} = compress(put(percent,best.));
MPRINT(TABCOUNT):   if last.linlabel then do;
MPRINT(TABCOUNT):   if "F" = "F" then statord1 = put(1000000-totn,z7.);
MPRINT(TABCOUNT):   if "F" = "A" then statord1 = ' ';
                                                                    The SAS System

MPRINT(TABCOUNT):   if "F" = "I" then statord1 = start;
MPRINT(TABCOUNT):   if "F" = "M" then do;
MPRINT(TABCOUNT):   __temp=pctx_n1;
MPRINT(TABCOUNT):   __temp = max(of pctx_n1 - pctx_n2);
MPRINT(TABCOUNT):   statord1=compress(put(__temp,z9.5));
MPRINT(TABCOUNT):   end;
MPRINT(TABCOUNT):   if "F" = "T" then statord1 = put(percent,6.2);
MPRINT(TABCOUNT):   output;
MPRINT(TABCOUNT):   end;
MPRINT(TABCOUNT):   run;

NOTE: There were 3 observations read from the data set WORK._TABPTC3.
NOTE: The data set WORK._TABPTC7 has 1 observations and 10 variables.
NOTE: DATA statement used (Total process time):
      real time           0.00 seconds
      cpu time            0.00 seconds
      

MPRINT(TABCOUNT):   * proc print data = _tabptc7 (obs=100);
MPRINT(TABCOUNT):   * title "tabcount: File _tabptc7 after transpose";
MPRINT(TABCOUNT):   * run;
MPRINT(TABCOUNT):   *---------------------------------------;
MPRINT(TABCOUNT):   * CHISQ, CMH, EXACT p-values ;
MPRINT(TABCOUNT):   *---------------------------------------;
MPRINT(TABCOUNT):   *----------------------------------------------------------------------------;
MPRINT(TABCOUNT):   * If overall p-values are requested, generate and add to the dataset ;
MPRINT(TABCOUNT):   *----------------------------------------------------------------------------;
MPRINT(TABCOUNT):   *----------------------------------------------------------------------------;
MPRINT(TABCOUNT):   * If pairwise p-values are requested, generate and add to the dataset ;
MPRINT(TABCOUNT):   *----------------------------------------------------------------------------;
MPRINT(TABCOUNT):   *---------------------------------------;
MPRINT(TABCOUNT):   * Get Patient With Event totals -------;
MPRINT(TABCOUNT):   *---------------------------------------;
MPRINT(TABCOUNT):   *----------------------------------------------------------------------------;
MPRINT(TABCOUNT):   * Final data massage before merging with accumulated statistics ;
MPRINT(TABCOUNT):   *----------------------------------------------------------------------------;
MPRINT(TABCOUNT):   * proc print data = _tabptc7;
MPRINT(TABCOUNT):   * title "tabcount: File _tabptc7 ";
MPRINT(TABCOUNT):   * run;
MPRINT(TABCOUNT):   data _tabptc7;
MPRINT(TABCOUNT):   set _tabptc7;
MPRINT(TABCOUNT):   length statord $40;
MPRINT(TABCOUNT):   statord = ' ';
MPRINT(TABCOUNT):   sortord=4;
MPRINT(TABCOUNT):   type = "PTCT";
MPRINT(TABCOUNT):   level = 1;
                                                                    The SAS System

MPRINT(TABCOUNT):   array vl {*} value1 - value3;
MPRINT(TABCOUNT):   if trim(start) eq '.' or start = ' ' then delete;
MPRINT(TABCOUNT):   do i = 1 to 3;
MPRINT(TABCOUNT):   if vl{i} = ' ' then do;
MPRINT(TABCOUNT):   vl{i} = put(0, 3. );
MPRINT(TABCOUNT):   len = length(vl{i});
MPRINT(TABCOUNT):   **vl{i} = substr(vl{i},1,len) || " (" || put(0,&pctfmt) || "%)";
MPRINT(TABCOUNT):   vl{i} = substr(vl{i},1,len);
MPRINT(TABCOUNT):   drop len;
MPRINT(TABCOUNT):   end;
MPRINT(TABCOUNT):   end;
MPRINT(TABCOUNT):   drop i;
MPRINT(TABCOUNT):   length pvalc1 pvalc2 $10;
MPRINT(TABCOUNT):   pvalc1='';
MPRINT(TABCOUNT):   pvalc2='';
MPRINT(TABCOUNT):   run;

NOTE: There were 1 observations read from the data set WORK._TABPTC7.
NOTE: The data set WORK._TABPTC7 has 1 observations and 16 variables.
NOTE: DATA statement used (Total process time):
      real time           0.00 seconds
      cpu time            0.00 seconds
      

MPRINT(TABCOUNT):   data _tabptc7;
MPRINT(TABCOUNT):   set _tabptc7;
MPRINT(TABCOUNT):   format pvalc1 pvalc2;
MPRINT(TABCOUNT):   run;

NOTE: There were 1 observations read from the data set WORK._TABPTC7.
NOTE: The data set WORK._TABPTC7 has 1 observations and 16 variables.
NOTE: DATA statement used (Total process time):
      real time           0.00 seconds
      cpu time            0.00 seconds
      

MPRINT(TABCOUNT):   data combine;
MPRINT(TABCOUNT):   set combine _tabptc7;
MPRINT(TABCOUNT):   length label1 $ 250;
MPRINT(TABCOUNT):   if sortord = 4 then do;
MPRINT(TABCOUNT):   if 1 = 1 then label1 = trim("") || " " || left("");
MPRINT(TABCOUNT):   if 1 > 1 then label1 = left("");
MPRINT(TABCOUNT):   if 1 < 0 then label1 = trim(label1) || ",";
MPRINT(TABCOUNT):   if 1 > 1 then label1 = "And " || left("");
MPRINT(TABCOUNT):   end;
MPRINT(TABCOUNT):   run;
                                                                    The SAS System


NOTE: There were 3 observations read from the data set WORK.COMBINE.
NOTE: There were 1 observations read from the data set WORK._TABPTC7.
NOTE: The data set WORK.COMBINE has 4 observations and 22 variables.
NOTE: DATA statement used (Total process time):
      real time           0.00 seconds
      cpu time            0.00 seconds
      

MPRINT(TABCOUNT):   *----------------------------------------------------------------------------;
MPRINT(TABCOUNT):   * Cleanup ;
MPRINT(TABCOUNT):   *----------------------------------------------------------------------------;
MPRINT(TABCOUNT):   proc datasets library = work nolist;
MPRINT(TABCOUNT):   *delete _tabptc1 _tabptc2 _tabptc3 _tabptc4 _tabptc5 _tabptc6 _tabptc7 _tabptc8 _tabptc9;
MPRINT(TABCOUNT):   delete _tabptc: ;
MPRINT(TABCOUNT):   *2016-11-29 kchan07;
MPRINT(TABCOUNT):   quit;

NOTE: Deleting WORK._TABPTC3 (memtype=DATA).
NOTE: Deleting WORK._TABPTC7 (memtype=DATA).
NOTE: PROCEDURE DATASETS used (Total process time):
      real time           0.00 seconds
      cpu time            0.00 seconds
      

MPRINT(MAIN):  ;
MPRINT(TABCOUNT):   *** this logic moved to tabdesc ***;
MPRINT(TABCOUNT):  ;
MPRINT(TABCOUNT):   ** if one of subsetting vars (&_spercent, &_sdpvar, &_stpvar, &_spctvar, &_sopvar) **;
MPRINT(TABCOUNT):   ** is specified, then &denom cannot be specified **;
MPRINT(TABCOUNT):  ;
MPRINT(TABCOUNT):   *----------------------------------------------------------------------------;
MPRINT(TABCOUNT):   * Get variable attributes (type, label, format) ;
MPRINT(TABCOUNT):   * Cancel run if variable .does not. exist ;
MPRINT(TABCOUNT):   *----------------------------------------------------------------------------;
MPRINT(TABCOUNT):   data _null_;
MPRINT(TABCOUNT):   length label1 $250;
MPRINT(TABCOUNT):   ds = open("analf","i");
MPRINT(TABCOUNT):   var = varnum(ds , "gr3plus_rel");
MPRINT(TABCOUNT):   if not(var) then do;
MPRINT(TABCOUNT):   call symput("_errcode","F");
MPRINT(TABCOUNT):   call symput("_errmsg","Patient count analysis variable gr3plus_rel "|| '.does not.'||' exist - cancelling run' );
MPRINT(TABCOUNT):   *klc 2016-10-26;
MPRINT(TABCOUNT):   stop;
MPRINT(TABCOUNT):   end;
MPRINT(TABCOUNT):   else do;
                                                                    The SAS System

MPRINT(TABCOUNT):   label1 = varlabel(ds,var);
MPRINT(TABCOUNT):   label1 = translate(label1,' ','~');
MPRINT(TABCOUNT):   call symput("_ptclab1",trim(label1));
MPRINT(TABCOUNT):   call symput("_ptcfmt1",varfmt(ds,var));
MPRINT(TABCOUNT):   call symput("catvfmt",varfmt(ds,var));
MPRINT(TABCOUNT):   typ = vartype(ds,var);
MPRINT(TABCOUNT):   call symput("type",typ);
MPRINT(TABCOUNT):   end;
MPRINT(TABCOUNT):   run;

INFO: Character variables have defaulted to a length of 200 at the places given by: (Line):(Column). Truncation can result.
      1403:71  TYP
NOTE: DATA statement used (Total process time):
      real time           0.00 seconds
      cpu time            0.00 seconds
      

MPRINT(TABCOUNT):   *-----------------------------------------------------------;
MPRINT(TABCOUNT):   * General routine for count and percent statistics ;
MPRINT(TABCOUNT):   *-----------------------------------------------------------;
MPRINT(TABCOUNT):   *-----------------------------------------------------------;
MPRINT(TABCOUNT):   * Do count and percent once for each requested denominator;
MPRINT(TABCOUNT):   *-----------------------------------------------------------;
MPRINT(TABCOUNT):  ;
MPRINT(COUNTPCT):   proc sort data = analf out = _t1 nodupkey;
MPRINT(COUNTPCT):   by trt01an gr3plus_rel usubjid;
MPRINT(COUNTPCT):   run;

NOTE: There were 200 observations read from the data set WORK.ANALF.
NOTE: SAS sort was used.
NOTE: 0 observations with duplicate key values were deleted.
NOTE: The data set WORK._T1 has 200 observations and 52 variables.
NOTE: PROCEDURE SORT used (Total process time):
      real time           0.00 seconds
      cpu time            0.01 seconds
      

MPRINT(COUNTPCT):   proc summary data=_t1 nway;
MPRINT(COUNTPCT):   by trt01an gr3plus_rel;
MPRINT(COUNTPCT):   format trt01an gr3plus_rel;
MPRINT(COUNTPCT):   output out=_t2;
MPRINT(COUNTPCT):   run;

NOTE: There were 200 observations read from the data set WORK._T1.
NOTE: The data set WORK._T2 has 6 observations and 4 variables.
NOTE: PROCEDURE SUMMARY used (Total process time):
                                                                    The SAS System

      real time           0.00 seconds
      cpu time            0.00 seconds
      

MPRINT(COUNTPCT):   * proc print data = _t2 (obs=100);
MPRINT(COUNTPCT):   * title "tabcount: File _t2 after summary with denominator &countby ";
MPRINT(COUNTPCT):   * run;
MPRINT(COUNTPCT):   proc sort data = analf out = _t1 nodupkey;
MPRINT(COUNTPCT):   by trt01an usubjid;
MPRINT(COUNTPCT):   run;

NOTE: There were 200 observations read from the data set WORK.ANALF.
NOTE: SAS sort was used.
NOTE: 0 observations with duplicate key values were deleted.
NOTE: The data set WORK._T1 has 200 observations and 52 variables.
NOTE: PROCEDURE SORT used (Total process time):
      real time           0.00 seconds
      cpu time            0.00 seconds
      

MPRINT(COUNTPCT):   proc summary data=_t1 nway;
MPRINT(COUNTPCT):   by trt01an;
MPRINT(COUNTPCT):   format trt01an;
MPRINT(COUNTPCT):   output out=_t3;
MPRINT(COUNTPCT):   run;

NOTE: There were 200 observations read from the data set WORK._T1.
NOTE: The data set WORK._T3 has 3 observations and 3 variables.
NOTE: PROCEDURE SUMMARY used (Total process time):
      real time           0.00 seconds
      cpu time            0.00 seconds
      

MPRINT(COUNTPCT):   * proc print data = _t3 (obs=100);
MPRINT(COUNTPCT):   * title "tabcount: File _t3 after summary with denominator &pctby";
MPRINT(COUNTPCT):   * run;
MPRINT(COUNTPCT):   proc sort data = _t2;
MPRINT(COUNTPCT):   by trt01an;
MPRINT(COUNTPCT):   run;

NOTE: There were 6 observations read from the data set WORK._T2.
NOTE: SAS sort was used.
NOTE: The data set WORK._T2 has 6 observations and 4 variables.
NOTE: PROCEDURE SORT used (Total process time):
      real time           0.00 seconds
      cpu time            0.00 seconds
                                                                    The SAS System

      

MPRINT(COUNTPCT):   data _tabc1;
MPRINT(COUNTPCT):   merge _t2(drop=_type_) _t3 (rename=(_freq_=denom));
MPRINT(COUNTPCT):   by trt01an;
MPRINT(COUNTPCT):   **if denom > 0 then &pctvar = 100 * _freq_ / denom;
MPRINT(COUNTPCT):   if denom > 0 and _freq_>0 then pct1 = 100 * _freq_ / denom;
MPRINT(COUNTPCT):   run;

NOTE: There were 6 observations read from the data set WORK._T2.
NOTE: There were 3 observations read from the data set WORK._T3.
NOTE: The data set WORK._TABC1 has 6 observations and 6 variables.
NOTE: DATA statement used (Total process time):
      real time           0.00 seconds
      cpu time            0.00 seconds
      

MPRINT(TABCOUNT):  ;
MPRINT(TABCOUNT):   proc sort data = _tabc1;
MPRINT(TABCOUNT):   by gr3plus_rel trt01an;
MPRINT(TABCOUNT):   run;

NOTE: There were 6 observations read from the data set WORK._TABC1.
NOTE: SAS sort was used.
NOTE: The data set WORK._TABC1 has 6 observations and 6 variables.
NOTE: PROCEDURE SORT used (Total process time):
      real time           0.00 seconds
      cpu time            0.00 seconds
      

MPRINT(TABCOUNT):   data _tabptc3;
MPRINT(TABCOUNT):   set _tabc1;
MPRINT(TABCOUNT):   run;

NOTE: There were 6 observations read from the data set WORK._TABC1.
NOTE: The data set WORK._TABPTC3 has 6 observations and 6 variables.
NOTE: DATA statement used (Total process time):
      real time           0.00 seconds
      cpu time            0.00 seconds
      

MPRINT(TABCOUNT):   * proc print data = _tabc&__I (obs=100);
MPRINT(TABCOUNT):   * title "tabcount: File _tabc&__I after summary ";
MPRINT(TABCOUNT):   * run;
MPRINT(TABCOUNT):   *----------------------------------------------------------------------------;
MPRINT(TABCOUNT):   * Get list of categories specified in the format in variable catvfmt ;
                                                                    The SAS System

MPRINT(TABCOUNT):   * Flag to indicate if format found in macro variable _gotfmt ;
MPRINT(TABCOUNT):   * Categories in data set _tabptc4 ;
MPRINT(TABCOUNT):   *----------------------------------------------------------------------------;
MPRINT(TABCOUNT):   *---------------------------------------;
MPRINT(TABCOUNT):   * Reformat count and percent ;
MPRINT(TABCOUNT):   *---------------------------------------;
MPRINT(TABCOUNT):   data _tabptc3;
MPRINT(TABCOUNT):   set _tabptc3;
MPRINT(TABCOUNT):   length linlabel $250;
MPRINT(TABCOUNT):   length start $200;
MPRINT(TABCOUNT):   start = left(gr3plus_rel);
MPRINT(TABCOUNT):   linlabel=left(gr3plus_rel);
MPRINT(TABCOUNT):   if trim(linlabel) = '.' or linlabel = ' ' then delete;
MPRINT(TABCOUNT):   run;

NOTE: Numeric values have been converted to character values at the places given by: (Line):(Column).
      1403:1   1403:1   
NOTE: There were 6 observations read from the data set WORK._TABPTC3.
NOTE: The data set WORK._TABPTC3 has 3 observations and 8 variables.
NOTE: DATA statement used (Total process time):
      real time           0.00 seconds
      cpu time            0.00 seconds
      

MPRINT(TABCOUNT):   * proc print data = _tabptc3 (obs=100);
MPRINT(TABCOUNT):   * title "tabcount: File _tabptc3 after formatting statistics ";
MPRINT(TABCOUNT):   * run;
MPRINT(TABCOUNT):   *----------------------------------------------------------------------------;
MPRINT(TABCOUNT):   * If all categories are to be shown, get the list of categories from the ;
MPRINT(TABCOUNT):   * variable format and expand the file to include all the defined categories;
MPRINT(TABCOUNT):   *----------------------------------------------------------------------------;
MPRINT(TABCOUNT):   *--------------------------------------------------------------------------;
MPRINT(TABCOUNT):   * postprocess _tabptc3 to modify START variable if sortby = I and the VAR;
MPRINT(TABCOUNT):   * is numeric. This to accomodate cases where the values might be negative;
MPRINT(TABCOUNT):   *--------------------------------------------------------------------------;
MPRINT(TABCOUNT):   *----------------------------------------------------------------------------;
MPRINT(TABCOUNT):   * Transpose the formatted and unformatted statistics ;
MPRINT(TABCOUNT):   *----------------------------------------------------------------------------;
MPRINT(TABCOUNT):   data _tabptc7 (keep = gr3plus_rel start linlabel value1 - value3 statord1 - statord1 pctx1 - pctx3);
MPRINT(TABCOUNT):   set _tabptc3;
MPRINT(TABCOUNT):   by gr3plus_rel start linlabel notsorted;
MPRINT(TABCOUNT):   length value1- value3 $40 statord1 - statord1 $40 pctx1 - pctx3 $10 pctx_n1 - pctx_n3 8 __temp 8;
MPRINT(TABCOUNT):   *kchan07 2016-11-1;
MPRINT(TABCOUNT):   length statval $ 40;
MPRINT(TABCOUNT):   array outval {*} $ value1 - value3;
MPRINT(TABCOUNT):   array outpct {*} $ pctx1 - pctx3;
                                                                    The SAS System

MPRINT(TABCOUNT):   array __pn {*} pctx_n1 - pctx_n3;
MPRINT(TABCOUNT):   *kchan07 2016-11-1;
MPRINT(TABCOUNT):   retain value1 - value3 totn pctx1 - pctx3;
MPRINT(TABCOUNT):   statord1 = ' ';
MPRINT(TABCOUNT):   if first.linlabel then do;
MPRINT(TABCOUNT):   totn = 0;
MPRINT(TABCOUNT):   do i = 1 to 3;
MPRINT(TABCOUNT):   outval{i} = ' ';
MPRINT(TABCOUNT):   outpct{i} = ' ';
MPRINT(TABCOUNT):   end;
MPRINT(TABCOUNT):   end;
MPRINT(TABCOUNT):   statval = ' ';
MPRINT(TABCOUNT):   if _freq_ = . then _freq_ = 0;
MPRINT(TABCOUNT):   statval = put(_freq_, 3. );
MPRINT(TABCOUNT):   len = length(statval);
MPRINT(TABCOUNT):   *if pct&__I = . then do;
MPRINT(TABCOUNT):   ** kdaughtry 07Oct08 - if count=0, then pct=0 **;
MPRINT(TABCOUNT):   *pct&__I = 0;
MPRINT(TABCOUNT):   *percent = 0;
MPRINT(TABCOUNT):   *end;
MPRINT(TABCOUNT):   if 0 < pct1 < 0.1 then do;
MPRINT(TABCOUNT):   statval = substr(statval,1,len) || " ( <0.1%)";
MPRINT(TABCOUNT):   percent = pct1;
MPRINT(TABCOUNT):   end;
MPRINT(TABCOUNT):   else do;
MPRINT(TABCOUNT):   if pct1 ne . then percent = round(pct1,0.1);
MPRINT(TABCOUNT):   if percent>0 then statval = substr(statval,1,len) || " (" || put(percent,5.1) || "%)";
MPRINT(TABCOUNT):   else statval= substr(statval,1,len);
MPRINT(TABCOUNT):   end;
MPRINT(TABCOUNT):   drop len;
MPRINT(TABCOUNT):   *if (totn=.) then totn = _freq_;
MPRINT(TABCOUNT):   *else if (_freq_>.) then totn = totn + _freq_;
MPRINT(TABCOUNT):   totn=sum(totn, _freq_);
MPRINT(TABCOUNT):   *klc 27may2015;
MPRINT(TABCOUNT):   outval{trt01an} = statval;
MPRINT(TABCOUNT):   __pn{trt01an} = percent;
MPRINT(TABCOUNT):   *kchan07 2016-11-1;
MPRINT(TABCOUNT):   outpct{trt01an} = compress(put(percent,best.));
MPRINT(TABCOUNT):   if last.linlabel then do;
MPRINT(TABCOUNT):   if "F" = "F" then statord1 = put(1000000-totn,z7.);
MPRINT(TABCOUNT):   if "F" = "A" then statord1 = ' ';
MPRINT(TABCOUNT):   if "F" = "I" then statord1 = start;
MPRINT(TABCOUNT):   if "F" = "M" then do;
MPRINT(TABCOUNT):   __temp=pctx_n1;
MPRINT(TABCOUNT):   __temp = max(of pctx_n1 - pctx_n2);
MPRINT(TABCOUNT):   statord1=compress(put(__temp,z9.5));
                                                                    The SAS System

MPRINT(TABCOUNT):   end;
MPRINT(TABCOUNT):   if "F" = "T" then statord1 = put(percent,6.2);
MPRINT(TABCOUNT):   output;
MPRINT(TABCOUNT):   end;
MPRINT(TABCOUNT):   run;

NOTE: There were 3 observations read from the data set WORK._TABPTC3.
NOTE: The data set WORK._TABPTC7 has 1 observations and 10 variables.
NOTE: DATA statement used (Total process time):
      real time           0.00 seconds
      cpu time            0.01 seconds
      

MPRINT(TABCOUNT):   * proc print data = _tabptc7 (obs=100);
MPRINT(TABCOUNT):   * title "tabcount: File _tabptc7 after transpose";
MPRINT(TABCOUNT):   * run;
MPRINT(TABCOUNT):   *---------------------------------------;
MPRINT(TABCOUNT):   * CHISQ, CMH, EXACT p-values ;
MPRINT(TABCOUNT):   *---------------------------------------;
MPRINT(TABCOUNT):   *----------------------------------------------------------------------------;
MPRINT(TABCOUNT):   * If overall p-values are requested, generate and add to the dataset ;
MPRINT(TABCOUNT):   *----------------------------------------------------------------------------;
MPRINT(TABCOUNT):   *----------------------------------------------------------------------------;
MPRINT(TABCOUNT):   * If pairwise p-values are requested, generate and add to the dataset ;
MPRINT(TABCOUNT):   *----------------------------------------------------------------------------;
MPRINT(TABCOUNT):   *---------------------------------------;
MPRINT(TABCOUNT):   * Get Patient With Event totals -------;
MPRINT(TABCOUNT):   *---------------------------------------;
MPRINT(TABCOUNT):   *----------------------------------------------------------------------------;
MPRINT(TABCOUNT):   * Final data massage before merging with accumulated statistics ;
MPRINT(TABCOUNT):   *----------------------------------------------------------------------------;
MPRINT(TABCOUNT):   * proc print data = _tabptc7;
MPRINT(TABCOUNT):   * title "tabcount: File _tabptc7 ";
MPRINT(TABCOUNT):   * run;
MPRINT(TABCOUNT):   data _tabptc7;
MPRINT(TABCOUNT):   set _tabptc7;
MPRINT(TABCOUNT):   length statord $40;
MPRINT(TABCOUNT):   statord = ' ';
MPRINT(TABCOUNT):   sortord=5;
MPRINT(TABCOUNT):   type = "PTCT";
MPRINT(TABCOUNT):   level = 1;
MPRINT(TABCOUNT):   array vl {*} value1 - value3;
MPRINT(TABCOUNT):   if trim(start) eq '.' or start = ' ' then delete;
MPRINT(TABCOUNT):   do i = 1 to 3;
MPRINT(TABCOUNT):   if vl{i} = ' ' then do;
MPRINT(TABCOUNT):   vl{i} = put(0, 3. );
                                                                    The SAS System

MPRINT(TABCOUNT):   len = length(vl{i});
MPRINT(TABCOUNT):   **vl{i} = substr(vl{i},1,len) || " (" || put(0,&pctfmt) || "%)";
MPRINT(TABCOUNT):   vl{i} = substr(vl{i},1,len);
MPRINT(TABCOUNT):   drop len;
MPRINT(TABCOUNT):   end;
MPRINT(TABCOUNT):   end;
MPRINT(TABCOUNT):   drop i;
MPRINT(TABCOUNT):   length pvalc1 pvalc2 $10;
MPRINT(TABCOUNT):   pvalc1='';
MPRINT(TABCOUNT):   pvalc2='';
MPRINT(TABCOUNT):   run;

NOTE: There were 1 observations read from the data set WORK._TABPTC7.
NOTE: The data set WORK._TABPTC7 has 1 observations and 16 variables.
NOTE: DATA statement used (Total process time):
      real time           0.00 seconds
      cpu time            0.00 seconds
      

MPRINT(TABCOUNT):   data _tabptc7;
MPRINT(TABCOUNT):   set _tabptc7;
MPRINT(TABCOUNT):   format pvalc1 pvalc2;
MPRINT(TABCOUNT):   run;

NOTE: There were 1 observations read from the data set WORK._TABPTC7.
NOTE: The data set WORK._TABPTC7 has 1 observations and 16 variables.
NOTE: DATA statement used (Total process time):
      real time           0.00 seconds
      cpu time            0.00 seconds
      

MPRINT(TABCOUNT):   data combine;
MPRINT(TABCOUNT):   set combine _tabptc7;
MPRINT(TABCOUNT):   length label1 $ 250;
MPRINT(TABCOUNT):   if sortord = 5 then do;
MPRINT(TABCOUNT):   if 1 = 1 then label1 = trim("") || " " || left("");
MPRINT(TABCOUNT):   if 1 > 1 then label1 = left("");
MPRINT(TABCOUNT):   if 1 < 0 then label1 = trim(label1) || ",";
MPRINT(TABCOUNT):   if 1 > 1 then label1 = "And " || left("");
MPRINT(TABCOUNT):   end;
MPRINT(TABCOUNT):   run;

NOTE: There were 4 observations read from the data set WORK.COMBINE.
NOTE: There were 1 observations read from the data set WORK._TABPTC7.
NOTE: The data set WORK.COMBINE has 5 observations and 23 variables.
NOTE: DATA statement used (Total process time):
                                                                    The SAS System

      real time           0.00 seconds
      cpu time            0.00 seconds
      

MPRINT(TABCOUNT):   *----------------------------------------------------------------------------;
MPRINT(TABCOUNT):   * Cleanup ;
MPRINT(TABCOUNT):   *----------------------------------------------------------------------------;
MPRINT(TABCOUNT):   proc datasets library = work nolist;
MPRINT(TABCOUNT):   *delete _tabptc1 _tabptc2 _tabptc3 _tabptc4 _tabptc5 _tabptc6 _tabptc7 _tabptc8 _tabptc9;
MPRINT(TABCOUNT):   delete _tabptc: ;
MPRINT(TABCOUNT):   *2016-11-29 kchan07;
MPRINT(TABCOUNT):   quit;

NOTE: Deleting WORK._TABPTC3 (memtype=DATA).
NOTE: Deleting WORK._TABPTC7 (memtype=DATA).
NOTE: PROCEDURE DATASETS used (Total process time):
      real time           0.00 seconds
      cpu time            0.00 seconds
      

MPRINT(MAIN):  ;
MPRINT(TABCOUNT):   *** this logic moved to tabdesc ***;
MPRINT(TABCOUNT):  ;
MPRINT(TABCOUNT):   ** if one of subsetting vars (&_spercent, &_sdpvar, &_stpvar, &_spctvar, &_sopvar) **;
MPRINT(TABCOUNT):   ** is specified, then &denom cannot be specified **;
MPRINT(TABCOUNT):  ;
MPRINT(TABCOUNT):   *----------------------------------------------------------------------------;
MPRINT(TABCOUNT):   * Get variable attributes (type, label, format) ;
MPRINT(TABCOUNT):   * Cancel run if variable .does not. exist ;
MPRINT(TABCOUNT):   *----------------------------------------------------------------------------;
MPRINT(TABCOUNT):   data _null_;
MPRINT(TABCOUNT):   length label1 $250;
MPRINT(TABCOUNT):   ds = open("analf","i");
MPRINT(TABCOUNT):   var = varnum(ds , "gr2plus_rel");
MPRINT(TABCOUNT):   if not(var) then do;
MPRINT(TABCOUNT):   call symput("_errcode","F");
MPRINT(TABCOUNT):   call symput("_errmsg","Patient count analysis variable gr2plus_rel "|| '.does not.'||' exist - cancelling run' );
MPRINT(TABCOUNT):   *klc 2016-10-26;
MPRINT(TABCOUNT):   stop;
MPRINT(TABCOUNT):   end;
MPRINT(TABCOUNT):   else do;
MPRINT(TABCOUNT):   label1 = varlabel(ds,var);
MPRINT(TABCOUNT):   label1 = translate(label1,' ','~');
MPRINT(TABCOUNT):   call symput("_ptclab1",trim(label1));
MPRINT(TABCOUNT):   call symput("_ptcfmt1",varfmt(ds,var));
MPRINT(TABCOUNT):   call symput("catvfmt",varfmt(ds,var));
                                                                    The SAS System

MPRINT(TABCOUNT):   typ = vartype(ds,var);
MPRINT(TABCOUNT):   call symput("type",typ);
MPRINT(TABCOUNT):   end;
MPRINT(TABCOUNT):   run;

INFO: Character variables have defaulted to a length of 200 at the places given by: (Line):(Column). Truncation can result.
      1403:71  TYP
NOTE: DATA statement used (Total process time):
      real time           0.00 seconds
      cpu time            0.00 seconds
      

MPRINT(TABCOUNT):   *-----------------------------------------------------------;
MPRINT(TABCOUNT):   * General routine for count and percent statistics ;
MPRINT(TABCOUNT):   *-----------------------------------------------------------;
MPRINT(TABCOUNT):   *-----------------------------------------------------------;
MPRINT(TABCOUNT):   * Do count and percent once for each requested denominator;
MPRINT(TABCOUNT):   *-----------------------------------------------------------;
MPRINT(TABCOUNT):  ;
MPRINT(COUNTPCT):   proc sort data = analf out = _t1 nodupkey;
MPRINT(COUNTPCT):   by trt01an gr2plus_rel usubjid;
MPRINT(COUNTPCT):   run;

NOTE: There were 200 observations read from the data set WORK.ANALF.
NOTE: SAS sort was used.
NOTE: 0 observations with duplicate key values were deleted.
NOTE: The data set WORK._T1 has 200 observations and 52 variables.
NOTE: PROCEDURE SORT used (Total process time):
      real time           0.00 seconds
      cpu time            0.01 seconds
      

MPRINT(COUNTPCT):   proc summary data=_t1 nway;
MPRINT(COUNTPCT):   by trt01an gr2plus_rel;
MPRINT(COUNTPCT):   format trt01an gr2plus_rel;
MPRINT(COUNTPCT):   output out=_t2;
MPRINT(COUNTPCT):   run;

NOTE: There were 200 observations read from the data set WORK._T1.
NOTE: The data set WORK._T2 has 6 observations and 4 variables.
NOTE: PROCEDURE SUMMARY used (Total process time):
      real time           0.00 seconds
      cpu time            0.00 seconds
      

MPRINT(COUNTPCT):   * proc print data = _t2 (obs=100);
                                                                    The SAS System

MPRINT(COUNTPCT):   * title "tabcount: File _t2 after summary with denominator &countby ";
MPRINT(COUNTPCT):   * run;
MPRINT(COUNTPCT):   proc sort data = analf out = _t1 nodupkey;
MPRINT(COUNTPCT):   by trt01an usubjid;
MPRINT(COUNTPCT):   run;

NOTE: There were 200 observations read from the data set WORK.ANALF.
NOTE: SAS sort was used.
NOTE: 0 observations with duplicate key values were deleted.
NOTE: The data set WORK._T1 has 200 observations and 52 variables.
NOTE: PROCEDURE SORT used (Total process time):
      real time           0.00 seconds
      cpu time            0.00 seconds
      

MPRINT(COUNTPCT):   proc summary data=_t1 nway;
MPRINT(COUNTPCT):   by trt01an;
MPRINT(COUNTPCT):   format trt01an;
MPRINT(COUNTPCT):   output out=_t3;
MPRINT(COUNTPCT):   run;

NOTE: There were 200 observations read from the data set WORK._T1.
NOTE: The data set WORK._T3 has 3 observations and 3 variables.
NOTE: PROCEDURE SUMMARY used (Total process time):
      real time           0.00 seconds
      cpu time            0.01 seconds
      

MPRINT(COUNTPCT):   * proc print data = _t3 (obs=100);
MPRINT(COUNTPCT):   * title "tabcount: File _t3 after summary with denominator &pctby";
MPRINT(COUNTPCT):   * run;
MPRINT(COUNTPCT):   proc sort data = _t2;
MPRINT(COUNTPCT):   by trt01an;
MPRINT(COUNTPCT):   run;

NOTE: There were 6 observations read from the data set WORK._T2.
NOTE: SAS sort was used.
NOTE: The data set WORK._T2 has 6 observations and 4 variables.
NOTE: PROCEDURE SORT used (Total process time):
      real time           0.00 seconds
      cpu time            0.00 seconds
      

MPRINT(COUNTPCT):   data _tabc1;
MPRINT(COUNTPCT):   merge _t2(drop=_type_) _t3 (rename=(_freq_=denom));
MPRINT(COUNTPCT):   by trt01an;
                                                                    The SAS System

MPRINT(COUNTPCT):   **if denom > 0 then &pctvar = 100 * _freq_ / denom;
MPRINT(COUNTPCT):   if denom > 0 and _freq_>0 then pct1 = 100 * _freq_ / denom;
MPRINT(COUNTPCT):   run;

NOTE: There were 6 observations read from the data set WORK._T2.
NOTE: There were 3 observations read from the data set WORK._T3.
NOTE: The data set WORK._TABC1 has 6 observations and 6 variables.
NOTE: DATA statement used (Total process time):
      real time           0.00 seconds
      cpu time            0.00 seconds
      

MPRINT(TABCOUNT):  ;
MPRINT(TABCOUNT):   proc sort data = _tabc1;
MPRINT(TABCOUNT):   by gr2plus_rel trt01an;
MPRINT(TABCOUNT):   run;

NOTE: There were 6 observations read from the data set WORK._TABC1.
NOTE: SAS sort was used.
NOTE: The data set WORK._TABC1 has 6 observations and 6 variables.
NOTE: PROCEDURE SORT used (Total process time):
      real time           0.00 seconds
      cpu time            0.00 seconds
      

MPRINT(TABCOUNT):   data _tabptc3;
MPRINT(TABCOUNT):   set _tabc1;
MPRINT(TABCOUNT):   run;

NOTE: There were 6 observations read from the data set WORK._TABC1.
NOTE: The data set WORK._TABPTC3 has 6 observations and 6 variables.
NOTE: DATA statement used (Total process time):
      real time           0.00 seconds
      cpu time            0.00 seconds
      

MPRINT(TABCOUNT):   * proc print data = _tabc&__I (obs=100);
MPRINT(TABCOUNT):   * title "tabcount: File _tabc&__I after summary ";
MPRINT(TABCOUNT):   * run;
MPRINT(TABCOUNT):   *----------------------------------------------------------------------------;
MPRINT(TABCOUNT):   * Get list of categories specified in the format in variable catvfmt ;
MPRINT(TABCOUNT):   * Flag to indicate if format found in macro variable _gotfmt ;
MPRINT(TABCOUNT):   * Categories in data set _tabptc4 ;
MPRINT(TABCOUNT):   *----------------------------------------------------------------------------;
MPRINT(TABCOUNT):   *---------------------------------------;
MPRINT(TABCOUNT):   * Reformat count and percent ;
                                                                    The SAS System

MPRINT(TABCOUNT):   *---------------------------------------;
MPRINT(TABCOUNT):   data _tabptc3;
MPRINT(TABCOUNT):   set _tabptc3;
MPRINT(TABCOUNT):   length linlabel $250;
MPRINT(TABCOUNT):   length start $200;
MPRINT(TABCOUNT):   start = left(gr2plus_rel);
MPRINT(TABCOUNT):   linlabel=left(gr2plus_rel);
MPRINT(TABCOUNT):   if trim(linlabel) = '.' or linlabel = ' ' then delete;
MPRINT(TABCOUNT):   run;

NOTE: Numeric values have been converted to character values at the places given by: (Line):(Column).
      1403:1   1403:1   
NOTE: There were 6 observations read from the data set WORK._TABPTC3.
NOTE: The data set WORK._TABPTC3 has 3 observations and 8 variables.
NOTE: DATA statement used (Total process time):
      real time           0.00 seconds
      cpu time            0.00 seconds
      

MPRINT(TABCOUNT):   * proc print data = _tabptc3 (obs=100);
MPRINT(TABCOUNT):   * title "tabcount: File _tabptc3 after formatting statistics ";
MPRINT(TABCOUNT):   * run;
MPRINT(TABCOUNT):   *----------------------------------------------------------------------------;
MPRINT(TABCOUNT):   * If all categories are to be shown, get the list of categories from the ;
MPRINT(TABCOUNT):   * variable format and expand the file to include all the defined categories;
MPRINT(TABCOUNT):   *----------------------------------------------------------------------------;
MPRINT(TABCOUNT):   *--------------------------------------------------------------------------;
MPRINT(TABCOUNT):   * postprocess _tabptc3 to modify START variable if sortby = I and the VAR;
MPRINT(TABCOUNT):   * is numeric. This to accomodate cases where the values might be negative;
MPRINT(TABCOUNT):   *--------------------------------------------------------------------------;
MPRINT(TABCOUNT):   *----------------------------------------------------------------------------;
MPRINT(TABCOUNT):   * Transpose the formatted and unformatted statistics ;
MPRINT(TABCOUNT):   *----------------------------------------------------------------------------;
MPRINT(TABCOUNT):   data _tabptc7 (keep = gr2plus_rel start linlabel value1 - value3 statord1 - statord1 pctx1 - pctx3);
MPRINT(TABCOUNT):   set _tabptc3;
MPRINT(TABCOUNT):   by gr2plus_rel start linlabel notsorted;
MPRINT(TABCOUNT):   length value1- value3 $40 statord1 - statord1 $40 pctx1 - pctx3 $10 pctx_n1 - pctx_n3 8 __temp 8;
MPRINT(TABCOUNT):   *kchan07 2016-11-1;
MPRINT(TABCOUNT):   length statval $ 40;
MPRINT(TABCOUNT):   array outval {*} $ value1 - value3;
MPRINT(TABCOUNT):   array outpct {*} $ pctx1 - pctx3;
MPRINT(TABCOUNT):   array __pn {*} pctx_n1 - pctx_n3;
MPRINT(TABCOUNT):   *kchan07 2016-11-1;
MPRINT(TABCOUNT):   retain value1 - value3 totn pctx1 - pctx3;
MPRINT(TABCOUNT):   statord1 = ' ';
MPRINT(TABCOUNT):   if first.linlabel then do;
                                                                    The SAS System

MPRINT(TABCOUNT):   totn = 0;
MPRINT(TABCOUNT):   do i = 1 to 3;
MPRINT(TABCOUNT):   outval{i} = ' ';
MPRINT(TABCOUNT):   outpct{i} = ' ';
MPRINT(TABCOUNT):   end;
MPRINT(TABCOUNT):   end;
MPRINT(TABCOUNT):   statval = ' ';
MPRINT(TABCOUNT):   if _freq_ = . then _freq_ = 0;
MPRINT(TABCOUNT):   statval = put(_freq_, 3. );
MPRINT(TABCOUNT):   len = length(statval);
MPRINT(TABCOUNT):   *if pct&__I = . then do;
MPRINT(TABCOUNT):   ** kdaughtry 07Oct08 - if count=0, then pct=0 **;
MPRINT(TABCOUNT):   *pct&__I = 0;
MPRINT(TABCOUNT):   *percent = 0;
MPRINT(TABCOUNT):   *end;
MPRINT(TABCOUNT):   if 0 < pct1 < 0.1 then do;
MPRINT(TABCOUNT):   statval = substr(statval,1,len) || " ( <0.1%)";
MPRINT(TABCOUNT):   percent = pct1;
MPRINT(TABCOUNT):   end;
MPRINT(TABCOUNT):   else do;
MPRINT(TABCOUNT):   if pct1 ne . then percent = round(pct1,0.1);
MPRINT(TABCOUNT):   if percent>0 then statval = substr(statval,1,len) || " (" || put(percent,5.1) || "%)";
MPRINT(TABCOUNT):   else statval= substr(statval,1,len);
MPRINT(TABCOUNT):   end;
MPRINT(TABCOUNT):   drop len;
MPRINT(TABCOUNT):   *if (totn=.) then totn = _freq_;
MPRINT(TABCOUNT):   *else if (_freq_>.) then totn = totn + _freq_;
MPRINT(TABCOUNT):   totn=sum(totn, _freq_);
MPRINT(TABCOUNT):   *klc 27may2015;
MPRINT(TABCOUNT):   outval{trt01an} = statval;
MPRINT(TABCOUNT):   __pn{trt01an} = percent;
MPRINT(TABCOUNT):   *kchan07 2016-11-1;
MPRINT(TABCOUNT):   outpct{trt01an} = compress(put(percent,best.));
MPRINT(TABCOUNT):   if last.linlabel then do;
MPRINT(TABCOUNT):   if "F" = "F" then statord1 = put(1000000-totn,z7.);
MPRINT(TABCOUNT):   if "F" = "A" then statord1 = ' ';
MPRINT(TABCOUNT):   if "F" = "I" then statord1 = start;
MPRINT(TABCOUNT):   if "F" = "M" then do;
MPRINT(TABCOUNT):   __temp=pctx_n1;
MPRINT(TABCOUNT):   __temp = max(of pctx_n1 - pctx_n2);
MPRINT(TABCOUNT):   statord1=compress(put(__temp,z9.5));
MPRINT(TABCOUNT):   end;
MPRINT(TABCOUNT):   if "F" = "T" then statord1 = put(percent,6.2);
MPRINT(TABCOUNT):   output;
MPRINT(TABCOUNT):   end;
MPRINT(TABCOUNT):   run;
                                                                    The SAS System


NOTE: There were 3 observations read from the data set WORK._TABPTC3.
NOTE: The data set WORK._TABPTC7 has 1 observations and 10 variables.
NOTE: DATA statement used (Total process time):
      real time           0.00 seconds
      cpu time            0.01 seconds
      

MPRINT(TABCOUNT):   * proc print data = _tabptc7 (obs=100);
MPRINT(TABCOUNT):   * title "tabcount: File _tabptc7 after transpose";
MPRINT(TABCOUNT):   * run;
MPRINT(TABCOUNT):   *---------------------------------------;
MPRINT(TABCOUNT):   * CHISQ, CMH, EXACT p-values ;
MPRINT(TABCOUNT):   *---------------------------------------;
MPRINT(TABCOUNT):   *----------------------------------------------------------------------------;
MPRINT(TABCOUNT):   * If overall p-values are requested, generate and add to the dataset ;
MPRINT(TABCOUNT):   *----------------------------------------------------------------------------;
MPRINT(TABCOUNT):   *----------------------------------------------------------------------------;
MPRINT(TABCOUNT):   * If pairwise p-values are requested, generate and add to the dataset ;
MPRINT(TABCOUNT):   *----------------------------------------------------------------------------;
MPRINT(TABCOUNT):   *---------------------------------------;
MPRINT(TABCOUNT):   * Get Patient With Event totals -------;
MPRINT(TABCOUNT):   *---------------------------------------;
MPRINT(TABCOUNT):   *----------------------------------------------------------------------------;
MPRINT(TABCOUNT):   * Final data massage before merging with accumulated statistics ;
MPRINT(TABCOUNT):   *----------------------------------------------------------------------------;
MPRINT(TABCOUNT):   * proc print data = _tabptc7;
MPRINT(TABCOUNT):   * title "tabcount: File _tabptc7 ";
MPRINT(TABCOUNT):   * run;
MPRINT(TABCOUNT):   data _tabptc7;
MPRINT(TABCOUNT):   set _tabptc7;
MPRINT(TABCOUNT):   length statord $40;
MPRINT(TABCOUNT):   statord = ' ';
MPRINT(TABCOUNT):   sortord=6;
MPRINT(TABCOUNT):   type = "PTCT";
MPRINT(TABCOUNT):   level = 1;
MPRINT(TABCOUNT):   array vl {*} value1 - value3;
MPRINT(TABCOUNT):   if trim(start) eq '.' or start = ' ' then delete;
MPRINT(TABCOUNT):   do i = 1 to 3;
MPRINT(TABCOUNT):   if vl{i} = ' ' then do;
MPRINT(TABCOUNT):   vl{i} = put(0, 3. );
MPRINT(TABCOUNT):   len = length(vl{i});
MPRINT(TABCOUNT):   **vl{i} = substr(vl{i},1,len) || " (" || put(0,&pctfmt) || "%)";
MPRINT(TABCOUNT):   vl{i} = substr(vl{i},1,len);
MPRINT(TABCOUNT):   drop len;
MPRINT(TABCOUNT):   end;
                                                                    The SAS System

MPRINT(TABCOUNT):   end;
MPRINT(TABCOUNT):   drop i;
MPRINT(TABCOUNT):   length pvalc1 pvalc2 $10;
MPRINT(TABCOUNT):   pvalc1='';
MPRINT(TABCOUNT):   pvalc2='';
MPRINT(TABCOUNT):   run;

NOTE: There were 1 observations read from the data set WORK._TABPTC7.
NOTE: The data set WORK._TABPTC7 has 1 observations and 16 variables.
NOTE: DATA statement used (Total process time):
      real time           0.00 seconds
      cpu time            0.00 seconds
      

MPRINT(TABCOUNT):   data _tabptc7;
MPRINT(TABCOUNT):   set _tabptc7;
MPRINT(TABCOUNT):   format pvalc1 pvalc2;
MPRINT(TABCOUNT):   run;

NOTE: There were 1 observations read from the data set WORK._TABPTC7.
NOTE: The data set WORK._TABPTC7 has 1 observations and 16 variables.
NOTE: DATA statement used (Total process time):
      real time           0.00 seconds
      cpu time            0.00 seconds
      

MPRINT(TABCOUNT):   data combine;
MPRINT(TABCOUNT):   set combine _tabptc7;
MPRINT(TABCOUNT):   length label1 $ 250;
MPRINT(TABCOUNT):   if sortord = 6 then do;
MPRINT(TABCOUNT):   if 1 = 1 then label1 = trim("") || " " || left("");
MPRINT(TABCOUNT):   if 1 > 1 then label1 = left("");
MPRINT(TABCOUNT):   if 1 < 0 then label1 = trim(label1) || ",";
MPRINT(TABCOUNT):   if 1 > 1 then label1 = "And " || left("");
MPRINT(TABCOUNT):   end;
MPRINT(TABCOUNT):   run;

NOTE: There were 5 observations read from the data set WORK.COMBINE.
NOTE: There were 1 observations read from the data set WORK._TABPTC7.
NOTE: The data set WORK.COMBINE has 6 observations and 24 variables.
NOTE: DATA statement used (Total process time):
      real time           0.00 seconds
      cpu time            0.00 seconds
      

MPRINT(TABCOUNT):   *----------------------------------------------------------------------------;
                                                                    The SAS System

MPRINT(TABCOUNT):   * Cleanup ;
MPRINT(TABCOUNT):   *----------------------------------------------------------------------------;
MPRINT(TABCOUNT):   proc datasets library = work nolist;
MPRINT(TABCOUNT):   *delete _tabptc1 _tabptc2 _tabptc3 _tabptc4 _tabptc5 _tabptc6 _tabptc7 _tabptc8 _tabptc9;
MPRINT(TABCOUNT):   delete _tabptc: ;
MPRINT(TABCOUNT):   *2016-11-29 kchan07;
MPRINT(TABCOUNT):   quit;

NOTE: Deleting WORK._TABPTC3 (memtype=DATA).
NOTE: Deleting WORK._TABPTC7 (memtype=DATA).
NOTE: PROCEDURE DATASETS used (Total process time):
      real time           0.00 seconds
      cpu time            0.00 seconds
      

MPRINT(MAIN):  ;
MPRINT(TABCOUNT):   *** this logic moved to tabdesc ***;
MPRINT(TABCOUNT):  ;
MPRINT(TABCOUNT):   ** if one of subsetting vars (&_spercent, &_sdpvar, &_stpvar, &_spctvar, &_sopvar) **;
MPRINT(TABCOUNT):   ** is specified, then &denom cannot be specified **;
MPRINT(TABCOUNT):  ;
MPRINT(TABCOUNT):   *----------------------------------------------------------------------------;
MPRINT(TABCOUNT):   * Get variable attributes (type, label, format) ;
MPRINT(TABCOUNT):   * Cancel run if variable .does not. exist ;
MPRINT(TABCOUNT):   *----------------------------------------------------------------------------;
MPRINT(TABCOUNT):   data _null_;
MPRINT(TABCOUNT):   length label1 $250;
MPRINT(TABCOUNT):   ds = open("analf","i");
MPRINT(TABCOUNT):   var = varnum(ds , "sae");
MPRINT(TABCOUNT):   if not(var) then do;
MPRINT(TABCOUNT):   call symput("_errcode","F");
MPRINT(TABCOUNT):   call symput("_errmsg","Patient count analysis variable sae "|| '.does not.'||' exist - cancelling run' );
MPRINT(TABCOUNT):   *klc 2016-10-26;
MPRINT(TABCOUNT):   stop;
MPRINT(TABCOUNT):   end;
MPRINT(TABCOUNT):   else do;
MPRINT(TABCOUNT):   label1 = varlabel(ds,var);
MPRINT(TABCOUNT):   label1 = translate(label1,' ','~');
MPRINT(TABCOUNT):   call symput("_ptclab1",trim(label1));
MPRINT(TABCOUNT):   call symput("_ptcfmt1",varfmt(ds,var));
MPRINT(TABCOUNT):   call symput("catvfmt",varfmt(ds,var));
MPRINT(TABCOUNT):   typ = vartype(ds,var);
MPRINT(TABCOUNT):   call symput("type",typ);
MPRINT(TABCOUNT):   end;
MPRINT(TABCOUNT):   run;

                                                                    The SAS System

INFO: Character variables have defaulted to a length of 200 at the places given by: (Line):(Column). Truncation can result.
      1403:71  TYP
NOTE: DATA statement used (Total process time):
      real time           0.00 seconds
      cpu time            0.00 seconds
      

MPRINT(TABCOUNT):   *-----------------------------------------------------------;
MPRINT(TABCOUNT):   * General routine for count and percent statistics ;
MPRINT(TABCOUNT):   *-----------------------------------------------------------;
MPRINT(TABCOUNT):   *-----------------------------------------------------------;
MPRINT(TABCOUNT):   * Do count and percent once for each requested denominator;
MPRINT(TABCOUNT):   *-----------------------------------------------------------;
MPRINT(TABCOUNT):  ;
MPRINT(COUNTPCT):   proc sort data = analf out = _t1 nodupkey;
MPRINT(COUNTPCT):   by trt01an sae usubjid;
MPRINT(COUNTPCT):   run;

NOTE: There were 200 observations read from the data set WORK.ANALF.
NOTE: SAS sort was used.
NOTE: 0 observations with duplicate key values were deleted.
NOTE: The data set WORK._T1 has 200 observations and 52 variables.
NOTE: PROCEDURE SORT used (Total process time):
      real time           0.00 seconds
      cpu time            0.01 seconds
      

MPRINT(COUNTPCT):   proc summary data=_t1 nway;
MPRINT(COUNTPCT):   by trt01an sae;
MPRINT(COUNTPCT):   format trt01an sae;
MPRINT(COUNTPCT):   output out=_t2;
MPRINT(COUNTPCT):   run;

NOTE: There were 200 observations read from the data set WORK._T1.
NOTE: The data set WORK._T2 has 6 observations and 4 variables.
NOTE: PROCEDURE SUMMARY used (Total process time):
      real time           0.00 seconds
      cpu time            0.00 seconds
      

MPRINT(COUNTPCT):   * proc print data = _t2 (obs=100);
MPRINT(COUNTPCT):   * title "tabcount: File _t2 after summary with denominator &countby ";
MPRINT(COUNTPCT):   * run;
MPRINT(COUNTPCT):   proc sort data = analf out = _t1 nodupkey;
MPRINT(COUNTPCT):   by trt01an usubjid;
MPRINT(COUNTPCT):   run;
                                                                    The SAS System


NOTE: There were 200 observations read from the data set WORK.ANALF.
NOTE: SAS sort was used.
NOTE: 0 observations with duplicate key values were deleted.
NOTE: The data set WORK._T1 has 200 observations and 52 variables.
NOTE: PROCEDURE SORT used (Total process time):
      real time           0.00 seconds
      cpu time            0.00 seconds
      

MPRINT(COUNTPCT):   proc summary data=_t1 nway;
MPRINT(COUNTPCT):   by trt01an;
MPRINT(COUNTPCT):   format trt01an;
MPRINT(COUNTPCT):   output out=_t3;
MPRINT(COUNTPCT):   run;

NOTE: There were 200 observations read from the data set WORK._T1.
NOTE: The data set WORK._T3 has 3 observations and 3 variables.
NOTE: PROCEDURE SUMMARY used (Total process time):
      real time           0.00 seconds
      cpu time            0.00 seconds
      

MPRINT(COUNTPCT):   * proc print data = _t3 (obs=100);
MPRINT(COUNTPCT):   * title "tabcount: File _t3 after summary with denominator &pctby";
MPRINT(COUNTPCT):   * run;
MPRINT(COUNTPCT):   proc sort data = _t2;
MPRINT(COUNTPCT):   by trt01an;
MPRINT(COUNTPCT):   run;

NOTE: There were 6 observations read from the data set WORK._T2.
NOTE: SAS sort was used.
NOTE: The data set WORK._T2 has 6 observations and 4 variables.
NOTE: PROCEDURE SORT used (Total process time):
      real time           0.00 seconds
      cpu time            0.00 seconds
      

MPRINT(COUNTPCT):   data _tabc1;
MPRINT(COUNTPCT):   merge _t2(drop=_type_) _t3 (rename=(_freq_=denom));
MPRINT(COUNTPCT):   by trt01an;
MPRINT(COUNTPCT):   **if denom > 0 then &pctvar = 100 * _freq_ / denom;
MPRINT(COUNTPCT):   if denom > 0 and _freq_>0 then pct1 = 100 * _freq_ / denom;
MPRINT(COUNTPCT):   run;

NOTE: There were 6 observations read from the data set WORK._T2.
                                                                    The SAS System

NOTE: There were 3 observations read from the data set WORK._T3.
NOTE: The data set WORK._TABC1 has 6 observations and 6 variables.
NOTE: DATA statement used (Total process time):
      real time           0.00 seconds
      cpu time            0.00 seconds
      

MPRINT(TABCOUNT):  ;
MPRINT(TABCOUNT):   proc sort data = _tabc1;
MPRINT(TABCOUNT):   by sae trt01an;
MPRINT(TABCOUNT):   run;

NOTE: There were 6 observations read from the data set WORK._TABC1.
NOTE: SAS sort was used.
NOTE: The data set WORK._TABC1 has 6 observations and 6 variables.
NOTE: PROCEDURE SORT used (Total process time):
      real time           0.00 seconds
      cpu time            0.00 seconds
      

MPRINT(TABCOUNT):   data _tabptc3;
MPRINT(TABCOUNT):   set _tabc1;
MPRINT(TABCOUNT):   run;

NOTE: There were 6 observations read from the data set WORK._TABC1.
NOTE: The data set WORK._TABPTC3 has 6 observations and 6 variables.
NOTE: DATA statement used (Total process time):
      real time           0.00 seconds
      cpu time            0.01 seconds
      

MPRINT(TABCOUNT):   * proc print data = _tabc&__I (obs=100);
MPRINT(TABCOUNT):   * title "tabcount: File _tabc&__I after summary ";
MPRINT(TABCOUNT):   * run;
MPRINT(TABCOUNT):   *----------------------------------------------------------------------------;
MPRINT(TABCOUNT):   * Get list of categories specified in the format in variable catvfmt ;
MPRINT(TABCOUNT):   * Flag to indicate if format found in macro variable _gotfmt ;
MPRINT(TABCOUNT):   * Categories in data set _tabptc4 ;
MPRINT(TABCOUNT):   *----------------------------------------------------------------------------;
MPRINT(TABCOUNT):   *---------------------------------------;
MPRINT(TABCOUNT):   * Reformat count and percent ;
MPRINT(TABCOUNT):   *---------------------------------------;
MPRINT(TABCOUNT):   data _tabptc3;
MPRINT(TABCOUNT):   set _tabptc3;
MPRINT(TABCOUNT):   length linlabel $250;
MPRINT(TABCOUNT):   length start $200;
                                                                    The SAS System

MPRINT(TABCOUNT):   start = left(sae);
MPRINT(TABCOUNT):   linlabel=left(sae);
MPRINT(TABCOUNT):   if trim(linlabel) = '.' or linlabel = ' ' then delete;
MPRINT(TABCOUNT):   run;

NOTE: Numeric values have been converted to character values at the places given by: (Line):(Column).
      1403:1   1403:1   
NOTE: There were 6 observations read from the data set WORK._TABPTC3.
NOTE: The data set WORK._TABPTC3 has 3 observations and 8 variables.
NOTE: DATA statement used (Total process time):
      real time           0.00 seconds
      cpu time            0.00 seconds
      

MPRINT(TABCOUNT):   * proc print data = _tabptc3 (obs=100);
MPRINT(TABCOUNT):   * title "tabcount: File _tabptc3 after formatting statistics ";
MPRINT(TABCOUNT):   * run;
MPRINT(TABCOUNT):   *----------------------------------------------------------------------------;
MPRINT(TABCOUNT):   * If all categories are to be shown, get the list of categories from the ;
MPRINT(TABCOUNT):   * variable format and expand the file to include all the defined categories;
MPRINT(TABCOUNT):   *----------------------------------------------------------------------------;
MPRINT(TABCOUNT):   *--------------------------------------------------------------------------;
MPRINT(TABCOUNT):   * postprocess _tabptc3 to modify START variable if sortby = I and the VAR;
MPRINT(TABCOUNT):   * is numeric. This to accomodate cases where the values might be negative;
MPRINT(TABCOUNT):   *--------------------------------------------------------------------------;
MPRINT(TABCOUNT):   *----------------------------------------------------------------------------;
MPRINT(TABCOUNT):   * Transpose the formatted and unformatted statistics ;
MPRINT(TABCOUNT):   *----------------------------------------------------------------------------;
MPRINT(TABCOUNT):   data _tabptc7 (keep = sae start linlabel value1 - value3 statord1 - statord1 pctx1 - pctx3);
MPRINT(TABCOUNT):   set _tabptc3;
MPRINT(TABCOUNT):   by sae start linlabel notsorted;
MPRINT(TABCOUNT):   length value1- value3 $40 statord1 - statord1 $40 pctx1 - pctx3 $10 pctx_n1 - pctx_n3 8 __temp 8;
MPRINT(TABCOUNT):   *kchan07 2016-11-1;
MPRINT(TABCOUNT):   length statval $ 40;
MPRINT(TABCOUNT):   array outval {*} $ value1 - value3;
MPRINT(TABCOUNT):   array outpct {*} $ pctx1 - pctx3;
MPRINT(TABCOUNT):   array __pn {*} pctx_n1 - pctx_n3;
MPRINT(TABCOUNT):   *kchan07 2016-11-1;
MPRINT(TABCOUNT):   retain value1 - value3 totn pctx1 - pctx3;
MPRINT(TABCOUNT):   statord1 = ' ';
MPRINT(TABCOUNT):   if first.linlabel then do;
MPRINT(TABCOUNT):   totn = 0;
MPRINT(TABCOUNT):   do i = 1 to 3;
MPRINT(TABCOUNT):   outval{i} = ' ';
MPRINT(TABCOUNT):   outpct{i} = ' ';
MPRINT(TABCOUNT):   end;
                                                                    The SAS System

MPRINT(TABCOUNT):   end;
MPRINT(TABCOUNT):   statval = ' ';
MPRINT(TABCOUNT):   if _freq_ = . then _freq_ = 0;
MPRINT(TABCOUNT):   statval = put(_freq_, 3. );
MPRINT(TABCOUNT):   len = length(statval);
MPRINT(TABCOUNT):   *if pct&__I = . then do;
MPRINT(TABCOUNT):   ** kdaughtry 07Oct08 - if count=0, then pct=0 **;
MPRINT(TABCOUNT):   *pct&__I = 0;
MPRINT(TABCOUNT):   *percent = 0;
MPRINT(TABCOUNT):   *end;
MPRINT(TABCOUNT):   if 0 < pct1 < 0.1 then do;
MPRINT(TABCOUNT):   statval = substr(statval,1,len) || " ( <0.1%)";
MPRINT(TABCOUNT):   percent = pct1;
MPRINT(TABCOUNT):   end;
MPRINT(TABCOUNT):   else do;
MPRINT(TABCOUNT):   if pct1 ne . then percent = round(pct1,0.1);
MPRINT(TABCOUNT):   if percent>0 then statval = substr(statval,1,len) || " (" || put(percent,5.1) || "%)";
MPRINT(TABCOUNT):   else statval= substr(statval,1,len);
MPRINT(TABCOUNT):   end;
MPRINT(TABCOUNT):   drop len;
MPRINT(TABCOUNT):   *if (totn=.) then totn = _freq_;
MPRINT(TABCOUNT):   *else if (_freq_>.) then totn = totn + _freq_;
MPRINT(TABCOUNT):   totn=sum(totn, _freq_);
MPRINT(TABCOUNT):   *klc 27may2015;
MPRINT(TABCOUNT):   outval{trt01an} = statval;
MPRINT(TABCOUNT):   __pn{trt01an} = percent;
MPRINT(TABCOUNT):   *kchan07 2016-11-1;
MPRINT(TABCOUNT):   outpct{trt01an} = compress(put(percent,best.));
MPRINT(TABCOUNT):   if last.linlabel then do;
MPRINT(TABCOUNT):   if "F" = "F" then statord1 = put(1000000-totn,z7.);
MPRINT(TABCOUNT):   if "F" = "A" then statord1 = ' ';
MPRINT(TABCOUNT):   if "F" = "I" then statord1 = start;
MPRINT(TABCOUNT):   if "F" = "M" then do;
MPRINT(TABCOUNT):   __temp=pctx_n1;
MPRINT(TABCOUNT):   __temp = max(of pctx_n1 - pctx_n2);
MPRINT(TABCOUNT):   statord1=compress(put(__temp,z9.5));
MPRINT(TABCOUNT):   end;
MPRINT(TABCOUNT):   if "F" = "T" then statord1 = put(percent,6.2);
MPRINT(TABCOUNT):   output;
MPRINT(TABCOUNT):   end;
MPRINT(TABCOUNT):   run;

NOTE: There were 3 observations read from the data set WORK._TABPTC3.
NOTE: The data set WORK._TABPTC7 has 1 observations and 10 variables.
NOTE: DATA statement used (Total process time):
      real time           0.00 seconds
                                                                    The SAS System

      cpu time            0.00 seconds
      

MPRINT(TABCOUNT):   * proc print data = _tabptc7 (obs=100);
MPRINT(TABCOUNT):   * title "tabcount: File _tabptc7 after transpose";
MPRINT(TABCOUNT):   * run;
MPRINT(TABCOUNT):   *---------------------------------------;
MPRINT(TABCOUNT):   * CHISQ, CMH, EXACT p-values ;
MPRINT(TABCOUNT):   *---------------------------------------;
MPRINT(TABCOUNT):   *----------------------------------------------------------------------------;
MPRINT(TABCOUNT):   * If overall p-values are requested, generate and add to the dataset ;
MPRINT(TABCOUNT):   *----------------------------------------------------------------------------;
MPRINT(TABCOUNT):   *----------------------------------------------------------------------------;
MPRINT(TABCOUNT):   * If pairwise p-values are requested, generate and add to the dataset ;
MPRINT(TABCOUNT):   *----------------------------------------------------------------------------;
MPRINT(TABCOUNT):   *---------------------------------------;
MPRINT(TABCOUNT):   * Get Patient With Event totals -------;
MPRINT(TABCOUNT):   *---------------------------------------;
MPRINT(TABCOUNT):   *----------------------------------------------------------------------------;
MPRINT(TABCOUNT):   * Final data massage before merging with accumulated statistics ;
MPRINT(TABCOUNT):   *----------------------------------------------------------------------------;
MPRINT(TABCOUNT):   * proc print data = _tabptc7;
MPRINT(TABCOUNT):   * title "tabcount: File _tabptc7 ";
MPRINT(TABCOUNT):   * run;
MPRINT(TABCOUNT):   data _tabptc7;
MPRINT(TABCOUNT):   set _tabptc7;
MPRINT(TABCOUNT):   length statord $40;
MPRINT(TABCOUNT):   statord = ' ';
MPRINT(TABCOUNT):   sortord=7;
MPRINT(TABCOUNT):   type = "PTCT";
MPRINT(TABCOUNT):   level = 1;
MPRINT(TABCOUNT):   array vl {*} value1 - value3;
MPRINT(TABCOUNT):   if trim(start) eq '.' or start = ' ' then delete;
MPRINT(TABCOUNT):   do i = 1 to 3;
MPRINT(TABCOUNT):   if vl{i} = ' ' then do;
MPRINT(TABCOUNT):   vl{i} = put(0, 3. );
MPRINT(TABCOUNT):   len = length(vl{i});
MPRINT(TABCOUNT):   **vl{i} = substr(vl{i},1,len) || " (" || put(0,&pctfmt) || "%)";
MPRINT(TABCOUNT):   vl{i} = substr(vl{i},1,len);
MPRINT(TABCOUNT):   drop len;
MPRINT(TABCOUNT):   end;
MPRINT(TABCOUNT):   end;
MPRINT(TABCOUNT):   drop i;
MPRINT(TABCOUNT):   length pvalc1 pvalc2 $10;
MPRINT(TABCOUNT):   pvalc1='';
MPRINT(TABCOUNT):   pvalc2='';
                                                                    The SAS System

MPRINT(TABCOUNT):   run;

NOTE: There were 1 observations read from the data set WORK._TABPTC7.
NOTE: The data set WORK._TABPTC7 has 1 observations and 16 variables.
NOTE: DATA statement used (Total process time):
      real time           0.00 seconds
      cpu time            0.00 seconds
      

MPRINT(TABCOUNT):   data _tabptc7;
MPRINT(TABCOUNT):   set _tabptc7;
MPRINT(TABCOUNT):   format pvalc1 pvalc2;
MPRINT(TABCOUNT):   run;

NOTE: There were 1 observations read from the data set WORK._TABPTC7.
NOTE: The data set WORK._TABPTC7 has 1 observations and 16 variables.
NOTE: DATA statement used (Total process time):
      real time           0.00 seconds
      cpu time            0.00 seconds
      

MPRINT(TABCOUNT):   data combine;
MPRINT(TABCOUNT):   set combine _tabptc7;
MPRINT(TABCOUNT):   length label1 $ 250;
MPRINT(TABCOUNT):   if sortord = 7 then do;
MPRINT(TABCOUNT):   if 1 = 1 then label1 = trim("") || " " || left("");
MPRINT(TABCOUNT):   if 1 > 1 then label1 = left("");
MPRINT(TABCOUNT):   if 1 < 0 then label1 = trim(label1) || ",";
MPRINT(TABCOUNT):   if 1 > 1 then label1 = "And " || left("");
MPRINT(TABCOUNT):   end;
MPRINT(TABCOUNT):   run;

NOTE: There were 6 observations read from the data set WORK.COMBINE.
NOTE: There were 1 observations read from the data set WORK._TABPTC7.
NOTE: The data set WORK.COMBINE has 7 observations and 25 variables.
NOTE: DATA statement used (Total process time):
      real time           0.00 seconds
      cpu time            0.01 seconds
      

MPRINT(TABCOUNT):   *----------------------------------------------------------------------------;
MPRINT(TABCOUNT):   * Cleanup ;
MPRINT(TABCOUNT):   *----------------------------------------------------------------------------;
MPRINT(TABCOUNT):   proc datasets library = work nolist;
MPRINT(TABCOUNT):   *delete _tabptc1 _tabptc2 _tabptc3 _tabptc4 _tabptc5 _tabptc6 _tabptc7 _tabptc8 _tabptc9;
MPRINT(TABCOUNT):   delete _tabptc: ;
                                                                    The SAS System

MPRINT(TABCOUNT):   *2016-11-29 kchan07;
MPRINT(TABCOUNT):   quit;

NOTE: Deleting WORK._TABPTC3 (memtype=DATA).
NOTE: Deleting WORK._TABPTC7 (memtype=DATA).
NOTE: PROCEDURE DATASETS used (Total process time):
      real time           0.00 seconds
      cpu time            0.00 seconds
      

MPRINT(MAIN):  ;
MPRINT(TABCOUNT):   *** this logic moved to tabdesc ***;
MPRINT(TABCOUNT):  ;
MPRINT(TABCOUNT):   ** if one of subsetting vars (&_spercent, &_sdpvar, &_stpvar, &_spctvar, &_sopvar) **;
MPRINT(TABCOUNT):   ** is specified, then &denom cannot be specified **;
MPRINT(TABCOUNT):  ;
MPRINT(TABCOUNT):   *----------------------------------------------------------------------------;
MPRINT(TABCOUNT):   * Get variable attributes (type, label, format) ;
MPRINT(TABCOUNT):   * Cancel run if variable .does not. exist ;
MPRINT(TABCOUNT):   *----------------------------------------------------------------------------;
MPRINT(TABCOUNT):   data _null_;
MPRINT(TABCOUNT):   length label1 $250;
MPRINT(TABCOUNT):   ds = open("analf","i");
MPRINT(TABCOUNT):   var = varnum(ds , "sae_rel");
MPRINT(TABCOUNT):   if not(var) then do;
MPRINT(TABCOUNT):   call symput("_errcode","F");
MPRINT(TABCOUNT):   call symput("_errmsg","Patient count analysis variable sae_rel "|| '.does not.'||' exist - cancelling run' );
MPRINT(TABCOUNT):   *klc 2016-10-26;
MPRINT(TABCOUNT):   stop;
MPRINT(TABCOUNT):   end;
MPRINT(TABCOUNT):   else do;
MPRINT(TABCOUNT):   label1 = varlabel(ds,var);
MPRINT(TABCOUNT):   label1 = translate(label1,' ','~');
MPRINT(TABCOUNT):   call symput("_ptclab1",trim(label1));
MPRINT(TABCOUNT):   call symput("_ptcfmt1",varfmt(ds,var));
MPRINT(TABCOUNT):   call symput("catvfmt",varfmt(ds,var));
MPRINT(TABCOUNT):   typ = vartype(ds,var);
MPRINT(TABCOUNT):   call symput("type",typ);
MPRINT(TABCOUNT):   end;
MPRINT(TABCOUNT):   run;

INFO: Character variables have defaulted to a length of 200 at the places given by: (Line):(Column). Truncation can result.
      1403:71  TYP
NOTE: DATA statement used (Total process time):
      real time           0.00 seconds
      cpu time            0.01 seconds
                                                                    The SAS System

      

MPRINT(TABCOUNT):   *-----------------------------------------------------------;
MPRINT(TABCOUNT):   * General routine for count and percent statistics ;
MPRINT(TABCOUNT):   *-----------------------------------------------------------;
MPRINT(TABCOUNT):   *-----------------------------------------------------------;
MPRINT(TABCOUNT):   * Do count and percent once for each requested denominator;
MPRINT(TABCOUNT):   *-----------------------------------------------------------;
MPRINT(TABCOUNT):  ;
MPRINT(COUNTPCT):   proc sort data = analf out = _t1 nodupkey;
MPRINT(COUNTPCT):   by trt01an sae_rel usubjid;
MPRINT(COUNTPCT):   run;

NOTE: There were 200 observations read from the data set WORK.ANALF.
NOTE: SAS sort was used.
NOTE: 0 observations with duplicate key values were deleted.
NOTE: The data set WORK._T1 has 200 observations and 52 variables.
NOTE: PROCEDURE SORT used (Total process time):
      real time           0.00 seconds
      cpu time            0.00 seconds
      

MPRINT(COUNTPCT):   proc summary data=_t1 nway;
MPRINT(COUNTPCT):   by trt01an sae_rel;
MPRINT(COUNTPCT):   format trt01an sae_rel;
MPRINT(COUNTPCT):   output out=_t2;
MPRINT(COUNTPCT):   run;

NOTE: There were 200 observations read from the data set WORK._T1.
NOTE: The data set WORK._T2 has 6 observations and 4 variables.
NOTE: PROCEDURE SUMMARY used (Total process time):
      real time           0.00 seconds
      cpu time            0.00 seconds
      

MPRINT(COUNTPCT):   * proc print data = _t2 (obs=100);
MPRINT(COUNTPCT):   * title "tabcount: File _t2 after summary with denominator &countby ";
MPRINT(COUNTPCT):   * run;
MPRINT(COUNTPCT):   proc sort data = analf out = _t1 nodupkey;
MPRINT(COUNTPCT):   by trt01an usubjid;
MPRINT(COUNTPCT):   run;

NOTE: There were 200 observations read from the data set WORK.ANALF.
NOTE: SAS sort was used.
NOTE: 0 observations with duplicate key values were deleted.
NOTE: The data set WORK._T1 has 200 observations and 52 variables.
                                                                    The SAS System

NOTE: PROCEDURE SORT used (Total process time):
      real time           0.00 seconds
      cpu time            0.00 seconds
      

MPRINT(COUNTPCT):   proc summary data=_t1 nway;
MPRINT(COUNTPCT):   by trt01an;
MPRINT(COUNTPCT):   format trt01an;
MPRINT(COUNTPCT):   output out=_t3;
MPRINT(COUNTPCT):   run;

NOTE: There were 200 observations read from the data set WORK._T1.
NOTE: The data set WORK._T3 has 3 observations and 3 variables.
NOTE: PROCEDURE SUMMARY used (Total process time):
      real time           0.00 seconds
      cpu time            0.00 seconds
      

MPRINT(COUNTPCT):   * proc print data = _t3 (obs=100);
MPRINT(COUNTPCT):   * title "tabcount: File _t3 after summary with denominator &pctby";
MPRINT(COUNTPCT):   * run;
MPRINT(COUNTPCT):   proc sort data = _t2;
MPRINT(COUNTPCT):   by trt01an;
MPRINT(COUNTPCT):   run;

NOTE: There were 6 observations read from the data set WORK._T2.
NOTE: SAS sort was used.
NOTE: The data set WORK._T2 has 6 observations and 4 variables.
NOTE: PROCEDURE SORT used (Total process time):
      real time           0.00 seconds
      cpu time            0.01 seconds
      

MPRINT(COUNTPCT):   data _tabc1;
MPRINT(COUNTPCT):   merge _t2(drop=_type_) _t3 (rename=(_freq_=denom));
MPRINT(COUNTPCT):   by trt01an;
MPRINT(COUNTPCT):   **if denom > 0 then &pctvar = 100 * _freq_ / denom;
MPRINT(COUNTPCT):   if denom > 0 and _freq_>0 then pct1 = 100 * _freq_ / denom;
MPRINT(COUNTPCT):   run;

NOTE: There were 6 observations read from the data set WORK._T2.
NOTE: There were 3 observations read from the data set WORK._T3.
NOTE: The data set WORK._TABC1 has 6 observations and 6 variables.
NOTE: DATA statement used (Total process time):
      real time           0.00 seconds
      cpu time            0.00 seconds
                                                                    The SAS System

      

MPRINT(TABCOUNT):  ;
MPRINT(TABCOUNT):   proc sort data = _tabc1;
MPRINT(TABCOUNT):   by sae_rel trt01an;
MPRINT(TABCOUNT):   run;

NOTE: There were 6 observations read from the data set WORK._TABC1.
NOTE: SAS sort was used.
NOTE: The data set WORK._TABC1 has 6 observations and 6 variables.
NOTE: PROCEDURE SORT used (Total process time):
      real time           0.00 seconds
      cpu time            0.00 seconds
      

MPRINT(TABCOUNT):   data _tabptc3;
MPRINT(TABCOUNT):   set _tabc1;
MPRINT(TABCOUNT):   run;

NOTE: There were 6 observations read from the data set WORK._TABC1.
NOTE: The data set WORK._TABPTC3 has 6 observations and 6 variables.
NOTE: DATA statement used (Total process time):
      real time           0.00 seconds
      cpu time            0.00 seconds
      

MPRINT(TABCOUNT):   * proc print data = _tabc&__I (obs=100);
MPRINT(TABCOUNT):   * title "tabcount: File _tabc&__I after summary ";
MPRINT(TABCOUNT):   * run;
MPRINT(TABCOUNT):   *----------------------------------------------------------------------------;
MPRINT(TABCOUNT):   * Get list of categories specified in the format in variable catvfmt ;
MPRINT(TABCOUNT):   * Flag to indicate if format found in macro variable _gotfmt ;
MPRINT(TABCOUNT):   * Categories in data set _tabptc4 ;
MPRINT(TABCOUNT):   *----------------------------------------------------------------------------;
MPRINT(TABCOUNT):   *---------------------------------------;
MPRINT(TABCOUNT):   * Reformat count and percent ;
MPRINT(TABCOUNT):   *---------------------------------------;
MPRINT(TABCOUNT):   data _tabptc3;
MPRINT(TABCOUNT):   set _tabptc3;
MPRINT(TABCOUNT):   length linlabel $250;
MPRINT(TABCOUNT):   length start $200;
MPRINT(TABCOUNT):   start = left(sae_rel);
MPRINT(TABCOUNT):   linlabel=left(sae_rel);
MPRINT(TABCOUNT):   if trim(linlabel) = '.' or linlabel = ' ' then delete;
MPRINT(TABCOUNT):   run;

                                                                    The SAS System

NOTE: Numeric values have been converted to character values at the places given by: (Line):(Column).
      1403:1   1403:1   
NOTE: There were 6 observations read from the data set WORK._TABPTC3.
NOTE: The data set WORK._TABPTC3 has 3 observations and 8 variables.
NOTE: DATA statement used (Total process time):
      real time           0.00 seconds
      cpu time            0.00 seconds
      

MPRINT(TABCOUNT):   * proc print data = _tabptc3 (obs=100);
MPRINT(TABCOUNT):   * title "tabcount: File _tabptc3 after formatting statistics ";
MPRINT(TABCOUNT):   * run;
MPRINT(TABCOUNT):   *----------------------------------------------------------------------------;
MPRINT(TABCOUNT):   * If all categories are to be shown, get the list of categories from the ;
MPRINT(TABCOUNT):   * variable format and expand the file to include all the defined categories;
MPRINT(TABCOUNT):   *----------------------------------------------------------------------------;
MPRINT(TABCOUNT):   *--------------------------------------------------------------------------;
MPRINT(TABCOUNT):   * postprocess _tabptc3 to modify START variable if sortby = I and the VAR;
MPRINT(TABCOUNT):   * is numeric. This to accomodate cases where the values might be negative;
MPRINT(TABCOUNT):   *--------------------------------------------------------------------------;
MPRINT(TABCOUNT):   *----------------------------------------------------------------------------;
MPRINT(TABCOUNT):   * Transpose the formatted and unformatted statistics ;
MPRINT(TABCOUNT):   *----------------------------------------------------------------------------;
MPRINT(TABCOUNT):   data _tabptc7 (keep = sae_rel start linlabel value1 - value3 statord1 - statord1 pctx1 - pctx3);
MPRINT(TABCOUNT):   set _tabptc3;
MPRINT(TABCOUNT):   by sae_rel start linlabel notsorted;
MPRINT(TABCOUNT):   length value1- value3 $40 statord1 - statord1 $40 pctx1 - pctx3 $10 pctx_n1 - pctx_n3 8 __temp 8;
MPRINT(TABCOUNT):   *kchan07 2016-11-1;
MPRINT(TABCOUNT):   length statval $ 40;
MPRINT(TABCOUNT):   array outval {*} $ value1 - value3;
MPRINT(TABCOUNT):   array outpct {*} $ pctx1 - pctx3;
MPRINT(TABCOUNT):   array __pn {*} pctx_n1 - pctx_n3;
MPRINT(TABCOUNT):   *kchan07 2016-11-1;
MPRINT(TABCOUNT):   retain value1 - value3 totn pctx1 - pctx3;
MPRINT(TABCOUNT):   statord1 = ' ';
MPRINT(TABCOUNT):   if first.linlabel then do;
MPRINT(TABCOUNT):   totn = 0;
MPRINT(TABCOUNT):   do i = 1 to 3;
MPRINT(TABCOUNT):   outval{i} = ' ';
MPRINT(TABCOUNT):   outpct{i} = ' ';
MPRINT(TABCOUNT):   end;
MPRINT(TABCOUNT):   end;
MPRINT(TABCOUNT):   statval = ' ';
MPRINT(TABCOUNT):   if _freq_ = . then _freq_ = 0;
MPRINT(TABCOUNT):   statval = put(_freq_, 3. );
MPRINT(TABCOUNT):   len = length(statval);
                                                                    The SAS System

MPRINT(TABCOUNT):   *if pct&__I = . then do;
MPRINT(TABCOUNT):   ** kdaughtry 07Oct08 - if count=0, then pct=0 **;
MPRINT(TABCOUNT):   *pct&__I = 0;
MPRINT(TABCOUNT):   *percent = 0;
MPRINT(TABCOUNT):   *end;
MPRINT(TABCOUNT):   if 0 < pct1 < 0.1 then do;
MPRINT(TABCOUNT):   statval = substr(statval,1,len) || " ( <0.1%)";
MPRINT(TABCOUNT):   percent = pct1;
MPRINT(TABCOUNT):   end;
MPRINT(TABCOUNT):   else do;
MPRINT(TABCOUNT):   if pct1 ne . then percent = round(pct1,0.1);
MPRINT(TABCOUNT):   if percent>0 then statval = substr(statval,1,len) || " (" || put(percent,5.1) || "%)";
MPRINT(TABCOUNT):   else statval= substr(statval,1,len);
MPRINT(TABCOUNT):   end;
MPRINT(TABCOUNT):   drop len;
MPRINT(TABCOUNT):   *if (totn=.) then totn = _freq_;
MPRINT(TABCOUNT):   *else if (_freq_>.) then totn = totn + _freq_;
MPRINT(TABCOUNT):   totn=sum(totn, _freq_);
MPRINT(TABCOUNT):   *klc 27may2015;
MPRINT(TABCOUNT):   outval{trt01an} = statval;
MPRINT(TABCOUNT):   __pn{trt01an} = percent;
MPRINT(TABCOUNT):   *kchan07 2016-11-1;
MPRINT(TABCOUNT):   outpct{trt01an} = compress(put(percent,best.));
MPRINT(TABCOUNT):   if last.linlabel then do;
MPRINT(TABCOUNT):   if "F" = "F" then statord1 = put(1000000-totn,z7.);
MPRINT(TABCOUNT):   if "F" = "A" then statord1 = ' ';
MPRINT(TABCOUNT):   if "F" = "I" then statord1 = start;
MPRINT(TABCOUNT):   if "F" = "M" then do;
MPRINT(TABCOUNT):   __temp=pctx_n1;
MPRINT(TABCOUNT):   __temp = max(of pctx_n1 - pctx_n2);
MPRINT(TABCOUNT):   statord1=compress(put(__temp,z9.5));
MPRINT(TABCOUNT):   end;
MPRINT(TABCOUNT):   if "F" = "T" then statord1 = put(percent,6.2);
MPRINT(TABCOUNT):   output;
MPRINT(TABCOUNT):   end;
MPRINT(TABCOUNT):   run;

NOTE: There were 3 observations read from the data set WORK._TABPTC3.
NOTE: The data set WORK._TABPTC7 has 1 observations and 10 variables.
NOTE: DATA statement used (Total process time):
      real time           0.00 seconds
      cpu time            0.00 seconds
      

MPRINT(TABCOUNT):   * proc print data = _tabptc7 (obs=100);
MPRINT(TABCOUNT):   * title "tabcount: File _tabptc7 after transpose";
                                                                    The SAS System

MPRINT(TABCOUNT):   * run;
MPRINT(TABCOUNT):   *---------------------------------------;
MPRINT(TABCOUNT):   * CHISQ, CMH, EXACT p-values ;
MPRINT(TABCOUNT):   *---------------------------------------;
MPRINT(TABCOUNT):   *----------------------------------------------------------------------------;
MPRINT(TABCOUNT):   * If overall p-values are requested, generate and add to the dataset ;
MPRINT(TABCOUNT):   *----------------------------------------------------------------------------;
MPRINT(TABCOUNT):   *----------------------------------------------------------------------------;
MPRINT(TABCOUNT):   * If pairwise p-values are requested, generate and add to the dataset ;
MPRINT(TABCOUNT):   *----------------------------------------------------------------------------;
MPRINT(TABCOUNT):   *---------------------------------------;
MPRINT(TABCOUNT):   * Get Patient With Event totals -------;
MPRINT(TABCOUNT):   *---------------------------------------;
MPRINT(TABCOUNT):   *----------------------------------------------------------------------------;
MPRINT(TABCOUNT):   * Final data massage before merging with accumulated statistics ;
MPRINT(TABCOUNT):   *----------------------------------------------------------------------------;
MPRINT(TABCOUNT):   * proc print data = _tabptc7;
MPRINT(TABCOUNT):   * title "tabcount: File _tabptc7 ";
MPRINT(TABCOUNT):   * run;
MPRINT(TABCOUNT):   data _tabptc7;
MPRINT(TABCOUNT):   set _tabptc7;
MPRINT(TABCOUNT):   length statord $40;
MPRINT(TABCOUNT):   statord = ' ';
MPRINT(TABCOUNT):   sortord=8;
MPRINT(TABCOUNT):   type = "PTCT";
MPRINT(TABCOUNT):   level = 1;
MPRINT(TABCOUNT):   array vl {*} value1 - value3;
MPRINT(TABCOUNT):   if trim(start) eq '.' or start = ' ' then delete;
MPRINT(TABCOUNT):   do i = 1 to 3;
MPRINT(TABCOUNT):   if vl{i} = ' ' then do;
MPRINT(TABCOUNT):   vl{i} = put(0, 3. );
MPRINT(TABCOUNT):   len = length(vl{i});
MPRINT(TABCOUNT):   **vl{i} = substr(vl{i},1,len) || " (" || put(0,&pctfmt) || "%)";
MPRINT(TABCOUNT):   vl{i} = substr(vl{i},1,len);
MPRINT(TABCOUNT):   drop len;
MPRINT(TABCOUNT):   end;
MPRINT(TABCOUNT):   end;
MPRINT(TABCOUNT):   drop i;
MPRINT(TABCOUNT):   length pvalc1 pvalc2 $10;
MPRINT(TABCOUNT):   pvalc1='';
MPRINT(TABCOUNT):   pvalc2='';
MPRINT(TABCOUNT):   run;

NOTE: There were 1 observations read from the data set WORK._TABPTC7.
NOTE: The data set WORK._TABPTC7 has 1 observations and 16 variables.
NOTE: DATA statement used (Total process time):
                                                                    The SAS System

      real time           0.00 seconds
      cpu time            0.00 seconds
      

MPRINT(TABCOUNT):   data _tabptc7;
MPRINT(TABCOUNT):   set _tabptc7;
MPRINT(TABCOUNT):   format pvalc1 pvalc2;
MPRINT(TABCOUNT):   run;

NOTE: There were 1 observations read from the data set WORK._TABPTC7.
NOTE: The data set WORK._TABPTC7 has 1 observations and 16 variables.
NOTE: DATA statement used (Total process time):
      real time           0.00 seconds
      cpu time            0.00 seconds
      

MPRINT(TABCOUNT):   data combine;
MPRINT(TABCOUNT):   set combine _tabptc7;
MPRINT(TABCOUNT):   length label1 $ 250;
MPRINT(TABCOUNT):   if sortord = 8 then do;
MPRINT(TABCOUNT):   if 1 = 1 then label1 = trim("") || " " || left("");
MPRINT(TABCOUNT):   if 1 > 1 then label1 = left("");
MPRINT(TABCOUNT):   if 1 < 0 then label1 = trim(label1) || ",";
MPRINT(TABCOUNT):   if 1 > 1 then label1 = "And " || left("");
MPRINT(TABCOUNT):   end;
MPRINT(TABCOUNT):   run;

NOTE: There were 7 observations read from the data set WORK.COMBINE.
NOTE: There were 1 observations read from the data set WORK._TABPTC7.
NOTE: The data set WORK.COMBINE has 8 observations and 26 variables.
NOTE: DATA statement used (Total process time):
      real time           0.00 seconds
      cpu time            0.01 seconds
      

MPRINT(TABCOUNT):   *----------------------------------------------------------------------------;
MPRINT(TABCOUNT):   * Cleanup ;
MPRINT(TABCOUNT):   *----------------------------------------------------------------------------;
MPRINT(TABCOUNT):   proc datasets library = work nolist;
MPRINT(TABCOUNT):   *delete _tabptc1 _tabptc2 _tabptc3 _tabptc4 _tabptc5 _tabptc6 _tabptc7 _tabptc8 _tabptc9;
MPRINT(TABCOUNT):   delete _tabptc: ;
MPRINT(TABCOUNT):   *2016-11-29 kchan07;
MPRINT(TABCOUNT):   quit;

NOTE: Deleting WORK._TABPTC3 (memtype=DATA).
NOTE: Deleting WORK._TABPTC7 (memtype=DATA).
                                                                    The SAS System

NOTE: PROCEDURE DATASETS used (Total process time):
      real time           0.00 seconds
      cpu time            0.00 seconds
      

MPRINT(MAIN):  ;
MPRINT(TABCOUNT):   *** this logic moved to tabdesc ***;
MPRINT(TABCOUNT):  ;
MPRINT(TABCOUNT):   ** if one of subsetting vars (&_spercent, &_sdpvar, &_stpvar, &_spctvar, &_sopvar) **;
MPRINT(TABCOUNT):   ** is specified, then &denom cannot be specified **;
MPRINT(TABCOUNT):  ;
MPRINT(TABCOUNT):   *----------------------------------------------------------------------------;
MPRINT(TABCOUNT):   * Get variable attributes (type, label, format) ;
MPRINT(TABCOUNT):   * Cancel run if variable .does not. exist ;
MPRINT(TABCOUNT):   *----------------------------------------------------------------------------;
MPRINT(TABCOUNT):   data _null_;
MPRINT(TABCOUNT):   length label1 $250;
MPRINT(TABCOUNT):   ds = open("analf","i");
MPRINT(TABCOUNT):   var = varnum(ds , "dc_drug");
MPRINT(TABCOUNT):   if not(var) then do;
MPRINT(TABCOUNT):   call symput("_errcode","F");
MPRINT(TABCOUNT):   call symput("_errmsg","Patient count analysis variable dc_drug "|| '.does not.'||' exist - cancelling run' );
MPRINT(TABCOUNT):   *klc 2016-10-26;
MPRINT(TABCOUNT):   stop;
MPRINT(TABCOUNT):   end;
MPRINT(TABCOUNT):   else do;
MPRINT(TABCOUNT):   label1 = varlabel(ds,var);
MPRINT(TABCOUNT):   label1 = translate(label1,' ','~');
MPRINT(TABCOUNT):   call symput("_ptclab1",trim(label1));
MPRINT(TABCOUNT):   call symput("_ptcfmt1",varfmt(ds,var));
MPRINT(TABCOUNT):   call symput("catvfmt",varfmt(ds,var));
MPRINT(TABCOUNT):   typ = vartype(ds,var);
MPRINT(TABCOUNT):   call symput("type",typ);
MPRINT(TABCOUNT):   end;
MPRINT(TABCOUNT):   run;

INFO: Character variables have defaulted to a length of 200 at the places given by: (Line):(Column). Truncation can result.
      1403:71  TYP
NOTE: DATA statement used (Total process time):
      real time           0.00 seconds
      cpu time            0.00 seconds
      

MPRINT(TABCOUNT):   *-----------------------------------------------------------;
MPRINT(TABCOUNT):   * General routine for count and percent statistics ;
MPRINT(TABCOUNT):   *-----------------------------------------------------------;
                                                                    The SAS System

MPRINT(TABCOUNT):   *-----------------------------------------------------------;
MPRINT(TABCOUNT):   * Do count and percent once for each requested denominator;
MPRINT(TABCOUNT):   *-----------------------------------------------------------;
MPRINT(TABCOUNT):  ;
MPRINT(COUNTPCT):   proc sort data = analf out = _t1 nodupkey;
MPRINT(COUNTPCT):   by trt01an dc_drug usubjid;
MPRINT(COUNTPCT):   run;

NOTE: There were 200 observations read from the data set WORK.ANALF.
NOTE: SAS sort was used.
NOTE: 0 observations with duplicate key values were deleted.
NOTE: The data set WORK._T1 has 200 observations and 52 variables.
NOTE: PROCEDURE SORT used (Total process time):
      real time           0.00 seconds
      cpu time            0.01 seconds
      

MPRINT(COUNTPCT):   proc summary data=_t1 nway;
MPRINT(COUNTPCT):   by trt01an dc_drug;
MPRINT(COUNTPCT):   format trt01an dc_drug;
MPRINT(COUNTPCT):   output out=_t2;
MPRINT(COUNTPCT):   run;

NOTE: There were 200 observations read from the data set WORK._T1.
NOTE: The data set WORK._T2 has 6 observations and 4 variables.
NOTE: PROCEDURE SUMMARY used (Total process time):
      real time           0.00 seconds
      cpu time            0.00 seconds
      

MPRINT(COUNTPCT):   * proc print data = _t2 (obs=100);
MPRINT(COUNTPCT):   * title "tabcount: File _t2 after summary with denominator &countby ";
MPRINT(COUNTPCT):   * run;
MPRINT(COUNTPCT):   proc sort data = analf out = _t1 nodupkey;
MPRINT(COUNTPCT):   by trt01an usubjid;
MPRINT(COUNTPCT):   run;

NOTE: There were 200 observations read from the data set WORK.ANALF.
NOTE: SAS sort was used.
NOTE: 0 observations with duplicate key values were deleted.
NOTE: The data set WORK._T1 has 200 observations and 52 variables.
NOTE: PROCEDURE SORT used (Total process time):
      real time           0.00 seconds
      cpu time            0.00 seconds
      

                                                                    The SAS System

MPRINT(COUNTPCT):   proc summary data=_t1 nway;
MPRINT(COUNTPCT):   by trt01an;
MPRINT(COUNTPCT):   format trt01an;
MPRINT(COUNTPCT):   output out=_t3;
MPRINT(COUNTPCT):   run;

NOTE: There were 200 observations read from the data set WORK._T1.
NOTE: The data set WORK._T3 has 3 observations and 3 variables.
NOTE: PROCEDURE SUMMARY used (Total process time):
      real time           0.00 seconds
      cpu time            0.00 seconds
      

MPRINT(COUNTPCT):   * proc print data = _t3 (obs=100);
MPRINT(COUNTPCT):   * title "tabcount: File _t3 after summary with denominator &pctby";
MPRINT(COUNTPCT):   * run;
MPRINT(COUNTPCT):   proc sort data = _t2;
MPRINT(COUNTPCT):   by trt01an;
MPRINT(COUNTPCT):   run;

NOTE: There were 6 observations read from the data set WORK._T2.
NOTE: SAS sort was used.
NOTE: The data set WORK._T2 has 6 observations and 4 variables.
NOTE: PROCEDURE SORT used (Total process time):
      real time           0.00 seconds
      cpu time            0.00 seconds
      

MPRINT(COUNTPCT):   data _tabc1;
MPRINT(COUNTPCT):   merge _t2(drop=_type_) _t3 (rename=(_freq_=denom));
MPRINT(COUNTPCT):   by trt01an;
MPRINT(COUNTPCT):   **if denom > 0 then &pctvar = 100 * _freq_ / denom;
MPRINT(COUNTPCT):   if denom > 0 and _freq_>0 then pct1 = 100 * _freq_ / denom;
MPRINT(COUNTPCT):   run;

NOTE: There were 6 observations read from the data set WORK._T2.
NOTE: There were 3 observations read from the data set WORK._T3.
NOTE: The data set WORK._TABC1 has 6 observations and 6 variables.
NOTE: DATA statement used (Total process time):
      real time           0.00 seconds
      cpu time            0.00 seconds
      

MPRINT(TABCOUNT):  ;
MPRINT(TABCOUNT):   proc sort data = _tabc1;
MPRINT(TABCOUNT):   by dc_drug trt01an;
                                                                    The SAS System

MPRINT(TABCOUNT):   run;

NOTE: There were 6 observations read from the data set WORK._TABC1.
NOTE: SAS sort was used.
NOTE: The data set WORK._TABC1 has 6 observations and 6 variables.
NOTE: PROCEDURE SORT used (Total process time):
      real time           0.00 seconds
      cpu time            0.00 seconds
      

MPRINT(TABCOUNT):   data _tabptc3;
MPRINT(TABCOUNT):   set _tabc1;
MPRINT(TABCOUNT):   run;

NOTE: There were 6 observations read from the data set WORK._TABC1.
NOTE: The data set WORK._TABPTC3 has 6 observations and 6 variables.
NOTE: DATA statement used (Total process time):
      real time           0.00 seconds
      cpu time            0.00 seconds
      

MPRINT(TABCOUNT):   * proc print data = _tabc&__I (obs=100);
MPRINT(TABCOUNT):   * title "tabcount: File _tabc&__I after summary ";
MPRINT(TABCOUNT):   * run;
MPRINT(TABCOUNT):   *----------------------------------------------------------------------------;
MPRINT(TABCOUNT):   * Get list of categories specified in the format in variable catvfmt ;
MPRINT(TABCOUNT):   * Flag to indicate if format found in macro variable _gotfmt ;
MPRINT(TABCOUNT):   * Categories in data set _tabptc4 ;
MPRINT(TABCOUNT):   *----------------------------------------------------------------------------;
MPRINT(TABCOUNT):   *---------------------------------------;
MPRINT(TABCOUNT):   * Reformat count and percent ;
MPRINT(TABCOUNT):   *---------------------------------------;
MPRINT(TABCOUNT):   data _tabptc3;
MPRINT(TABCOUNT):   set _tabptc3;
MPRINT(TABCOUNT):   length linlabel $250;
MPRINT(TABCOUNT):   length start $200;
MPRINT(TABCOUNT):   start = left(dc_drug);
MPRINT(TABCOUNT):   linlabel=left(dc_drug);
MPRINT(TABCOUNT):   if trim(linlabel) = '.' or linlabel = ' ' then delete;
MPRINT(TABCOUNT):   run;

NOTE: Numeric values have been converted to character values at the places given by: (Line):(Column).
      1403:1   1403:1   
NOTE: There were 6 observations read from the data set WORK._TABPTC3.
NOTE: The data set WORK._TABPTC3 has 3 observations and 8 variables.
NOTE: DATA statement used (Total process time):
                                                                    The SAS System

      real time           0.00 seconds
      cpu time            0.00 seconds
      

MPRINT(TABCOUNT):   * proc print data = _tabptc3 (obs=100);
MPRINT(TABCOUNT):   * title "tabcount: File _tabptc3 after formatting statistics ";
MPRINT(TABCOUNT):   * run;
MPRINT(TABCOUNT):   *----------------------------------------------------------------------------;
MPRINT(TABCOUNT):   * If all categories are to be shown, get the list of categories from the ;
MPRINT(TABCOUNT):   * variable format and expand the file to include all the defined categories;
MPRINT(TABCOUNT):   *----------------------------------------------------------------------------;
MPRINT(TABCOUNT):   *--------------------------------------------------------------------------;
MPRINT(TABCOUNT):   * postprocess _tabptc3 to modify START variable if sortby = I and the VAR;
MPRINT(TABCOUNT):   * is numeric. This to accomodate cases where the values might be negative;
MPRINT(TABCOUNT):   *--------------------------------------------------------------------------;
MPRINT(TABCOUNT):   *----------------------------------------------------------------------------;
MPRINT(TABCOUNT):   * Transpose the formatted and unformatted statistics ;
MPRINT(TABCOUNT):   *----------------------------------------------------------------------------;
MPRINT(TABCOUNT):   data _tabptc7 (keep = dc_drug start linlabel value1 - value3 statord1 - statord1 pctx1 - pctx3);
MPRINT(TABCOUNT):   set _tabptc3;
MPRINT(TABCOUNT):   by dc_drug start linlabel notsorted;
MPRINT(TABCOUNT):   length value1- value3 $40 statord1 - statord1 $40 pctx1 - pctx3 $10 pctx_n1 - pctx_n3 8 __temp 8;
MPRINT(TABCOUNT):   *kchan07 2016-11-1;
MPRINT(TABCOUNT):   length statval $ 40;
MPRINT(TABCOUNT):   array outval {*} $ value1 - value3;
MPRINT(TABCOUNT):   array outpct {*} $ pctx1 - pctx3;
MPRINT(TABCOUNT):   array __pn {*} pctx_n1 - pctx_n3;
MPRINT(TABCOUNT):   *kchan07 2016-11-1;
MPRINT(TABCOUNT):   retain value1 - value3 totn pctx1 - pctx3;
MPRINT(TABCOUNT):   statord1 = ' ';
MPRINT(TABCOUNT):   if first.linlabel then do;
MPRINT(TABCOUNT):   totn = 0;
MPRINT(TABCOUNT):   do i = 1 to 3;
MPRINT(TABCOUNT):   outval{i} = ' ';
MPRINT(TABCOUNT):   outpct{i} = ' ';
MPRINT(TABCOUNT):   end;
MPRINT(TABCOUNT):   end;
MPRINT(TABCOUNT):   statval = ' ';
MPRINT(TABCOUNT):   if _freq_ = . then _freq_ = 0;
MPRINT(TABCOUNT):   statval = put(_freq_, 3. );
MPRINT(TABCOUNT):   len = length(statval);
MPRINT(TABCOUNT):   *if pct&__I = . then do;
MPRINT(TABCOUNT):   ** kdaughtry 07Oct08 - if count=0, then pct=0 **;
MPRINT(TABCOUNT):   *pct&__I = 0;
MPRINT(TABCOUNT):   *percent = 0;
MPRINT(TABCOUNT):   *end;
                                                                    The SAS System

MPRINT(TABCOUNT):   if 0 < pct1 < 0.1 then do;
MPRINT(TABCOUNT):   statval = substr(statval,1,len) || " ( <0.1%)";
MPRINT(TABCOUNT):   percent = pct1;
MPRINT(TABCOUNT):   end;
MPRINT(TABCOUNT):   else do;
MPRINT(TABCOUNT):   if pct1 ne . then percent = round(pct1,0.1);
MPRINT(TABCOUNT):   if percent>0 then statval = substr(statval,1,len) || " (" || put(percent,5.1) || "%)";
MPRINT(TABCOUNT):   else statval= substr(statval,1,len);
MPRINT(TABCOUNT):   end;
MPRINT(TABCOUNT):   drop len;
MPRINT(TABCOUNT):   *if (totn=.) then totn = _freq_;
MPRINT(TABCOUNT):   *else if (_freq_>.) then totn = totn + _freq_;
MPRINT(TABCOUNT):   totn=sum(totn, _freq_);
MPRINT(TABCOUNT):   *klc 27may2015;
MPRINT(TABCOUNT):   outval{trt01an} = statval;
MPRINT(TABCOUNT):   __pn{trt01an} = percent;
MPRINT(TABCOUNT):   *kchan07 2016-11-1;
MPRINT(TABCOUNT):   outpct{trt01an} = compress(put(percent,best.));
MPRINT(TABCOUNT):   if last.linlabel then do;
MPRINT(TABCOUNT):   if "F" = "F" then statord1 = put(1000000-totn,z7.);
MPRINT(TABCOUNT):   if "F" = "A" then statord1 = ' ';
MPRINT(TABCOUNT):   if "F" = "I" then statord1 = start;
MPRINT(TABCOUNT):   if "F" = "M" then do;
MPRINT(TABCOUNT):   __temp=pctx_n1;
MPRINT(TABCOUNT):   __temp = max(of pctx_n1 - pctx_n2);
MPRINT(TABCOUNT):   statord1=compress(put(__temp,z9.5));
MPRINT(TABCOUNT):   end;
MPRINT(TABCOUNT):   if "F" = "T" then statord1 = put(percent,6.2);
MPRINT(TABCOUNT):   output;
MPRINT(TABCOUNT):   end;
MPRINT(TABCOUNT):   run;

NOTE: There were 3 observations read from the data set WORK._TABPTC3.
NOTE: The data set WORK._TABPTC7 has 1 observations and 10 variables.
NOTE: DATA statement used (Total process time):
      real time           0.00 seconds
      cpu time            0.01 seconds
      

MPRINT(TABCOUNT):   * proc print data = _tabptc7 (obs=100);
MPRINT(TABCOUNT):   * title "tabcount: File _tabptc7 after transpose";
MPRINT(TABCOUNT):   * run;
MPRINT(TABCOUNT):   *---------------------------------------;
MPRINT(TABCOUNT):   * CHISQ, CMH, EXACT p-values ;
MPRINT(TABCOUNT):   *---------------------------------------;
MPRINT(TABCOUNT):   *----------------------------------------------------------------------------;
                                                                    The SAS System

MPRINT(TABCOUNT):   * If overall p-values are requested, generate and add to the dataset ;
MPRINT(TABCOUNT):   *----------------------------------------------------------------------------;
MPRINT(TABCOUNT):   *----------------------------------------------------------------------------;
MPRINT(TABCOUNT):   * If pairwise p-values are requested, generate and add to the dataset ;
MPRINT(TABCOUNT):   *----------------------------------------------------------------------------;
MPRINT(TABCOUNT):   *---------------------------------------;
MPRINT(TABCOUNT):   * Get Patient With Event totals -------;
MPRINT(TABCOUNT):   *---------------------------------------;
MPRINT(TABCOUNT):   *----------------------------------------------------------------------------;
MPRINT(TABCOUNT):   * Final data massage before merging with accumulated statistics ;
MPRINT(TABCOUNT):   *----------------------------------------------------------------------------;
MPRINT(TABCOUNT):   * proc print data = _tabptc7;
MPRINT(TABCOUNT):   * title "tabcount: File _tabptc7 ";
MPRINT(TABCOUNT):   * run;
MPRINT(TABCOUNT):   data _tabptc7;
MPRINT(TABCOUNT):   set _tabptc7;
MPRINT(TABCOUNT):   length statord $40;
MPRINT(TABCOUNT):   statord = ' ';
MPRINT(TABCOUNT):   sortord=9;
MPRINT(TABCOUNT):   type = "PTCT";
MPRINT(TABCOUNT):   level = 1;
MPRINT(TABCOUNT):   array vl {*} value1 - value3;
MPRINT(TABCOUNT):   if trim(start) eq '.' or start = ' ' then delete;
MPRINT(TABCOUNT):   do i = 1 to 3;
MPRINT(TABCOUNT):   if vl{i} = ' ' then do;
MPRINT(TABCOUNT):   vl{i} = put(0, 3. );
MPRINT(TABCOUNT):   len = length(vl{i});
MPRINT(TABCOUNT):   **vl{i} = substr(vl{i},1,len) || " (" || put(0,&pctfmt) || "%)";
MPRINT(TABCOUNT):   vl{i} = substr(vl{i},1,len);
MPRINT(TABCOUNT):   drop len;
MPRINT(TABCOUNT):   end;
MPRINT(TABCOUNT):   end;
MPRINT(TABCOUNT):   drop i;
MPRINT(TABCOUNT):   length pvalc1 pvalc2 $10;
MPRINT(TABCOUNT):   pvalc1='';
MPRINT(TABCOUNT):   pvalc2='';
MPRINT(TABCOUNT):   run;

NOTE: There were 1 observations read from the data set WORK._TABPTC7.
NOTE: The data set WORK._TABPTC7 has 1 observations and 16 variables.
NOTE: DATA statement used (Total process time):
      real time           0.00 seconds
      cpu time            0.01 seconds
      

MPRINT(TABCOUNT):   data _tabptc7;
                                                                    The SAS System

MPRINT(TABCOUNT):   set _tabptc7;
MPRINT(TABCOUNT):   format pvalc1 pvalc2;
MPRINT(TABCOUNT):   run;

NOTE: There were 1 observations read from the data set WORK._TABPTC7.
NOTE: The data set WORK._TABPTC7 has 1 observations and 16 variables.
NOTE: DATA statement used (Total process time):
      real time           0.00 seconds
      cpu time            0.00 seconds
      

MPRINT(TABCOUNT):   data combine;
MPRINT(TABCOUNT):   set combine _tabptc7;
MPRINT(TABCOUNT):   length label1 $ 250;
MPRINT(TABCOUNT):   if sortord = 9 then do;
MPRINT(TABCOUNT):   if 1 = 1 then label1 = trim("") || " " || left("");
MPRINT(TABCOUNT):   if 1 > 1 then label1 = left("");
MPRINT(TABCOUNT):   if 1 < 0 then label1 = trim(label1) || ",";
MPRINT(TABCOUNT):   if 1 > 1 then label1 = "And " || left("");
MPRINT(TABCOUNT):   end;
MPRINT(TABCOUNT):   run;

NOTE: There were 8 observations read from the data set WORK.COMBINE.
NOTE: There were 1 observations read from the data set WORK._TABPTC7.
NOTE: The data set WORK.COMBINE has 9 observations and 27 variables.
NOTE: DATA statement used (Total process time):
      real time           0.00 seconds
      cpu time            0.00 seconds
      

MPRINT(TABCOUNT):   *----------------------------------------------------------------------------;
MPRINT(TABCOUNT):   * Cleanup ;
MPRINT(TABCOUNT):   *----------------------------------------------------------------------------;
MPRINT(TABCOUNT):   proc datasets library = work nolist;
MPRINT(TABCOUNT):   *delete _tabptc1 _tabptc2 _tabptc3 _tabptc4 _tabptc5 _tabptc6 _tabptc7 _tabptc8 _tabptc9;
MPRINT(TABCOUNT):   delete _tabptc: ;
MPRINT(TABCOUNT):   *2016-11-29 kchan07;
MPRINT(TABCOUNT):   quit;

NOTE: Deleting WORK._TABPTC3 (memtype=DATA).
NOTE: Deleting WORK._TABPTC7 (memtype=DATA).
NOTE: PROCEDURE DATASETS used (Total process time):
      real time           0.00 seconds
      cpu time            0.00 seconds
      

                                                                    The SAS System

MPRINT(MAIN):  ;
MPRINT(TABCOUNT):   *** this logic moved to tabdesc ***;
MPRINT(TABCOUNT):  ;
MPRINT(TABCOUNT):   ** if one of subsetting vars (&_spercent, &_sdpvar, &_stpvar, &_spctvar, &_sopvar) **;
MPRINT(TABCOUNT):   ** is specified, then &denom cannot be specified **;
MPRINT(TABCOUNT):  ;
MPRINT(TABCOUNT):   *----------------------------------------------------------------------------;
MPRINT(TABCOUNT):   * Get variable attributes (type, label, format) ;
MPRINT(TABCOUNT):   * Cancel run if variable .does not. exist ;
MPRINT(TABCOUNT):   *----------------------------------------------------------------------------;
MPRINT(TABCOUNT):   data _null_;
MPRINT(TABCOUNT):   length label1 $250;
MPRINT(TABCOUNT):   ds = open("analf","i");
MPRINT(TABCOUNT):   var = varnum(ds , "interrupt");
MPRINT(TABCOUNT):   if not(var) then do;
MPRINT(TABCOUNT):   call symput("_errcode","F");
MPRINT(TABCOUNT):   call symput("_errmsg","Patient count analysis variable interrupt "|| '.does not.'||' exist - cancelling run' );
MPRINT(TABCOUNT):   *klc 2016-10-26;
MPRINT(TABCOUNT):   stop;
MPRINT(TABCOUNT):   end;
MPRINT(TABCOUNT):   else do;
MPRINT(TABCOUNT):   label1 = varlabel(ds,var);
MPRINT(TABCOUNT):   label1 = translate(label1,' ','~');
MPRINT(TABCOUNT):   call symput("_ptclab1",trim(label1));
MPRINT(TABCOUNT):   call symput("_ptcfmt1",varfmt(ds,var));
MPRINT(TABCOUNT):   call symput("catvfmt",varfmt(ds,var));
MPRINT(TABCOUNT):   typ = vartype(ds,var);
MPRINT(TABCOUNT):   call symput("type",typ);
MPRINT(TABCOUNT):   end;
MPRINT(TABCOUNT):   run;

INFO: Character variables have defaulted to a length of 200 at the places given by: (Line):(Column). Truncation can result.
      1403:71  TYP
NOTE: DATA statement used (Total process time):
      real time           0.00 seconds
      cpu time            0.01 seconds
      

MPRINT(TABCOUNT):   *-----------------------------------------------------------;
MPRINT(TABCOUNT):   * General routine for count and percent statistics ;
MPRINT(TABCOUNT):   *-----------------------------------------------------------;
MPRINT(TABCOUNT):   *-----------------------------------------------------------;
MPRINT(TABCOUNT):   * Do count and percent once for each requested denominator;
MPRINT(TABCOUNT):   *-----------------------------------------------------------;
MPRINT(TABCOUNT):  ;
MPRINT(COUNTPCT):   proc sort data = analf out = _t1 nodupkey;
                                                                    The SAS System

MPRINT(COUNTPCT):   by trt01an interrupt usubjid;
MPRINT(COUNTPCT):   run;

NOTE: There were 200 observations read from the data set WORK.ANALF.
NOTE: SAS sort was used.
NOTE: 0 observations with duplicate key values were deleted.
NOTE: The data set WORK._T1 has 200 observations and 52 variables.
NOTE: PROCEDURE SORT used (Total process time):
      real time           0.00 seconds
      cpu time            0.00 seconds
      

MPRINT(COUNTPCT):   proc summary data=_t1 nway;
MPRINT(COUNTPCT):   by trt01an interrupt;
MPRINT(COUNTPCT):   format trt01an interrupt;
MPRINT(COUNTPCT):   output out=_t2;
MPRINT(COUNTPCT):   run;

NOTE: There were 200 observations read from the data set WORK._T1.
NOTE: The data set WORK._T2 has 6 observations and 4 variables.
NOTE: PROCEDURE SUMMARY used (Total process time):
      real time           0.00 seconds
      cpu time            0.00 seconds
      

MPRINT(COUNTPCT):   * proc print data = _t2 (obs=100);
MPRINT(COUNTPCT):   * title "tabcount: File _t2 after summary with denominator &countby ";
MPRINT(COUNTPCT):   * run;
MPRINT(COUNTPCT):   proc sort data = analf out = _t1 nodupkey;
MPRINT(COUNTPCT):   by trt01an usubjid;
MPRINT(COUNTPCT):   run;

NOTE: There were 200 observations read from the data set WORK.ANALF.
NOTE: SAS sort was used.
NOTE: 0 observations with duplicate key values were deleted.
NOTE: The data set WORK._T1 has 200 observations and 52 variables.
NOTE: PROCEDURE SORT used (Total process time):
      real time           0.00 seconds
      cpu time            0.00 seconds
      

MPRINT(COUNTPCT):   proc summary data=_t1 nway;
MPRINT(COUNTPCT):   by trt01an;
MPRINT(COUNTPCT):   format trt01an;
MPRINT(COUNTPCT):   output out=_t3;
MPRINT(COUNTPCT):   run;
                                                                    The SAS System


NOTE: There were 200 observations read from the data set WORK._T1.
NOTE: The data set WORK._T3 has 3 observations and 3 variables.
NOTE: PROCEDURE SUMMARY used (Total process time):
      real time           0.00 seconds
      cpu time            0.00 seconds
      

MPRINT(COUNTPCT):   * proc print data = _t3 (obs=100);
MPRINT(COUNTPCT):   * title "tabcount: File _t3 after summary with denominator &pctby";
MPRINT(COUNTPCT):   * run;
MPRINT(COUNTPCT):   proc sort data = _t2;
MPRINT(COUNTPCT):   by trt01an;
MPRINT(COUNTPCT):   run;

NOTE: There were 6 observations read from the data set WORK._T2.
NOTE: SAS sort was used.
NOTE: The data set WORK._T2 has 6 observations and 4 variables.
NOTE: PROCEDURE SORT used (Total process time):
      real time           0.00 seconds
      cpu time            0.00 seconds
      

MPRINT(COUNTPCT):   data _tabc1;
MPRINT(COUNTPCT):   merge _t2(drop=_type_) _t3 (rename=(_freq_=denom));
MPRINT(COUNTPCT):   by trt01an;
MPRINT(COUNTPCT):   **if denom > 0 then &pctvar = 100 * _freq_ / denom;
MPRINT(COUNTPCT):   if denom > 0 and _freq_>0 then pct1 = 100 * _freq_ / denom;
MPRINT(COUNTPCT):   run;

NOTE: There were 6 observations read from the data set WORK._T2.
NOTE: There were 3 observations read from the data set WORK._T3.
NOTE: The data set WORK._TABC1 has 6 observations and 6 variables.
NOTE: DATA statement used (Total process time):
      real time           0.00 seconds
      cpu time            0.00 seconds
      

MPRINT(TABCOUNT):  ;
MPRINT(TABCOUNT):   proc sort data = _tabc1;
MPRINT(TABCOUNT):   by interrupt trt01an;
MPRINT(TABCOUNT):   run;

NOTE: There were 6 observations read from the data set WORK._TABC1.
NOTE: SAS sort was used.
NOTE: The data set WORK._TABC1 has 6 observations and 6 variables.
                                                                    The SAS System

NOTE: PROCEDURE SORT used (Total process time):
      real time           0.00 seconds
      cpu time            0.01 seconds
      

MPRINT(TABCOUNT):   data _tabptc3;
MPRINT(TABCOUNT):   set _tabc1;
MPRINT(TABCOUNT):   run;

NOTE: There were 6 observations read from the data set WORK._TABC1.
NOTE: The data set WORK._TABPTC3 has 6 observations and 6 variables.
NOTE: DATA statement used (Total process time):
      real time           0.00 seconds
      cpu time            0.01 seconds
      

MPRINT(TABCOUNT):   * proc print data = _tabc&__I (obs=100);
MPRINT(TABCOUNT):   * title "tabcount: File _tabc&__I after summary ";
MPRINT(TABCOUNT):   * run;
MPRINT(TABCOUNT):   *----------------------------------------------------------------------------;
MPRINT(TABCOUNT):   * Get list of categories specified in the format in variable catvfmt ;
MPRINT(TABCOUNT):   * Flag to indicate if format found in macro variable _gotfmt ;
MPRINT(TABCOUNT):   * Categories in data set _tabptc4 ;
MPRINT(TABCOUNT):   *----------------------------------------------------------------------------;
MPRINT(TABCOUNT):   *---------------------------------------;
MPRINT(TABCOUNT):   * Reformat count and percent ;
MPRINT(TABCOUNT):   *---------------------------------------;
MPRINT(TABCOUNT):   data _tabptc3;
MPRINT(TABCOUNT):   set _tabptc3;
MPRINT(TABCOUNT):   length linlabel $250;
MPRINT(TABCOUNT):   length start $200;
MPRINT(TABCOUNT):   start = left(interrupt);
MPRINT(TABCOUNT):   linlabel=left(interrupt);
MPRINT(TABCOUNT):   if trim(linlabel) = '.' or linlabel = ' ' then delete;
MPRINT(TABCOUNT):   run;

NOTE: Numeric values have been converted to character values at the places given by: (Line):(Column).
      1403:1   1403:1   
NOTE: There were 6 observations read from the data set WORK._TABPTC3.
NOTE: The data set WORK._TABPTC3 has 3 observations and 8 variables.
NOTE: DATA statement used (Total process time):
      real time           0.00 seconds
      cpu time            0.00 seconds
      

MPRINT(TABCOUNT):   * proc print data = _tabptc3 (obs=100);
                                                                    The SAS System

MPRINT(TABCOUNT):   * title "tabcount: File _tabptc3 after formatting statistics ";
MPRINT(TABCOUNT):   * run;
MPRINT(TABCOUNT):   *----------------------------------------------------------------------------;
MPRINT(TABCOUNT):   * If all categories are to be shown, get the list of categories from the ;
MPRINT(TABCOUNT):   * variable format and expand the file to include all the defined categories;
MPRINT(TABCOUNT):   *----------------------------------------------------------------------------;
MPRINT(TABCOUNT):   *--------------------------------------------------------------------------;
MPRINT(TABCOUNT):   * postprocess _tabptc3 to modify START variable if sortby = I and the VAR;
MPRINT(TABCOUNT):   * is numeric. This to accomodate cases where the values might be negative;
MPRINT(TABCOUNT):   *--------------------------------------------------------------------------;
MPRINT(TABCOUNT):   *----------------------------------------------------------------------------;
MPRINT(TABCOUNT):   * Transpose the formatted and unformatted statistics ;
MPRINT(TABCOUNT):   *----------------------------------------------------------------------------;
MPRINT(TABCOUNT):   data _tabptc7 (keep = interrupt start linlabel value1 - value3 statord1 - statord1 pctx1 - pctx3);
MPRINT(TABCOUNT):   set _tabptc3;
MPRINT(TABCOUNT):   by interrupt start linlabel notsorted;
MPRINT(TABCOUNT):   length value1- value3 $40 statord1 - statord1 $40 pctx1 - pctx3 $10 pctx_n1 - pctx_n3 8 __temp 8;
MPRINT(TABCOUNT):   *kchan07 2016-11-1;
MPRINT(TABCOUNT):   length statval $ 40;
MPRINT(TABCOUNT):   array outval {*} $ value1 - value3;
MPRINT(TABCOUNT):   array outpct {*} $ pctx1 - pctx3;
MPRINT(TABCOUNT):   array __pn {*} pctx_n1 - pctx_n3;
MPRINT(TABCOUNT):   *kchan07 2016-11-1;
MPRINT(TABCOUNT):   retain value1 - value3 totn pctx1 - pctx3;
MPRINT(TABCOUNT):   statord1 = ' ';
MPRINT(TABCOUNT):   if first.linlabel then do;
MPRINT(TABCOUNT):   totn = 0;
MPRINT(TABCOUNT):   do i = 1 to 3;
MPRINT(TABCOUNT):   outval{i} = ' ';
MPRINT(TABCOUNT):   outpct{i} = ' ';
MPRINT(TABCOUNT):   end;
MPRINT(TABCOUNT):   end;
MPRINT(TABCOUNT):   statval = ' ';
MPRINT(TABCOUNT):   if _freq_ = . then _freq_ = 0;
MPRINT(TABCOUNT):   statval = put(_freq_, 3. );
MPRINT(TABCOUNT):   len = length(statval);
MPRINT(TABCOUNT):   *if pct&__I = . then do;
MPRINT(TABCOUNT):   ** kdaughtry 07Oct08 - if count=0, then pct=0 **;
MPRINT(TABCOUNT):   *pct&__I = 0;
MPRINT(TABCOUNT):   *percent = 0;
MPRINT(TABCOUNT):   *end;
MPRINT(TABCOUNT):   if 0 < pct1 < 0.1 then do;
MPRINT(TABCOUNT):   statval = substr(statval,1,len) || " ( <0.1%)";
MPRINT(TABCOUNT):   percent = pct1;
MPRINT(TABCOUNT):   end;
MPRINT(TABCOUNT):   else do;
                                                                    The SAS System

MPRINT(TABCOUNT):   if pct1 ne . then percent = round(pct1,0.1);
MPRINT(TABCOUNT):   if percent>0 then statval = substr(statval,1,len) || " (" || put(percent,5.1) || "%)";
MPRINT(TABCOUNT):   else statval= substr(statval,1,len);
MPRINT(TABCOUNT):   end;
MPRINT(TABCOUNT):   drop len;
MPRINT(TABCOUNT):   *if (totn=.) then totn = _freq_;
MPRINT(TABCOUNT):   *else if (_freq_>.) then totn = totn + _freq_;
MPRINT(TABCOUNT):   totn=sum(totn, _freq_);
MPRINT(TABCOUNT):   *klc 27may2015;
MPRINT(TABCOUNT):   outval{trt01an} = statval;
MPRINT(TABCOUNT):   __pn{trt01an} = percent;
MPRINT(TABCOUNT):   *kchan07 2016-11-1;
MPRINT(TABCOUNT):   outpct{trt01an} = compress(put(percent,best.));
MPRINT(TABCOUNT):   if last.linlabel then do;
MPRINT(TABCOUNT):   if "F" = "F" then statord1 = put(1000000-totn,z7.);
MPRINT(TABCOUNT):   if "F" = "A" then statord1 = ' ';
MPRINT(TABCOUNT):   if "F" = "I" then statord1 = start;
MPRINT(TABCOUNT):   if "F" = "M" then do;
MPRINT(TABCOUNT):   __temp=pctx_n1;
MPRINT(TABCOUNT):   __temp = max(of pctx_n1 - pctx_n2);
MPRINT(TABCOUNT):   statord1=compress(put(__temp,z9.5));
MPRINT(TABCOUNT):   end;
MPRINT(TABCOUNT):   if "F" = "T" then statord1 = put(percent,6.2);
MPRINT(TABCOUNT):   output;
MPRINT(TABCOUNT):   end;
MPRINT(TABCOUNT):   run;

NOTE: There were 3 observations read from the data set WORK._TABPTC3.
NOTE: The data set WORK._TABPTC7 has 1 observations and 10 variables.
NOTE: DATA statement used (Total process time):
      real time           0.00 seconds
      cpu time            0.00 seconds
      

MPRINT(TABCOUNT):   * proc print data = _tabptc7 (obs=100);
MPRINT(TABCOUNT):   * title "tabcount: File _tabptc7 after transpose";
MPRINT(TABCOUNT):   * run;
MPRINT(TABCOUNT):   *---------------------------------------;
MPRINT(TABCOUNT):   * CHISQ, CMH, EXACT p-values ;
MPRINT(TABCOUNT):   *---------------------------------------;
MPRINT(TABCOUNT):   *----------------------------------------------------------------------------;
MPRINT(TABCOUNT):   * If overall p-values are requested, generate and add to the dataset ;
MPRINT(TABCOUNT):   *----------------------------------------------------------------------------;
MPRINT(TABCOUNT):   *----------------------------------------------------------------------------;
MPRINT(TABCOUNT):   * If pairwise p-values are requested, generate and add to the dataset ;
MPRINT(TABCOUNT):   *----------------------------------------------------------------------------;
                                                                    The SAS System

MPRINT(TABCOUNT):   *---------------------------------------;
MPRINT(TABCOUNT):   * Get Patient With Event totals -------;
MPRINT(TABCOUNT):   *---------------------------------------;
MPRINT(TABCOUNT):   *----------------------------------------------------------------------------;
MPRINT(TABCOUNT):   * Final data massage before merging with accumulated statistics ;
MPRINT(TABCOUNT):   *----------------------------------------------------------------------------;
MPRINT(TABCOUNT):   * proc print data = _tabptc7;
MPRINT(TABCOUNT):   * title "tabcount: File _tabptc7 ";
MPRINT(TABCOUNT):   * run;
MPRINT(TABCOUNT):   data _tabptc7;
MPRINT(TABCOUNT):   set _tabptc7;
MPRINT(TABCOUNT):   length statord $40;
MPRINT(TABCOUNT):   statord = ' ';
MPRINT(TABCOUNT):   sortord=10;
MPRINT(TABCOUNT):   type = "PTCT";
MPRINT(TABCOUNT):   level = 1;
MPRINT(TABCOUNT):   array vl {*} value1 - value3;
MPRINT(TABCOUNT):   if trim(start) eq '.' or start = ' ' then delete;
MPRINT(TABCOUNT):   do i = 1 to 3;
MPRINT(TABCOUNT):   if vl{i} = ' ' then do;
MPRINT(TABCOUNT):   vl{i} = put(0, 3. );
MPRINT(TABCOUNT):   len = length(vl{i});
MPRINT(TABCOUNT):   **vl{i} = substr(vl{i},1,len) || " (" || put(0,&pctfmt) || "%)";
MPRINT(TABCOUNT):   vl{i} = substr(vl{i},1,len);
MPRINT(TABCOUNT):   drop len;
MPRINT(TABCOUNT):   end;
MPRINT(TABCOUNT):   end;
MPRINT(TABCOUNT):   drop i;
MPRINT(TABCOUNT):   length pvalc1 pvalc2 $10;
MPRINT(TABCOUNT):   pvalc1='';
MPRINT(TABCOUNT):   pvalc2='';
MPRINT(TABCOUNT):   run;

NOTE: There were 1 observations read from the data set WORK._TABPTC7.
NOTE: The data set WORK._TABPTC7 has 1 observations and 16 variables.
NOTE: DATA statement used (Total process time):
      real time           0.00 seconds
      cpu time            0.00 seconds
      

MPRINT(TABCOUNT):   data _tabptc7;
MPRINT(TABCOUNT):   set _tabptc7;
MPRINT(TABCOUNT):   format pvalc1 pvalc2;
MPRINT(TABCOUNT):   run;

NOTE: There were 1 observations read from the data set WORK._TABPTC7.
                                                                    The SAS System

NOTE: The data set WORK._TABPTC7 has 1 observations and 16 variables.
NOTE: DATA statement used (Total process time):
      real time           0.00 seconds
      cpu time            0.01 seconds
      

MPRINT(TABCOUNT):   data combine;
MPRINT(TABCOUNT):   set combine _tabptc7;
MPRINT(TABCOUNT):   length label1 $ 250;
MPRINT(TABCOUNT):   if sortord = 10 then do;
MPRINT(TABCOUNT):   if 1 = 1 then label1 = trim("") || " " || left("");
MPRINT(TABCOUNT):   if 1 > 1 then label1 = left("");
MPRINT(TABCOUNT):   if 1 < 0 then label1 = trim(label1) || ",";
MPRINT(TABCOUNT):   if 1 > 1 then label1 = "And " || left("");
MPRINT(TABCOUNT):   end;
MPRINT(TABCOUNT):   run;

NOTE: There were 9 observations read from the data set WORK.COMBINE.
NOTE: There were 1 observations read from the data set WORK._TABPTC7.
NOTE: The data set WORK.COMBINE has 10 observations and 28 variables.
NOTE: DATA statement used (Total process time):
      real time           0.00 seconds
      cpu time            0.00 seconds
      

MPRINT(TABCOUNT):   *----------------------------------------------------------------------------;
MPRINT(TABCOUNT):   * Cleanup ;
MPRINT(TABCOUNT):   *----------------------------------------------------------------------------;
MPRINT(TABCOUNT):   proc datasets library = work nolist;
MPRINT(TABCOUNT):   *delete _tabptc1 _tabptc2 _tabptc3 _tabptc4 _tabptc5 _tabptc6 _tabptc7 _tabptc8 _tabptc9;
MPRINT(TABCOUNT):   delete _tabptc: ;
MPRINT(TABCOUNT):   *2016-11-29 kchan07;
MPRINT(TABCOUNT):   quit;

NOTE: Deleting WORK._TABPTC3 (memtype=DATA).
NOTE: Deleting WORK._TABPTC7 (memtype=DATA).
NOTE: PROCEDURE DATASETS used (Total process time):
      real time           0.00 seconds
      cpu time            0.00 seconds
      

MPRINT(MAIN):  ;
MPRINT(TABCOUNT):   *** this logic moved to tabdesc ***;
MPRINT(TABCOUNT):  ;
MPRINT(TABCOUNT):   ** if one of subsetting vars (&_spercent, &_sdpvar, &_stpvar, &_spctvar, &_sopvar) **;
MPRINT(TABCOUNT):   ** is specified, then &denom cannot be specified **;
                                                                    The SAS System

MPRINT(TABCOUNT):  ;
MPRINT(TABCOUNT):   *----------------------------------------------------------------------------;
MPRINT(TABCOUNT):   * Get variable attributes (type, label, format) ;
MPRINT(TABCOUNT):   * Cancel run if variable .does not. exist ;
MPRINT(TABCOUNT):   *----------------------------------------------------------------------------;
MPRINT(TABCOUNT):   data _null_;
MPRINT(TABCOUNT):   length label1 $250;
MPRINT(TABCOUNT):   ds = open("analf","i");
MPRINT(TABCOUNT):   var = varnum(ds , "dosereduce");
MPRINT(TABCOUNT):   if not(var) then do;
MPRINT(TABCOUNT):   call symput("_errcode","F");
MPRINT(TABCOUNT):   call symput("_errmsg","Patient count analysis variable dosereduce "|| '.does not.'||' exist - cancelling run' );
MPRINT(TABCOUNT):   *klc 2016-10-26;
MPRINT(TABCOUNT):   stop;
MPRINT(TABCOUNT):   end;
MPRINT(TABCOUNT):   else do;
MPRINT(TABCOUNT):   label1 = varlabel(ds,var);
MPRINT(TABCOUNT):   label1 = translate(label1,' ','~');
MPRINT(TABCOUNT):   call symput("_ptclab1",trim(label1));
MPRINT(TABCOUNT):   call symput("_ptcfmt1",varfmt(ds,var));
MPRINT(TABCOUNT):   call symput("catvfmt",varfmt(ds,var));
MPRINT(TABCOUNT):   typ = vartype(ds,var);
MPRINT(TABCOUNT):   call symput("type",typ);
MPRINT(TABCOUNT):   end;
MPRINT(TABCOUNT):   run;

INFO: Character variables have defaulted to a length of 200 at the places given by: (Line):(Column). Truncation can result.
      1403:71  TYP
NOTE: DATA statement used (Total process time):
      real time           0.00 seconds
      cpu time            0.00 seconds
      

MPRINT(TABCOUNT):   *-----------------------------------------------------------;
MPRINT(TABCOUNT):   * General routine for count and percent statistics ;
MPRINT(TABCOUNT):   *-----------------------------------------------------------;
MPRINT(TABCOUNT):   *-----------------------------------------------------------;
MPRINT(TABCOUNT):   * Do count and percent once for each requested denominator;
MPRINT(TABCOUNT):   *-----------------------------------------------------------;
MPRINT(TABCOUNT):  ;
MPRINT(COUNTPCT):   proc sort data = analf out = _t1 nodupkey;
MPRINT(COUNTPCT):   by trt01an dosereduce usubjid;
MPRINT(COUNTPCT):   run;

NOTE: There were 200 observations read from the data set WORK.ANALF.
NOTE: SAS sort was used.
                                                                    The SAS System

NOTE: 0 observations with duplicate key values were deleted.
NOTE: The data set WORK._T1 has 200 observations and 52 variables.
NOTE: PROCEDURE SORT used (Total process time):
      real time           0.00 seconds
      cpu time            0.00 seconds
      

MPRINT(COUNTPCT):   proc summary data=_t1 nway;
MPRINT(COUNTPCT):   by trt01an dosereduce;
MPRINT(COUNTPCT):   format trt01an dosereduce;
MPRINT(COUNTPCT):   output out=_t2;
MPRINT(COUNTPCT):   run;

NOTE: There were 200 observations read from the data set WORK._T1.
NOTE: The data set WORK._T2 has 6 observations and 4 variables.
NOTE: PROCEDURE SUMMARY used (Total process time):
      real time           0.00 seconds
      cpu time            0.00 seconds
      

MPRINT(COUNTPCT):   * proc print data = _t2 (obs=100);
MPRINT(COUNTPCT):   * title "tabcount: File _t2 after summary with denominator &countby ";
MPRINT(COUNTPCT):   * run;
MPRINT(COUNTPCT):   proc sort data = analf out = _t1 nodupkey;
MPRINT(COUNTPCT):   by trt01an usubjid;
MPRINT(COUNTPCT):   run;

NOTE: There were 200 observations read from the data set WORK.ANALF.
NOTE: SAS sort was used.
NOTE: 0 observations with duplicate key values were deleted.
NOTE: The data set WORK._T1 has 200 observations and 52 variables.
NOTE: PROCEDURE SORT used (Total process time):
      real time           0.00 seconds
      cpu time            0.01 seconds
      

MPRINT(COUNTPCT):   proc summary data=_t1 nway;
MPRINT(COUNTPCT):   by trt01an;
MPRINT(COUNTPCT):   format trt01an;
MPRINT(COUNTPCT):   output out=_t3;
MPRINT(COUNTPCT):   run;

NOTE: There were 200 observations read from the data set WORK._T1.
NOTE: The data set WORK._T3 has 3 observations and 3 variables.
NOTE: PROCEDURE SUMMARY used (Total process time):
      real time           0.00 seconds
                                                                    The SAS System

      cpu time            0.00 seconds
      

MPRINT(COUNTPCT):   * proc print data = _t3 (obs=100);
MPRINT(COUNTPCT):   * title "tabcount: File _t3 after summary with denominator &pctby";
MPRINT(COUNTPCT):   * run;
MPRINT(COUNTPCT):   proc sort data = _t2;
MPRINT(COUNTPCT):   by trt01an;
MPRINT(COUNTPCT):   run;

NOTE: There were 6 observations read from the data set WORK._T2.
NOTE: SAS sort was used.
NOTE: The data set WORK._T2 has 6 observations and 4 variables.
NOTE: PROCEDURE SORT used (Total process time):
      real time           0.00 seconds
      cpu time            0.01 seconds
      

MPRINT(COUNTPCT):   data _tabc1;
MPRINT(COUNTPCT):   merge _t2(drop=_type_) _t3 (rename=(_freq_=denom));
MPRINT(COUNTPCT):   by trt01an;
MPRINT(COUNTPCT):   **if denom > 0 then &pctvar = 100 * _freq_ / denom;
MPRINT(COUNTPCT):   if denom > 0 and _freq_>0 then pct1 = 100 * _freq_ / denom;
MPRINT(COUNTPCT):   run;

NOTE: There were 6 observations read from the data set WORK._T2.
NOTE: There were 3 observations read from the data set WORK._T3.
NOTE: The data set WORK._TABC1 has 6 observations and 6 variables.
NOTE: DATA statement used (Total process time):
      real time           0.00 seconds
      cpu time            0.00 seconds
      

MPRINT(TABCOUNT):  ;
MPRINT(TABCOUNT):   proc sort data = _tabc1;
MPRINT(TABCOUNT):   by dosereduce trt01an;
MPRINT(TABCOUNT):   run;

NOTE: There were 6 observations read from the data set WORK._TABC1.
NOTE: SAS sort was used.
NOTE: The data set WORK._TABC1 has 6 observations and 6 variables.
NOTE: PROCEDURE SORT used (Total process time):
      real time           0.00 seconds
      cpu time            0.00 seconds
      

                                                                    The SAS System

MPRINT(TABCOUNT):   data _tabptc3;
MPRINT(TABCOUNT):   set _tabc1;
MPRINT(TABCOUNT):   run;

NOTE: There were 6 observations read from the data set WORK._TABC1.
NOTE: The data set WORK._TABPTC3 has 6 observations and 6 variables.
NOTE: DATA statement used (Total process time):
      real time           0.00 seconds
      cpu time            0.00 seconds
      

MPRINT(TABCOUNT):   * proc print data = _tabc&__I (obs=100);
MPRINT(TABCOUNT):   * title "tabcount: File _tabc&__I after summary ";
MPRINT(TABCOUNT):   * run;
MPRINT(TABCOUNT):   *----------------------------------------------------------------------------;
MPRINT(TABCOUNT):   * Get list of categories specified in the format in variable catvfmt ;
MPRINT(TABCOUNT):   * Flag to indicate if format found in macro variable _gotfmt ;
MPRINT(TABCOUNT):   * Categories in data set _tabptc4 ;
MPRINT(TABCOUNT):   *----------------------------------------------------------------------------;
MPRINT(TABCOUNT):   *---------------------------------------;
MPRINT(TABCOUNT):   * Reformat count and percent ;
MPRINT(TABCOUNT):   *---------------------------------------;
MPRINT(TABCOUNT):   data _tabptc3;
MPRINT(TABCOUNT):   set _tabptc3;
MPRINT(TABCOUNT):   length linlabel $250;
MPRINT(TABCOUNT):   length start $200;
MPRINT(TABCOUNT):   start = left(dosereduce);
MPRINT(TABCOUNT):   linlabel=left(dosereduce);
MPRINT(TABCOUNT):   if trim(linlabel) = '.' or linlabel = ' ' then delete;
MPRINT(TABCOUNT):   run;

NOTE: Numeric values have been converted to character values at the places given by: (Line):(Column).
      1403:1   1403:1   
NOTE: There were 6 observations read from the data set WORK._TABPTC3.
NOTE: The data set WORK._TABPTC3 has 3 observations and 8 variables.
NOTE: DATA statement used (Total process time):
      real time           0.00 seconds
      cpu time            0.00 seconds
      

MPRINT(TABCOUNT):   * proc print data = _tabptc3 (obs=100);
MPRINT(TABCOUNT):   * title "tabcount: File _tabptc3 after formatting statistics ";
MPRINT(TABCOUNT):   * run;
MPRINT(TABCOUNT):   *----------------------------------------------------------------------------;
MPRINT(TABCOUNT):   * If all categories are to be shown, get the list of categories from the ;
MPRINT(TABCOUNT):   * variable format and expand the file to include all the defined categories;
                                                                    The SAS System

MPRINT(TABCOUNT):   *----------------------------------------------------------------------------;
MPRINT(TABCOUNT):   *--------------------------------------------------------------------------;
MPRINT(TABCOUNT):   * postprocess _tabptc3 to modify START variable if sortby = I and the VAR;
MPRINT(TABCOUNT):   * is numeric. This to accomodate cases where the values might be negative;
MPRINT(TABCOUNT):   *--------------------------------------------------------------------------;
MPRINT(TABCOUNT):   *----------------------------------------------------------------------------;
MPRINT(TABCOUNT):   * Transpose the formatted and unformatted statistics ;
MPRINT(TABCOUNT):   *----------------------------------------------------------------------------;
MPRINT(TABCOUNT):   data _tabptc7 (keep = dosereduce start linlabel value1 - value3 statord1 - statord1 pctx1 - pctx3);
MPRINT(TABCOUNT):   set _tabptc3;
MPRINT(TABCOUNT):   by dosereduce start linlabel notsorted;
MPRINT(TABCOUNT):   length value1- value3 $40 statord1 - statord1 $40 pctx1 - pctx3 $10 pctx_n1 - pctx_n3 8 __temp 8;
MPRINT(TABCOUNT):   *kchan07 2016-11-1;
MPRINT(TABCOUNT):   length statval $ 40;
MPRINT(TABCOUNT):   array outval {*} $ value1 - value3;
MPRINT(TABCOUNT):   array outpct {*} $ pctx1 - pctx3;
MPRINT(TABCOUNT):   array __pn {*} pctx_n1 - pctx_n3;
MPRINT(TABCOUNT):   *kchan07 2016-11-1;
MPRINT(TABCOUNT):   retain value1 - value3 totn pctx1 - pctx3;
MPRINT(TABCOUNT):   statord1 = ' ';
MPRINT(TABCOUNT):   if first.linlabel then do;
MPRINT(TABCOUNT):   totn = 0;
MPRINT(TABCOUNT):   do i = 1 to 3;
MPRINT(TABCOUNT):   outval{i} = ' ';
MPRINT(TABCOUNT):   outpct{i} = ' ';
MPRINT(TABCOUNT):   end;
MPRINT(TABCOUNT):   end;
MPRINT(TABCOUNT):   statval = ' ';
MPRINT(TABCOUNT):   if _freq_ = . then _freq_ = 0;
MPRINT(TABCOUNT):   statval = put(_freq_, 3. );
MPRINT(TABCOUNT):   len = length(statval);
MPRINT(TABCOUNT):   *if pct&__I = . then do;
MPRINT(TABCOUNT):   ** kdaughtry 07Oct08 - if count=0, then pct=0 **;
MPRINT(TABCOUNT):   *pct&__I = 0;
MPRINT(TABCOUNT):   *percent = 0;
MPRINT(TABCOUNT):   *end;
MPRINT(TABCOUNT):   if 0 < pct1 < 0.1 then do;
MPRINT(TABCOUNT):   statval = substr(statval,1,len) || " ( <0.1%)";
MPRINT(TABCOUNT):   percent = pct1;
MPRINT(TABCOUNT):   end;
MPRINT(TABCOUNT):   else do;
MPRINT(TABCOUNT):   if pct1 ne . then percent = round(pct1,0.1);
MPRINT(TABCOUNT):   if percent>0 then statval = substr(statval,1,len) || " (" || put(percent,5.1) || "%)";
MPRINT(TABCOUNT):   else statval= substr(statval,1,len);
MPRINT(TABCOUNT):   end;
MPRINT(TABCOUNT):   drop len;
                                                                    The SAS System

MPRINT(TABCOUNT):   *if (totn=.) then totn = _freq_;
MPRINT(TABCOUNT):   *else if (_freq_>.) then totn = totn + _freq_;
MPRINT(TABCOUNT):   totn=sum(totn, _freq_);
MPRINT(TABCOUNT):   *klc 27may2015;
MPRINT(TABCOUNT):   outval{trt01an} = statval;
MPRINT(TABCOUNT):   __pn{trt01an} = percent;
MPRINT(TABCOUNT):   *kchan07 2016-11-1;
MPRINT(TABCOUNT):   outpct{trt01an} = compress(put(percent,best.));
MPRINT(TABCOUNT):   if last.linlabel then do;
MPRINT(TABCOUNT):   if "F" = "F" then statord1 = put(1000000-totn,z7.);
MPRINT(TABCOUNT):   if "F" = "A" then statord1 = ' ';
MPRINT(TABCOUNT):   if "F" = "I" then statord1 = start;
MPRINT(TABCOUNT):   if "F" = "M" then do;
MPRINT(TABCOUNT):   __temp=pctx_n1;
MPRINT(TABCOUNT):   __temp = max(of pctx_n1 - pctx_n2);
MPRINT(TABCOUNT):   statord1=compress(put(__temp,z9.5));
MPRINT(TABCOUNT):   end;
MPRINT(TABCOUNT):   if "F" = "T" then statord1 = put(percent,6.2);
MPRINT(TABCOUNT):   output;
MPRINT(TABCOUNT):   end;
MPRINT(TABCOUNT):   run;

NOTE: There were 3 observations read from the data set WORK._TABPTC3.
NOTE: The data set WORK._TABPTC7 has 1 observations and 10 variables.
NOTE: DATA statement used (Total process time):
      real time           0.00 seconds
      cpu time            0.00 seconds
      

MPRINT(TABCOUNT):   * proc print data = _tabptc7 (obs=100);
MPRINT(TABCOUNT):   * title "tabcount: File _tabptc7 after transpose";
MPRINT(TABCOUNT):   * run;
MPRINT(TABCOUNT):   *---------------------------------------;
MPRINT(TABCOUNT):   * CHISQ, CMH, EXACT p-values ;
MPRINT(TABCOUNT):   *---------------------------------------;
MPRINT(TABCOUNT):   *----------------------------------------------------------------------------;
MPRINT(TABCOUNT):   * If overall p-values are requested, generate and add to the dataset ;
MPRINT(TABCOUNT):   *----------------------------------------------------------------------------;
MPRINT(TABCOUNT):   *----------------------------------------------------------------------------;
MPRINT(TABCOUNT):   * If pairwise p-values are requested, generate and add to the dataset ;
MPRINT(TABCOUNT):   *----------------------------------------------------------------------------;
MPRINT(TABCOUNT):   *---------------------------------------;
MPRINT(TABCOUNT):   * Get Patient With Event totals -------;
MPRINT(TABCOUNT):   *---------------------------------------;
MPRINT(TABCOUNT):   *----------------------------------------------------------------------------;
MPRINT(TABCOUNT):   * Final data massage before merging with accumulated statistics ;
                                                                    The SAS System

MPRINT(TABCOUNT):   *----------------------------------------------------------------------------;
MPRINT(TABCOUNT):   * proc print data = _tabptc7;
MPRINT(TABCOUNT):   * title "tabcount: File _tabptc7 ";
MPRINT(TABCOUNT):   * run;
MPRINT(TABCOUNT):   data _tabptc7;
MPRINT(TABCOUNT):   set _tabptc7;
MPRINT(TABCOUNT):   length statord $40;
MPRINT(TABCOUNT):   statord = ' ';
MPRINT(TABCOUNT):   sortord=11;
MPRINT(TABCOUNT):   type = "PTCT";
MPRINT(TABCOUNT):   level = 1;
MPRINT(TABCOUNT):   array vl {*} value1 - value3;
MPRINT(TABCOUNT):   if trim(start) eq '.' or start = ' ' then delete;
MPRINT(TABCOUNT):   do i = 1 to 3;
MPRINT(TABCOUNT):   if vl{i} = ' ' then do;
MPRINT(TABCOUNT):   vl{i} = put(0, 3. );
MPRINT(TABCOUNT):   len = length(vl{i});
MPRINT(TABCOUNT):   **vl{i} = substr(vl{i},1,len) || " (" || put(0,&pctfmt) || "%)";
MPRINT(TABCOUNT):   vl{i} = substr(vl{i},1,len);
MPRINT(TABCOUNT):   drop len;
MPRINT(TABCOUNT):   end;
MPRINT(TABCOUNT):   end;
MPRINT(TABCOUNT):   drop i;
MPRINT(TABCOUNT):   length pvalc1 pvalc2 $10;
MPRINT(TABCOUNT):   pvalc1='';
MPRINT(TABCOUNT):   pvalc2='';
MPRINT(TABCOUNT):   run;

NOTE: There were 1 observations read from the data set WORK._TABPTC7.
NOTE: The data set WORK._TABPTC7 has 1 observations and 16 variables.
NOTE: DATA statement used (Total process time):
      real time           0.00 seconds
      cpu time            0.00 seconds
      

MPRINT(TABCOUNT):   data _tabptc7;
MPRINT(TABCOUNT):   set _tabptc7;
MPRINT(TABCOUNT):   format pvalc1 pvalc2;
MPRINT(TABCOUNT):   run;

NOTE: There were 1 observations read from the data set WORK._TABPTC7.
NOTE: The data set WORK._TABPTC7 has 1 observations and 16 variables.
NOTE: DATA statement used (Total process time):
      real time           0.00 seconds
      cpu time            0.00 seconds
      
                                                                    The SAS System


MPRINT(TABCOUNT):   data combine;
MPRINT(TABCOUNT):   set combine _tabptc7;
MPRINT(TABCOUNT):   length label1 $ 250;
MPRINT(TABCOUNT):   if sortord = 11 then do;
MPRINT(TABCOUNT):   if 1 = 1 then label1 = trim("") || " " || left("");
MPRINT(TABCOUNT):   if 1 > 1 then label1 = left("");
MPRINT(TABCOUNT):   if 1 < 0 then label1 = trim(label1) || ",";
MPRINT(TABCOUNT):   if 1 > 1 then label1 = "And " || left("");
MPRINT(TABCOUNT):   end;
MPRINT(TABCOUNT):   run;

NOTE: There were 10 observations read from the data set WORK.COMBINE.
NOTE: There were 1 observations read from the data set WORK._TABPTC7.
NOTE: The data set WORK.COMBINE has 11 observations and 29 variables.
NOTE: DATA statement used (Total process time):
      real time           0.00 seconds
      cpu time            0.00 seconds
      

MPRINT(TABCOUNT):   *----------------------------------------------------------------------------;
MPRINT(TABCOUNT):   * Cleanup ;
MPRINT(TABCOUNT):   *----------------------------------------------------------------------------;
MPRINT(TABCOUNT):   proc datasets library = work nolist;
MPRINT(TABCOUNT):   *delete _tabptc1 _tabptc2 _tabptc3 _tabptc4 _tabptc5 _tabptc6 _tabptc7 _tabptc8 _tabptc9;
MPRINT(TABCOUNT):   delete _tabptc: ;
MPRINT(TABCOUNT):   *2016-11-29 kchan07;
MPRINT(TABCOUNT):   quit;

NOTE: Deleting WORK._TABPTC3 (memtype=DATA).
NOTE: Deleting WORK._TABPTC7 (memtype=DATA).
NOTE: PROCEDURE DATASETS used (Total process time):
      real time           0.00 seconds
      cpu time            0.00 seconds
      

MPRINT(MAIN):  ;
MPRINT(TABCOUNT):   *** this logic moved to tabdesc ***;
MPRINT(TABCOUNT):  ;
MPRINT(TABCOUNT):   ** if one of subsetting vars (&_spercent, &_sdpvar, &_stpvar, &_spctvar, &_sopvar) **;
MPRINT(TABCOUNT):   ** is specified, then &denom cannot be specified **;
MPRINT(TABCOUNT):  ;
MPRINT(TABCOUNT):   *----------------------------------------------------------------------------;
MPRINT(TABCOUNT):   * Get variable attributes (type, label, format) ;
MPRINT(TABCOUNT):   * Cancel run if variable .does not. exist ;
MPRINT(TABCOUNT):   *----------------------------------------------------------------------------;
                                                                    The SAS System

MPRINT(TABCOUNT):   data _null_;
MPRINT(TABCOUNT):   length label1 $250;
MPRINT(TABCOUNT):   ds = open("analf","i");
MPRINT(TABCOUNT):   var = varnum(ds , "dc_study");
MPRINT(TABCOUNT):   if not(var) then do;
MPRINT(TABCOUNT):   call symput("_errcode","F");
MPRINT(TABCOUNT):   call symput("_errmsg","Patient count analysis variable dc_study "|| '.does not.'||' exist - cancelling run' );
MPRINT(TABCOUNT):   *klc 2016-10-26;
MPRINT(TABCOUNT):   stop;
MPRINT(TABCOUNT):   end;
MPRINT(TABCOUNT):   else do;
MPRINT(TABCOUNT):   label1 = varlabel(ds,var);
MPRINT(TABCOUNT):   label1 = translate(label1,' ','~');
MPRINT(TABCOUNT):   call symput("_ptclab1",trim(label1));
MPRINT(TABCOUNT):   call symput("_ptcfmt1",varfmt(ds,var));
MPRINT(TABCOUNT):   call symput("catvfmt",varfmt(ds,var));
MPRINT(TABCOUNT):   typ = vartype(ds,var);
MPRINT(TABCOUNT):   call symput("type",typ);
MPRINT(TABCOUNT):   end;
MPRINT(TABCOUNT):   run;

INFO: Character variables have defaulted to a length of 200 at the places given by: (Line):(Column). Truncation can result.
      1403:71  TYP
NOTE: DATA statement used (Total process time):
      real time           0.00 seconds
      cpu time            0.01 seconds
      

MPRINT(TABCOUNT):   *-----------------------------------------------------------;
MPRINT(TABCOUNT):   * General routine for count and percent statistics ;
MPRINT(TABCOUNT):   *-----------------------------------------------------------;
MPRINT(TABCOUNT):   *-----------------------------------------------------------;
MPRINT(TABCOUNT):   * Do count and percent once for each requested denominator;
MPRINT(TABCOUNT):   *-----------------------------------------------------------;
MPRINT(TABCOUNT):  ;
MPRINT(COUNTPCT):   proc sort data = analf out = _t1 nodupkey;
MPRINT(COUNTPCT):   by trt01an dc_study usubjid;
MPRINT(COUNTPCT):   run;

NOTE: There were 200 observations read from the data set WORK.ANALF.
NOTE: SAS sort was used.
NOTE: 0 observations with duplicate key values were deleted.
NOTE: The data set WORK._T1 has 200 observations and 52 variables.
NOTE: PROCEDURE SORT used (Total process time):
      real time           0.00 seconds
      cpu time            0.00 seconds
                                                                    The SAS System

      

MPRINT(COUNTPCT):   proc summary data=_t1 nway;
MPRINT(COUNTPCT):   by trt01an dc_study;
MPRINT(COUNTPCT):   format trt01an dc_study;
MPRINT(COUNTPCT):   output out=_t2;
MPRINT(COUNTPCT):   run;

NOTE: There were 200 observations read from the data set WORK._T1.
NOTE: The data set WORK._T2 has 6 observations and 4 variables.
NOTE: PROCEDURE SUMMARY used (Total process time):
      real time           0.00 seconds
      cpu time            0.00 seconds
      

MPRINT(COUNTPCT):   * proc print data = _t2 (obs=100);
MPRINT(COUNTPCT):   * title "tabcount: File _t2 after summary with denominator &countby ";
MPRINT(COUNTPCT):   * run;
MPRINT(COUNTPCT):   proc sort data = analf out = _t1 nodupkey;
MPRINT(COUNTPCT):   by trt01an usubjid;
MPRINT(COUNTPCT):   run;

NOTE: There were 200 observations read from the data set WORK.ANALF.
NOTE: SAS sort was used.
NOTE: 0 observations with duplicate key values were deleted.
NOTE: The data set WORK._T1 has 200 observations and 52 variables.
NOTE: PROCEDURE SORT used (Total process time):
      real time           0.00 seconds
      cpu time            0.00 seconds
      

MPRINT(COUNTPCT):   proc summary data=_t1 nway;
MPRINT(COUNTPCT):   by trt01an;
MPRINT(COUNTPCT):   format trt01an;
MPRINT(COUNTPCT):   output out=_t3;
MPRINT(COUNTPCT):   run;

NOTE: There were 200 observations read from the data set WORK._T1.
NOTE: The data set WORK._T3 has 3 observations and 3 variables.
NOTE: PROCEDURE SUMMARY used (Total process time):
      real time           0.00 seconds
      cpu time            0.00 seconds
      

MPRINT(COUNTPCT):   * proc print data = _t3 (obs=100);
MPRINT(COUNTPCT):   * title "tabcount: File _t3 after summary with denominator &pctby";
                                                                    The SAS System

MPRINT(COUNTPCT):   * run;
MPRINT(COUNTPCT):   proc sort data = _t2;
MPRINT(COUNTPCT):   by trt01an;
MPRINT(COUNTPCT):   run;

NOTE: There were 6 observations read from the data set WORK._T2.
NOTE: SAS sort was used.
NOTE: The data set WORK._T2 has 6 observations and 4 variables.
NOTE: PROCEDURE SORT used (Total process time):
      real time           0.00 seconds
      cpu time            0.00 seconds
      

MPRINT(COUNTPCT):   data _tabc1;
MPRINT(COUNTPCT):   merge _t2(drop=_type_) _t3 (rename=(_freq_=denom));
MPRINT(COUNTPCT):   by trt01an;
MPRINT(COUNTPCT):   **if denom > 0 then &pctvar = 100 * _freq_ / denom;
MPRINT(COUNTPCT):   if denom > 0 and _freq_>0 then pct1 = 100 * _freq_ / denom;
MPRINT(COUNTPCT):   run;

NOTE: There were 6 observations read from the data set WORK._T2.
NOTE: There were 3 observations read from the data set WORK._T3.
NOTE: The data set WORK._TABC1 has 6 observations and 6 variables.
NOTE: DATA statement used (Total process time):
      real time           0.00 seconds
      cpu time            0.01 seconds
      

MPRINT(TABCOUNT):  ;
MPRINT(TABCOUNT):   proc sort data = _tabc1;
MPRINT(TABCOUNT):   by dc_study trt01an;
MPRINT(TABCOUNT):   run;

NOTE: There were 6 observations read from the data set WORK._TABC1.
NOTE: SAS sort was used.
NOTE: The data set WORK._TABC1 has 6 observations and 6 variables.
NOTE: PROCEDURE SORT used (Total process time):
      real time           0.00 seconds
      cpu time            0.00 seconds
      

MPRINT(TABCOUNT):   data _tabptc3;
MPRINT(TABCOUNT):   set _tabc1;
MPRINT(TABCOUNT):   run;

NOTE: There were 6 observations read from the data set WORK._TABC1.
                                                                    The SAS System

NOTE: The data set WORK._TABPTC3 has 6 observations and 6 variables.
NOTE: DATA statement used (Total process time):
      real time           0.00 seconds
      cpu time            0.00 seconds
      

MPRINT(TABCOUNT):   * proc print data = _tabc&__I (obs=100);
MPRINT(TABCOUNT):   * title "tabcount: File _tabc&__I after summary ";
MPRINT(TABCOUNT):   * run;
MPRINT(TABCOUNT):   *----------------------------------------------------------------------------;
MPRINT(TABCOUNT):   * Get list of categories specified in the format in variable catvfmt ;
MPRINT(TABCOUNT):   * Flag to indicate if format found in macro variable _gotfmt ;
MPRINT(TABCOUNT):   * Categories in data set _tabptc4 ;
MPRINT(TABCOUNT):   *----------------------------------------------------------------------------;
MPRINT(TABCOUNT):   *---------------------------------------;
MPRINT(TABCOUNT):   * Reformat count and percent ;
MPRINT(TABCOUNT):   *---------------------------------------;
MPRINT(TABCOUNT):   data _tabptc3;
MPRINT(TABCOUNT):   set _tabptc3;
MPRINT(TABCOUNT):   length linlabel $250;
MPRINT(TABCOUNT):   length start $200;
MPRINT(TABCOUNT):   start = left(dc_study);
MPRINT(TABCOUNT):   linlabel=left(dc_study);
MPRINT(TABCOUNT):   if trim(linlabel) = '.' or linlabel = ' ' then delete;
MPRINT(TABCOUNT):   run;

NOTE: Numeric values have been converted to character values at the places given by: (Line):(Column).
      1403:1   1403:1   
NOTE: There were 6 observations read from the data set WORK._TABPTC3.
NOTE: The data set WORK._TABPTC3 has 3 observations and 8 variables.
NOTE: DATA statement used (Total process time):
      real time           0.00 seconds
      cpu time            0.00 seconds
      

MPRINT(TABCOUNT):   * proc print data = _tabptc3 (obs=100);
MPRINT(TABCOUNT):   * title "tabcount: File _tabptc3 after formatting statistics ";
MPRINT(TABCOUNT):   * run;
MPRINT(TABCOUNT):   *----------------------------------------------------------------------------;
MPRINT(TABCOUNT):   * If all categories are to be shown, get the list of categories from the ;
MPRINT(TABCOUNT):   * variable format and expand the file to include all the defined categories;
MPRINT(TABCOUNT):   *----------------------------------------------------------------------------;
MPRINT(TABCOUNT):   *--------------------------------------------------------------------------;
MPRINT(TABCOUNT):   * postprocess _tabptc3 to modify START variable if sortby = I and the VAR;
MPRINT(TABCOUNT):   * is numeric. This to accomodate cases where the values might be negative;
MPRINT(TABCOUNT):   *--------------------------------------------------------------------------;
                                                                    The SAS System

MPRINT(TABCOUNT):   *----------------------------------------------------------------------------;
MPRINT(TABCOUNT):   * Transpose the formatted and unformatted statistics ;
MPRINT(TABCOUNT):   *----------------------------------------------------------------------------;
MPRINT(TABCOUNT):   data _tabptc7 (keep = dc_study start linlabel value1 - value3 statord1 - statord1 pctx1 - pctx3);
MPRINT(TABCOUNT):   set _tabptc3;
MPRINT(TABCOUNT):   by dc_study start linlabel notsorted;
MPRINT(TABCOUNT):   length value1- value3 $40 statord1 - statord1 $40 pctx1 - pctx3 $10 pctx_n1 - pctx_n3 8 __temp 8;
MPRINT(TABCOUNT):   *kchan07 2016-11-1;
MPRINT(TABCOUNT):   length statval $ 40;
MPRINT(TABCOUNT):   array outval {*} $ value1 - value3;
MPRINT(TABCOUNT):   array outpct {*} $ pctx1 - pctx3;
MPRINT(TABCOUNT):   array __pn {*} pctx_n1 - pctx_n3;
MPRINT(TABCOUNT):   *kchan07 2016-11-1;
MPRINT(TABCOUNT):   retain value1 - value3 totn pctx1 - pctx3;
MPRINT(TABCOUNT):   statord1 = ' ';
MPRINT(TABCOUNT):   if first.linlabel then do;
MPRINT(TABCOUNT):   totn = 0;
MPRINT(TABCOUNT):   do i = 1 to 3;
MPRINT(TABCOUNT):   outval{i} = ' ';
MPRINT(TABCOUNT):   outpct{i} = ' ';
MPRINT(TABCOUNT):   end;
MPRINT(TABCOUNT):   end;
MPRINT(TABCOUNT):   statval = ' ';
MPRINT(TABCOUNT):   if _freq_ = . then _freq_ = 0;
MPRINT(TABCOUNT):   statval = put(_freq_, 3. );
MPRINT(TABCOUNT):   len = length(statval);
MPRINT(TABCOUNT):   *if pct&__I = . then do;
MPRINT(TABCOUNT):   ** kdaughtry 07Oct08 - if count=0, then pct=0 **;
MPRINT(TABCOUNT):   *pct&__I = 0;
MPRINT(TABCOUNT):   *percent = 0;
MPRINT(TABCOUNT):   *end;
MPRINT(TABCOUNT):   if 0 < pct1 < 0.1 then do;
MPRINT(TABCOUNT):   statval = substr(statval,1,len) || " ( <0.1%)";
MPRINT(TABCOUNT):   percent = pct1;
MPRINT(TABCOUNT):   end;
MPRINT(TABCOUNT):   else do;
MPRINT(TABCOUNT):   if pct1 ne . then percent = round(pct1,0.1);
MPRINT(TABCOUNT):   if percent>0 then statval = substr(statval,1,len) || " (" || put(percent,5.1) || "%)";
MPRINT(TABCOUNT):   else statval= substr(statval,1,len);
MPRINT(TABCOUNT):   end;
MPRINT(TABCOUNT):   drop len;
MPRINT(TABCOUNT):   *if (totn=.) then totn = _freq_;
MPRINT(TABCOUNT):   *else if (_freq_>.) then totn = totn + _freq_;
MPRINT(TABCOUNT):   totn=sum(totn, _freq_);
MPRINT(TABCOUNT):   *klc 27may2015;
MPRINT(TABCOUNT):   outval{trt01an} = statval;
                                                                    The SAS System

MPRINT(TABCOUNT):   __pn{trt01an} = percent;
MPRINT(TABCOUNT):   *kchan07 2016-11-1;
MPRINT(TABCOUNT):   outpct{trt01an} = compress(put(percent,best.));
MPRINT(TABCOUNT):   if last.linlabel then do;
MPRINT(TABCOUNT):   if "F" = "F" then statord1 = put(1000000-totn,z7.);
MPRINT(TABCOUNT):   if "F" = "A" then statord1 = ' ';
MPRINT(TABCOUNT):   if "F" = "I" then statord1 = start;
MPRINT(TABCOUNT):   if "F" = "M" then do;
MPRINT(TABCOUNT):   __temp=pctx_n1;
MPRINT(TABCOUNT):   __temp = max(of pctx_n1 - pctx_n2);
MPRINT(TABCOUNT):   statord1=compress(put(__temp,z9.5));
MPRINT(TABCOUNT):   end;
MPRINT(TABCOUNT):   if "F" = "T" then statord1 = put(percent,6.2);
MPRINT(TABCOUNT):   output;
MPRINT(TABCOUNT):   end;
MPRINT(TABCOUNT):   run;

NOTE: There were 3 observations read from the data set WORK._TABPTC3.
NOTE: The data set WORK._TABPTC7 has 1 observations and 10 variables.
NOTE: DATA statement used (Total process time):
      real time           0.00 seconds
      cpu time            0.00 seconds
      

MPRINT(TABCOUNT):   * proc print data = _tabptc7 (obs=100);
MPRINT(TABCOUNT):   * title "tabcount: File _tabptc7 after transpose";
MPRINT(TABCOUNT):   * run;
MPRINT(TABCOUNT):   *---------------------------------------;
MPRINT(TABCOUNT):   * CHISQ, CMH, EXACT p-values ;
MPRINT(TABCOUNT):   *---------------------------------------;
MPRINT(TABCOUNT):   *----------------------------------------------------------------------------;
MPRINT(TABCOUNT):   * If overall p-values are requested, generate and add to the dataset ;
MPRINT(TABCOUNT):   *----------------------------------------------------------------------------;
MPRINT(TABCOUNT):   *----------------------------------------------------------------------------;
MPRINT(TABCOUNT):   * If pairwise p-values are requested, generate and add to the dataset ;
MPRINT(TABCOUNT):   *----------------------------------------------------------------------------;
MPRINT(TABCOUNT):   *---------------------------------------;
MPRINT(TABCOUNT):   * Get Patient With Event totals -------;
MPRINT(TABCOUNT):   *---------------------------------------;
MPRINT(TABCOUNT):   *----------------------------------------------------------------------------;
MPRINT(TABCOUNT):   * Final data massage before merging with accumulated statistics ;
MPRINT(TABCOUNT):   *----------------------------------------------------------------------------;
MPRINT(TABCOUNT):   * proc print data = _tabptc7;
MPRINT(TABCOUNT):   * title "tabcount: File _tabptc7 ";
MPRINT(TABCOUNT):   * run;
MPRINT(TABCOUNT):   data _tabptc7;
                                                                    The SAS System

MPRINT(TABCOUNT):   set _tabptc7;
MPRINT(TABCOUNT):   length statord $40;
MPRINT(TABCOUNT):   statord = ' ';
MPRINT(TABCOUNT):   sortord=12;
MPRINT(TABCOUNT):   type = "PTCT";
MPRINT(TABCOUNT):   level = 1;
MPRINT(TABCOUNT):   array vl {*} value1 - value3;
MPRINT(TABCOUNT):   if trim(start) eq '.' or start = ' ' then delete;
MPRINT(TABCOUNT):   do i = 1 to 3;
MPRINT(TABCOUNT):   if vl{i} = ' ' then do;
MPRINT(TABCOUNT):   vl{i} = put(0, 3. );
MPRINT(TABCOUNT):   len = length(vl{i});
MPRINT(TABCOUNT):   **vl{i} = substr(vl{i},1,len) || " (" || put(0,&pctfmt) || "%)";
MPRINT(TABCOUNT):   vl{i} = substr(vl{i},1,len);
MPRINT(TABCOUNT):   drop len;
MPRINT(TABCOUNT):   end;
MPRINT(TABCOUNT):   end;
MPRINT(TABCOUNT):   drop i;
MPRINT(TABCOUNT):   length pvalc1 pvalc2 $10;
MPRINT(TABCOUNT):   pvalc1='';
MPRINT(TABCOUNT):   pvalc2='';
MPRINT(TABCOUNT):   run;

NOTE: There were 1 observations read from the data set WORK._TABPTC7.
NOTE: The data set WORK._TABPTC7 has 1 observations and 16 variables.
NOTE: DATA statement used (Total process time):
      real time           0.00 seconds
      cpu time            0.00 seconds
      

MPRINT(TABCOUNT):   data _tabptc7;
MPRINT(TABCOUNT):   set _tabptc7;
MPRINT(TABCOUNT):   format pvalc1 pvalc2;
MPRINT(TABCOUNT):   run;

NOTE: There were 1 observations read from the data set WORK._TABPTC7.
NOTE: The data set WORK._TABPTC7 has 1 observations and 16 variables.
NOTE: DATA statement used (Total process time):
      real time           0.00 seconds
      cpu time            0.00 seconds
      

MPRINT(TABCOUNT):   data combine;
MPRINT(TABCOUNT):   set combine _tabptc7;
MPRINT(TABCOUNT):   length label1 $ 250;
MPRINT(TABCOUNT):   if sortord = 12 then do;
                                                                    The SAS System

MPRINT(TABCOUNT):   if 1 = 1 then label1 = trim("") || " " || left("");
MPRINT(TABCOUNT):   if 1 > 1 then label1 = left("");
MPRINT(TABCOUNT):   if 1 < 0 then label1 = trim(label1) || ",";
MPRINT(TABCOUNT):   if 1 > 1 then label1 = "And " || left("");
MPRINT(TABCOUNT):   end;
MPRINT(TABCOUNT):   run;

NOTE: There were 11 observations read from the data set WORK.COMBINE.
NOTE: There were 1 observations read from the data set WORK._TABPTC7.
NOTE: The data set WORK.COMBINE has 12 observations and 30 variables.
NOTE: DATA statement used (Total process time):
      real time           0.00 seconds
      cpu time            0.01 seconds
      

MPRINT(TABCOUNT):   *----------------------------------------------------------------------------;
MPRINT(TABCOUNT):   * Cleanup ;
MPRINT(TABCOUNT):   *----------------------------------------------------------------------------;
MPRINT(TABCOUNT):   proc datasets library = work nolist;
MPRINT(TABCOUNT):   *delete _tabptc1 _tabptc2 _tabptc3 _tabptc4 _tabptc5 _tabptc6 _tabptc7 _tabptc8 _tabptc9;
MPRINT(TABCOUNT):   delete _tabptc: ;
MPRINT(TABCOUNT):   *2016-11-29 kchan07;
MPRINT(TABCOUNT):   quit;

NOTE: Deleting WORK._TABPTC3 (memtype=DATA).
NOTE: Deleting WORK._TABPTC7 (memtype=DATA).
NOTE: PROCEDURE DATASETS used (Total process time):
      real time           0.00 seconds
      cpu time            0.00 seconds
      

MPRINT(MAIN):  ;
MPRINT(TABCOUNT):   *** this logic moved to tabdesc ***;
MPRINT(TABCOUNT):  ;
MPRINT(TABCOUNT):   ** if one of subsetting vars (&_spercent, &_sdpvar, &_stpvar, &_spctvar, &_sopvar) **;
MPRINT(TABCOUNT):   ** is specified, then &denom cannot be specified **;
MPRINT(TABCOUNT):  ;
MPRINT(TABCOUNT):   *----------------------------------------------------------------------------;
MPRINT(TABCOUNT):   * Get variable attributes (type, label, format) ;
MPRINT(TABCOUNT):   * Cancel run if variable .does not. exist ;
MPRINT(TABCOUNT):   *----------------------------------------------------------------------------;
MPRINT(TABCOUNT):   data _null_;
MPRINT(TABCOUNT):   length label1 $250;
MPRINT(TABCOUNT):   ds = open("analf","i");
MPRINT(TABCOUNT):   var = varnum(ds , "ae_death");
MPRINT(TABCOUNT):   if not(var) then do;
                                                                    The SAS System

MPRINT(TABCOUNT):   call symput("_errcode","F");
MPRINT(TABCOUNT):   call symput("_errmsg","Patient count analysis variable ae_death "|| '.does not.'||' exist - cancelling run' );
MPRINT(TABCOUNT):   *klc 2016-10-26;
MPRINT(TABCOUNT):   stop;
MPRINT(TABCOUNT):   end;
MPRINT(TABCOUNT):   else do;
MPRINT(TABCOUNT):   label1 = varlabel(ds,var);
MPRINT(TABCOUNT):   label1 = translate(label1,' ','~');
MPRINT(TABCOUNT):   call symput("_ptclab1",trim(label1));
MPRINT(TABCOUNT):   call symput("_ptcfmt1",varfmt(ds,var));
MPRINT(TABCOUNT):   call symput("catvfmt",varfmt(ds,var));
MPRINT(TABCOUNT):   typ = vartype(ds,var);
MPRINT(TABCOUNT):   call symput("type",typ);
MPRINT(TABCOUNT):   end;
MPRINT(TABCOUNT):   run;

INFO: Character variables have defaulted to a length of 200 at the places given by: (Line):(Column). Truncation can result.
      1403:71  TYP
NOTE: DATA statement used (Total process time):
      real time           0.00 seconds
      cpu time            0.00 seconds
      

MPRINT(TABCOUNT):   *-----------------------------------------------------------;
MPRINT(TABCOUNT):   * General routine for count and percent statistics ;
MPRINT(TABCOUNT):   *-----------------------------------------------------------;
MPRINT(TABCOUNT):   *-----------------------------------------------------------;
MPRINT(TABCOUNT):   * Do count and percent once for each requested denominator;
MPRINT(TABCOUNT):   *-----------------------------------------------------------;
MPRINT(TABCOUNT):  ;
MPRINT(COUNTPCT):   proc sort data = analf out = _t1 nodupkey;
MPRINT(COUNTPCT):   by trt01an ae_death usubjid;
MPRINT(COUNTPCT):   run;

NOTE: There were 200 observations read from the data set WORK.ANALF.
NOTE: SAS sort was used.
NOTE: 0 observations with duplicate key values were deleted.
NOTE: The data set WORK._T1 has 200 observations and 52 variables.
NOTE: PROCEDURE SORT used (Total process time):
      real time           0.00 seconds
      cpu time            0.00 seconds
      

MPRINT(COUNTPCT):   proc summary data=_t1 nway;
MPRINT(COUNTPCT):   by trt01an ae_death;
MPRINT(COUNTPCT):   format trt01an ae_death;
                                                                    The SAS System

MPRINT(COUNTPCT):   output out=_t2;
MPRINT(COUNTPCT):   run;

NOTE: There were 200 observations read from the data set WORK._T1.
NOTE: The data set WORK._T2 has 6 observations and 4 variables.
NOTE: PROCEDURE SUMMARY used (Total process time):
      real time           0.00 seconds
      cpu time            0.00 seconds
      

MPRINT(COUNTPCT):   * proc print data = _t2 (obs=100);
MPRINT(COUNTPCT):   * title "tabcount: File _t2 after summary with denominator &countby ";
MPRINT(COUNTPCT):   * run;
MPRINT(COUNTPCT):   proc sort data = analf out = _t1 nodupkey;
MPRINT(COUNTPCT):   by trt01an usubjid;
MPRINT(COUNTPCT):   run;

NOTE: There were 200 observations read from the data set WORK.ANALF.
NOTE: SAS sort was used.
NOTE: 0 observations with duplicate key values were deleted.
NOTE: The data set WORK._T1 has 200 observations and 52 variables.
NOTE: PROCEDURE SORT used (Total process time):
      real time           0.00 seconds
      cpu time            0.00 seconds
      

MPRINT(COUNTPCT):   proc summary data=_t1 nway;
MPRINT(COUNTPCT):   by trt01an;
MPRINT(COUNTPCT):   format trt01an;
MPRINT(COUNTPCT):   output out=_t3;
MPRINT(COUNTPCT):   run;

NOTE: There were 200 observations read from the data set WORK._T1.
NOTE: The data set WORK._T3 has 3 observations and 3 variables.
NOTE: PROCEDURE SUMMARY used (Total process time):
      real time           0.00 seconds
      cpu time            0.01 seconds
      

MPRINT(COUNTPCT):   * proc print data = _t3 (obs=100);
MPRINT(COUNTPCT):   * title "tabcount: File _t3 after summary with denominator &pctby";
MPRINT(COUNTPCT):   * run;
MPRINT(COUNTPCT):   proc sort data = _t2;
MPRINT(COUNTPCT):   by trt01an;
MPRINT(COUNTPCT):   run;

                                                                    The SAS System

NOTE: There were 6 observations read from the data set WORK._T2.
NOTE: SAS sort was used.
NOTE: The data set WORK._T2 has 6 observations and 4 variables.
NOTE: PROCEDURE SORT used (Total process time):
      real time           0.00 seconds
      cpu time            0.00 seconds
      

MPRINT(COUNTPCT):   data _tabc1;
MPRINT(COUNTPCT):   merge _t2(drop=_type_) _t3 (rename=(_freq_=denom));
MPRINT(COUNTPCT):   by trt01an;
MPRINT(COUNTPCT):   **if denom > 0 then &pctvar = 100 * _freq_ / denom;
MPRINT(COUNTPCT):   if denom > 0 and _freq_>0 then pct1 = 100 * _freq_ / denom;
MPRINT(COUNTPCT):   run;

NOTE: There were 6 observations read from the data set WORK._T2.
NOTE: There were 3 observations read from the data set WORK._T3.
NOTE: The data set WORK._TABC1 has 6 observations and 6 variables.
NOTE: DATA statement used (Total process time):
      real time           0.00 seconds
      cpu time            0.00 seconds
      

MPRINT(TABCOUNT):  ;
MPRINT(TABCOUNT):   proc sort data = _tabc1;
MPRINT(TABCOUNT):   by ae_death trt01an;
MPRINT(TABCOUNT):   run;

NOTE: There were 6 observations read from the data set WORK._TABC1.
NOTE: SAS sort was used.
NOTE: The data set WORK._TABC1 has 6 observations and 6 variables.
NOTE: PROCEDURE SORT used (Total process time):
      real time           0.00 seconds
      cpu time            0.00 seconds
      

MPRINT(TABCOUNT):   data _tabptc3;
MPRINT(TABCOUNT):   set _tabc1;
MPRINT(TABCOUNT):   run;

NOTE: There were 6 observations read from the data set WORK._TABC1.
NOTE: The data set WORK._TABPTC3 has 6 observations and 6 variables.
NOTE: DATA statement used (Total process time):
      real time           0.00 seconds
      cpu time            0.00 seconds
      
                                                                    The SAS System


MPRINT(TABCOUNT):   * proc print data = _tabc&__I (obs=100);
MPRINT(TABCOUNT):   * title "tabcount: File _tabc&__I after summary ";
MPRINT(TABCOUNT):   * run;
MPRINT(TABCOUNT):   *----------------------------------------------------------------------------;
MPRINT(TABCOUNT):   * Get list of categories specified in the format in variable catvfmt ;
MPRINT(TABCOUNT):   * Flag to indicate if format found in macro variable _gotfmt ;
MPRINT(TABCOUNT):   * Categories in data set _tabptc4 ;
MPRINT(TABCOUNT):   *----------------------------------------------------------------------------;
MPRINT(TABCOUNT):   *---------------------------------------;
MPRINT(TABCOUNT):   * Reformat count and percent ;
MPRINT(TABCOUNT):   *---------------------------------------;
MPRINT(TABCOUNT):   data _tabptc3;
MPRINT(TABCOUNT):   set _tabptc3;
MPRINT(TABCOUNT):   length linlabel $250;
MPRINT(TABCOUNT):   length start $200;
MPRINT(TABCOUNT):   start = left(ae_death);
MPRINT(TABCOUNT):   linlabel=left(ae_death);
MPRINT(TABCOUNT):   if trim(linlabel) = '.' or linlabel = ' ' then delete;
MPRINT(TABCOUNT):   run;

NOTE: Numeric values have been converted to character values at the places given by: (Line):(Column).
      1403:1   1403:1   
NOTE: There were 6 observations read from the data set WORK._TABPTC3.
NOTE: The data set WORK._TABPTC3 has 3 observations and 8 variables.
NOTE: DATA statement used (Total process time):
      real time           0.00 seconds
      cpu time            0.01 seconds
      

MPRINT(TABCOUNT):   * proc print data = _tabptc3 (obs=100);
MPRINT(TABCOUNT):   * title "tabcount: File _tabptc3 after formatting statistics ";
MPRINT(TABCOUNT):   * run;
MPRINT(TABCOUNT):   *----------------------------------------------------------------------------;
MPRINT(TABCOUNT):   * If all categories are to be shown, get the list of categories from the ;
MPRINT(TABCOUNT):   * variable format and expand the file to include all the defined categories;
MPRINT(TABCOUNT):   *----------------------------------------------------------------------------;
MPRINT(TABCOUNT):   *--------------------------------------------------------------------------;
MPRINT(TABCOUNT):   * postprocess _tabptc3 to modify START variable if sortby = I and the VAR;
MPRINT(TABCOUNT):   * is numeric. This to accomodate cases where the values might be negative;
MPRINT(TABCOUNT):   *--------------------------------------------------------------------------;
MPRINT(TABCOUNT):   *----------------------------------------------------------------------------;
MPRINT(TABCOUNT):   * Transpose the formatted and unformatted statistics ;
MPRINT(TABCOUNT):   *----------------------------------------------------------------------------;
MPRINT(TABCOUNT):   data _tabptc7 (keep = ae_death start linlabel value1 - value3 statord1 - statord1 pctx1 - pctx3);
MPRINT(TABCOUNT):   set _tabptc3;
                                                                    The SAS System

MPRINT(TABCOUNT):   by ae_death start linlabel notsorted;
MPRINT(TABCOUNT):   length value1- value3 $40 statord1 - statord1 $40 pctx1 - pctx3 $10 pctx_n1 - pctx_n3 8 __temp 8;
MPRINT(TABCOUNT):   *kchan07 2016-11-1;
MPRINT(TABCOUNT):   length statval $ 40;
MPRINT(TABCOUNT):   array outval {*} $ value1 - value3;
MPRINT(TABCOUNT):   array outpct {*} $ pctx1 - pctx3;
MPRINT(TABCOUNT):   array __pn {*} pctx_n1 - pctx_n3;
MPRINT(TABCOUNT):   *kchan07 2016-11-1;
MPRINT(TABCOUNT):   retain value1 - value3 totn pctx1 - pctx3;
MPRINT(TABCOUNT):   statord1 = ' ';
MPRINT(TABCOUNT):   if first.linlabel then do;
MPRINT(TABCOUNT):   totn = 0;
MPRINT(TABCOUNT):   do i = 1 to 3;
MPRINT(TABCOUNT):   outval{i} = ' ';
MPRINT(TABCOUNT):   outpct{i} = ' ';
MPRINT(TABCOUNT):   end;
MPRINT(TABCOUNT):   end;
MPRINT(TABCOUNT):   statval = ' ';
MPRINT(TABCOUNT):   if _freq_ = . then _freq_ = 0;
MPRINT(TABCOUNT):   statval = put(_freq_, 3. );
MPRINT(TABCOUNT):   len = length(statval);
MPRINT(TABCOUNT):   *if pct&__I = . then do;
MPRINT(TABCOUNT):   ** kdaughtry 07Oct08 - if count=0, then pct=0 **;
MPRINT(TABCOUNT):   *pct&__I = 0;
MPRINT(TABCOUNT):   *percent = 0;
MPRINT(TABCOUNT):   *end;
MPRINT(TABCOUNT):   if 0 < pct1 < 0.1 then do;
MPRINT(TABCOUNT):   statval = substr(statval,1,len) || " ( <0.1%)";
MPRINT(TABCOUNT):   percent = pct1;
MPRINT(TABCOUNT):   end;
MPRINT(TABCOUNT):   else do;
MPRINT(TABCOUNT):   if pct1 ne . then percent = round(pct1,0.1);
MPRINT(TABCOUNT):   if percent>0 then statval = substr(statval,1,len) || " (" || put(percent,5.1) || "%)";
MPRINT(TABCOUNT):   else statval= substr(statval,1,len);
MPRINT(TABCOUNT):   end;
MPRINT(TABCOUNT):   drop len;
MPRINT(TABCOUNT):   *if (totn=.) then totn = _freq_;
MPRINT(TABCOUNT):   *else if (_freq_>.) then totn = totn + _freq_;
MPRINT(TABCOUNT):   totn=sum(totn, _freq_);
MPRINT(TABCOUNT):   *klc 27may2015;
MPRINT(TABCOUNT):   outval{trt01an} = statval;
MPRINT(TABCOUNT):   __pn{trt01an} = percent;
MPRINT(TABCOUNT):   *kchan07 2016-11-1;
MPRINT(TABCOUNT):   outpct{trt01an} = compress(put(percent,best.));
MPRINT(TABCOUNT):   if last.linlabel then do;
MPRINT(TABCOUNT):   if "F" = "F" then statord1 = put(1000000-totn,z7.);
                                                                    The SAS System

MPRINT(TABCOUNT):   if "F" = "A" then statord1 = ' ';
MPRINT(TABCOUNT):   if "F" = "I" then statord1 = start;
MPRINT(TABCOUNT):   if "F" = "M" then do;
MPRINT(TABCOUNT):   __temp=pctx_n1;
MPRINT(TABCOUNT):   __temp = max(of pctx_n1 - pctx_n2);
MPRINT(TABCOUNT):   statord1=compress(put(__temp,z9.5));
MPRINT(TABCOUNT):   end;
MPRINT(TABCOUNT):   if "F" = "T" then statord1 = put(percent,6.2);
MPRINT(TABCOUNT):   output;
MPRINT(TABCOUNT):   end;
MPRINT(TABCOUNT):   run;

NOTE: There were 3 observations read from the data set WORK._TABPTC3.
NOTE: The data set WORK._TABPTC7 has 1 observations and 10 variables.
NOTE: DATA statement used (Total process time):
      real time           0.00 seconds
      cpu time            0.01 seconds
      

MPRINT(TABCOUNT):   * proc print data = _tabptc7 (obs=100);
MPRINT(TABCOUNT):   * title "tabcount: File _tabptc7 after transpose";
MPRINT(TABCOUNT):   * run;
MPRINT(TABCOUNT):   *---------------------------------------;
MPRINT(TABCOUNT):   * CHISQ, CMH, EXACT p-values ;
MPRINT(TABCOUNT):   *---------------------------------------;
MPRINT(TABCOUNT):   *----------------------------------------------------------------------------;
MPRINT(TABCOUNT):   * If overall p-values are requested, generate and add to the dataset ;
MPRINT(TABCOUNT):   *----------------------------------------------------------------------------;
MPRINT(TABCOUNT):   *----------------------------------------------------------------------------;
MPRINT(TABCOUNT):   * If pairwise p-values are requested, generate and add to the dataset ;
MPRINT(TABCOUNT):   *----------------------------------------------------------------------------;
MPRINT(TABCOUNT):   *---------------------------------------;
MPRINT(TABCOUNT):   * Get Patient With Event totals -------;
MPRINT(TABCOUNT):   *---------------------------------------;
MPRINT(TABCOUNT):   *----------------------------------------------------------------------------;
MPRINT(TABCOUNT):   * Final data massage before merging with accumulated statistics ;
MPRINT(TABCOUNT):   *----------------------------------------------------------------------------;
MPRINT(TABCOUNT):   * proc print data = _tabptc7;
MPRINT(TABCOUNT):   * title "tabcount: File _tabptc7 ";
MPRINT(TABCOUNT):   * run;
MPRINT(TABCOUNT):   data _tabptc7;
MPRINT(TABCOUNT):   set _tabptc7;
MPRINT(TABCOUNT):   length statord $40;
MPRINT(TABCOUNT):   statord = ' ';
MPRINT(TABCOUNT):   sortord=13;
MPRINT(TABCOUNT):   type = "PTCT";
                                                                    The SAS System

MPRINT(TABCOUNT):   level = 1;
MPRINT(TABCOUNT):   array vl {*} value1 - value3;
MPRINT(TABCOUNT):   if trim(start) eq '.' or start = ' ' then delete;
MPRINT(TABCOUNT):   do i = 1 to 3;
MPRINT(TABCOUNT):   if vl{i} = ' ' then do;
MPRINT(TABCOUNT):   vl{i} = put(0, 3. );
MPRINT(TABCOUNT):   len = length(vl{i});
MPRINT(TABCOUNT):   **vl{i} = substr(vl{i},1,len) || " (" || put(0,&pctfmt) || "%)";
MPRINT(TABCOUNT):   vl{i} = substr(vl{i},1,len);
MPRINT(TABCOUNT):   drop len;
MPRINT(TABCOUNT):   end;
MPRINT(TABCOUNT):   end;
MPRINT(TABCOUNT):   drop i;
MPRINT(TABCOUNT):   length pvalc1 pvalc2 $10;
MPRINT(TABCOUNT):   pvalc1='';
MPRINT(TABCOUNT):   pvalc2='';
MPRINT(TABCOUNT):   run;

NOTE: There were 1 observations read from the data set WORK._TABPTC7.
NOTE: The data set WORK._TABPTC7 has 1 observations and 16 variables.
NOTE: DATA statement used (Total process time):
      real time           0.00 seconds
      cpu time            0.00 seconds
      

MPRINT(TABCOUNT):   data _tabptc7;
MPRINT(TABCOUNT):   set _tabptc7;
MPRINT(TABCOUNT):   format pvalc1 pvalc2;
MPRINT(TABCOUNT):   run;

NOTE: There were 1 observations read from the data set WORK._TABPTC7.
NOTE: The data set WORK._TABPTC7 has 1 observations and 16 variables.
NOTE: DATA statement used (Total process time):
      real time           0.00 seconds
      cpu time            0.00 seconds
      

MPRINT(TABCOUNT):   data combine;
MPRINT(TABCOUNT):   set combine _tabptc7;
MPRINT(TABCOUNT):   length label1 $ 250;
MPRINT(TABCOUNT):   if sortord = 13 then do;
MPRINT(TABCOUNT):   if 1 = 1 then label1 = trim("") || " " || left("");
MPRINT(TABCOUNT):   if 1 > 1 then label1 = left("");
MPRINT(TABCOUNT):   if 1 < 0 then label1 = trim(label1) || ",";
MPRINT(TABCOUNT):   if 1 > 1 then label1 = "And " || left("");
MPRINT(TABCOUNT):   end;
                                                                    The SAS System

MPRINT(TABCOUNT):   run;

NOTE: There were 12 observations read from the data set WORK.COMBINE.
NOTE: There were 1 observations read from the data set WORK._TABPTC7.
NOTE: The data set WORK.COMBINE has 13 observations and 31 variables.
NOTE: DATA statement used (Total process time):
      real time           0.00 seconds
      cpu time            0.00 seconds
      

MPRINT(TABCOUNT):   *----------------------------------------------------------------------------;
MPRINT(TABCOUNT):   * Cleanup ;
MPRINT(TABCOUNT):   *----------------------------------------------------------------------------;
MPRINT(TABCOUNT):   proc datasets library = work nolist;
MPRINT(TABCOUNT):   *delete _tabptc1 _tabptc2 _tabptc3 _tabptc4 _tabptc5 _tabptc6 _tabptc7 _tabptc8 _tabptc9;
MPRINT(TABCOUNT):   delete _tabptc: ;
MPRINT(TABCOUNT):   *2016-11-29 kchan07;
MPRINT(TABCOUNT):   quit;

NOTE: Deleting WORK._TABPTC3 (memtype=DATA).
NOTE: Deleting WORK._TABPTC7 (memtype=DATA).
NOTE: PROCEDURE DATASETS used (Total process time):
      real time           0.00 seconds
      cpu time            0.00 seconds
      

MPRINT(MAIN):  ;
MPRINT(MAIN):   data combine;
MPRINT(MAIN):   set combine;
MPRINT(MAIN):   length _newlbl $80;
MPRINT(MAIN):   select (sortord);
MPRINT(MAIN):   when (1) _newlbl = 'Any TEAE';
MPRINT(MAIN):   when (2) _newlbl = 'TEAE with Grade 3 or Higher';
MPRINT(MAIN):   when (3) _newlbl = 'TEAE with Grade 2 or Higher';
MPRINT(MAIN):   when (4) _newlbl = 'TEAE Related to Study Drug';
MPRINT(MAIN):   when (5) _newlbl = 'TEAE Related to Study Drug with Grade 3 or Higher';
MPRINT(MAIN):   when (6) _newlbl = 'TEAE Related to Study Drug with Grade 2 or Higher';
MPRINT(MAIN):   when (7) _newlbl = 'TE Serious AE';
MPRINT(MAIN):   when (8) _newlbl = 'TE Serious AE Related to Study Drug';
MPRINT(MAIN):   when (9) _newlbl = 'TEAE Leading to Discontinuation of Study Drug';
MPRINT(MAIN):   when (10) _newlbl = 'TEAE Leading to Dose Interruption of Study Drug';
MPRINT(MAIN):   when (11) _newlbl = 'TEAE Leading to Dose Reduction of Study Drug';
MPRINT(MAIN):   when (12) _newlbl = 'TEAE Leading to Discontinuation of Study';
MPRINT(MAIN):   when (13) _newlbl = 'TEAE Leading to Death';
MPRINT(MAIN):   otherwise _newlbl = ' ';
MPRINT(MAIN):   end;
                                                                    The SAS System

MPRINT(MAIN):   if _newlbl ne ' ' then linlabel = _newlbl;
MPRINT(MAIN):   drop _newlbl;
MPRINT(MAIN):   run;

NOTE: There were 13 observations read from the data set WORK.COMBINE.
NOTE: The data set WORK.COMBINE has 13 observations and 31 variables.
NOTE: DATA statement used (Total process time):
      real time           0.00 seconds
      cpu time            0.00 seconds
      

MPRINT(TABPREP):   options missing = ' ';
MPRINT(TABPREP):   **Set the value of parameter wantrtf = N in the code regardless of the value in the macro call**;
MPRINT(TABPREP):   options pagesize=48;
MPRINT(TABPREP):   ********************************************;
MPRINT(TABPREP):   *** number of columns per page ***;
MPRINT(TABPREP):   *** = # of trt group +1 (if ocprint) ***;
MPRINT(TABPREP):   *** + number of overall p-values ***;
MPRINT(TABPREP):   *** + number of ci column ***;
MPRINT(TABPREP):   *** + number of p-values for comparison***;
MPRINT(TABPREP):   ********************************************;
MPRINT(TABPREP):  ;
MPRINT(TABPREP):  ;
MPRINT(TABPREP):   ;
MPRINT(TABPREP):   data _null_;
MPRINT(TABPREP):   retain maxstat 0;
MPRINT(TABPREP):   maxstat=maxstat+4;
MPRINT(TABPREP):   call symput('statmaxl',trim(left(put(maxstat,5.0))) );
MPRINT(TABPREP):   stop;
MPRINT(TABPREP):   run;

NOTE: DATA statement used (Total process time):
      real time           0.00 seconds
      cpu time            0.00 seconds
      

MPRINT(TABPREP):   *kchan07 20april2015;
MPRINT(TABPREP):   data m_combine;
MPRINT(TABPREP):   set combine;
MPRINT(TABPREP):   run;

NOTE: There were 13 observations read from the data set WORK.COMBINE.
NOTE: The data set WORK.M_COMBINE has 13 observations and 31 variables.
NOTE: DATA statement used (Total process time):
      real time           0.00 seconds
      cpu time            0.00 seconds
                                                                    The SAS System

      

MPRINT(TABPREP):   data _null_;
MPRINT(TABPREP):   set m_combine end = eof;
MPRINT(TABPREP):   retain maxoc 0;
MPRINT(TABPREP):   if eof then call symput ('maxoc',compress(put(maxoc,best.)));
MPRINT(TABPREP):   run;

NOTE: There were 13 observations read from the data set WORK.M_COMBINE.
NOTE: DATA statement used (Total process time):
      real time           0.00 seconds
      cpu time            0.00 seconds
      

MPRINT(TABPREP):   data _null_;
MPRINT(TABPREP):   length linlabel $250 value1 - value3 $40;
MPRINT(TABPREP):   level = .;
MPRINT(TABPREP):   set m_combine end = eof;
MPRINT(TABPREP):   retain maxstat maxbyln 0;
MPRINT(TABPREP):   length _lab_ _lab2_ $250;
MPRINT(TABPREP):   lablines = 0;
MPRINT(TABPREP):   lablines = length(compress("~Number (%) of Participants with",'~','k'));
MPRINT(TABPREP):   maxstat=max(maxstat,length(value1) );
MPRINT(TABPREP):   if 0 < level < 1 then maxstat = max(maxstat,length(value1)+2 );
MPRINT(TABPREP):   maxstat=max(maxstat,length(value2) );
MPRINT(TABPREP):   if 0 < level < 1 then maxstat = max(maxstat,length(value2)+2 );
MPRINT(TABPREP):   maxstat=max(maxstat,length(value3) );
MPRINT(TABPREP):   if 0 < level < 1 then maxstat = max(maxstat,length(value3)+2 );
MPRINT(TABPREP):   if ^eof then return;
MPRINT(TABPREP):   _lab_ = trim(put(1,TRTFMT. )) || compress("~(N=          50)");
MPRINT(TABPREP):   if "Y" = "Y" and 1 = 3 then _lab_ = "Total" || compress("~(N=          50)");
MPRINT(TABPREP):   call symput ("_collb1", trim(_lab_) );
MPRINT(TABPREP):   if "" ne " " then _lab_ = trim(_lab_) || "~";
MPRINT(TABPREP):   lines = length(compress('~'||_lab_,'~','k'));
MPRINT(TABPREP):   lablines = max(lablines, lines);
MPRINT(TABPREP):   _lab_ = trim(put(2,TRTFMT. )) || compress("~(N=          50)");
MPRINT(TABPREP):   if "Y" = "Y" and 2 = 3 then _lab_ = "Total" || compress("~(N=          50)");
MPRINT(TABPREP):   call symput ("_collb2", trim(_lab_) );
MPRINT(TABPREP):   if "" ne " " then _lab_ = trim(_lab_) || "~";
MPRINT(TABPREP):   lines = length(compress('~'||_lab_,'~','k'));
MPRINT(TABPREP):   lablines = max(lablines, lines);
MPRINT(TABPREP):   _lab_ = trim(put(3,TRTFMT. )) || compress("~(N=         100)");
MPRINT(TABPREP):   if "Y" = "Y" and 3 = 3 then _lab_ = "Total" || compress("~(N=         100)");
MPRINT(TABPREP):   call symput ("_collb3", trim(_lab_) );
MPRINT(TABPREP):   if "" ne " " then _lab_ = trim(_lab_) || "~";
MPRINT(TABPREP):   lines = length(compress('~'||_lab_,'~','k'));
                                                                    The SAS System

MPRINT(TABPREP):   lablines = max(lablines, lines);
MPRINT(TABPREP):   call symput ( "colhd" , put(lablines + 2 , 3.0 ) );
MPRINT(TABPREP):   _lab2_ = put(1,TRTFMT.) || compress("~(N=          50)");
MPRINT(TABPREP):   if "" ne " " then _lab_ = trim(_lab_) || "~";
MPRINT(TABPREP):   do j = 1 to 10;
MPRINT(TABPREP):   _lab_ = left(scan(_lab2_,j,'~'));
MPRINT(TABPREP):   maxlen = max(4,maxstat,maxlen,length(trim(_lab_)));
MPRINT(TABPREP):   maxhdr = max(4,maxhdr,length(trim(_lab_)));
MPRINT(TABPREP):   end;
MPRINT(TABPREP):   _lab2_ = put(2,TRTFMT.) || compress("~(N=          50)");
MPRINT(TABPREP):   if "" ne " " then _lab_ = trim(_lab_) || "~";
MPRINT(TABPREP):   do j = 1 to 10;
MPRINT(TABPREP):   _lab_ = left(scan(_lab2_,j,'~'));
MPRINT(TABPREP):   maxlen = max(4,maxstat,maxlen,length(trim(_lab_)));
MPRINT(TABPREP):   maxhdr = max(4,maxhdr,length(trim(_lab_)));
MPRINT(TABPREP):   end;
MPRINT(TABPREP):   _lab2_ = put(3,TRTFMT.) || compress("~(N=         100)");
MPRINT(TABPREP):   if "" ne " " then _lab_ = trim(_lab_) || "~";
MPRINT(TABPREP):   do j = 1 to 10;
MPRINT(TABPREP):   _lab_ = left(scan(_lab2_,j,'~'));
MPRINT(TABPREP):   maxlen = max(4,maxstat,maxlen,length(trim(_lab_)));
MPRINT(TABPREP):   maxhdr = max(4,maxhdr,length(trim(_lab_)));
MPRINT(TABPREP):   end;
MPRINT(TABPREP):   call symput('statmaxl',trim(left(put(maxlen,5.0))) );
MPRINT(TABPREP):   call symput('statmaxh',trim(left(put(maxhdr,5.0))) );
MPRINT(TABPREP):   _lab_ = "Number of Participants";
MPRINT(CNTWRAP):   __ind = 0;
MPRINT(CNTWRAP):   if (__ind<0) then __ind = 0;
MPRINT(CNTWRAP):   length _tmp_ _tmp2_ $250;
MPRINT(CNTWRAP):   _wrap_ = 0;
MPRINT(CNTWRAP):   _fill_ = __ind + 2;
MPRINT(CNTWRAP):   _tmp_ = left(_lab_);
MPRINT(CNTWRAP):   if (__ind>0) then _tmp_ = repeat(' ',__ind-1) || left(_lab_);
MPRINT(CNTWRAP):   if length(_tmp_) > 50 then do;
MPRINT(CNTWRAP):   _startcol = __ind + 1;
MPRINT(CNTWRAP):   _endcol = 50;
MPRINT(CNTWRAP):   _done = 0;
MPRINT(CNTWRAP):   do until(_done);
MPRINT(CNTWRAP):   _lettr1_ = substr(_tmp_,_endcol+1,1);
MPRINT(CNTWRAP):   if( _lettr1_ = " " ) then do;
MPRINT(CNTWRAP):   _splitcol = _endcol+1;
MPRINT(CNTWRAP):   _tmp_ = substr(_tmp_,1,_splitcol-1) || "~" || repeat(" ",_fill_-1) || substr(_tmp_,_splitcol+1);
MPRINT(CNTWRAP):   _wrap_ + 1;
MPRINT(CNTWRAP):   end;
MPRINT(CNTWRAP):   else do;
MPRINT(CNTWRAP):   _gotword = 0;
                                                                    The SAS System

MPRINT(CNTWRAP):   do _j_ = _endcol to _startcol by -1;
MPRINT(CNTWRAP):   _lettr1_ = substr(_tmp_,_j_,1);
MPRINT(CNTWRAP):   if (_lettr1_ = ' ') then do;
MPRINT(CNTWRAP):   _splitcol = _j_;
MPRINT(CNTWRAP):   _tmp_ = substr(_tmp_,1,_splitcol-1) || "~" || repeat(" ",_fill_-1) || substr(_tmp_,_splitcol+1);
MPRINT(CNTWRAP):   _wrap_ + 1;
MPRINT(CNTWRAP):   _gotword = 1;
MPRINT(CNTWRAP):   _j_ = 0;
MPRINT(CNTWRAP):   end;
MPRINT(CNTWRAP):   end;
MPRINT(CNTWRAP):   if (not(_gotword)) then do;
MPRINT(CNTWRAP):   _splitcol = _endcol+1;
MPRINT(CNTWRAP):   _tmp_ = substr(_tmp_,1,_splitcol-1) || "~" || repeat(" ",_fill_-1) || substr(_tmp_,_splitcol);
MPRINT(CNTWRAP):   _wrap_ + 1;
MPRINT(CNTWRAP):   end;
MPRINT(CNTWRAP):   end;
MPRINT(CNTWRAP):   _startcol = _splitcol + _fill_ + 1;
MPRINT(CNTWRAP):   _endcol = _splitcol + 50;
MPRINT(CNTWRAP):   if (_endcol ge 250) or (length(substr(_tmp_,_splitcol+1)) le 50) then _done = 1;
MPRINT(CNTWRAP):   end;
MPRINT(CNTWRAP):   if _splitcol then do;
MPRINT(CNTWRAP):   _tmp2_ = substr(_tmp_,_splitcol+1);
MPRINT(CNTWRAP):   if (length(_tmp2_)=50) then do;
MPRINT(CNTWRAP):   _gotword = 0;
MPRINT(CNTWRAP):   do _j_ = 50 to _fill_+1 by -1;
MPRINT(CNTWRAP):   _lettr1_ = substr(_tmp2_,_j_,1);
MPRINT(CNTWRAP):   if (_lettr1_ = ' ') then do;
MPRINT(CNTWRAP):   _tmp2_ = substr(_tmp2_,1,_j_-1) || "~" || repeat(" ",_fill_-1) || substr(_tmp2_,_j_);
MPRINT(CNTWRAP):   _wrap_ + 1;
MPRINT(CNTWRAP):   _gotword = 1;
MPRINT(CNTWRAP):   _j_ = 0;
MPRINT(CNTWRAP):   end;
MPRINT(CNTWRAP):   end;
MPRINT(CNTWRAP):   if (not(_gotword)) then do;
MPRINT(CNTWRAP):   _j_ = 50-1;
MPRINT(CNTWRAP):   _tmp2_ = substr(_tmp2_,1,_j_-1) || "~" || repeat(" ",_fill_-1) || substr(_tmp2_,_j_);
MPRINT(CNTWRAP):   _wrap_ + 1;
MPRINT(CNTWRAP):   end;
MPRINT(CNTWRAP):   _tmp_ = substr(_tmp_,1,_splitcol)||_tmp2_;
MPRINT(CNTWRAP):   end;
MPRINT(CNTWRAP):   else _tmp_ = substr(_tmp_,1,_splitcol)||" "||substr(_tmp_,_splitcol+1);
MPRINT(CNTWRAP):   end;
MPRINT(CNTWRAP):   end;
MPRINT(CNTWRAP):   _tmp_ = _tmp_;
MPRINT(TABPREP):  ;
MPRINT(TABPREP):   texthd = 2 + _wrap_;
                                                                    The SAS System

MPRINT(TABPREP):   if "N" = "Y" then do;
MPRINT(TABPREP):   _lab_ = "Number Of Participants With Any Event";
MPRINT(CNTWRAP):   __ind = 0;
MPRINT(CNTWRAP):   if (__ind<0) then __ind = 0;
MPRINT(CNTWRAP):   length _tmp_ _tmp2_ $250;
MPRINT(CNTWRAP):   _wrap_ = 0;
MPRINT(CNTWRAP):   _fill_ = __ind + 2;
MPRINT(CNTWRAP):   _tmp_ = left(_lab_);
MPRINT(CNTWRAP):   if (__ind>0) then _tmp_ = repeat(' ',__ind-1) || left(_lab_);
MPRINT(CNTWRAP):   if length(_tmp_) > 50 then do;
MPRINT(CNTWRAP):   _startcol = __ind + 1;
MPRINT(CNTWRAP):   _endcol = 50;
MPRINT(CNTWRAP):   _done = 0;
MPRINT(CNTWRAP):   do until(_done);
MPRINT(CNTWRAP):   _lettr1_ = substr(_tmp_,_endcol+1,1);
MPRINT(CNTWRAP):   if( _lettr1_ = " " ) then do;
MPRINT(CNTWRAP):   _splitcol = _endcol+1;
MPRINT(CNTWRAP):   _tmp_ = substr(_tmp_,1,_splitcol-1) || "~" || repeat(" ",_fill_-1) || substr(_tmp_,_splitcol+1);
MPRINT(CNTWRAP):   _wrap_ + 1;
MPRINT(CNTWRAP):   end;
MPRINT(CNTWRAP):   else do;
MPRINT(CNTWRAP):   _gotword = 0;
MPRINT(CNTWRAP):   do _j_ = _endcol to _startcol by -1;
MPRINT(CNTWRAP):   _lettr1_ = substr(_tmp_,_j_,1);
MPRINT(CNTWRAP):   if (_lettr1_ = ' ') then do;
MPRINT(CNTWRAP):   _splitcol = _j_;
MPRINT(CNTWRAP):   _tmp_ = substr(_tmp_,1,_splitcol-1) || "~" || repeat(" ",_fill_-1) || substr(_tmp_,_splitcol+1);
MPRINT(CNTWRAP):   _wrap_ + 1;
MPRINT(CNTWRAP):   _gotword = 1;
MPRINT(CNTWRAP):   _j_ = 0;
MPRINT(CNTWRAP):   end;
MPRINT(CNTWRAP):   end;
MPRINT(CNTWRAP):   if (not(_gotword)) then do;
MPRINT(CNTWRAP):   _splitcol = _endcol+1;
MPRINT(CNTWRAP):   _tmp_ = substr(_tmp_,1,_splitcol-1) || "~" || repeat(" ",_fill_-1) || substr(_tmp_,_splitcol);
MPRINT(CNTWRAP):   _wrap_ + 1;
MPRINT(CNTWRAP):   end;
MPRINT(CNTWRAP):   end;
MPRINT(CNTWRAP):   _startcol = _splitcol + _fill_ + 1;
MPRINT(CNTWRAP):   _endcol = _splitcol + 50;
MPRINT(CNTWRAP):   if (_endcol ge 250) or (length(substr(_tmp_,_splitcol+1)) le 50) then _done = 1;
MPRINT(CNTWRAP):   end;
MPRINT(CNTWRAP):   if _splitcol then do;
MPRINT(CNTWRAP):   _tmp2_ = substr(_tmp_,_splitcol+1);
MPRINT(CNTWRAP):   if (length(_tmp2_)=50) then do;
MPRINT(CNTWRAP):   _gotword = 0;
                                                                    The SAS System

MPRINT(CNTWRAP):   do _j_ = 50 to _fill_+1 by -1;
MPRINT(CNTWRAP):   _lettr1_ = substr(_tmp2_,_j_,1);
MPRINT(CNTWRAP):   if (_lettr1_ = ' ') then do;
MPRINT(CNTWRAP):   _tmp2_ = substr(_tmp2_,1,_j_-1) || "~" || repeat(" ",_fill_-1) || substr(_tmp2_,_j_);
MPRINT(CNTWRAP):   _wrap_ + 1;
MPRINT(CNTWRAP):   _gotword = 1;
MPRINT(CNTWRAP):   _j_ = 0;
MPRINT(CNTWRAP):   end;
MPRINT(CNTWRAP):   end;
MPRINT(CNTWRAP):   if (not(_gotword)) then do;
MPRINT(CNTWRAP):   _j_ = 50-1;
MPRINT(CNTWRAP):   _tmp2_ = substr(_tmp2_,1,_j_-1) || "~" || repeat(" ",_fill_-1) || substr(_tmp2_,_j_);
MPRINT(CNTWRAP):   _wrap_ + 1;
MPRINT(CNTWRAP):   end;
MPRINT(CNTWRAP):   _tmp_ = substr(_tmp_,1,_splitcol)||_tmp2_;
MPRINT(CNTWRAP):   end;
MPRINT(CNTWRAP):   else _tmp_ = substr(_tmp_,1,_splitcol)||" "||substr(_tmp_,_splitcol+1);
MPRINT(CNTWRAP):   end;
MPRINT(CNTWRAP):   end;
MPRINT(CNTWRAP):   _tmp_ = _tmp_;
MPRINT(TABPREP):  ;
MPRINT(TABPREP):   texthd = texthd + _wrap_ + 1;
MPRINT(TABPREP):   end;
MPRINT(TABPREP):   call symput("texthd",compress(put(texthd,best.)));
MPRINT(TABPREP):   run;

NOTE: There were 13 observations read from the data set WORK.M_COMBINE.
NOTE: DATA statement used (Total process time):
      real time           0.02 seconds
      cpu time            0.02 seconds
      

MPRINT(TABPREP):   *--------------------------------------------------------------------------;
MPRINT(TABPREP):   * Set macro vars to control spacing ;
MPRINT(TABPREP):   *--------------------------------------------------------------------------;
MPRINT(TABPREP):   *--------------------------------------------------------------------------;
MPRINT(TABPREP):   * Sort stats file in order needed for report ;
MPRINT(TABPREP):   *--------------------------------------------------------------------------;
MPRINT(TABPREP):   proc sort data=m_combine equals;
MPRINT(TABPREP):   by sortord statord statord1 any_teae;
MPRINT(TABPREP):   where linlabel ne ' ';
MPRINT(TABPREP):   run;

NOTE: There were 13 observations read from the data set WORK.M_COMBINE.
      WHERE linlabel not = ' ';
NOTE: SAS sort was used.
                                                                    The SAS System

NOTE: The data set WORK.M_COMBINE has 13 observations and 31 variables.
NOTE: PROCEDURE SORT used (Total process time):
      real time           0.00 seconds
      cpu time            0.00 seconds
      

MPRINT(TABPREP):   **** COPIED THIS CODE FROM TABDRPT....saw...03Nov2010...ticket #1684 *****;
MPRINT(TABPREP):   ***--- number of columns to be printed in the report VK 23SEP2007 ---***;
MPRINT(TABPREP):   ***--- check number of columns to print as specified in showallcol option in tabdesc call ---***;
MPRINT(TABPREP):   ***--- Start ---***;
MPRINT(TABPREP):   ***--- VK 31MAY2007---***;
MPRINT(TABPREP):   ***--- End ---***;
MPRINT(TABPREP):   ***--- VK 31MAY2007---***;
MPRINT(TABPREP):   data m_combine;
MPRINT(TABPREP):   set m_combine;
MPRINT(TABPREP):   **** MOVED THIS CODE FROM TABDRPT....saw...23Sep2010...ticket #1684 *****;
MPRINT(TABPREP):   label value1= "Drug A~(N=50)";
MPRINT(TABPREP):   label value2= "Drug B~(N=50)";
MPRINT(TABPREP):   label value3= "Total~(N=100)";
MPRINT(TABPREP):   run;

NOTE: There were 13 observations read from the data set WORK.M_COMBINE.
NOTE: The data set WORK.M_COMBINE has 13 observations and 31 variables.
NOTE: DATA statement used (Total process time):
      real time           0.00 seconds
      cpu time            0.00 seconds
      

MPRINT(TABPREP):   *--------------------------------------------------------------------------;
MPRINT(TABPREP):   * For patient counts, add extra lines for labelling if not all levels of ;
MPRINT(TABPREP):   * stats were generated ;
MPRINT(TABPREP):   *--------------------------------------------------------------------------;
MPRINT(TABPREP):   *--------------------------------------------------------------------------;
MPRINT(TABPREP):   * Count lines needed - determine where page breaks will happen ;
MPRINT(TABPREP):   *--------------------------------------------------------------------------;
MPRINT(TABPREP):   proc sort data=m_combine;
MPRINT(TABPREP):   by sortord;
MPRINT(TABPREP):   run;

NOTE: There were 13 observations read from the data set WORK.M_COMBINE.
NOTE: SAS sort was used.
NOTE: The data set WORK.M_COMBINE has 13 observations and 31 variables.
NOTE: PROCEDURE SORT used (Total process time):
      real time           0.00 seconds
      cpu time            0.00 seconds
      
                                                                    The SAS System


MPRINT(TABPREP):   data ctlines(keep= sortord nolines);
MPRINT(TABPREP):   level = .;
MPRINT(TABPREP):   set m_combine;
MPRINT(TABPREP):   by sortord;
MPRINT(TABPREP):   retain nolines types;
MPRINT(TABPREP):   if first.sortord then types = type;
MPRINT(TABPREP):   if first.sortord then nolines = 1;
MPRINT(TABPREP):   ind = 3;
MPRINT(TABPREP):   if level ne . then ind = level * 3;
MPRINT(CNTWRAP):   __ind = ind;
MPRINT(CNTWRAP):   if (__ind<0) then __ind = 0;
MPRINT(CNTWRAP):   length _tmp_ _tmp2_ $250;
MPRINT(CNTWRAP):   _wrap_ = 0;
MPRINT(CNTWRAP):   _fill_ = __ind + 2;
MPRINT(CNTWRAP):   _tmp_ = left(linlabel);
MPRINT(CNTWRAP):   if (__ind>0) then _tmp_ = repeat(' ',__ind-1) || left(linlabel);
MPRINT(CNTWRAP):   if length(_tmp_) > 50 then do;
MPRINT(CNTWRAP):   _startcol = __ind + 1;
MPRINT(CNTWRAP):   _endcol = 50;
MPRINT(CNTWRAP):   _done = 0;
MPRINT(CNTWRAP):   do until(_done);
MPRINT(CNTWRAP):   _lettr1_ = substr(_tmp_,_endcol+1,1);
MPRINT(CNTWRAP):   if( _lettr1_ = " " ) then do;
MPRINT(CNTWRAP):   _splitcol = _endcol+1;
MPRINT(CNTWRAP):   _tmp_ = substr(_tmp_,1,_splitcol-1) || "~" || repeat(" ",_fill_-1) || substr(_tmp_,_splitcol+1);
MPRINT(CNTWRAP):   _wrap_ + 1;
MPRINT(CNTWRAP):   end;
MPRINT(CNTWRAP):   else do;
MPRINT(CNTWRAP):   _gotword = 0;
MPRINT(CNTWRAP):   do _j_ = _endcol to _startcol by -1;
MPRINT(CNTWRAP):   _lettr1_ = substr(_tmp_,_j_,1);
MPRINT(CNTWRAP):   if (_lettr1_ = ' ') then do;
MPRINT(CNTWRAP):   _splitcol = _j_;
MPRINT(CNTWRAP):   _tmp_ = substr(_tmp_,1,_splitcol-1) || "~" || repeat(" ",_fill_-1) || substr(_tmp_,_splitcol+1);
MPRINT(CNTWRAP):   _wrap_ + 1;
MPRINT(CNTWRAP):   _gotword = 1;
MPRINT(CNTWRAP):   _j_ = 0;
MPRINT(CNTWRAP):   end;
MPRINT(CNTWRAP):   end;
MPRINT(CNTWRAP):   if (not(_gotword)) then do;
MPRINT(CNTWRAP):   _splitcol = _endcol+1;
MPRINT(CNTWRAP):   _tmp_ = substr(_tmp_,1,_splitcol-1) || "~" || repeat(" ",_fill_-1) || substr(_tmp_,_splitcol);
MPRINT(CNTWRAP):   _wrap_ + 1;
MPRINT(CNTWRAP):   end;
MPRINT(CNTWRAP):   end;
                                                                    The SAS System

MPRINT(CNTWRAP):   _startcol = _splitcol + _fill_ + 1;
MPRINT(CNTWRAP):   _endcol = _splitcol + 50;
MPRINT(CNTWRAP):   if (_endcol ge 250) or (length(substr(_tmp_,_splitcol+1)) le 50) then _done = 1;
MPRINT(CNTWRAP):   end;
MPRINT(CNTWRAP):   if _splitcol then do;
MPRINT(CNTWRAP):   _tmp2_ = substr(_tmp_,_splitcol+1);
MPRINT(CNTWRAP):   if (length(_tmp2_)=50) then do;
MPRINT(CNTWRAP):   _gotword = 0;
MPRINT(CNTWRAP):   do _j_ = 50 to _fill_+1 by -1;
MPRINT(CNTWRAP):   _lettr1_ = substr(_tmp2_,_j_,1);
MPRINT(CNTWRAP):   if (_lettr1_ = ' ') then do;
MPRINT(CNTWRAP):   _tmp2_ = substr(_tmp2_,1,_j_-1) || "~" || repeat(" ",_fill_-1) || substr(_tmp2_,_j_);
MPRINT(CNTWRAP):   _wrap_ + 1;
MPRINT(CNTWRAP):   _gotword = 1;
MPRINT(CNTWRAP):   _j_ = 0;
MPRINT(CNTWRAP):   end;
MPRINT(CNTWRAP):   end;
MPRINT(CNTWRAP):   if (not(_gotword)) then do;
MPRINT(CNTWRAP):   _j_ = 50-1;
MPRINT(CNTWRAP):   _tmp2_ = substr(_tmp2_,1,_j_-1) || "~" || repeat(" ",_fill_-1) || substr(_tmp2_,_j_);
MPRINT(CNTWRAP):   _wrap_ + 1;
MPRINT(CNTWRAP):   end;
MPRINT(CNTWRAP):   _tmp_ = substr(_tmp_,1,_splitcol)||_tmp2_;
MPRINT(CNTWRAP):   end;
MPRINT(CNTWRAP):   else _tmp_ = substr(_tmp_,1,_splitcol)||" "||substr(_tmp_,_splitcol+1);
MPRINT(CNTWRAP):   end;
MPRINT(CNTWRAP):   end;
MPRINT(CNTWRAP):   _tmp_ = _tmp_;
MPRINT(TABPREP):  ;
MPRINT(TABPREP):   nolines=nolines + 1 + _wrap_;
MPRINT(TABPREP):   if last.sortord then do;
MPRINT(TABPREP):   if types ne type then nolines+1;
MPRINT(TABPREP):   output;
MPRINT(TABPREP):   end;
MPRINT(TABPREP):   run;

NOTE: There were 13 observations read from the data set WORK.M_COMBINE.
NOTE: The data set WORK.CTLINES has 13 observations and 2 variables.
NOTE: DATA statement used (Total process time):
      real time           0.00 seconds
      cpu time            0.01 seconds
      

MPRINT(TABPREP):   data summary;
MPRINT(TABPREP):   length linlabel $250 value1 - value3 $40;
MPRINT(TABPREP):   merge m_combine ctlines;
                                                                    The SAS System

MPRINT(TABPREP):   by sortord;
MPRINT(TABPREP):   run;

NOTE: There were 13 observations read from the data set WORK.M_COMBINE.
NOTE: There were 13 observations read from the data set WORK.CTLINES.
NOTE: The data set WORK.SUMMARY has 13 observations and 32 variables.
NOTE: DATA statement used (Total process time):
      real time           0.00 seconds
      cpu time            0.00 seconds
      

MPRINT(TNFSET):   filename _tnftmp temp;
MPRINT(TNFSET):   data _null_;
MPRINT(TNFSET):   file _tnftmp lrecl=1000 recfm=v;
MPRINT(TNFSET):   infile "../tools/tnf.inc" lrecl=1000 pad;
MPRINT(TNFSET):   length testtext $ 40;
MPRINT(TNFSET):   input @1 text $1000.;
MPRINT(TNFSET):   testtext = scan(text,1," ");
MPRINT(TNFSET):   if testtext = "/*";
MPRINT(TNFSET):   testtext = scan(text,2," ");
MPRINT(TNFSET):   if upcase(testtext) in ("T-AEBRIEF" , "DEFAULT");
MPRINT(TNFSET):   testtext = scan(text,3," ");
MPRINT(TNFSET):   if testtext =: "*/";
MPRINT(TNFSET):   put text;
MPRINT(TNFSET):   run;

NOTE: The file _TNFTMP is:
      Filename=/saswork/SAS_work4C1400177CD1_sjgsasappprdg12/#LN00078,
      Owner Name=cpearson1,
      Group Name=NA\domain^users,
      Access Permission=-rw--w-rw-,
      Last Modified=30Aug2026:15:54:43

NOTE: The infile "../tools/tnf.inc" is:
      Filename=/biometrics/gsi_stds/dss_2026/s0000000/final/draft1/tools/tnf.inc,
      Owner Name=cpearson1,
      Group Name=NA\domain^users,
      Access Permission=-rwxrwxrwx,
      Last Modified=30Aug2026:15:39:33,
      File Size (bytes)=10383

NOTE: 10 records were written to the file _TNFTMP.
      The minimum record length was 54.
      The maximum record length was 185.
NOTE: 109 records were read from the infile "../tools/tnf.inc".
      The minimum record length was 0.
                                                                    The SAS System

      The maximum record length was 187.
NOTE: DATA statement used (Total process time):
      real time           0.01 seconds
      cpu time            0.01 seconds
      

NOTE: %INCLUDE (level 2) file _TNFTMP is file /saswork/SAS_work4C1400177CD1_sjgsasappprdg12/#LN00078.
1404      +/* default       */ %let ttl1 = NO ASSIGNED TITLE FOR JOB &titlekey;
1405      +/* t-aebrief */ %let ttl1 = %str(Table 15.11.2.1.1.1: Treatment-Emergent Adverse Events: Overall Summary);
1406      +/* t-aebrief */ %let ttl2 = %str(Safety Analysis Set);
1407      +/* t-aebrief */ %let fnl1 = %str(TE = treatment-emergent; TEAE = treatment-emergent adverse event.);
1408      +/* t-aebrief */ %let fnl2 = %str(Adverse events were coded according to MedDRA Version {XX.X}.);
1409      +/* t-aebrief */ %let fnl3 = %str(Treatment-emergent events began on or after the study drug start date up to {XX} days {or study
1409     !+drug-specific therapeutic reach} after the date of the);
1410      +/* t-aebrief */ %let fnl4 = %str( last dose of study drug [and prior to the day of initiation of subsequent anticancer/antiviral/etc
1410     !+therapy].);
1411      +/* t-aebrief */ %let fnl5 = %str(Severity grades were defined by [Gilead Grading Scale for Severity of Adverse Events and Laboratory
1411     !+Abnormalities][The CTCAE Version X][The DAIDS);
1412      +/* t-aebrief */ %let fnl6 = %str(Version XX]. [Participants were counted only one based on their highest grade for each summary row.]);
1413      +/* t-aebrief */ %let fnl7 = %str(Death includes any death that occurred during the study. Percentages for TEAE Dose Limiting Toxicity was
1413     !+calculated based on the number of);
NOTE: %INCLUDE (level 2) ending.
NOTE: %INCLUDE (level 1) resuming.
MPRINT(TNFSET):   filename _tnftmp clear;
NOTE: Fileref _TNFTMP has been deassigned.
MPRINT(TNFSET):   title1 j=r "                                                                                                                        
         Gilead Sciences, Inc.";
MPRINT(TNFSET):   title2 j=r "                                                                                                                        
          Study GS-US-000-0000";
MPRINT(TNFSET):   title3 j=c "                                       Table 15.11.2.1.1.1: Treatment-Emergent Adverse Events: Overall Summary          
                              ";
MPRINT(TNFSET):   title4 j=c "                                                                 Safety Analysis Set                                    
                              ";
MPRINT(TNFSET):   footnote1 j=l "TE = treatment-emergent; TEAE = treatment-emergent adverse event.                                                    
                                 ";
MPRINT(TNFSET):   footnote2 j=l "Adverse events were coded according to MedDRA Version {XX.X}.                                                        
                                 ";
MPRINT(TNFSET):   footnote3 j=l "Treatment-emergent events began on or after the study drug start date up to {XX} days {or study drug-specific 
therapeutic reach} after the date of the";
MPRINT(TNFSET):   footnote4 j=l " last dose of study drug [and prior to the day of initiation of subsequent anticancer/antiviral/etc therapy].        
                                 ";
MPRINT(TNFSET):   footnote5 j=l "Severity grades were defined by [Gilead Grading Scale for Severity of Adverse Events and Laboratory 
Abnormalities][The CTCAE Version X][The DAIDS     ";
MPRINT(TNFSET):   footnote6 j=l "Version XX]. [Participants were counted only one based on their highest grade for each summary row.]                 
                                 ";
MPRINT(TNFSET):   footnote7 j=l "Death includes any death that occurred during the study. Percentages for TEAE Dose Limiting Toxicity was calculated 
                                                                    The SAS System

based on the number of            ";
MPRINT(TNFSET):   footnote9 j=l "Data Extracted: ddmmmyyyy                                                                                            
                                 ";
MPRINT(TNFSET):   footnote10 j=l "Source: .../final/draft1/prog/t-aebrief.sas v9.4  Output file: t-aebrief.pdf 30AUG2026:15:54                        
                   PAGE XX OF YYY ";
MPRINT(TABPREP):  ;
MPRINT(TABPREP):   data summary summary2 (keep = sortord linlabel type pageno level _l_ ) hdpage (keep = pageno ) bypage (keep = begpg pageno);
MPRINT(TABPREP):   _newpage = 0;
MPRINT(TABPREP):   length label1 label2 label3 $250;
MPRINT(TABPREP):   label1 = " ";
MPRINT(TABPREP):   label2 = " ";
MPRINT(TABPREP):   label3 = " ";
MPRINT(TABPREP):   level = .;
MPRINT(TABPREP):   set summary end = eof;
MPRINT(TABPREP):   by sortord;
MPRINT(TABPREP):   retain begpg 1;
MPRINT(TABPREP):   retain _l_ 48 pageno 0;
MPRINT(TABPREP):   if (label1=' ') then grphdr = 0;
MPRINT(TABPREP):   else grphdr =1;
MPRINT(TABPREP):   length dummy $250;
MPRINT(TABPREP):   dummy = trim(label1) || " " || trim(label2);
MPRINT(CNTWRAP):   __ind = ind;
MPRINT(CNTWRAP):   if (__ind<0) then __ind = 0;
MPRINT(CNTWRAP):   length _tmp_ _tmp2_ $250;
MPRINT(CNTWRAP):   _wrap_ = 0;
MPRINT(CNTWRAP):   _fill_ = __ind + 2;
MPRINT(CNTWRAP):   _tmp_ = left(dummy);
MPRINT(CNTWRAP):   if (__ind>0) then _tmp_ = repeat(' ',__ind-1) || left(dummy);
MPRINT(CNTWRAP):   if length(_tmp_) > 50 then do;
MPRINT(CNTWRAP):   _startcol = __ind + 1;
MPRINT(CNTWRAP):   _endcol = 50;
MPRINT(CNTWRAP):   _done = 0;
MPRINT(CNTWRAP):   do until(_done);
MPRINT(CNTWRAP):   _lettr1_ = substr(_tmp_,_endcol+1,1);
MPRINT(CNTWRAP):   if( _lettr1_ = " " ) then do;
MPRINT(CNTWRAP):   _splitcol = _endcol+1;
MPRINT(CNTWRAP):   _tmp_ = substr(_tmp_,1,_splitcol-1) || "~" || repeat(" ",_fill_-1) || substr(_tmp_,_splitcol+1);
MPRINT(CNTWRAP):   _wrap_ + 1;
MPRINT(CNTWRAP):   end;
MPRINT(CNTWRAP):   else do;
MPRINT(CNTWRAP):   _gotword = 0;
MPRINT(CNTWRAP):   do _j_ = _endcol to _startcol by -1;
MPRINT(CNTWRAP):   _lettr1_ = substr(_tmp_,_j_,1);
MPRINT(CNTWRAP):   if (_lettr1_ = ' ') then do;
MPRINT(CNTWRAP):   _splitcol = _j_;
MPRINT(CNTWRAP):   _tmp_ = substr(_tmp_,1,_splitcol-1) || "~" || repeat(" ",_fill_-1) || substr(_tmp_,_splitcol+1);
                                                                    The SAS System

MPRINT(CNTWRAP):   _wrap_ + 1;
MPRINT(CNTWRAP):   _gotword = 1;
MPRINT(CNTWRAP):   _j_ = 0;
MPRINT(CNTWRAP):   end;
MPRINT(CNTWRAP):   end;
MPRINT(CNTWRAP):   if (not(_gotword)) then do;
MPRINT(CNTWRAP):   _splitcol = _endcol+1;
MPRINT(CNTWRAP):   _tmp_ = substr(_tmp_,1,_splitcol-1) || "~" || repeat(" ",_fill_-1) || substr(_tmp_,_splitcol);
MPRINT(CNTWRAP):   _wrap_ + 1;
MPRINT(CNTWRAP):   end;
MPRINT(CNTWRAP):   end;
MPRINT(CNTWRAP):   _startcol = _splitcol + _fill_ + 1;
MPRINT(CNTWRAP):   _endcol = _splitcol + 50;
MPRINT(CNTWRAP):   if (_endcol ge 250) or (length(substr(_tmp_,_splitcol+1)) le 50) then _done = 1;
MPRINT(CNTWRAP):   end;
MPRINT(CNTWRAP):   if _splitcol then do;
MPRINT(CNTWRAP):   _tmp2_ = substr(_tmp_,_splitcol+1);
MPRINT(CNTWRAP):   if (length(_tmp2_)=50) then do;
MPRINT(CNTWRAP):   _gotword = 0;
MPRINT(CNTWRAP):   do _j_ = 50 to _fill_+1 by -1;
MPRINT(CNTWRAP):   _lettr1_ = substr(_tmp2_,_j_,1);
MPRINT(CNTWRAP):   if (_lettr1_ = ' ') then do;
MPRINT(CNTWRAP):   _tmp2_ = substr(_tmp2_,1,_j_-1) || "~" || repeat(" ",_fill_-1) || substr(_tmp2_,_j_);
MPRINT(CNTWRAP):   _wrap_ + 1;
MPRINT(CNTWRAP):   _gotword = 1;
MPRINT(CNTWRAP):   _j_ = 0;
MPRINT(CNTWRAP):   end;
MPRINT(CNTWRAP):   end;
MPRINT(CNTWRAP):   if (not(_gotword)) then do;
MPRINT(CNTWRAP):   _j_ = 50-1;
MPRINT(CNTWRAP):   _tmp2_ = substr(_tmp2_,1,_j_-1) || "~" || repeat(" ",_fill_-1) || substr(_tmp2_,_j_);
MPRINT(CNTWRAP):   _wrap_ + 1;
MPRINT(CNTWRAP):   end;
MPRINT(CNTWRAP):   _tmp_ = substr(_tmp_,1,_splitcol)||_tmp2_;
MPRINT(CNTWRAP):   end;
MPRINT(CNTWRAP):   else _tmp_ = substr(_tmp_,1,_splitcol)||" "||substr(_tmp_,_splitcol+1);
MPRINT(CNTWRAP):   end;
MPRINT(CNTWRAP):   end;
MPRINT(CNTWRAP):   _tmp_ = _tmp_;
MPRINT(TABPREP):  ;
MPRINT(TABPREP):   grphdr = grphdr + _wrap_;
MPRINT(TABPREP):   if level > 0 then do;
MPRINT(TABPREP):   grphdr = grphdr + level;
MPRINT(TABPREP):   if first.sortord then grphdr = grphdr - 1;
MPRINT(TABPREP):   end;
MPRINT(TABPREP):   ind = 3;
                                                                    The SAS System

MPRINT(TABPREP):   if level ne . then ind = level * 3;
MPRINT(CNTWRAP):   __ind = ind;
MPRINT(CNTWRAP):   if (__ind<0) then __ind = 0;
MPRINT(CNTWRAP):   length _tmp_ _tmp2_ $250;
MPRINT(CNTWRAP):   _wrap_ = 0;
MPRINT(CNTWRAP):   _fill_ = __ind + 2;
MPRINT(CNTWRAP):   _tmp_ = left(linlabel);
MPRINT(CNTWRAP):   if (__ind>0) then _tmp_ = repeat(' ',__ind-1) || left(linlabel);
MPRINT(CNTWRAP):   if length(_tmp_) > 50 then do;
MPRINT(CNTWRAP):   _startcol = __ind + 1;
MPRINT(CNTWRAP):   _endcol = 50;
MPRINT(CNTWRAP):   _done = 0;
MPRINT(CNTWRAP):   do until(_done);
MPRINT(CNTWRAP):   _lettr1_ = substr(_tmp_,_endcol+1,1);
MPRINT(CNTWRAP):   if( _lettr1_ = " " ) then do;
MPRINT(CNTWRAP):   _splitcol = _endcol+1;
MPRINT(CNTWRAP):   _tmp_ = substr(_tmp_,1,_splitcol-1) || "~" || repeat(" ",_fill_-1) || substr(_tmp_,_splitcol+1);
MPRINT(CNTWRAP):   _wrap_ + 1;
MPRINT(CNTWRAP):   end;
MPRINT(CNTWRAP):   else do;
MPRINT(CNTWRAP):   _gotword = 0;
MPRINT(CNTWRAP):   do _j_ = _endcol to _startcol by -1;
MPRINT(CNTWRAP):   _lettr1_ = substr(_tmp_,_j_,1);
MPRINT(CNTWRAP):   if (_lettr1_ = ' ') then do;
MPRINT(CNTWRAP):   _splitcol = _j_;
MPRINT(CNTWRAP):   _tmp_ = substr(_tmp_,1,_splitcol-1) || "~" || repeat(" ",_fill_-1) || substr(_tmp_,_splitcol+1);
MPRINT(CNTWRAP):   _wrap_ + 1;
MPRINT(CNTWRAP):   _gotword = 1;
MPRINT(CNTWRAP):   _j_ = 0;
MPRINT(CNTWRAP):   end;
MPRINT(CNTWRAP):   end;
MPRINT(CNTWRAP):   if (not(_gotword)) then do;
MPRINT(CNTWRAP):   _splitcol = _endcol+1;
MPRINT(CNTWRAP):   _tmp_ = substr(_tmp_,1,_splitcol-1) || "~" || repeat(" ",_fill_-1) || substr(_tmp_,_splitcol);
MPRINT(CNTWRAP):   _wrap_ + 1;
MPRINT(CNTWRAP):   end;
MPRINT(CNTWRAP):   end;
MPRINT(CNTWRAP):   _startcol = _splitcol + _fill_ + 1;
MPRINT(CNTWRAP):   _endcol = _splitcol + 50;
MPRINT(CNTWRAP):   if (_endcol ge 250) or (length(substr(_tmp_,_splitcol+1)) le 50) then _done = 1;
MPRINT(CNTWRAP):   end;
MPRINT(CNTWRAP):   if _splitcol then do;
MPRINT(CNTWRAP):   _tmp2_ = substr(_tmp_,_splitcol+1);
MPRINT(CNTWRAP):   if (length(_tmp2_)=50) then do;
MPRINT(CNTWRAP):   _gotword = 0;
MPRINT(CNTWRAP):   do _j_ = 50 to _fill_+1 by -1;
                                                                    The SAS System

MPRINT(CNTWRAP):   _lettr1_ = substr(_tmp2_,_j_,1);
MPRINT(CNTWRAP):   if (_lettr1_ = ' ') then do;
MPRINT(CNTWRAP):   _tmp2_ = substr(_tmp2_,1,_j_-1) || "~" || repeat(" ",_fill_-1) || substr(_tmp2_,_j_);
MPRINT(CNTWRAP):   _wrap_ + 1;
MPRINT(CNTWRAP):   _gotword = 1;
MPRINT(CNTWRAP):   _j_ = 0;
MPRINT(CNTWRAP):   end;
MPRINT(CNTWRAP):   end;
MPRINT(CNTWRAP):   if (not(_gotword)) then do;
MPRINT(CNTWRAP):   _j_ = 50-1;
MPRINT(CNTWRAP):   _tmp2_ = substr(_tmp2_,1,_j_-1) || "~" || repeat(" ",_fill_-1) || substr(_tmp2_,_j_);
MPRINT(CNTWRAP):   _wrap_ + 1;
MPRINT(CNTWRAP):   end;
MPRINT(CNTWRAP):   _tmp_ = substr(_tmp_,1,_splitcol)||_tmp2_;
MPRINT(CNTWRAP):   end;
MPRINT(CNTWRAP):   else _tmp_ = substr(_tmp_,1,_splitcol)||" "||substr(_tmp_,_splitcol+1);
MPRINT(CNTWRAP):   end;
MPRINT(CNTWRAP):   end;
MPRINT(CNTWRAP):   linlabel = _tmp_;
MPRINT(TABPREP):  ;
MPRINT(TABPREP):   _add_ = 1 + _wrap_;
MPRINT(TABPREP):   if first.sortord then _add_ + 1;
MPRINT(TABPREP):   _l_ + _add_;
MPRINT(TABPREP):   if (first.sortord) then _l_ + grphdr;
MPRINT(TABPREP):   if ( (first.sortord) and ( _l_ + nolines - grphdr) >= 38 and nolines < (38 - 11 - grphdr) and _l_ > (((38 - 11 ) * 0.75)+11) ) or 
( _l_ >= 38 ) or ( _newpage ) then do;
MPRINT(TABPREP):   first = 1;
MPRINT(TABPREP):   pageno + 1;
MPRINT(TABPREP):   _l_ = 11 + grphdr + _add_ + (0>0);
MPRINT(TABPREP):   end;
MPRINT(TABPREP):   if ^first.sortord and type in ('CAT','CONT') then do;
MPRINT(TABPREP):   pval1 = .;
MPRINT(TABPREP):   pval2 = .;
MPRINT(TABPREP):   pvalc1 = '';
MPRINT(TABPREP):   pvalc2 = '';
MPRINT(TABPREP):   ** only set ocharc&__I to missing when risk ratio is not being calc **;
MPRINT(TABPREP):   ** if risk ratio is being calc, then will have same sortord in output **;
MPRINT(TABPREP):   ** and this code will end up setting rr info to missing **;
MPRINT(TABPREP):   end;
MPRINT(TABPREP):   * _end_l_ = _l_;
MPRINT(TABPREP):   output summary;
MPRINT(TABPREP):   if (first or (first.sortord)) then do;
MPRINT(TABPREP):   __otype = type;
MPRINT(TABPREP):   statord = ' ';
MPRINT(TABPREP):   linlabel = ( trim(label1) || " " || trim(label2) );
MPRINT(CNTWRAP):   __ind = 0;
                                                                    The SAS System

MPRINT(CNTWRAP):   if (__ind<0) then __ind = 0;
MPRINT(CNTWRAP):   length _tmp_ _tmp2_ $250;
MPRINT(CNTWRAP):   _wrap_ = 0;
MPRINT(CNTWRAP):   _fill_ = __ind + 2;
MPRINT(CNTWRAP):   _tmp_ = left(linlabel);
MPRINT(CNTWRAP):   if (__ind>0) then _tmp_ = repeat(' ',__ind-1) || left(linlabel);
MPRINT(CNTWRAP):   if length(_tmp_) > 50 then do;
MPRINT(CNTWRAP):   _startcol = __ind + 1;
MPRINT(CNTWRAP):   _endcol = 50;
MPRINT(CNTWRAP):   _done = 0;
MPRINT(CNTWRAP):   do until(_done);
MPRINT(CNTWRAP):   _lettr1_ = substr(_tmp_,_endcol+1,1);
MPRINT(CNTWRAP):   if( _lettr1_ = " " ) then do;
MPRINT(CNTWRAP):   _splitcol = _endcol+1;
MPRINT(CNTWRAP):   _tmp_ = substr(_tmp_,1,_splitcol-1) || "~" || repeat(" ",_fill_-1) || substr(_tmp_,_splitcol+1);
MPRINT(CNTWRAP):   _wrap_ + 1;
MPRINT(CNTWRAP):   end;
MPRINT(CNTWRAP):   else do;
MPRINT(CNTWRAP):   _gotword = 0;
MPRINT(CNTWRAP):   do _j_ = _endcol to _startcol by -1;
MPRINT(CNTWRAP):   _lettr1_ = substr(_tmp_,_j_,1);
MPRINT(CNTWRAP):   if (_lettr1_ = ' ') then do;
MPRINT(CNTWRAP):   _splitcol = _j_;
MPRINT(CNTWRAP):   _tmp_ = substr(_tmp_,1,_splitcol-1) || "~" || repeat(" ",_fill_-1) || substr(_tmp_,_splitcol+1);
MPRINT(CNTWRAP):   _wrap_ + 1;
MPRINT(CNTWRAP):   _gotword = 1;
MPRINT(CNTWRAP):   _j_ = 0;
MPRINT(CNTWRAP):   end;
MPRINT(CNTWRAP):   end;
MPRINT(CNTWRAP):   if (not(_gotword)) then do;
MPRINT(CNTWRAP):   _splitcol = _endcol+1;
MPRINT(CNTWRAP):   _tmp_ = substr(_tmp_,1,_splitcol-1) || "~" || repeat(" ",_fill_-1) || substr(_tmp_,_splitcol);
MPRINT(CNTWRAP):   _wrap_ + 1;
MPRINT(CNTWRAP):   end;
MPRINT(CNTWRAP):   end;
MPRINT(CNTWRAP):   _startcol = _splitcol + _fill_ + 1;
MPRINT(CNTWRAP):   _endcol = _splitcol + 50;
MPRINT(CNTWRAP):   if (_endcol ge 250) or (length(substr(_tmp_,_splitcol+1)) le 50) then _done = 1;
MPRINT(CNTWRAP):   end;
MPRINT(CNTWRAP):   if _splitcol then do;
MPRINT(CNTWRAP):   _tmp2_ = substr(_tmp_,_splitcol+1);
MPRINT(CNTWRAP):   if (length(_tmp2_)=50) then do;
MPRINT(CNTWRAP):   _gotword = 0;
MPRINT(CNTWRAP):   do _j_ = 50 to _fill_+1 by -1;
MPRINT(CNTWRAP):   _lettr1_ = substr(_tmp2_,_j_,1);
MPRINT(CNTWRAP):   if (_lettr1_ = ' ') then do;
                                                                    The SAS System

MPRINT(CNTWRAP):   _tmp2_ = substr(_tmp2_,1,_j_-1) || "~" || repeat(" ",_fill_-1) || substr(_tmp2_,_j_);
MPRINT(CNTWRAP):   _wrap_ + 1;
MPRINT(CNTWRAP):   _gotword = 1;
MPRINT(CNTWRAP):   _j_ = 0;
MPRINT(CNTWRAP):   end;
MPRINT(CNTWRAP):   end;
MPRINT(CNTWRAP):   if (not(_gotword)) then do;
MPRINT(CNTWRAP):   _j_ = 50-1;
MPRINT(CNTWRAP):   _tmp2_ = substr(_tmp2_,1,_j_-1) || "~" || repeat(" ",_fill_-1) || substr(_tmp2_,_j_);
MPRINT(CNTWRAP):   _wrap_ + 1;
MPRINT(CNTWRAP):   end;
MPRINT(CNTWRAP):   _tmp_ = substr(_tmp_,1,_splitcol)||_tmp2_;
MPRINT(CNTWRAP):   end;
MPRINT(CNTWRAP):   else _tmp_ = substr(_tmp_,1,_splitcol)||" "||substr(_tmp_,_splitcol+1);
MPRINT(CNTWRAP):   end;
MPRINT(CNTWRAP):   end;
MPRINT(CNTWRAP):   linlabel = _tmp_;
MPRINT(TABPREP):  ;
MPRINT(TABPREP):   length _cont $7;
MPRINT(TABPREP):   _cont = ' ';
MPRINT(TABPREP):   if (pageno>1 and _cont>' ') then type = 'ADD1';
MPRINT(TABPREP):   else type = ' ';
MPRINT(TABPREP):   output summary2;
MPRINT(TABPREP):   if (_cont>' ') then do;
MPRINT(TABPREP):   oldlev = level;
MPRINT(TABPREP):   end;
MPRINT(TABPREP):   end;
MPRINT(TABPREP):   if eof then output hdpage;
MPRINT(TABPREP):   run;

NOTE: There were 13 observations read from the data set WORK.SUMMARY.
NOTE: The data set WORK.SUMMARY has 13 observations and 58 variables.
NOTE: The data set WORK.SUMMARY2 has 13 observations and 6 variables.
NOTE: The data set WORK.HDPAGE has 1 observations and 1 variables.
NOTE: The data set WORK.BYPAGE has 0 observations and 2 variables.
NOTE: DATA statement used (Total process time):
      real time           0.01 seconds
      cpu time            0.01 seconds
      

MPRINT(TABPREP):   proc sort data=summary2;
MPRINT(TABPREP):   by sortord;
MPRINT(TABPREP):   run;

NOTE: There were 13 observations read from the data set WORK.SUMMARY2.
NOTE: SAS sort was used.
                                                                    The SAS System

NOTE: The data set WORK.SUMMARY2 has 13 observations and 6 variables.
NOTE: PROCEDURE SORT used (Total process time):
      real time           0.00 seconds
      cpu time            0.00 seconds
      

MPRINT(TABPREP):   data summary2;
MPRINT(TABPREP):   set summary2;
MPRINT(TABPREP):   by sortord;
MPRINT(TABPREP):   if first.sortord and linlabel=' ' then delete;
MPRINT(TABPREP):   run;

NOTE: There were 13 observations read from the data set WORK.SUMMARY2.
NOTE: The data set WORK.SUMMARY2 has 0 observations and 6 variables.
NOTE: DATA statement used (Total process time):
      real time           0.00 seconds
      cpu time            0.00 seconds
      

MPRINT(TABPREP):   proc sort data=summary2;
MPRINT(TABPREP):   by sortord;
MPRINT(TABPREP):   run;

NOTE: Input data set is empty.
NOTE: The data set WORK.SUMMARY2 has 0 observations and 6 variables.
NOTE: PROCEDURE SORT used (Total process time):
      real time           0.00 seconds
      cpu time            0.00 seconds
      

MPRINT(TABPREP):   proc sort data=summary;
MPRINT(TABPREP):   by sortord;
MPRINT(TABPREP):   run;

NOTE: There were 13 observations read from the data set WORK.SUMMARY.
NOTE: SAS sort was used.
NOTE: The data set WORK.SUMMARY has 13 observations and 58 variables.
NOTE: PROCEDURE SORT used (Total process time):
      real time           0.00 seconds
      cpu time            0.01 seconds
      

MPRINT(TABPREP):   data summary;
MPRINT(TABPREP):   set summary2 summary;
MPRINT(TABPREP):   by sortord;
MPRINT(TABPREP):   run;
                                                                    The SAS System


NOTE: There were 0 observations read from the data set WORK.SUMMARY2.
NOTE: There were 13 observations read from the data set WORK.SUMMARY.
NOTE: The data set WORK.SUMMARY has 13 observations and 58 variables.
NOTE: DATA statement used (Total process time):
      real time           0.00 seconds
      cpu time            0.00 seconds
      

MPRINT(TABPREP):   data _null_;
MPRINT(TABPREP):   set summary;
MPRINT(TABPREP):   retain max 0;
MPRINT(TABPREP):   cntr=length(trim(value1));
MPRINT(TABPREP):   if cntr>max then max=cntr;
MPRINT(TABPREP):   cntr=length(trim(value2));
MPRINT(TABPREP):   if cntr>max then max=cntr;
MPRINT(TABPREP):   cntr=length(trim(value3));
MPRINT(TABPREP):   if cntr>max then max=cntr;
MPRINT(TABPREP):   call symput("cntrpad",compress(put(floor(max/2),8.)));
MPRINT(TABPREP):   run;

NOTE: There were 13 observations read from the data set WORK.SUMMARY.
NOTE: DATA statement used (Total process time):
      real time           0.00 seconds
      cpu time            0.01 seconds
      

cntrpad=6
MPRINT(TABPREP):   data header1 ( keep = pageno sortord statord linlabel type value1 - value3);
MPRINT(TABPREP):   length linlabel $250 value1 - value3 $40 statord $40 type $20;
MPRINT(TABPREP):   set hdpage (rename = (pageno = pagetot) );
MPRINT(TABPREP):   sortord = 0.01;
MPRINT(TABPREP):   do pageno = 1 to pagetot;
MPRINT(TABPREP):   ** only create num of subj row here if byvar=missing since byvar code below **;
MPRINT(TABPREP):   ** creates num of subj line too **;
MPRINT(TABPREP):   statord = "1";
MPRINT(TABPREP):   type = 'PG1';
MPRINT(TABPREP):   linlabel = ("Number of Participants");
MPRINT(CNTWRAP):   __ind = 0;
MPRINT(CNTWRAP):   if (__ind<0) then __ind = 0;
MPRINT(CNTWRAP):   length _tmp_ _tmp2_ $250;
MPRINT(CNTWRAP):   _wrap_ = 0;
MPRINT(CNTWRAP):   _fill_ = __ind + 2;
MPRINT(CNTWRAP):   _tmp_ = left(linlabel);
MPRINT(CNTWRAP):   if (__ind>0) then _tmp_ = repeat(' ',__ind-1) || left(linlabel);
MPRINT(CNTWRAP):   if length(_tmp_) > 50 then do;
                                                                    The SAS System

MPRINT(CNTWRAP):   _startcol = __ind + 1;
MPRINT(CNTWRAP):   _endcol = 50;
MPRINT(CNTWRAP):   _done = 0;
MPRINT(CNTWRAP):   do until(_done);
MPRINT(CNTWRAP):   _lettr1_ = substr(_tmp_,_endcol+1,1);
MPRINT(CNTWRAP):   if( _lettr1_ = " " ) then do;
MPRINT(CNTWRAP):   _splitcol = _endcol+1;
MPRINT(CNTWRAP):   _tmp_ = substr(_tmp_,1,_splitcol-1) || "~" || repeat(" ",_fill_-1) || substr(_tmp_,_splitcol+1);
MPRINT(CNTWRAP):   _wrap_ + 1;
MPRINT(CNTWRAP):   end;
MPRINT(CNTWRAP):   else do;
MPRINT(CNTWRAP):   _gotword = 0;
MPRINT(CNTWRAP):   do _j_ = _endcol to _startcol by -1;
MPRINT(CNTWRAP):   _lettr1_ = substr(_tmp_,_j_,1);
MPRINT(CNTWRAP):   if (_lettr1_ = ' ') then do;
MPRINT(CNTWRAP):   _splitcol = _j_;
MPRINT(CNTWRAP):   _tmp_ = substr(_tmp_,1,_splitcol-1) || "~" || repeat(" ",_fill_-1) || substr(_tmp_,_splitcol+1);
MPRINT(CNTWRAP):   _wrap_ + 1;
MPRINT(CNTWRAP):   _gotword = 1;
MPRINT(CNTWRAP):   _j_ = 0;
MPRINT(CNTWRAP):   end;
MPRINT(CNTWRAP):   end;
MPRINT(CNTWRAP):   if (not(_gotword)) then do;
MPRINT(CNTWRAP):   _splitcol = _endcol+1;
MPRINT(CNTWRAP):   _tmp_ = substr(_tmp_,1,_splitcol-1) || "~" || repeat(" ",_fill_-1) || substr(_tmp_,_splitcol);
MPRINT(CNTWRAP):   _wrap_ + 1;
MPRINT(CNTWRAP):   end;
MPRINT(CNTWRAP):   end;
MPRINT(CNTWRAP):   _startcol = _splitcol + _fill_ + 1;
MPRINT(CNTWRAP):   _endcol = _splitcol + 50;
MPRINT(CNTWRAP):   if (_endcol ge 250) or (length(substr(_tmp_,_splitcol+1)) le 50) then _done = 1;
MPRINT(CNTWRAP):   end;
MPRINT(CNTWRAP):   if _splitcol then do;
MPRINT(CNTWRAP):   _tmp2_ = substr(_tmp_,_splitcol+1);
MPRINT(CNTWRAP):   if (length(_tmp2_)=50) then do;
MPRINT(CNTWRAP):   _gotword = 0;
MPRINT(CNTWRAP):   do _j_ = 50 to _fill_+1 by -1;
MPRINT(CNTWRAP):   _lettr1_ = substr(_tmp2_,_j_,1);
MPRINT(CNTWRAP):   if (_lettr1_ = ' ') then do;
MPRINT(CNTWRAP):   _tmp2_ = substr(_tmp2_,1,_j_-1) || "~" || repeat(" ",_fill_-1) || substr(_tmp2_,_j_);
MPRINT(CNTWRAP):   _wrap_ + 1;
MPRINT(CNTWRAP):   _gotword = 1;
MPRINT(CNTWRAP):   _j_ = 0;
MPRINT(CNTWRAP):   end;
MPRINT(CNTWRAP):   end;
MPRINT(CNTWRAP):   if (not(_gotword)) then do;
                                                                    The SAS System

MPRINT(CNTWRAP):   _j_ = 50-1;
MPRINT(CNTWRAP):   _tmp2_ = substr(_tmp2_,1,_j_-1) || "~" || repeat(" ",_fill_-1) || substr(_tmp2_,_j_);
MPRINT(CNTWRAP):   _wrap_ + 1;
MPRINT(CNTWRAP):   end;
MPRINT(CNTWRAP):   _tmp_ = substr(_tmp_,1,_splitcol)||_tmp2_;
MPRINT(CNTWRAP):   end;
MPRINT(CNTWRAP):   else _tmp_ = substr(_tmp_,1,_splitcol)||" "||substr(_tmp_,_splitcol+1);
MPRINT(CNTWRAP):   end;
MPRINT(CNTWRAP):   end;
MPRINT(CNTWRAP):   linlabel = _tmp_;
MPRINT(TABPREP):  ;
MPRINT(TABPREP):   if (6-length(compress(put( 50, 8.0 )))-1>=0) then value1 = repeat(' ',6-length(compress(put( 50, 8.0 )))-1)||compress(put( 50, 8.0 
));
MPRINT(TABPREP):   if (6-length(compress(put( 50, 8.0 )))-1>=0) then value2 = repeat(' ',6-length(compress(put( 50, 8.0 )))-1)||compress(put( 50, 8.0 
));
MPRINT(TABPREP):   if (6-length(compress(put( 100, 8.0 )))-1>=0) then value3 = repeat(' ',6-length(compress(put( 100, 8.0 )))-1)||compress(put( 100, 
8.0 ));
MPRINT(TABPREP):   output;
MPRINT(TABPREP):   end;
MPRINT(TABPREP):   run;

NOTE: There were 1 observations read from the data set WORK.HDPAGE.
NOTE: The data set WORK.HEADER1 has 2 observations and 8 variables.
NOTE: DATA statement used (Total process time):
      real time           0.00 seconds
      cpu time            0.00 seconds
      

MPRINT(TABPREP):   proc sort data = header1;
MPRINT(TABPREP):   where statord ^= '1';
MPRINT(TABPREP):   by pageno sortord statord;
MPRINT(TABPREP):   run;

NOTE: Input data set is empty.
NOTE: SAS sort was used.
NOTE: There were 0 observations read from the data set WORK.HEADER1.
      WHERE statord not = '1';
NOTE: The data set WORK.HEADER1 has 0 observations and 8 variables.
NOTE: PROCEDURE SORT used (Total process time):
      real time           0.00 seconds
      cpu time            0.00 seconds
      

MPRINT(TABPREP):   proc sort data = summary;
MPRINT(TABPREP):   by pageno;
MPRINT(TABPREP):   run;
                                                                    The SAS System


NOTE: There were 13 observations read from the data set WORK.SUMMARY.
NOTE: SAS sort was used.
NOTE: The data set WORK.SUMMARY has 13 observations and 58 variables.
NOTE: PROCEDURE SORT used (Total process time):
      real time           0.00 seconds
      cpu time            0.00 seconds
      

MPRINT(TABPREP):   data summary;
MPRINT(TABPREP):   set header1 summary;
MPRINT(TABPREP):   run;

NOTE: There were 0 observations read from the data set WORK.HEADER1.
NOTE: There were 13 observations read from the data set WORK.SUMMARY.
NOTE: The data set WORK.SUMMARY has 13 observations and 58 variables.
NOTE: DATA statement used (Total process time):
      real time           0.00 seconds
      cpu time            0.00 seconds
      

MPRINT(TABPREP):   proc sort data = summary;
MPRINT(TABPREP):   by pageno sortord statord statord1 any_teae type;
MPRINT(TABPREP):   run;

NOTE: There were 13 observations read from the data set WORK.SUMMARY.
NOTE: SAS sort was used.
NOTE: The data set WORK.SUMMARY has 13 observations and 58 variables.
NOTE: PROCEDURE SORT used (Total process time):
      real time           0.00 seconds
      cpu time            0.00 seconds
      

MPRINT(TABPREP):   ***--- Keep only the variables required in the reporting macro ---***;
MPRINT(TABPREP):   ***--- starting here ---*** ***--- VK 04AUG2006 ---***;
MPRINT(TABPREP):   data summary;
MPRINT(TABPREP):   set summary end=eof;
MPRINT(TABPREP):   retain maxoc 0;
MPRINT(TABPREP):   keep pageno sortord statord: any_teae type level linlabel value: pval: ;
MPRINT(TABPREP):   if eof then call symput ('maxoc',compress(put(maxoc,best.)));
MPRINT(TABPREP):   run;

NOTE: There were 13 observations read from the data set WORK.SUMMARY.
NOTE: The data set WORK.SUMMARY has 13 observations and 15 variables.
NOTE: DATA statement used (Total process time):
      real time           0.00 seconds
                                                                    The SAS System

      cpu time            0.00 seconds
      

MPRINT(TABPREP):   data _null_;
MPRINT(TABPREP):   ** create new dataset name that converts any dashes to underscores **;
MPRINT(TABPREP):   length vtitlekey $200.;
MPRINT(TABPREP):   vtitlekey = compress(tranwrd("t-aebrief",'-','_'));
MPRINT(TABPREP):   call symput("vtitlekey",compress(vtitlekey));
MPRINT(TABPREP):   run;

NOTE: DATA statement used (Total process time):
      real time           0.00 seconds
      cpu time            0.00 seconds
      

MPRINT(TABPREP):   *** only output validation dataset if vdata is specified and first character ***;
MPRINT(TABPREP):   *** of titlekey does not start with V (i.e. not a validation program) ***;
MPRINT(TABPREP):   data vdata.v_t_aebrief;
MPRINT(TABPREP):   set summary;
MPRINT(TABPREP):   run;

NOTE: There were 13 observations read from the data set WORK.SUMMARY.
NOTE: The data set VDATA.V_T_AEBRIEF has 13 observations and 15 variables.
NOTE: DATA statement used (Total process time):
      real time           0.07 seconds
      cpu time            0.00 seconds
      

MPRINT(TABPREP):   ***--- till here ---*** ***--- VK 04AUG2006 ---***;
MPRINT(TABPREP):  ;
MPRINT(TABPREP):   ***--- starting here ---*** ***--- VK 20JUL2006 ---***;
MPRINT(TABPREP):   data m_macvar;
MPRINT(TABPREP):   set sashelp.vmacro;
MPRINT(TABPREP):   if scope not in ('GLOBAL','AUTOMATIC');
MPRINT(TABPREP):   run;

NOTE: There were 409 observations read from the data set SASHELP.VMACRO.
NOTE: The data set WORK.M_MACVAR has 52 observations and 4 variables.
NOTE: DATA statement used (Total process time):
      real time           0.00 seconds
      cpu time            0.01 seconds
      

MPRINT(TABPREP):   *** Merge long macro values back into one record ***;
MPRINT(TABPREP):   data m_macvar (drop=nam);
MPRINT(TABPREP):   set m_macvar;
                                                                    The SAS System

MPRINT(TABPREP):   format nam $40.;
MPRINT(TABPREP):   retain nam ' ';
MPRINT(TABPREP):   retain seq 0;
MPRINT(TABPREP):   if (name^=nam) then seq = seq + 1;
MPRINT(TABPREP):   output;
MPRINT(TABPREP):   nam = name;
MPRINT(TABPREP):   run;

NOTE: There were 52 observations read from the data set WORK.M_MACVAR.
NOTE: The data set WORK.M_MACVAR has 52 observations and 5 variables.
NOTE: DATA statement used (Total process time):
      real time           0.00 seconds
      cpu time            0.00 seconds
      

MPRINT(TABPREP):   data m_macvar (drop=seq val);
MPRINT(TABPREP):   set m_macvar (rename=(value=val));
MPRINT(TABPREP):   by seq;
MPRINT(TABPREP):   format value $4000.;
MPRINT(TABPREP):   retain value;
MPRINT(TABPREP):   if (first.seq) then do;
MPRINT(TABPREP):   value= val;
MPRINT(TABPREP):   end;
MPRINT(TABPREP):   else do;
MPRINT(TABPREP):   value= substr(value,1,offset)||trim(val);
MPRINT(TABPREP):   end;
MPRINT(TABPREP):   if (last.seq);
MPRINT(TABPREP):   run;

NOTE: There were 52 observations read from the data set WORK.M_MACVAR.
NOTE: The data set WORK.M_MACVAR has 52 observations and 4 variables.
NOTE: DATA statement used (Total process time):
      real time           0.00 seconds
      cpu time            0.00 seconds
      

MPRINT(TABPREP):   *** Merge long macro values back into one record ***;
MPRINT(TABPREP):   ***--- till here ---*** ***--- VK 20JUL2006 ---***;
MPRINT(TABPREP):   * proc print data = m_macvar;
MPRINT(TABPREP):   * title3 'File M_MACVAR';
MPRINT(TABPREP):   * run;
MPRINT(TABPREP):   * proc print data = summary;
MPRINT(TABPREP):   * title3 'File SUMMARY as printed by PROC REPORT';
MPRINT(TABPREP):   * run;
MPRINT(MAIN):  ;
MPRINT(PRINTSET):   data _null_;
                                                                    The SAS System

MPRINT(PRINTSET):   if index("t-aebrief",'-')>0 then hyund="-";
MPRINT(PRINTSET):   else hyund="_";
MPRINT(PRINTSET):   call symput("hyund",compress(hyund));
MPRINT(PRINTSET):   run;

NOTE: DATA statement used (Total process time):
      real time           0.00 seconds
      cpu time            0.00 seconds
      

MPRINT(PRINTSET):   data _null_;
MPRINT(PRINTSET):   formchar='|----|+|----+=|-/\<>*™';
MPRINT(PRINTSET):   substr(formchar,2,1)='_';
MPRINT(PRINTSET):   call symput('formchar',formchar);
MPRINT(PRINTSET):   run;

NOTE: DATA statement used (Total process time):
      real time           0.00 seconds
      cpu time            0.00 seconds
      

MPRINT(PRINTSET):   options orientation = LANDSCAPE papersize = letter topmargin = "1 in" bottommargin = "1 in" leftmargin = "1 in" rightmargin = "1 
in" formchar="|_---|+|----+=|-/\<>*™";
MPRINT(PRINTSET):   options pagesize = 48 linesize = 150 nodate nonumber;
MPRINT(TNFSET):   filename _tnftmp temp;
MPRINT(TNFSET):   data _null_;
MPRINT(TNFSET):   file _tnftmp lrecl=1000 recfm=v;
MPRINT(TNFSET):   infile "../tools/tnf.inc" lrecl=1000 pad;
MPRINT(TNFSET):   length testtext $ 40;
MPRINT(TNFSET):   input @1 text $1000.;
MPRINT(TNFSET):   testtext = scan(text,1," ");
MPRINT(TNFSET):   if testtext = "/*";
MPRINT(TNFSET):   testtext = scan(text,2," ");
MPRINT(TNFSET):   if upcase(testtext) in ("T-AEBRIEF" , "DEFAULT");
MPRINT(TNFSET):   testtext = scan(text,3," ");
MPRINT(TNFSET):   if testtext =: "*/";
MPRINT(TNFSET):   put text;
MPRINT(TNFSET):   run;

NOTE: The file _TNFTMP is:
      Filename=/saswork/SAS_work4C1400177CD1_sjgsasappprdg12/#LN00081,
      Owner Name=cpearson1,
      Group Name=NA\domain^users,
      Access Permission=-rw--w-rw-,
      Last Modified=30Aug2026:15:54:43

                                                                    The SAS System

NOTE: The infile "../tools/tnf.inc" is:
      Filename=/biometrics/gsi_stds/dss_2026/s0000000/final/draft1/tools/tnf.inc,
      Owner Name=cpearson1,
      Group Name=NA\domain^users,
      Access Permission=-rwxrwxrwx,
      Last Modified=30Aug2026:15:39:33,
      File Size (bytes)=10383

NOTE: 10 records were written to the file _TNFTMP.
      The minimum record length was 54.
      The maximum record length was 185.
NOTE: 109 records were read from the infile "../tools/tnf.inc".
      The minimum record length was 0.
      The maximum record length was 187.
NOTE: DATA statement used (Total process time):
      real time           0.02 seconds
      cpu time            0.01 seconds
      

NOTE: %INCLUDE (level 2) file _TNFTMP is file /saswork/SAS_work4C1400177CD1_sjgsasappprdg12/#LN00081.
1414      +/* default       */ %let ttl1 = NO ASSIGNED TITLE FOR JOB &titlekey;
1415      +/* t-aebrief */ %let ttl1 = %str(Table 15.11.2.1.1.1: Treatment-Emergent Adverse Events: Overall Summary);
1416      +/* t-aebrief */ %let ttl2 = %str(Safety Analysis Set);
1417      +/* t-aebrief */ %let fnl1 = %str(TE = treatment-emergent; TEAE = treatment-emergent adverse event.);
1418      +/* t-aebrief */ %let fnl2 = %str(Adverse events were coded according to MedDRA Version {XX.X}.);
1419      +/* t-aebrief */ %let fnl3 = %str(Treatment-emergent events began on or after the study drug start date up to {XX} days {or study
1419     !+drug-specific therapeutic reach} after the date of the);
1420      +/* t-aebrief */ %let fnl4 = %str( last dose of study drug [and prior to the day of initiation of subsequent anticancer/antiviral/etc
1420     !+therapy].);
1421      +/* t-aebrief */ %let fnl5 = %str(Severity grades were defined by [Gilead Grading Scale for Severity of Adverse Events and Laboratory
1421     !+Abnormalities][The CTCAE Version X][The DAIDS);
1422      +/* t-aebrief */ %let fnl6 = %str(Version XX]. [Participants were counted only one based on their highest grade for each summary row.]);
1423      +/* t-aebrief */ %let fnl7 = %str(Death includes any death that occurred during the study. Percentages for TEAE Dose Limiting Toxicity was
1423     !+calculated based on the number of);
NOTE: %INCLUDE (level 2) ending.
NOTE: %INCLUDE (level 1) resuming.
MPRINT(TNFSET):   filename _tnftmp clear;
NOTE: Fileref _TNFTMP has been deassigned.
MPRINT(TNFSET):   title1 j=r "                                                                                                                        
         Gilead Sciences, Inc.";
MPRINT(TNFSET):   title2 j=r "                                                                                                                        
          Study GS-US-000-0000";
MPRINT(TNFSET):   title3 j=c "                                       Table 15.11.2.1.1.1: Treatment-Emergent Adverse Events: Overall Summary          
                              ";
MPRINT(TNFSET):   title4 j=c "                                                                 Safety Analysis Set                                    
                              ";
                                                                    The SAS System

MPRINT(TNFSET):   footnote1 j=l "TE = treatment-emergent; TEAE = treatment-emergent adverse event.                                                    
                                 ";
MPRINT(TNFSET):   footnote2 j=l "Adverse events were coded according to MedDRA Version {XX.X}.                                                        
                                 ";
MPRINT(TNFSET):   footnote3 j=l "Treatment-emergent events began on or after the study drug start date up to {XX} days {or study drug-specific 
therapeutic reach} after the date of the";
MPRINT(TNFSET):   footnote4 j=l " last dose of study drug [and prior to the day of initiation of subsequent anticancer/antiviral/etc therapy].        
                                 ";
MPRINT(TNFSET):   footnote5 j=l "Severity grades were defined by [Gilead Grading Scale for Severity of Adverse Events and Laboratory 
Abnormalities][The CTCAE Version X][The DAIDS     ";
MPRINT(TNFSET):   footnote6 j=l "Version XX]. [Participants were counted only one based on their highest grade for each summary row.]                 
                                 ";
MPRINT(TNFSET):   footnote7 j=l "Death includes any death that occurred during the study. Percentages for TEAE Dose Limiting Toxicity was calculated 
based on the number of            ";
MPRINT(TNFSET):   footnote9 j=l "Data Extracted: ddmmmyyyy                                                                                            
                                 ";
MPRINT(TNFSET):   footnote10 j=l "Source: .../final/draft1/prog/t-aebrief.sas v9.4  Output file: t-aebrief.pdf 30AUG2026:15:54                        
                   PAGE XX OF YYY ";
MPRINT(PRINTSET):  ;
MPRINT(PRINTSET):   proc printto print = "t-aebrief.out" new ;
MPRINT(PRINTSET):   run;

NOTE: PROCEDURE PRINTTO used (Total process time):
      real time           0.00 seconds
      cpu time            0.00 seconds
      

MPRINT(MAIN):  ;
MPRINT(TABDRPT):   ***--- create local macro variables used locally in previous macro ---***;
MPRINT(TABDRPT):   ***--- starting here ---*** ***--- VK 21JUL2006 ---***;
MPRINT(TABDRPT):   *** use call symput to avoide %bquote maximum nesting issue ***;
MPRINT(TABDRPT):   data _null_;
MPRINT(TABDRPT):   set m_macvar;
MPRINT(TABDRPT):   if (index(' STATS GSPACE SSPACE CWIDTH HEADTOT MMODE DRPTCOL LLABEL EMPTYLBL SORDSKIP COLBRKS PGBRK BYVAR HDRMOD SKIPVAR', ' 
'||trim(name)||' ')=0) then do;
MPRINT(TABDRPT):   call symput( trim(name), trim(value));
MPRINT(TABDRPT):   end;
MPRINT(TABDRPT):   else if ("t-aebrief "=" " and name='TITLEKEY') then call symput( trim(name), trim(value));
MPRINT(TABDRPT):   else if ("t-aebrief "=" " and name='OUTNAME') then call symput( trim(name), trim(value));
MPRINT(TABDRPT):   run;

NOTE: There were 52 observations read from the data set WORK.M_MACVAR.
NOTE: DATA statement used (Total process time):
      real time           0.00 seconds
      cpu time            0.00 seconds
      
                                                                    The SAS System


MPRINT(TABDRPT):   ;
MPRINT(TABDRPT):   ;
MPRINT(TABDRPT):   ***--- till here ---***;
MPRINT(TABDRPT):   ***--- VK 21JUL2006 ---***;
MPRINT(TABDRPT):   ***--- reformat drptcol to have a space around each valueX with parentheses ***;
MPRINT(TABDRPT):   ;
MPRINT(TABDRPT):   ***--- number of columns to be printed in the report VK 23SEP2007 ---***;
MPRINT(TABDRPT):   ***--- check number of columns to print as specified in showallcol option in tabdesc call ---***;
MPRINT(TABDRPT):   ***--- Start ---***;
MPRINT(TABDRPT):   ***--- VK 31MAY2007---***;
MPRINT(TABDRPT):   ***--- End ---***;
MPRINT(TABDRPT):   ***--- VK 31MAY2007---***;
MPRINT(TABDRPT):   ODS LISTING;
MPRINT(TABDRPT):   ** Remove the following record to clarify if it is a no data situation;
MPRINT(TABDRPT):   data summary;
MPRINT(TABDRPT):   set summary;
MPRINT(TABDRPT):   if _n_=1 and strip(linlabel)="No data available for this table" then delete;
MPRINT(TABDRPT):   run;

NOTE: There were 13 observations read from the data set WORK.SUMMARY.
NOTE: The data set WORK.SUMMARY has 13 observations and 15 variables.
NOTE: DATA statement used (Total process time):
      real time           0.00 seconds
      cpu time            0.00 seconds
      

MPRINT(TABDRPT):  ;
nobs=13
MPRINT(PRINTSET):   data _null_;
MPRINT(PRINTSET):   if index("t-aebrief",'-')>0 then hyund="-";
MPRINT(PRINTSET):   else hyund="_";
MPRINT(PRINTSET):   call symput("hyund",compress(hyund));
MPRINT(PRINTSET):   run;

NOTE: DATA statement used (Total process time):
      real time           0.00 seconds
      cpu time            0.00 seconds
      

MPRINT(PRINTSET):   data _null_;
MPRINT(PRINTSET):   formchar='|----|+|----+=|-/\<>*™';
MPRINT(PRINTSET):   substr(formchar,2,1)='_';
MPRINT(PRINTSET):   call symput('formchar',formchar);
MPRINT(PRINTSET):   run;

                                                                    The SAS System

NOTE: DATA statement used (Total process time):
      real time           0.00 seconds
      cpu time            0.00 seconds
      

MPRINT(PRINTSET):   options orientation = LANDSCAPE papersize = letter topmargin = "1 in" bottommargin = "1 in" leftmargin = "1 in" rightmargin = "1 
in" formchar="|_---|+|----+=|-/\<>*™";
MPRINT(PRINTSET):   options pagesize = 48 linesize = 150 nodate nonumber;
MPRINT(TNFSET):   filename _tnftmp temp;
MPRINT(TNFSET):   data _null_;
MPRINT(TNFSET):   file _tnftmp lrecl=1000 recfm=v;
MPRINT(TNFSET):   infile "../tools/tnf.inc" lrecl=1000 pad;
MPRINT(TNFSET):   length testtext $ 40;
MPRINT(TNFSET):   input @1 text $1000.;
MPRINT(TNFSET):   testtext = scan(text,1," ");
MPRINT(TNFSET):   if testtext = "/*";
MPRINT(TNFSET):   testtext = scan(text,2," ");
MPRINT(TNFSET):   if upcase(testtext) in ("T-AEBRIEF" , "DEFAULT");
MPRINT(TNFSET):   testtext = scan(text,3," ");
MPRINT(TNFSET):   if testtext =: "*/";
MPRINT(TNFSET):   put text;
MPRINT(TNFSET):   run;

NOTE: The file _TNFTMP is:
      Filename=/saswork/SAS_work4C1400177CD1_sjgsasappprdg12/#LN00085,
      Owner Name=cpearson1,
      Group Name=NA\domain^users,
      Access Permission=-rw--w-rw-,
      Last Modified=30Aug2026:15:54:43

NOTE: The infile "../tools/tnf.inc" is:
      Filename=/biometrics/gsi_stds/dss_2026/s0000000/final/draft1/tools/tnf.inc,
      Owner Name=cpearson1,
      Group Name=NA\domain^users,
      Access Permission=-rwxrwxrwx,
      Last Modified=30Aug2026:15:39:33,
      File Size (bytes)=10383

NOTE: 10 records were written to the file _TNFTMP.
      The minimum record length was 54.
      The maximum record length was 185.
NOTE: 109 records were read from the infile "../tools/tnf.inc".
      The minimum record length was 0.
      The maximum record length was 187.
NOTE: DATA statement used (Total process time):
      real time           0.01 seconds
                                                                    The SAS System

      cpu time            0.00 seconds
      

NOTE: %INCLUDE (level 2) file _TNFTMP is file /saswork/SAS_work4C1400177CD1_sjgsasappprdg12/#LN00085.
1424      +/* default       */ %let ttl1 = NO ASSIGNED TITLE FOR JOB &titlekey;
1425      +/* t-aebrief */ %let ttl1 = %str(Table 15.11.2.1.1.1: Treatment-Emergent Adverse Events: Overall Summary);
1426      +/* t-aebrief */ %let ttl2 = %str(Safety Analysis Set);
1427      +/* t-aebrief */ %let fnl1 = %str(TE = treatment-emergent; TEAE = treatment-emergent adverse event.);
1428      +/* t-aebrief */ %let fnl2 = %str(Adverse events were coded according to MedDRA Version {XX.X}.);
1429      +/* t-aebrief */ %let fnl3 = %str(Treatment-emergent events began on or after the study drug start date up to {XX} days {or study
1429     !+drug-specific therapeutic reach} after the date of the);
1430      +/* t-aebrief */ %let fnl4 = %str( last dose of study drug [and prior to the day of initiation of subsequent anticancer/antiviral/etc
1430     !+therapy].);
1431      +/* t-aebrief */ %let fnl5 = %str(Severity grades were defined by [Gilead Grading Scale for Severity of Adverse Events and Laboratory
1431     !+Abnormalities][The CTCAE Version X][The DAIDS);
1432      +/* t-aebrief */ %let fnl6 = %str(Version XX]. [Participants were counted only one based on their highest grade for each summary row.]);
1433      +/* t-aebrief */ %let fnl7 = %str(Death includes any death that occurred during the study. Percentages for TEAE Dose Limiting Toxicity was
1433     !+calculated based on the number of);
NOTE: %INCLUDE (level 2) ending.
NOTE: %INCLUDE (level 1) resuming.
MPRINT(TNFSET):   filename _tnftmp clear;
NOTE: Fileref _TNFTMP has been deassigned.
MPRINT(TNFSET):   title1 j=r "                                                                                                                        
         Gilead Sciences, Inc.";
MPRINT(TNFSET):   title2 j=r "                                                                                                                        
          Study GS-US-000-0000";
MPRINT(TNFSET):   title3 j=c "                                       Table 15.11.2.1.1.1: Treatment-Emergent Adverse Events: Overall Summary          
                              ";
MPRINT(TNFSET):   title4 j=c "                                                                 Safety Analysis Set                                    
                              ";
MPRINT(TNFSET):   footnote1 j=l "TE = treatment-emergent; TEAE = treatment-emergent adverse event.                                                    
                                 ";
MPRINT(TNFSET):   footnote2 j=l "Adverse events were coded according to MedDRA Version {XX.X}.                                                        
                                 ";
MPRINT(TNFSET):   footnote3 j=l "Treatment-emergent events began on or after the study drug start date up to {XX} days {or study drug-specific 
therapeutic reach} after the date of the";
MPRINT(TNFSET):   footnote4 j=l " last dose of study drug [and prior to the day of initiation of subsequent anticancer/antiviral/etc therapy].        
                                 ";
MPRINT(TNFSET):   footnote5 j=l "Severity grades were defined by [Gilead Grading Scale for Severity of Adverse Events and Laboratory 
Abnormalities][The CTCAE Version X][The DAIDS     ";
MPRINT(TNFSET):   footnote6 j=l "Version XX]. [Participants were counted only one based on their highest grade for each summary row.]                 
                                 ";
MPRINT(TNFSET):   footnote7 j=l "Death includes any death that occurred during the study. Percentages for TEAE Dose Limiting Toxicity was calculated 
based on the number of            ";
MPRINT(TNFSET):   footnote9 j=l "Data Extracted: ddmmmyyyy                                                                                            
                                 ";
                                                                    The SAS System

MPRINT(TNFSET):   footnote10 j=l "Source: .../final/draft1/prog/t-aebrief.sas v9.4  Output file: t-aebrief.pdf 30AUG2026:15:54                        
                   PAGE XX OF YYY ";
MPRINT(PRINTSET):  ;
MPRINT(PRINTSET):   proc printto print = "t-aebrief.out" new ;
MPRINT(PRINTSET):   run;

NOTE: PROCEDURE PRINTTO used (Total process time):
      real time           0.01 seconds
      cpu time            0.00 seconds
      

MPRINT(TABDRPT):  ;
MPRINT(TABDRPT):   filename mprint "__1539281.tmp";
MPRINT(TABDRPT):   option mfile;
MPRINT(TABDRPT):   proc report data = summary split = '~' missing headline spacing = 15 formchar(2) = "_" nowindows;
NOTE: The macro generated output from MPRINT will also be written to external file 
      /biometrics/gsi_stds/dss_2026/s0000000/final/draft1/prog/__1539281.tmp while OPTIONS MPRINT and MFILE are set.
MPRINT(TABDRPT):   column ( '__' ( pageno sortord statord1 any_teae type linlabel value1 value2 value3 ));
MPRINT(TABDRPT):   *********************************************;
MPRINT(TABDRPT):   *** End of COLUMN statement specification ***;
MPRINT(TABDRPT):   *** begin define statement ***;
MPRINT(TABDRPT):   *********************************************;
MPRINT(TABDRPT):   define pageno / order order=internal noprint;
MPRINT(TABDRPT):   define sortord / order order=internal noprint;
MPRINT(TABDRPT):   define statord1 / order order=internal noprint;
MPRINT(TABDRPT):   define any_teae / order order=internal noprint;
MPRINT(TABDRPT):   define type / order order=internal noprint;
MPRINT(TABDRPT):   define linlabel / display width = 50 flow "Number (%) of Participants with";
MPRINT(TABDRPT):   define value1 / display width=12 center flow "Drug A~(N=50)";
MPRINT(TABDRPT):   define value2 / display width=12 center flow "Drug B~(N=50)";
MPRINT(TABDRPT):   define value3 / display width=12 center flow "Total~(N=100)";
MPRINT(TABDRPT):   *********************************************;
MPRINT(TABDRPT):   *** End of define statement specification ***;
MPRINT(TABDRPT):   *** begin compute statement ***;
MPRINT(TABDRPT):   *********************************************;
MPRINT(TABDRPT):   **********************************************;
MPRINT(TABDRPT):   *** End of compute statement specification ***;
MPRINT(TABDRPT):   *** begin break statement ***;
MPRINT(TABDRPT):   **********************************************;
MPRINT(TABDRPT):   break after pageno / page;
MPRINT(TABDRPT):   break before sortord / skip;
MPRINT(TABDRPT):   run;

NOTE: Multiple concurrent threads will be used to summarize data.
NOTE: There were 13 observations read from the data set WORK.SUMMARY.
NOTE: The PROCEDURE REPORT printed pages 1-2.
                                                                    The SAS System

NOTE: PROCEDURE REPORT used (Total process time):
      real time           0.18 seconds
      cpu time            0.03 seconds
      

MPRINT(TABDRPT):   option nomfile;
MPRINT(TABDRPT):   filename mprint clear;
NOTE: Fileref MPRINT has been deassigned.
MPRINT(RPTEXPORT):   filename rptlog "__1539281.tmp";
MPRINT(RPTEXPORT):   x "rm /biometrics/gsi_stds/dss_2026/s0000000/final/draft1/prog/__1539281.tmp";
MPRINT(TABDRPT):  ;
MPRINT(PAGESET):   proc printto print=print;
MPRINT(PAGESET):   run;

NOTE: PROCEDURE PRINTTO used (Total process time):
      real time           0.00 seconds
      cpu time            0.00 seconds
      

MPRINT(PAGESET):   *** count pages and save text to temporary file ***;
MPRINT(PAGESET):   filename _outfil_ "t-aebrief.out";
MPRINT(PAGESET):   data pagesettext(compress=yes keep=text obsnum) pagesetnums(keep=obsnum_u);
MPRINT(PAGESET):   infile _outfil_ lrecl=200 pad eof=eof;
MPRINT(PAGESET):   input text $char200.;
MPRINT(PAGESET):   obsnum + 1;
MPRINT(PAGESET):   output pagesettext;
MPRINT(PAGESET):   if( index(text,"PAGE XX OF YYY ") ) then do;
MPRINT(PAGESET):   obsnum_u = obsnum-10;
MPRINT(PAGESET):   totpages + 1;
MPRINT(PAGESET):   output pagesetnums;
MPRINT(PAGESET):   end;
MPRINT(PAGESET):   return;
MPRINT(PAGESET):   eof: call symput("totpages",compress(put(totpages,best.)));
MPRINT(PAGESET):   run;

NOTE: The infile _OUTFIL_ is:
      Filename=/biometrics/gsi_stds/dss_2026/s0000000/final/draft1/prog/t-aebrief.out,
      Owner Name=cpearson1,
      Group Name=NA\domain^users,
      Access Permission=-rwxrwxrwx,
      Last Modified=30Aug2026:15:54:44,
      File Size (bytes)=9217

NOTE: 96 records were read from the infile _OUTFIL_.
      The minimum record length was 0.
      The maximum record length was 151.
                                                                    The SAS System

NOTE: The data set WORK.PAGESETTEXT has 96 observations and 2 variables.
NOTE: Compressing data set WORK.PAGESETTEXT increased size by 100.00 percent. 
      Compressed is 2 pages; un-compressed would require 1 pages.
NOTE: The data set WORK.PAGESETNUMS has 2 observations and 1 variables.
NOTE: DATA statement used (Total process time):
      real time           0.01 seconds
      cpu time            0.01 seconds
      

MPRINT(PAGESET):   *** Insert page numbering ***;
MPRINT(PAGESET):   data pagesettext;
MPRINT(PAGESET):   merge pagesettext(in=_txt_) pagesetnums(in=_num_ rename=(obsnum_u=obsnum));
MPRINT(PAGESET):   by obsnum;
MPRINT(PAGESET):   *** insert underline above footnotes ***;
MPRINT(PAGESET):   if _txt_ and _num_ then if text = " " then text = repeat("_",149);
MPRINT(PAGESET):   length pagenumtxt $ 20;
MPRINT(PAGESET):   retain totpages 2;
MPRINT(PAGESET):   file _outfil_ linesize = 200 recfm=v noprint;
MPRINT(PAGESET):   if text = ' ' then put;
MPRINT(PAGESET):   else do;
MPRINT(PAGESET):   if _n_ le 2 and substr(text,1,1) = "0c"x then text=substr(text,2);
MPRINT(PAGESET):   if length(left(text)) > 1 then if substr(left(text),1,2)='zf' then text=substr(left(text),3);
MPRINT(PAGESET):   *** process page numbering ***;
MPRINT(PAGESET):   pnumpos = index(text, "PAGE XX OF YYY ");
MPRINT(PAGESET):   if pnumpos > 0 then do;
MPRINT(PAGESET):   page + 1;
MPRINT(PAGESET):   pagenumtxt = 'Page ' || trim(left(put(page, 6.))) || ' of ' || trim(left(put(totpages, 6.)));
MPRINT(PAGESET):   pagenumlen = length(pagenumtxt);
MPRINT(PAGESET):   text = substr(text, 1, pnumpos-1);
MPRINT(PAGESET):   substr(text, 1+150-pagenumlen) = trim(pagenumtxt);
MPRINT(PAGESET):   end;
MPRINT(PAGESET):   outlen = length(text);
MPRINT(PAGESET):   put text $varying200. outlen;
MPRINT(PAGESET):   end;
MPRINT(PAGESET):   delete;
MPRINT(PAGESET):   run;

NOTE: The file _OUTFIL_ is:
      Filename=/biometrics/gsi_stds/dss_2026/s0000000/final/draft1/prog/t-aebrief.out,
      Owner Name=cpearson1,
      Group Name=NA\domain^users,
      Access Permission=-rwxrwxrwx,
      Last Modified=30Aug2026:15:54:44

NOTE: 96 records were written to the file _OUTFIL_.
      The minimum record length was 0.
                                                                    The SAS System

      The maximum record length was 151.
NOTE: There were 96 observations read from the data set WORK.PAGESETTEXT.
NOTE: There were 2 observations read from the data set WORK.PAGESETNUMS.
NOTE: The data set WORK.PAGESETTEXT has 0 observations and 8 variables.
NOTE: DATA statement used (Total process time):
      real time           0.01 seconds
      cpu time            0.00 seconds
      

MPRINT(TXT2PDF):   **************************************************************************;
MPRINT(TXT2PDF):   ** Count pages in source file &in *;
MPRINT(TXT2PDF):   **************************************************************************;
MPRINT(TXT2PDF):   data _null_;
MPRINT(TXT2PDF):   retain firstobs 1;
MPRINT(TXT2PDF):   infile "t-aebrief.out" pad end=eof;
MPRINT(TXT2PDF):   input char $char1.;
MPRINT(TXT2PDF):   if _n_ = 1 then do;
MPRINT(TXT2PDF):   pages + 1;
MPRINT(TXT2PDF):   if char="1b"x then do;
MPRINT(TXT2PDF):   firstobs = 2;
MPRINT(TXT2PDF):   return;
MPRINT(TXT2PDF):   end;
MPRINT(TXT2PDF):   end;
MPRINT(TXT2PDF):   totlines + 1;
MPRINT(TXT2PDF):   if char = "0c"x then pages + 1;
MPRINT(TXT2PDF):   else if char = "1b"x then do;
MPRINT(TXT2PDF):   pages + 1;
MPRINT(TXT2PDF):   totlines + -1;
MPRINT(TXT2PDF):   end;
MPRINT(TXT2PDF):   if eof then do;
MPRINT(TXT2PDF):   if (pages < totlines/48) then do;
MPRINT(TXT2PDF):   pagemode = "fixed   ";
MPRINT(TXT2PDF):   pages = ceil(totlines/48);
MPRINT(TXT2PDF):   end;
MPRINT(TXT2PDF):   else pagemode = "standard";
MPRINT(TXT2PDF):   call symput("pagemode", trim(pagemode));
MPRINT(TXT2PDF):   call symput("pages", compress(put(pages,8.)));
MPRINT(TXT2PDF):   call symput("firstobs", put(firstobs,1.));
MPRINT(TXT2PDF):   call symput("totlines", put(totlines,8.));
MPRINT(TXT2PDF):   createtm = compress(put(time(),time8.),":");
MPRINT(TXT2PDF):   createtm = translate(createtm,"0"," ");
MPRINT(TXT2PDF):   call symput("createdt", put(date(),yymmddn8.)||substr(createtm,1,8));
MPRINT(TXT2PDF):   * put "NOTE: %&sysmacroname Version &toolver: " "page counter diagnostics " / " " pagemode= pages= firstobs= totlines= createtm=;
MPRINT(TXT2PDF):   stop;
MPRINT(TXT2PDF):   end;
MPRINT(TXT2PDF):   run;
                                                                    The SAS System


NOTE: The infile "t-aebrief.out" is:
      Filename=/biometrics/gsi_stds/dss_2026/s0000000/final/draft1/prog/t-aebrief.out,
      Owner Name=cpearson1,
      Group Name=NA\domain^users,
      Access Permission=-rwxrwxrwx,
      Last Modified=30Aug2026:15:54:44,
      File Size (bytes)=6237

NOTE: 96 records were read from the infile "t-aebrief.out".
      The minimum record length was 0.
      The maximum record length was 151.
NOTE: DATA statement used (Total process time):
      real time           0.01 seconds
      cpu time            0.00 seconds
      

MPRINT(TXT2PDF):   **************************************************************************;
MPRINT(TXT2PDF):   ** Write PDF file &out from source file &in *;
MPRINT(TXT2PDF):   **************************************************************************;
MPRINT(TXT2PDF):   data _null_;
MPRINT(TXT2PDF):   infile "t-aebrief.out" firstobs=1 pad end=eof;
MPRINT(TXT2PDF):   file "t-aebrief.pdf" noprint notitles recfm=v;
MPRINT(TXT2PDF):   length temptxt text setup $ 200;
MPRINT(TXT2PDF):   retain bytecnt objnum 0 crlf 2 lines -1 follow "ET";
MPRINT(TXT2PDF):   array objbyte {24} 8 _temporary_;
MPRINT(TXT2PDF):   array line {96} $ 200 _temporary_;
MPRINT(TXT2PDF):   array header {18} $ 200 _temporary_ ( '%PDF-1.4' "1 0 obj" "<<" "/Creator (cpearson1)" "/CreationDate (D:2026083015544400)" 
"/Producer (%TXT2PDF Version v4.19.01 at Gilead Sciences, Inc.)" "/Title (PDF Conversion of file t-aebrief.out)" ">>" "endobj" "2 0 obj << /Type 
/Catalog /Pages 6 0 R /Outlines 3 0 R >> endobj" "3 0 obj << /Type /Outlines /Count 0 >> endobj" "4 0 obj << /Type /Font /Subtype /Type1 /Name /F1" 
"/BaseFont /CourierNew,Bold /Encoding /WinAnsiEncoding >> endobj" "5 0 obj [ /PDF /Text ] endobj" "6 0 obj << /Type /Pages /Count 2 /Kids [" "7 0 R" 
"9 0 R" "] >> endobj" );
MPRINT(TXT2PDF):   ** Write standard PDF document header and general information **;
MPRINT(TXT2PDF):   if _n_ = 1 then do;
MPRINT(TXT2PDF):   do i = 1 to dim(header);
MPRINT(TXT2PDF):   temptxt = header{i};
MPRINT(TXT2PDF):   if indexw(temptxt,"obj") then isobj = 1;
MPRINT(TXT2PDF):   link puttxt;
MPRINT(TXT2PDF):   end;
MPRINT(TXT2PDF):   end;
MPRINT(TXT2PDF):   ** Read next text line **;
MPRINT(TXT2PDF):   input text $char200.;
MPRINT(TXT2PDF):   ** Start new page **;
MPRINT(TXT2PDF):   if substr(text,1,1) in ("0c"x,"1b"x) or _n_ = 1 or mod(lines,48)=0 then link toppage;
MPRINT(TXT2PDF):   ** Modify text for proper inclusion in PDF **;
MPRINT(TXT2PDF):   if indexc(text,"0d0cc4"x,"\()") then do;
                                                                    The SAS System

MPRINT(TXT2PDF):   text = compress(text,"0d0c"x);
MPRINT(TXT2PDF):   text = translate(text,"-","c4"x);
MPRINT(TXT2PDF):   text = tranwrd(text,"\","\\");
MPRINT(TXT2PDF):   text = tranwrd(text,"(","\(");
MPRINT(TXT2PDF):   text = tranwrd(text,")","\)");
MPRINT(TXT2PDF):   end;
MPRINT(TXT2PDF):   ** Store text for later writing **;
MPRINT(TXT2PDF):   lines + 1;
MPRINT(TXT2PDF):   line{lines} = "("||trim(text)||")'";
MPRINT(TXT2PDF):   pagesize + length(line{lines})+crlf;
MPRINT(TXT2PDF):   ** File termination routine **;
MPRINT(TXT2PDF):   if eof then do;
MPRINT(TXT2PDF):   link endpage;
MPRINT(TXT2PDF):   strtxref = bytecnt;
MPRINT(TXT2PDF):   temptxt = "xref";
MPRINT(TXT2PDF):   link puttxt;
MPRINT(TXT2PDF):   temptxt = "0 "||compress(put(objnum+1,8.));
MPRINT(TXT2PDF):   link puttxt;
MPRINT(TXT2PDF):   temptxt = "0000000000 65535 f";
MPRINT(TXT2PDF):   link puttxt;
MPRINT(TXT2PDF):   do i = 1 to objnum;
MPRINT(TXT2PDF):   temptxt = put(objbyte{i},z10.)||" 00000 n";
MPRINT(TXT2PDF):   link puttxt;
MPRINT(TXT2PDF):   end;
MPRINT(TXT2PDF):   temptxt = "trailer << /Size "||compress(put(objnum+1,8.))|| " /Info 1 0 R /Root 2 0 R >>";
MPRINT(TXT2PDF):   link puttxt;
MPRINT(TXT2PDF):   temptxt = "startxref";
MPRINT(TXT2PDF):   link puttxt;
MPRINT(TXT2PDF):   temptxt = compress(put(strtxref,12.));
MPRINT(TXT2PDF):   link puttxt;
MPRINT(TXT2PDF):   temptxt = '%%EOF';
MPRINT(TXT2PDF):   link puttxt;
MPRINT(TXT2PDF):   stop;
MPRINT(TXT2PDF):   end;
MPRINT(TXT2PDF):   return;
MPRINT(TXT2PDF):   ** Beginning of page routine **;
MPRINT(TXT2PDF):   toppage: if substr(text,1,1) = "1b"x then input text $char200.;
MPRINT(TXT2PDF):   if _n_ gt 1 then link endpage;
MPRINT(TXT2PDF):   temptxt = compress(put(objnum+1,8.))|| " 0 obj << /Type /Page /Parent 6 0 R /Resources";
MPRINT(TXT2PDF):   isobj = 1;
MPRINT(TXT2PDF):   link puttxt;
MPRINT(TXT2PDF):   temptxt = "<< /Font << /F1 4 0 R >> /ProcSet 5 0 R >>";
MPRINT(TXT2PDF):   link puttxt;
MPRINT(TXT2PDF):   temptxt = "/MediaBox [ 0 0 792 612 ] /Contents " || compress(put(objnum+1,8.)) || " 0 R >> endobj";
MPRINT(TXT2PDF):   link puttxt;
MPRINT(TXT2PDF):   lines = 0;
                                                                    The SAS System

MPRINT(TXT2PDF):   return;
MPRINT(TXT2PDF):   ** End of page routine - write out one full page worth of text **;
MPRINT(TXT2PDF):   endpage: setup = "BT /F1 7 Tf 10 TL 72 540 Td";
MPRINT(TXT2PDF):   temptxt = compress(put(objnum+1,8.)) || " 0 obj << /Length "|| compress(put(pagesize+length(setup)+length(follow)+crlf,8.))||" >>";
MPRINT(TXT2PDF):   isobj = 1;
MPRINT(TXT2PDF):   link puttxt;
MPRINT(TXT2PDF):   temptxt = "stream";
MPRINT(TXT2PDF):   link puttxt;
MPRINT(TXT2PDF):   temptxt = setup;
MPRINT(TXT2PDF):   link puttxt;
MPRINT(TXT2PDF):   do i = 1 to lines;
MPRINT(TXT2PDF):   temptxt = line{i};
MPRINT(TXT2PDF):   link puttxt;
MPRINT(TXT2PDF):   end;
MPRINT(TXT2PDF):   temptxt = follow;
MPRINT(TXT2PDF):   link puttxt;
MPRINT(TXT2PDF):   temptxt = "endstream";
MPRINT(TXT2PDF):   link puttxt;
MPRINT(TXT2PDF):   temptxt = "endobj";
MPRINT(TXT2PDF):   link puttxt;
MPRINT(TXT2PDF):   pagesize = 0;
MPRINT(TXT2PDF):   return;
MPRINT(TXT2PDF):   ** Write text and accumulate byte count routine **;
MPRINT(TXT2PDF):   puttxt: textlen = length(temptxt);
MPRINT(TXT2PDF):   if isobj then do;
MPRINT(TXT2PDF):   isobj = 0;
MPRINT(TXT2PDF):   objnum + 1;
MPRINT(TXT2PDF):   objbyte{objnum} = bytecnt;
MPRINT(TXT2PDF):   end;
MPRINT(TXT2PDF):   bytecnt + textlen+crlf;
MPRINT(TXT2PDF):   put temptxt $varying200. textlen "0d"x ;
MPRINT(TXT2PDF):   return;
MPRINT(TXT2PDF):   run;

NOTE: The infile "t-aebrief.out" is:
      Filename=/biometrics/gsi_stds/dss_2026/s0000000/final/draft1/prog/t-aebrief.out,
      Owner Name=cpearson1,
      Group Name=NA\domain^users,
      Access Permission=-rwxrwxrwx,
      Last Modified=30Aug2026:15:54:44,
      File Size (bytes)=6237

NOTE: The file "t-aebrief.pdf" is:
      Filename=/biometrics/gsi_stds/dss_2026/s0000000/final/draft1/prog/t-aebrief.pdf,
      Owner Name=cpearson1,
      Group Name=NA\domain^users,
                                                                    The SAS System

      Access Permission=-rwxrwxrwx,
      Last Modified=30Aug2026:15:54:44

NOTE: 96 records were read from the infile "t-aebrief.out".
      The minimum record length was 0.
      The maximum record length was 151.
NOTE: 149 records were written to the file "t-aebrief.pdf".
      The minimum record length was 3.
      The maximum record length was 154.
NOTE: DATA statement used (Total process time):
      real time           0.02 seconds
      cpu time            0.01 seconds
      

MPRINT(TABDRPT):  ;
MPRINT(TABDRPT):   * proc print data = summary;
MPRINT(TABDRPT):   * title3 'File SUMMARY as printed by PROC REPORT';
MPRINT(TABDRPT):   * run;
MPRINT(MAIN):  ;
MPRINT(M_VAL_LOG):   data _val_rec;
MPRINT(M_VAL_LOG):   length titlekey $16 dsname $16 varname $32 check $60 expected $100 actual $100 status $10 message $200;
MPRINT(M_VAL_LOG):   titlekey = "t-aebrief";
MPRINT(M_VAL_LOG):   dsname = "adae";
MPRINT(M_VAL_LOG):   varname = "";
MPRINT(M_VAL_LOG):   check = "PDF generation";
MPRINT(M_VAL_LOG):   expected = "t-aebrief.pdf created";
MPRINT(M_VAL_LOG):   actual = "see log";
MPRINT(M_VAL_LOG):   status = "PASS";
MPRINT(M_VAL_LOG):   message = "AE overall summary table completed - see t-aebrief.log for ODS/PROC PRINTTO confirmation.";
MPRINT(M_VAL_LOG):   rundttm = datetime();
MPRINT(M_VAL_LOG):   format rundttm datetime20.;
MPRINT(M_VAL_LOG):   run;

NOTE: The data set WORK._VAL_REC has 1 observations and 9 variables.
NOTE: DATA statement used (Total process time):
      real time           0.00 seconds
      cpu time            0.00 seconds
      

MPRINT(M_VAL_LOG):   proc append base=tools.val_report data=_val_rec force;
MPRINT(M_VAL_LOG):   run;

NOTE: Appending WORK._VAL_REC to TOOLS.VAL_REPORT.
 
INFO: Engine's fast-append process in use.
INFO: 15:54:44 Reading DATA file, updating BASE file
                                                                    The SAS System

INFO: Starting data set size is 7 pages
INFO: Engine's block-read method is in use.
INFO: Engine's block-write  method is in use.
INFO: Ending data set size is 7 pages, 0 added.
INFO: 00:00:00 Elapsed time
INFO: 15:54:44 Finished updating BASE file
 
NOTE: There were 1 observations read from the data set WORK._VAL_REC.
NOTE: 1 observations added.
NOTE: The data set TOOLS.VAL_REPORT has 751 observations and 9 variables.
NOTE: PROCEDURE APPEND used (Total process time):
      real time           0.00 seconds
      cpu time            0.00 seconds
      

MPRINT(M_VAL_LOG):   proc datasets library=work nolist memtype=data;
MPRINT(M_VAL_LOG):   delete _val_rec;
MPRINT(M_VAL_LOG):   quit;

NOTE: Deleting WORK._VAL_REC (memtype=DATA).
NOTE: PROCEDURE DATASETS used (Total process time):
      real time           0.00 seconds
      cpu time            0.00 seconds
      

MPRINT(MAIN):  ;
NOTE: [USER] t-aebrief final status = PASS
NOTE: %INCLUDE (level 1) ending.
NOTE: SAS Institute Inc., SAS Campus Drive, Cary, NC USA 27513-2414
NOTE: The SAS System used:
      real time           3.54 seconds
      cpu time            2.05 seconds
      

Grid Job Id: 214375
