1                                                          The SAS System                              15:54 Sunday, August 30, 2026

NOTE: Copyright (c) 2016 by SAS Institute Inc., Cary, NC, USA. 
NOTE: SAS (r) Proprietary Software 9.4 (TS1M7) 
      Licensed to GILEAD SCIENCES - CONTROL NODE 1, Site 70173328.
NOTE: This session is executing on the Linux 4.18.0-553.58.1.el8_10.x86_64 (LIN X64) platform.



NOTE: Analytical products:
      
      SAS/STAT 15.2
      SAS/IML 15.2
      SAS/QC 15.2

NOTE: Additional host information:

 Linux LIN X64 4.18.0-553.58.1.el8_10.x86_64 #1 SMP Thu Jun 12 14:27:07 EDT 2025 x86_64 Red Hat Enterprise Linux release 8.10 
      (Ootpa) 

You are running SAS 9. Some SAS 8 files will be automatically converted 
by the V9 engine; others are incompatible.  Please see 
http://support.sas.com/rnd/migration/planning/platform/64bit.html

PROC MIGRATE will preserve current SAS file attributes and is 
recommended for converting all your SAS libraries from any 
SAS 8 release to SAS 9.  For details and examples, please see
http://support.sas.com/rnd/migration/index.html


This message is contained in the SAS news file, and is presented upon
initialization.  Edit the file "news" in the "misc/base" directory to
display site-specific news and information in the program log.
The command line option "-nonews" will prevent this display.




NOTE: SAS initialization used:
      real time           0.06 seconds
      cpu time            0.04 seconds
      
NOTE: Libref SASDATA successfully assigned from logical server.
NOTE: Libref STPSAMP successfully assigned from logical server.

NOTE: AUTOEXEC processing beginning; file is /opt/sas/sas94/m3/Config_GCS/Lev1/SASApp/appserver_autoexec.sas.


NOTE: AUTOEXEC processing completed.

1          /******************************************************************************
2           * Description: This code ensures that a SAS program, submitted to the SAS    *
3           *              GRID using 'gsub', is run in a SAS session whose current      *
4           *              working directory matches the directory from which the 'gsub' *
5           *              command was issued or directory identified by the argument    *
6           *              associated with the 'gsub' 'cwd' option                       *
7           *                                                                            *
8           * Note:        GSUB reserves the prefix 'gsub_' for the naming of macro      *
9           *              variables. In order to prevent naming collisions please       *
10          *              refrain from using the prefix 'gsub_' when naming macros      *
2                                                          The SAS System                              15:54 Sunday, August 30, 2026

11          *              in any program that will be submitted to the GSUB GS2         *
12          *              environment                                                   *
13          *                                                                            *
14          * Author:      Gilead Sciences, Inc.                                         *
15          *                                                                            *
16          * Date:        01 September 2016                                             *
17          *****************************************************************************/
18         
19         %*** Remember the original program ***;
20         %let gsas_orig_abs_pgm_name = /biometrics/gsi_stds/dss_2026/s0000000/final/draft1/prog/t-demog.sas;
21         %let gsas_orig_pgm_name = t-demog.sas;
22         
23         %*** Remember the log path ***;
24         %let gsub_log_path = /biometrics/gsi_stds/dss_2026/s0000000/final/draft1/prog;
25         
26         %*** Set the current working directory ***;
27         %sysexec cd /biometrics/gsi_stds/dss_2026/s0000000/final/draft1/prog;
28         
29         %*** Update UNIX PWD environment variable to reflect the current working directory ***;
30         %sysexec setenv PWD /biometrics/gsi_stds/dss_2026/s0000000/final/draft1/prog;
31         
32         %*** Precode ***;
33         %include "/gridwork/gsubwork/cpearson1/t-demog.sas_1788130493.4465868@sjgsasappprdg09/init_sys.sas";
G_SYSVER=v9.4
G_SYSUSERID_SHORT=cpearson1
G_SYSUSERID_LONG=_NULL_
G_SYSJOBID=1539899
   Got toolver from &progpath/../tools/init.inc : v4.19.01;				/*
 
      *******************************************************************************
      * SAS Program:    /biometrics/gsi_stds/dss_2026/s0000000/final/draft1/prog/t-demog.sas
      * Run by:         cpearson1 on sjgsasappprdg12
      * On Date:        30AUG2026:15:54
      * Tools Version:  v4.19.01 (from init_sys.sas)
      * SAS Version:    LIN X64 v9.4
      *******************************************************************************
 
CURRPATH=/biometrics/gsi_stds/dss_2026/s0000000/final/draft1/prog
PROGPATH=/biometrics/gsi_stds/dss_2026/s0000000/final/draft1/prog
G_SYSPROG=0
G_DEV=0
G_QUAL=0
NOTE: %INCLUDE (level 1) ending.
985        
986        *** Include the original SAS program ***;
987        %include "/gridwork/gsubwork/cpearson1/t-demog.sas_1788130493.4465868@sjgsasappprdg09/original_t-demog.sas" / source2;
                                                                    The SAS System

NOTE: %INCLUDE (level 1) file /gridwork/gsubwork/cpearson1/t-demog.sas_1788130493.4465868@sjgsasappprdg09/original_t-demog.sas is file 
      /gridwork/gsubwork/cpearson1/t-demog.sas_1788130493.4465868@sjgsasappprdg09/original_t-demog.sas.
988       +/* start of header *********************************************************************************
989       +Program Name:      t-demog.sas
990       +Program Author:    GitHub Copilot (copilot)
991       +Program Purpose:   Create Table 15.8.3.1.1 Demographics and Baseline Characteristics, ITT Analysis Set
992       +
993       +*********************************************************************************** end of header */
994       +
995       +/*----------------------------------------------------------------------------------------------
996       +  METADATA-TO-DATASET MAPPING (Phase 0)
997       +  Source:  DSS TFL Shells_Tables.json Shells[TitleKey=t-demog] Result rows (official source of
998       +           truth for variables/where-clauses/display text); cross-checked against DSS TFL
999       +           Shells.json outputs[id=Out_02] "Demographics and Baseline Characteristics".
1000      +  Population:      ITT Analysis Set (ADSL.ITTFL = 'Y')
1001      +  Column variable: ADSL.TRT01PN (1=Drug A, 2=Drug B, format TRTFMT.)
1002      +  Rows (Label / variable / where-clause / category list, verbatim from the shell JSON):
1003      +     1. Count of Subjects by Treatment  -> table header
1004      +     2. Age (years)                     -> ADSL.AGE, continuous (n/Mean/SD/Median/Q1,Q3/Min,Max)
1005      +     3. Age Group                       -> ADSL.AGEGR1N: 1='< 65 years', 2='>= 65 years'
1006      +     4. Sex at Birth                    -> ADSL.SEX: 'M'='Male', 'F'='Female' (exactly 2 categories -
1007      +                                           no "Unknown" row is defined in the shell, so none is shown)
1008      +     5. Race                            -> ADSL.RACE: exactly 6 categories (AMERICAN INDIAN OR ALASKA
1009      +                                           NATIVE, ASIAN, BLACK, NATIVE HAWAIIAN OR PACIFIC ISLANDER,
1010      +                                           WHITE, OTHER)
1011      +     6. Ethnicity                       -> ADSL.ETHNIC: exactly 2 categories (NOT HISPANIC OR LATINO,
1012      +                                           HISPANIC OR LATINO)
1013      +     7. Weight (kg)                     -> ADSL.BWT, continuous
1014      +     8. Height (cm)                     -> ADSL.BHT, continuous
1015      +     9. Body Mass Index (kg/m^2)        -> ADSL.BBMI, continuous
1016      +
1017      +  Sex/Race/Ethnicity are recoded via the shared format catalog informats/formats (FSEXC./
1018      +  FSEXN., FRACEC./FRACEN., FETHNICC./FETHNICN.) so the real ADSL controlled-terminology values
1019      +  (e.g. RACE='BLACK OR AFRICAN AMERICAN') resolve correctly. SHOWALL=N is used for every
1020      +  categorical row (Age Group/Sex/Race/Ethnicity) so a category with zero observed participants
1021      +  is never printed as a row unless it actually occurs in the ITT population data.
1022      +----------------------------------------------------------------------------------------------*/
1023      +
1024      +options missing='' mprint mlogic=0 symbolgen=0;
1025      +
1026      +%let titlekey = t-demog;
1027      +%let outname  = &titlekey;
1028      +%let statvar  = %sysfunc(translate(&titlekey,'_','-'));  /* macro variable names cannot contain '-' */
1029      +%global &statvar._status;
1030      +%let &statvar._status = PASS;
1031      +
                                                                    The SAS System

1032      +%let tools = ../tools;
1033      +libname adamdata "../adamdata";
NOTE: Libref ADAMDATA was successfully assigned as follows: 
      Engine:        V9 
      Physical Name: /biometrics/gsi_stds/dss_2026/s0000000/final/draft1/adamdata
1034      +libname tools    "&tools";
NOTE: Libref TOOLS refers to the same physical library as _FMTS_1.
NOTE: Libref TOOLS was successfully assigned as follows: 
      Engine:        V9 
      Physical Name: /biometrics/gsi_stds/dss_2026/s0000000/final/draft1/tools
1035      +libname libfmt   "&tools";
NOTE: Libref LIBFMT refers to the same physical library as TOOLS.
NOTE: Libref LIBFMT was successfully assigned as follows: 
      Engine:        V9 
      Physical Name: /biometrics/gsi_stds/dss_2026/s0000000/final/draft1/tools
1036      +options fmtsearch = (libfmt work);
1037      +
1038      +%include "&tools/init.inc";
NOTE: %INCLUDE (level 2) file ../tools/init.inc is file /biometrics/gsi_stds/dss_2026/s0000000/final/draft1/tools/init.inc.
1039      +/* start of header *********************************************************************************
1040      +
1041      +Program Name:      init.inc
1042      +Program Author:    First Last (userid)
1043      +Program Purpose:   initialization file	
1044      +                   - creates macro variables used by global macros
1045      +                   - automatically copied into tools directory & localized by FAB when new tools
1046      +                     folders are created
1047      +                   - Programmer needs to provide data transfer date &dataver and last 4 digits of
1048      +                     &sno (as applicable)
1049      +                   - can be further customized by Programmer
1050      +                   - template location: \\gsasdata\global\biostat\v4.19.01\folder_templates
1051      +
1052      +*********************************************************************************** end of header */
1053      +
1054      +&debug %put Begin "init.inc" file processing. ;
1055      +
1056      +/* macro variables used by the standard macros */
1057      +%let toolver  = v4.19.01;				/* Global Macro Version */
1058      +%let dataver  = %str(ddmmmyyyy);			/* Data Transfer Date (updated/customized by Programmer) */
1059      +%let sno      = 000-0000;            		        /* Study # (partially updated by FAB; Programmer provides last 4 digits) */
1060      +%let project  = GS-XXXX;             		        /* GS # (updated by FAB) */
1061      +%let protocol = GS-US-000-0000;			        /* Protocol # (updated by FAB) */
1062      +%let prtstudy = %str(Study GS-US-000-0000);	      	/* Protocol # for Output Header (updated by FAB, customizable by Programmer) */
1063      +%let hdrmode  = R;                   		        /* Header Justification (default & standard is R, can be changed to L) */
1064      +%let runmode  = ;             		        /* Run Mode (changed to blank by Programmer if study is open-label/unblinded) */
1065      +%let caution  = N;                   		        /* Caution Flag (changed to blank by Programmer when data & programs are final) */
                                                                    The SAS System

1066      +%let _subj_keyvars = subjid;		  		/* Declare the unique key identifier variables for subjects in the study */
1067      +%let study_subject_text = Participant;            /* Declare the study subject term for TFLs (Participant or Patient, per Protocol/SAP) */
1068      +
1069      +/* Programmer: create task/release specific macro variables below (an example of common macro variables created for DMCs is
1070      +   given - can be modified or deleted as needed) */
1071      +%let dmcdtn   = "01JAN2000"d;       		   /* DMC Meeting Date, numeric */
1072      +%let dmcdtc   = "01JAN2000";			         /* DMC Meeting Date, character */
1073      +%let cutdtn   = "01JAN2000"d;       		   /* DMC Data Snapshot Date, numeric  */
1074      +
1075      +/* set SAS options, overwrite system defaults  */
1076      +options mprint source;* source2 symbolgen;
1077      +
1078      +&debug %put End "init.inc" file processing. ;
NOTE: %INCLUDE (level 2) ending.
NOTE: %INCLUDE (level 1) resuming.
1079      +
1080      +%macro m_val_init;
1081      +   %if %sysfunc(exist(tools.val_report))=0 %then %do;
1082      +      data tools.val_report;
1083      +         length titlekey $16 dsname $16 varname $32 check $60 expected $100
1084      +                actual $100 status $10 message $200;
1085      +         format rundttm datetime20.;
1086      +         call missing(titlekey, dsname, varname, check, expected, actual, status, message, rundttm);
1087      +         delete;
1088      +      run;
1089      +   %end;
1090      +%mend m_val_init;
1091      +
1092      +%macro m_val_log(titlekey=, dsname=, varname=, check=, expected=, actual=, status=, message=);
1093      +   data _val_rec;
1094      +      length titlekey $16 dsname $16 varname $32 check $60 expected $100
1095      +             actual $100 status $10 message $200;
1096      +      titlekey = "&titlekey";
1097      +      dsname   = "&dsname";
1098      +      varname  = "&varname";
1099      +      check    = "&check";
1100      +      expected = "&expected";
1101      +      actual   = "&actual";
1102      +      status   = "&status";
1103      +      message  = "&message";
1104      +      rundttm  = datetime();
1105      +      format rundttm datetime20.;
1106      +   run;
1107      +   proc append base=tools.val_report data=_val_rec force; run;
1108      +   proc datasets library=work nolist memtype=data; delete _val_rec; quit;
1109      +%mend m_val_log;
                                                                    The SAS System

1110      +
1111      +%m_val_init;
1112      +
1113      +%macro m_req_check(dsname=, varlist=);
1114      +   %local _i _v _ok;
1115      +   %if %sysfunc(exist(adamdata.&dsname))=0 %then %do;
1116      +      %m_val_log(titlekey=&titlekey, dsname=&dsname, varname=, check=Dataset existence,
1117      +                 expected=adamdata.&dsname exists, actual=NOT FOUND, status=ERROR,
1118      +                 message=Required dataset adamdata.&dsname could not be found - table skipped.);
1119      +      %let &statvar._status = ERROR;
1120      +      %goto done;
1121      +   %end;
1122      +   %let _i = 1;
1123      +   %do %while (%scan(&varlist, &_i, %str( )) ne );
1124      +      %let _v = %scan(&varlist, &_i, %str( ));
1125      +      %m_chkvar(var=&_v, inds=&dsname, libnm=adamdata, abort=N, alert=N);
1126      +      %let _ok = &m_chkvar;
1127      +      %if %eval(&_ok) = 0 %then %do;
1128      +         %m_val_log(titlekey=&titlekey, dsname=&dsname, varname=&_v, check=Variable existence,
1129      +                    expected=Variable &_v present, actual=NOT FOUND, status=ERROR,
1130      +                    message=Required variable &_v not found in adamdata.&dsname - table marked ERROR.);
1131      +         %let &statvar._status = ERROR;
1132      +      %end;
1133      +      %else %do;
1134      +         %m_val_log(titlekey=&titlekey, dsname=&dsname, varname=&_v, check=Variable existence,
1135      +                    expected=Variable &_v present, actual=FOUND, status=PASS, message= );
1136      +      %end;
1137      +      %let _i = %eval(&_i + 1);
1138      +   %end;
1139      +   %done:
1140      +%mend m_req_check;
1141      +
1142      +%macro main;
1143      +
1144      +%m_req_check(dsname=adsl,
1145      +             varlist=subjid usubjid trt01pn ittfl age ageu agegr1n sex race ethnic bwt bht bbmi);
1146      +
1147      +%if &&&statvar._status = ERROR %then %do;
1148      +   %put %str(ER)ROR: [USER] &titlekey - one or more required ADSL variables were not found.;
1149      +   %put %str(ER)ROR: [USER] &titlekey - PDF generation skipped. See tools/val_report.out.;
1150      +   %goto endprogram;
1151      +%end;
1152      +
1153      +/*------------------------------------------------------------------------------------------*
1154      + | Data preparation - ITT Analysis Set, one record per participant                          |
1155      + *------------------------------------------------------------------------------------------*/
                                                                    The SAS System

1156      +%fetch(library = adamdata,
1157      +          data = adsl,
1158      +           out = demog0,
1159      +       dataopt = where=(ittfl = 'Y'),
1160      +        sortby = subjid);
1161      +
1162      +%nobs(demog0);
1163      +%m_val_log(titlekey=&titlekey, dsname=adsl, varname=ittfl, check=Population record count,
1164      +           expected=>0 ITT participants, actual=&nobs, status=%sysfunc(ifc(&nobs>0,PASS,ERROR)),
1165      +           message=ITT Analysis Set population count for demographics table.);
1166      +
1167      +%if &nobs = 0 %then %do;
1168      +   %let &statvar._status = ERROR;
1169      +   %goto endprogram;
1170      +%end;
1171      +
1172      +proc sort data=demog0 out=demog0 nodupkey;
1173      +   by subjid;
1174      +run;
1175      +
1176      +data demog1;
1177      +   set demog0;
1178      +
1179      +   /* Numeric recodes control display order; use the shared format catalog (not a local format)
1180      +      so real ADSL controlled-terminology values (e.g. 'BLACK OR AFRICAN AMERICAN') resolve. */
1181      +   racen   = input(upcase(race),   fracec.);
1182      +   sexn    = input(upcase(sex),    fsexc.);
1183      +   ethnicn = input(upcase(ethnic), fethnicc.);
1184      +
1185      +   if racen   = . then put "WARN" "ING: [USER] Unrecognized RACE value for USUBJID=" usubjid " race=" race;
1186      +   if sexn    = . then put "WARN" "ING: [USER] Unrecognized SEX value for USUBJID="  usubjid " sex="  sex;
1187      +   if ethnicn = . then put "WARN" "ING: [USER] Unrecognized ETHNIC value for USUBJID=" usubjid " ethnic=" ethnic;
1188      +
1189      +   age_l = 'Age (' || compress(lowcase(ageu)) || ')';
1190      +   call symputx('age_l', trim(age_l));
1191      +
1192      +   format trt01pn trtfmt.
1193      +          sexn    fsexn.
1194      +          racen   fracen.
1195      +          ethnicn fethnicn.
1196      +          agegr1n agegrfmt.;
1197      +   label age      = "Age (Years)"
1198      +         sexn     = "Sex at Birth"
1199      +         racen    = "Race"
1200      +         ethnicn  = "Ethnicity"
1201      +         agegr1n  = "Age Group"
                                                                    The SAS System

1202      +         bwt      = "Weight (kg)"
1203      +         bht      = "Height (cm)"
1204      +         bbmi     = "Body Mass Index (kg/m^2)";
1205      +run;
1206      +
1207      +/*------------------------------------------------------------------------------------------*
1208      + | Report generation                                                                        |
1209      + *------------------------------------------------------------------------------------------*/
1210      +%tabdesc(data     = demog1,
1211      +         ptvar    = subjid,
1212      +         colvar   = trt01pn,
1213      +         ocprint  = Y,
1214      +         col2     = 50,
1215      +         statlen  = 3,
1216      +         numtitle = Number of &study_subject_text.s);
1217      +
1218      +%tabdcont(sortord = 1, var = age,     meandec=1, sddec=2, meddec=1, qrtdec=1, rangedec=1);
1219      +%tabdcat (sortord = 2, var = agegr1n, stat = N PCT, showall = N, nomisspc = Y);
1220      +%tabdcat (sortord = 3, var = sexn,    stat = N PCT, showall = N, nomisspc = Y);
1221      +%tabdcat (sortord = 4, var = racen,   stat = N PCT, showall = N, nomisspc = Y);
1222      +%tabdcat (sortord = 5, var = ethnicn, stat = N PCT, showall = N, nomisspc = Y);
1223      +%tabdcont(sortord = 6, var = bwt,     meandec=1, sddec=2, meddec=1, qrtdec=1, rangedec=1);
1224      +%tabdcont(sortord = 7, var = bht,     meandec=1, sddec=2, meddec=1, qrtdec=1, rangedec=1);
1225      +%tabdcont(sortord = 8, var = bbmi,    meandec=1, sddec=2, meddec=1, qrtdec=1, rangedec=1);
1226      +
1227      +%tabprep(titlekey = &titlekey,
1228      +         outname  = &outname,
1229      +         tsource  = &tools/tnf.inc,
1230      +         vdata    = vdata);
1231      +
1232      +%printset(titlekey = &titlekey,
1233      +          outname  = &outname,
1234      +          tsource  = &tools/tnf.inc,
1235      +          orient   = landscape);
1236      +
1237      +%tabdrpt(titlekey = &titlekey,
1238      +         outname  = &outname,
1239      +         cwidth   = );
1240      +
1241      +%m_val_log(titlekey=&titlekey, dsname=adsl, varname=, check=PDF generation,
1242      +           expected=&outname..pdf created, actual=see log, status=&&&statvar._status,
1243      +           message=Demographics table completed - see &outname..log for ODS/PROC PRINTTO confirmation.);
1244      +
1245      +%endprogram:
1246      +
1247      +%put NOTE: [USER] &titlekey final status = &&&statvar._status;
                                                                    The SAS System

1248      +
1249      +%mend main;
1250      +
1251      +%main;
MPRINT(M_REQ_CHECK):  ;
MPRINT(M_VAL_LOG):   data _val_rec;
MPRINT(M_VAL_LOG):   length titlekey $16 dsname $16 varname $32 check $60 expected $100 actual $100 status $10 message $200;
MPRINT(M_VAL_LOG):   titlekey = "t-demog";
MPRINT(M_VAL_LOG):   dsname = "adsl";
MPRINT(M_VAL_LOG):   varname = "subjid";
MPRINT(M_VAL_LOG):   check = "Variable existence";
MPRINT(M_VAL_LOG):   expected = "Variable subjid present";
MPRINT(M_VAL_LOG):   actual = "FOUND";
MPRINT(M_VAL_LOG):   status = "PASS";
MPRINT(M_VAL_LOG):   message = "";
MPRINT(M_VAL_LOG):   rundttm = datetime();
MPRINT(M_VAL_LOG):   format rundttm datetime20.;
MPRINT(M_VAL_LOG):   run;

NOTE: The data set WORK._VAL_REC has 1 observations and 9 variables.
NOTE: DATA statement used (Total process time):
      real time           0.00 seconds
      cpu time            0.01 seconds
      

MPRINT(M_VAL_LOG):   proc append base=tools.val_report data=_val_rec force;
MPRINT(M_VAL_LOG):   run;

NOTE: Appending WORK._VAL_REC to TOOLS.VAL_REPORT.
 
INFO: Engine's fast-append process in use.
INFO: 15:54:59 Reading DATA file, updating BASE file
INFO: Starting data set size is 7 pages
INFO: Engine's block-read method is in use.
INFO: Engine's block-write  method is in use.
INFO: Ending data set size is 7 pages, 0 added.
INFO: 00:00:00 Elapsed time
INFO: 15:54:59 Finished updating BASE file
 
NOTE: There were 1 observations read from the data set WORK._VAL_REC.
NOTE: 1 observations added.
NOTE: The data set TOOLS.VAL_REPORT has 752 observations and 9 variables.
NOTE: PROCEDURE APPEND used (Total process time):
      real time           0.06 seconds
      cpu time            0.02 seconds
      
                                                                    The SAS System


MPRINT(M_VAL_LOG):   proc datasets library=work nolist memtype=data;
MPRINT(M_VAL_LOG):   delete _val_rec;
MPRINT(M_VAL_LOG):   quit;

NOTE: Deleting WORK._VAL_REC (memtype=DATA).
NOTE: PROCEDURE DATASETS used (Total process time):
      real time           0.00 seconds
      cpu time            0.00 seconds
      

MPRINT(M_REQ_CHECK):  ;
MPRINT(M_REQ_CHECK):  ;
MPRINT(M_VAL_LOG):   data _val_rec;
MPRINT(M_VAL_LOG):   length titlekey $16 dsname $16 varname $32 check $60 expected $100 actual $100 status $10 message $200;
MPRINT(M_VAL_LOG):   titlekey = "t-demog";
MPRINT(M_VAL_LOG):   dsname = "adsl";
MPRINT(M_VAL_LOG):   varname = "usubjid";
MPRINT(M_VAL_LOG):   check = "Variable existence";
MPRINT(M_VAL_LOG):   expected = "Variable usubjid present";
MPRINT(M_VAL_LOG):   actual = "FOUND";
MPRINT(M_VAL_LOG):   status = "PASS";
MPRINT(M_VAL_LOG):   message = "";
MPRINT(M_VAL_LOG):   rundttm = datetime();
MPRINT(M_VAL_LOG):   format rundttm datetime20.;
MPRINT(M_VAL_LOG):   run;

NOTE: The data set WORK._VAL_REC has 1 observations and 9 variables.
NOTE: DATA statement used (Total process time):
      real time           0.00 seconds
      cpu time            0.00 seconds
      

MPRINT(M_VAL_LOG):   proc append base=tools.val_report data=_val_rec force;
MPRINT(M_VAL_LOG):   run;

NOTE: Appending WORK._VAL_REC to TOOLS.VAL_REPORT.
 
INFO: Engine's fast-append process in use.
INFO: 15:54:59 Reading DATA file, updating BASE file
INFO: Starting data set size is 7 pages
INFO: Engine's block-read method is in use.
INFO: Engine's block-write  method is in use.
INFO: Ending data set size is 7 pages, 0 added.
INFO: 00:00:00 Elapsed time
INFO: 15:54:59 Finished updating BASE file
                                                                    The SAS System

 
NOTE: There were 1 observations read from the data set WORK._VAL_REC.
NOTE: 1 observations added.
NOTE: The data set TOOLS.VAL_REPORT has 753 observations and 9 variables.
NOTE: PROCEDURE APPEND used (Total process time):
      real time           0.02 seconds
      cpu time            0.00 seconds
      

MPRINT(M_VAL_LOG):   proc datasets library=work nolist memtype=data;
MPRINT(M_VAL_LOG):   delete _val_rec;
MPRINT(M_VAL_LOG):   quit;

NOTE: Deleting WORK._VAL_REC (memtype=DATA).
NOTE: PROCEDURE DATASETS used (Total process time):
      real time           0.00 seconds
      cpu time            0.00 seconds
      

MPRINT(M_REQ_CHECK):  ;
MPRINT(M_REQ_CHECK):  ;
MPRINT(M_VAL_LOG):   data _val_rec;
MPRINT(M_VAL_LOG):   length titlekey $16 dsname $16 varname $32 check $60 expected $100 actual $100 status $10 message $200;
MPRINT(M_VAL_LOG):   titlekey = "t-demog";
MPRINT(M_VAL_LOG):   dsname = "adsl";
MPRINT(M_VAL_LOG):   varname = "trt01pn";
MPRINT(M_VAL_LOG):   check = "Variable existence";
MPRINT(M_VAL_LOG):   expected = "Variable trt01pn present";
MPRINT(M_VAL_LOG):   actual = "FOUND";
MPRINT(M_VAL_LOG):   status = "PASS";
MPRINT(M_VAL_LOG):   message = "";
MPRINT(M_VAL_LOG):   rundttm = datetime();
MPRINT(M_VAL_LOG):   format rundttm datetime20.;
MPRINT(M_VAL_LOG):   run;

NOTE: The data set WORK._VAL_REC has 1 observations and 9 variables.
NOTE: DATA statement used (Total process time):
      real time           0.00 seconds
      cpu time            0.01 seconds
      

MPRINT(M_VAL_LOG):   proc append base=tools.val_report data=_val_rec force;
MPRINT(M_VAL_LOG):   run;

NOTE: Appending WORK._VAL_REC to TOOLS.VAL_REPORT.
 
                                                                    The SAS System

INFO: Engine's fast-append process in use.
INFO: 15:54:59 Reading DATA file, updating BASE file
INFO: Starting data set size is 7 pages
INFO: Engine's block-read method is in use.
INFO: Engine's block-write  method is in use.
INFO: Ending data set size is 7 pages, 0 added.
INFO: 00:00:00 Elapsed time
INFO: 15:54:59 Finished updating BASE file
 
NOTE: There were 1 observations read from the data set WORK._VAL_REC.
NOTE: 1 observations added.
NOTE: The data set TOOLS.VAL_REPORT has 754 observations and 9 variables.
NOTE: PROCEDURE APPEND used (Total process time):
      real time           0.00 seconds
      cpu time            0.00 seconds
      

MPRINT(M_VAL_LOG):   proc datasets library=work nolist memtype=data;
MPRINT(M_VAL_LOG):   delete _val_rec;
MPRINT(M_VAL_LOG):   quit;

NOTE: Deleting WORK._VAL_REC (memtype=DATA).
NOTE: PROCEDURE DATASETS used (Total process time):
      real time           0.00 seconds
      cpu time            0.00 seconds
      

MPRINT(M_REQ_CHECK):  ;
MPRINT(M_REQ_CHECK):  ;
MPRINT(M_VAL_LOG):   data _val_rec;
MPRINT(M_VAL_LOG):   length titlekey $16 dsname $16 varname $32 check $60 expected $100 actual $100 status $10 message $200;
MPRINT(M_VAL_LOG):   titlekey = "t-demog";
MPRINT(M_VAL_LOG):   dsname = "adsl";
MPRINT(M_VAL_LOG):   varname = "ittfl";
MPRINT(M_VAL_LOG):   check = "Variable existence";
MPRINT(M_VAL_LOG):   expected = "Variable ittfl present";
MPRINT(M_VAL_LOG):   actual = "FOUND";
MPRINT(M_VAL_LOG):   status = "PASS";
MPRINT(M_VAL_LOG):   message = "";
MPRINT(M_VAL_LOG):   rundttm = datetime();
MPRINT(M_VAL_LOG):   format rundttm datetime20.;
MPRINT(M_VAL_LOG):   run;

NOTE: The data set WORK._VAL_REC has 1 observations and 9 variables.
NOTE: DATA statement used (Total process time):
      real time           0.00 seconds
                                                                    The SAS System

      cpu time            0.00 seconds
      

MPRINT(M_VAL_LOG):   proc append base=tools.val_report data=_val_rec force;
MPRINT(M_VAL_LOG):   run;

NOTE: Appending WORK._VAL_REC to TOOLS.VAL_REPORT.
 
INFO: Engine's fast-append process in use.
INFO: 15:54:59 Reading DATA file, updating BASE file
INFO: Starting data set size is 7 pages
INFO: Engine's block-read method is in use.
INFO: Engine's block-write  method is in use.
INFO: Ending data set size is 7 pages, 0 added.
INFO: 00:00:00 Elapsed time
INFO: 15:54:59 Finished updating BASE file
 
NOTE: There were 1 observations read from the data set WORK._VAL_REC.
NOTE: 1 observations added.
NOTE: The data set TOOLS.VAL_REPORT has 755 observations and 9 variables.
NOTE: PROCEDURE APPEND used (Total process time):
      real time           0.00 seconds
      cpu time            0.00 seconds
      

MPRINT(M_VAL_LOG):   proc datasets library=work nolist memtype=data;
MPRINT(M_VAL_LOG):   delete _val_rec;
MPRINT(M_VAL_LOG):   quit;

NOTE: Deleting WORK._VAL_REC (memtype=DATA).
NOTE: PROCEDURE DATASETS used (Total process time):
      real time           0.00 seconds
      cpu time            0.00 seconds
      

MPRINT(M_REQ_CHECK):  ;
MPRINT(M_REQ_CHECK):  ;
MPRINT(M_VAL_LOG):   data _val_rec;
MPRINT(M_VAL_LOG):   length titlekey $16 dsname $16 varname $32 check $60 expected $100 actual $100 status $10 message $200;
MPRINT(M_VAL_LOG):   titlekey = "t-demog";
MPRINT(M_VAL_LOG):   dsname = "adsl";
MPRINT(M_VAL_LOG):   varname = "age";
MPRINT(M_VAL_LOG):   check = "Variable existence";
MPRINT(M_VAL_LOG):   expected = "Variable age present";
MPRINT(M_VAL_LOG):   actual = "FOUND";
MPRINT(M_VAL_LOG):   status = "PASS";
                                                                    The SAS System

MPRINT(M_VAL_LOG):   message = "";
MPRINT(M_VAL_LOG):   rundttm = datetime();
MPRINT(M_VAL_LOG):   format rundttm datetime20.;
MPRINT(M_VAL_LOG):   run;

NOTE: The data set WORK._VAL_REC has 1 observations and 9 variables.
NOTE: DATA statement used (Total process time):
      real time           0.00 seconds
      cpu time            0.00 seconds
      

MPRINT(M_VAL_LOG):   proc append base=tools.val_report data=_val_rec force;
MPRINT(M_VAL_LOG):   run;

NOTE: Appending WORK._VAL_REC to TOOLS.VAL_REPORT.
 
INFO: Engine's fast-append process in use.
INFO: 15:54:59 Reading DATA file, updating BASE file
INFO: Starting data set size is 7 pages
INFO: Engine's block-read method is in use.
INFO: Engine's block-write  method is in use.
INFO: Ending data set size is 7 pages, 0 added.
INFO: 00:00:00 Elapsed time
INFO: 15:54:59 Finished updating BASE file
 
NOTE: There were 1 observations read from the data set WORK._VAL_REC.
NOTE: 1 observations added.
NOTE: The data set TOOLS.VAL_REPORT has 756 observations and 9 variables.
NOTE: PROCEDURE APPEND used (Total process time):
      real time           0.00 seconds
      cpu time            0.01 seconds
      

MPRINT(M_VAL_LOG):   proc datasets library=work nolist memtype=data;
MPRINT(M_VAL_LOG):   delete _val_rec;
MPRINT(M_VAL_LOG):   quit;

NOTE: Deleting WORK._VAL_REC (memtype=DATA).
NOTE: PROCEDURE DATASETS used (Total process time):
      real time           0.00 seconds
      cpu time            0.00 seconds
      

MPRINT(M_REQ_CHECK):  ;
MPRINT(M_REQ_CHECK):  ;
MPRINT(M_VAL_LOG):   data _val_rec;
                                                                    The SAS System

MPRINT(M_VAL_LOG):   length titlekey $16 dsname $16 varname $32 check $60 expected $100 actual $100 status $10 message $200;
MPRINT(M_VAL_LOG):   titlekey = "t-demog";
MPRINT(M_VAL_LOG):   dsname = "adsl";
MPRINT(M_VAL_LOG):   varname = "ageu";
MPRINT(M_VAL_LOG):   check = "Variable existence";
MPRINT(M_VAL_LOG):   expected = "Variable ageu present";
MPRINT(M_VAL_LOG):   actual = "FOUND";
MPRINT(M_VAL_LOG):   status = "PASS";
MPRINT(M_VAL_LOG):   message = "";
MPRINT(M_VAL_LOG):   rundttm = datetime();
MPRINT(M_VAL_LOG):   format rundttm datetime20.;
MPRINT(M_VAL_LOG):   run;

NOTE: The data set WORK._VAL_REC has 1 observations and 9 variables.
NOTE: DATA statement used (Total process time):
      real time           0.00 seconds
      cpu time            0.00 seconds
      

MPRINT(M_VAL_LOG):   proc append base=tools.val_report data=_val_rec force;
MPRINT(M_VAL_LOG):   run;

NOTE: Appending WORK._VAL_REC to TOOLS.VAL_REPORT.
 
INFO: Engine's fast-append process in use.
INFO: 15:54:59 Reading DATA file, updating BASE file
INFO: Starting data set size is 7 pages
INFO: Engine's block-read method is in use.
INFO: Engine's block-write  method is in use.
INFO: Ending data set size is 7 pages, 0 added.
INFO: 00:00:00 Elapsed time
INFO: 15:54:59 Finished updating BASE file
 
NOTE: There were 1 observations read from the data set WORK._VAL_REC.
NOTE: 1 observations added.
NOTE: The data set TOOLS.VAL_REPORT has 757 observations and 9 variables.
NOTE: PROCEDURE APPEND used (Total process time):
      real time           0.00 seconds
      cpu time            0.00 seconds
      

MPRINT(M_VAL_LOG):   proc datasets library=work nolist memtype=data;
MPRINT(M_VAL_LOG):   delete _val_rec;
MPRINT(M_VAL_LOG):   quit;

NOTE: Deleting WORK._VAL_REC (memtype=DATA).
                                                                    The SAS System

NOTE: PROCEDURE DATASETS used (Total process time):
      real time           0.00 seconds
      cpu time            0.00 seconds
      

MPRINT(M_REQ_CHECK):  ;
MPRINT(M_REQ_CHECK):  ;
MPRINT(M_VAL_LOG):   data _val_rec;
MPRINT(M_VAL_LOG):   length titlekey $16 dsname $16 varname $32 check $60 expected $100 actual $100 status $10 message $200;
MPRINT(M_VAL_LOG):   titlekey = "t-demog";
MPRINT(M_VAL_LOG):   dsname = "adsl";
MPRINT(M_VAL_LOG):   varname = "agegr1n";
MPRINT(M_VAL_LOG):   check = "Variable existence";
MPRINT(M_VAL_LOG):   expected = "Variable agegr1n present";
MPRINT(M_VAL_LOG):   actual = "FOUND";
MPRINT(M_VAL_LOG):   status = "PASS";
MPRINT(M_VAL_LOG):   message = "";
MPRINT(M_VAL_LOG):   rundttm = datetime();
MPRINT(M_VAL_LOG):   format rundttm datetime20.;
MPRINT(M_VAL_LOG):   run;

NOTE: The data set WORK._VAL_REC has 1 observations and 9 variables.
NOTE: DATA statement used (Total process time):
      real time           0.00 seconds
      cpu time            0.00 seconds
      

MPRINT(M_VAL_LOG):   proc append base=tools.val_report data=_val_rec force;
MPRINT(M_VAL_LOG):   run;

NOTE: Appending WORK._VAL_REC to TOOLS.VAL_REPORT.
 
INFO: Engine's fast-append process in use.
INFO: 15:54:59 Reading DATA file, updating BASE file
INFO: Starting data set size is 7 pages
INFO: Engine's block-read method is in use.
INFO: Engine's block-write  method is in use.
INFO: Ending data set size is 7 pages, 0 added.
INFO: 00:00:00 Elapsed time
INFO: 15:54:59 Finished updating BASE file
 
NOTE: There were 1 observations read from the data set WORK._VAL_REC.
NOTE: 1 observations added.
NOTE: The data set TOOLS.VAL_REPORT has 758 observations and 9 variables.
NOTE: PROCEDURE APPEND used (Total process time):
      real time           0.00 seconds
                                                                    The SAS System

      cpu time            0.00 seconds
      

MPRINT(M_VAL_LOG):   proc datasets library=work nolist memtype=data;
MPRINT(M_VAL_LOG):   delete _val_rec;
MPRINT(M_VAL_LOG):   quit;

NOTE: Deleting WORK._VAL_REC (memtype=DATA).
NOTE: PROCEDURE DATASETS used (Total process time):
      real time           0.00 seconds
      cpu time            0.00 seconds
      

MPRINT(M_REQ_CHECK):  ;
MPRINT(M_REQ_CHECK):  ;
MPRINT(M_VAL_LOG):   data _val_rec;
MPRINT(M_VAL_LOG):   length titlekey $16 dsname $16 varname $32 check $60 expected $100 actual $100 status $10 message $200;
MPRINT(M_VAL_LOG):   titlekey = "t-demog";
MPRINT(M_VAL_LOG):   dsname = "adsl";
MPRINT(M_VAL_LOG):   varname = "sex";
MPRINT(M_VAL_LOG):   check = "Variable existence";
MPRINT(M_VAL_LOG):   expected = "Variable sex present";
MPRINT(M_VAL_LOG):   actual = "FOUND";
MPRINT(M_VAL_LOG):   status = "PASS";
MPRINT(M_VAL_LOG):   message = "";
MPRINT(M_VAL_LOG):   rundttm = datetime();
MPRINT(M_VAL_LOG):   format rundttm datetime20.;
MPRINT(M_VAL_LOG):   run;

NOTE: The data set WORK._VAL_REC has 1 observations and 9 variables.
NOTE: DATA statement used (Total process time):
      real time           0.00 seconds
      cpu time            0.00 seconds
      

MPRINT(M_VAL_LOG):   proc append base=tools.val_report data=_val_rec force;
MPRINT(M_VAL_LOG):   run;

NOTE: Appending WORK._VAL_REC to TOOLS.VAL_REPORT.
 
INFO: Engine's fast-append process in use.
INFO: 15:54:59 Reading DATA file, updating BASE file
INFO: Starting data set size is 7 pages
INFO: Engine's block-read method is in use.
INFO: Engine's block-write  method is in use.
INFO: Ending data set size is 7 pages, 0 added.
                                                                    The SAS System

INFO: 00:00:00 Elapsed time
INFO: 15:54:59 Finished updating BASE file
 
NOTE: There were 1 observations read from the data set WORK._VAL_REC.
NOTE: 1 observations added.
NOTE: The data set TOOLS.VAL_REPORT has 759 observations and 9 variables.
NOTE: PROCEDURE APPEND used (Total process time):
      real time           0.01 seconds
      cpu time            0.00 seconds
      

MPRINT(M_VAL_LOG):   proc datasets library=work nolist memtype=data;
MPRINT(M_VAL_LOG):   delete _val_rec;
MPRINT(M_VAL_LOG):   quit;

NOTE: Deleting WORK._VAL_REC (memtype=DATA).
NOTE: PROCEDURE DATASETS used (Total process time):
      real time           0.00 seconds
      cpu time            0.00 seconds
      

MPRINT(M_REQ_CHECK):  ;
MPRINT(M_REQ_CHECK):  ;
MPRINT(M_VAL_LOG):   data _val_rec;
MPRINT(M_VAL_LOG):   length titlekey $16 dsname $16 varname $32 check $60 expected $100 actual $100 status $10 message $200;
MPRINT(M_VAL_LOG):   titlekey = "t-demog";
MPRINT(M_VAL_LOG):   dsname = "adsl";
MPRINT(M_VAL_LOG):   varname = "race";
MPRINT(M_VAL_LOG):   check = "Variable existence";
MPRINT(M_VAL_LOG):   expected = "Variable race present";
MPRINT(M_VAL_LOG):   actual = "FOUND";
MPRINT(M_VAL_LOG):   status = "PASS";
MPRINT(M_VAL_LOG):   message = "";
MPRINT(M_VAL_LOG):   rundttm = datetime();
MPRINT(M_VAL_LOG):   format rundttm datetime20.;
MPRINT(M_VAL_LOG):   run;

NOTE: The data set WORK._VAL_REC has 1 observations and 9 variables.
NOTE: DATA statement used (Total process time):
      real time           0.00 seconds
      cpu time            0.00 seconds
      

MPRINT(M_VAL_LOG):   proc append base=tools.val_report data=_val_rec force;
MPRINT(M_VAL_LOG):   run;

                                                                    The SAS System

NOTE: Appending WORK._VAL_REC to TOOLS.VAL_REPORT.
 
INFO: Engine's fast-append process in use.
INFO: 15:54:59 Reading DATA file, updating BASE file
INFO: Starting data set size is 7 pages
INFO: Engine's block-read method is in use.
INFO: Engine's block-write  method is in use.
INFO: Ending data set size is 7 pages, 0 added.
INFO: 00:00:00 Elapsed time
INFO: 15:54:59 Finished updating BASE file
 
NOTE: There were 1 observations read from the data set WORK._VAL_REC.
NOTE: 1 observations added.
NOTE: The data set TOOLS.VAL_REPORT has 760 observations and 9 variables.
NOTE: PROCEDURE APPEND used (Total process time):
      real time           0.00 seconds
      cpu time            0.00 seconds
      

MPRINT(M_VAL_LOG):   proc datasets library=work nolist memtype=data;
MPRINT(M_VAL_LOG):   delete _val_rec;
MPRINT(M_VAL_LOG):   quit;

NOTE: Deleting WORK._VAL_REC (memtype=DATA).
NOTE: PROCEDURE DATASETS used (Total process time):
      real time           0.00 seconds
      cpu time            0.00 seconds
      

MPRINT(M_REQ_CHECK):  ;
MPRINT(M_REQ_CHECK):  ;
MPRINT(M_VAL_LOG):   data _val_rec;
MPRINT(M_VAL_LOG):   length titlekey $16 dsname $16 varname $32 check $60 expected $100 actual $100 status $10 message $200;
MPRINT(M_VAL_LOG):   titlekey = "t-demog";
MPRINT(M_VAL_LOG):   dsname = "adsl";
MPRINT(M_VAL_LOG):   varname = "ethnic";
MPRINT(M_VAL_LOG):   check = "Variable existence";
MPRINT(M_VAL_LOG):   expected = "Variable ethnic present";
MPRINT(M_VAL_LOG):   actual = "FOUND";
MPRINT(M_VAL_LOG):   status = "PASS";
MPRINT(M_VAL_LOG):   message = "";
MPRINT(M_VAL_LOG):   rundttm = datetime();
MPRINT(M_VAL_LOG):   format rundttm datetime20.;
MPRINT(M_VAL_LOG):   run;

NOTE: The data set WORK._VAL_REC has 1 observations and 9 variables.
                                                                    The SAS System

NOTE: DATA statement used (Total process time):
      real time           0.00 seconds
      cpu time            0.01 seconds
      

MPRINT(M_VAL_LOG):   proc append base=tools.val_report data=_val_rec force;
MPRINT(M_VAL_LOG):   run;

NOTE: Appending WORK._VAL_REC to TOOLS.VAL_REPORT.
 
INFO: Engine's fast-append process in use.
INFO: 15:54:59 Reading DATA file, updating BASE file
INFO: Starting data set size is 7 pages
INFO: Engine's block-read method is in use.
INFO: Engine's block-write  method is in use.
INFO: Ending data set size is 7 pages, 0 added.
INFO: 00:00:00 Elapsed time
INFO: 15:54:59 Finished updating BASE file
 
NOTE: There were 1 observations read from the data set WORK._VAL_REC.
NOTE: 1 observations added.
NOTE: The data set TOOLS.VAL_REPORT has 761 observations and 9 variables.
NOTE: PROCEDURE APPEND used (Total process time):
      real time           0.00 seconds
      cpu time            0.00 seconds
      

MPRINT(M_VAL_LOG):   proc datasets library=work nolist memtype=data;
MPRINT(M_VAL_LOG):   delete _val_rec;
MPRINT(M_VAL_LOG):   quit;

NOTE: Deleting WORK._VAL_REC (memtype=DATA).
NOTE: PROCEDURE DATASETS used (Total process time):
      real time           0.00 seconds
      cpu time            0.00 seconds
      

MPRINT(M_REQ_CHECK):  ;
MPRINT(M_REQ_CHECK):  ;
MPRINT(M_VAL_LOG):   data _val_rec;
MPRINT(M_VAL_LOG):   length titlekey $16 dsname $16 varname $32 check $60 expected $100 actual $100 status $10 message $200;
MPRINT(M_VAL_LOG):   titlekey = "t-demog";
MPRINT(M_VAL_LOG):   dsname = "adsl";
MPRINT(M_VAL_LOG):   varname = "bwt";
MPRINT(M_VAL_LOG):   check = "Variable existence";
MPRINT(M_VAL_LOG):   expected = "Variable bwt present";
                                                                    The SAS System

MPRINT(M_VAL_LOG):   actual = "FOUND";
MPRINT(M_VAL_LOG):   status = "PASS";
MPRINT(M_VAL_LOG):   message = "";
MPRINT(M_VAL_LOG):   rundttm = datetime();
MPRINT(M_VAL_LOG):   format rundttm datetime20.;
MPRINT(M_VAL_LOG):   run;

NOTE: The data set WORK._VAL_REC has 1 observations and 9 variables.
NOTE: DATA statement used (Total process time):
      real time           0.00 seconds
      cpu time            0.00 seconds
      

MPRINT(M_VAL_LOG):   proc append base=tools.val_report data=_val_rec force;
MPRINT(M_VAL_LOG):   run;

NOTE: Appending WORK._VAL_REC to TOOLS.VAL_REPORT.
 
INFO: Engine's fast-append process in use.
INFO: 15:54:59 Reading DATA file, updating BASE file
INFO: Starting data set size is 7 pages
INFO: Engine's block-read method is in use.
INFO: Engine's block-write  method is in use.
INFO: Ending data set size is 7 pages, 0 added.
INFO: 00:00:00 Elapsed time
INFO: 15:54:59 Finished updating BASE file
 
NOTE: There were 1 observations read from the data set WORK._VAL_REC.
NOTE: 1 observations added.
NOTE: The data set TOOLS.VAL_REPORT has 762 observations and 9 variables.
NOTE: PROCEDURE APPEND used (Total process time):
      real time           0.00 seconds
      cpu time            0.00 seconds
      

MPRINT(M_VAL_LOG):   proc datasets library=work nolist memtype=data;
MPRINT(M_VAL_LOG):   delete _val_rec;
MPRINT(M_VAL_LOG):   quit;

NOTE: Deleting WORK._VAL_REC (memtype=DATA).
NOTE: PROCEDURE DATASETS used (Total process time):
      real time           0.00 seconds
      cpu time            0.00 seconds
      

MPRINT(M_REQ_CHECK):  ;
                                                                    The SAS System

MPRINT(M_REQ_CHECK):  ;
MPRINT(M_VAL_LOG):   data _val_rec;
MPRINT(M_VAL_LOG):   length titlekey $16 dsname $16 varname $32 check $60 expected $100 actual $100 status $10 message $200;
MPRINT(M_VAL_LOG):   titlekey = "t-demog";
MPRINT(M_VAL_LOG):   dsname = "adsl";
MPRINT(M_VAL_LOG):   varname = "bht";
MPRINT(M_VAL_LOG):   check = "Variable existence";
MPRINT(M_VAL_LOG):   expected = "Variable bht present";
MPRINT(M_VAL_LOG):   actual = "FOUND";
MPRINT(M_VAL_LOG):   status = "PASS";
MPRINT(M_VAL_LOG):   message = "";
MPRINT(M_VAL_LOG):   rundttm = datetime();
MPRINT(M_VAL_LOG):   format rundttm datetime20.;
MPRINT(M_VAL_LOG):   run;

NOTE: The data set WORK._VAL_REC has 1 observations and 9 variables.
NOTE: DATA statement used (Total process time):
      real time           0.00 seconds
      cpu time            0.00 seconds
      

MPRINT(M_VAL_LOG):   proc append base=tools.val_report data=_val_rec force;
MPRINT(M_VAL_LOG):   run;

NOTE: Appending WORK._VAL_REC to TOOLS.VAL_REPORT.
 
INFO: Engine's fast-append process in use.
INFO: 15:55:00 Reading DATA file, updating BASE file
INFO: Starting data set size is 7 pages
INFO: Engine's block-read method is in use.
INFO: Engine's block-write  method is in use.
INFO: Ending data set size is 7 pages, 0 added.
INFO: 00:00:00 Elapsed time
INFO: 15:55:00 Finished updating BASE file
 
NOTE: There were 1 observations read from the data set WORK._VAL_REC.
NOTE: 1 observations added.
NOTE: The data set TOOLS.VAL_REPORT has 763 observations and 9 variables.
NOTE: PROCEDURE APPEND used (Total process time):
      real time           0.01 seconds
      cpu time            0.00 seconds
      

MPRINT(M_VAL_LOG):   proc datasets library=work nolist memtype=data;
MPRINT(M_VAL_LOG):   delete _val_rec;
MPRINT(M_VAL_LOG):   quit;
                                                                    The SAS System


NOTE: Deleting WORK._VAL_REC (memtype=DATA).
NOTE: PROCEDURE DATASETS used (Total process time):
      real time           0.00 seconds
      cpu time            0.00 seconds
      

MPRINT(M_REQ_CHECK):  ;
MPRINT(M_REQ_CHECK):  ;
MPRINT(M_VAL_LOG):   data _val_rec;
MPRINT(M_VAL_LOG):   length titlekey $16 dsname $16 varname $32 check $60 expected $100 actual $100 status $10 message $200;
MPRINT(M_VAL_LOG):   titlekey = "t-demog";
MPRINT(M_VAL_LOG):   dsname = "adsl";
MPRINT(M_VAL_LOG):   varname = "bbmi";
MPRINT(M_VAL_LOG):   check = "Variable existence";
MPRINT(M_VAL_LOG):   expected = "Variable bbmi present";
MPRINT(M_VAL_LOG):   actual = "FOUND";
MPRINT(M_VAL_LOG):   status = "PASS";
MPRINT(M_VAL_LOG):   message = "";
MPRINT(M_VAL_LOG):   rundttm = datetime();
MPRINT(M_VAL_LOG):   format rundttm datetime20.;
MPRINT(M_VAL_LOG):   run;

NOTE: The data set WORK._VAL_REC has 1 observations and 9 variables.
NOTE: DATA statement used (Total process time):
      real time           0.00 seconds
      cpu time            0.00 seconds
      

MPRINT(M_VAL_LOG):   proc append base=tools.val_report data=_val_rec force;
MPRINT(M_VAL_LOG):   run;

NOTE: Appending WORK._VAL_REC to TOOLS.VAL_REPORT.
 
INFO: Engine's fast-append process in use.
INFO: 15:55:00 Reading DATA file, updating BASE file
INFO: Starting data set size is 7 pages
INFO: Engine's block-read method is in use.
INFO: Engine's block-write  method is in use.
INFO: Ending data set size is 7 pages, 0 added.
INFO: 00:00:00 Elapsed time
INFO: 15:55:00 Finished updating BASE file
 
NOTE: There were 1 observations read from the data set WORK._VAL_REC.
NOTE: 1 observations added.
NOTE: The data set TOOLS.VAL_REPORT has 764 observations and 9 variables.
                                                                    The SAS System

NOTE: PROCEDURE APPEND used (Total process time):
      real time           0.00 seconds
      cpu time            0.00 seconds
      

MPRINT(M_VAL_LOG):   proc datasets library=work nolist memtype=data;
MPRINT(M_VAL_LOG):   delete _val_rec;
MPRINT(M_VAL_LOG):   quit;

NOTE: Deleting WORK._VAL_REC (memtype=DATA).
NOTE: PROCEDURE DATASETS used (Total process time):
      real time           0.00 seconds
      cpu time            0.00 seconds
      

MPRINT(M_REQ_CHECK):  ;
MPRINT(MAIN):  ;
MPRINT(FETCH):   proc sort data=adamdata.adsl ( where=(ittfl = 'Y') ) out=demog0 ;
MPRINT(FETCH):   by subjid;
MPRINT(FETCH):   run;

NOTE: There were 100 observations read from the data set ADAMDATA.ADSL.
      WHERE ittfl='Y';
NOTE: SAS sort was used.
NOTE: The data set WORK.DEMOG0 has 100 observations and 39 variables.
NOTE: PROCEDURE SORT used (Total process time):
      real time           0.00 seconds
      cpu time            0.00 seconds
      

MPRINT(FETCH):   options _last_ = demog0;
MPRINT(MAIN):  ;
MPRINT(MAIN):  ;
MPRINT(M_VAL_LOG):   data _val_rec;
MPRINT(M_VAL_LOG):   length titlekey $16 dsname $16 varname $32 check $60 expected $100 actual $100 status $10 message $200;
MPRINT(M_VAL_LOG):   titlekey = "t-demog";
MPRINT(M_VAL_LOG):   dsname = "adsl";
MPRINT(M_VAL_LOG):   varname = "ittfl";
MPRINT(M_VAL_LOG):   check = "Population record count";
MPRINT(M_VAL_LOG):   expected = ">0 ITT participants";
MPRINT(M_VAL_LOG):   actual = "100";
MPRINT(M_VAL_LOG):   status = "PASS";
MPRINT(M_VAL_LOG):   message = "ITT Analysis Set population count for demographics table.";
MPRINT(M_VAL_LOG):   rundttm = datetime();
MPRINT(M_VAL_LOG):   format rundttm datetime20.;
MPRINT(M_VAL_LOG):   run;
                                                                    The SAS System


NOTE: The data set WORK._VAL_REC has 1 observations and 9 variables.
NOTE: DATA statement used (Total process time):
      real time           0.00 seconds
      cpu time            0.00 seconds
      

MPRINT(M_VAL_LOG):   proc append base=tools.val_report data=_val_rec force;
MPRINT(M_VAL_LOG):   run;

NOTE: Appending WORK._VAL_REC to TOOLS.VAL_REPORT.
 
INFO: Engine's fast-append process in use.
INFO: 15:55:00 Reading DATA file, updating BASE file
INFO: Starting data set size is 7 pages
INFO: Engine's block-read method is in use.
INFO: Engine's block-write  method is in use.
INFO: Ending data set size is 7 pages, 0 added.
INFO: 00:00:00 Elapsed time
INFO: 15:55:00 Finished updating BASE file
 
NOTE: There were 1 observations read from the data set WORK._VAL_REC.
NOTE: 1 observations added.
NOTE: The data set TOOLS.VAL_REPORT has 765 observations and 9 variables.
NOTE: PROCEDURE APPEND used (Total process time):
      real time           0.00 seconds
      cpu time            0.00 seconds
      

MPRINT(M_VAL_LOG):   proc datasets library=work nolist memtype=data;
MPRINT(M_VAL_LOG):   delete _val_rec;
MPRINT(M_VAL_LOG):   quit;

NOTE: Deleting WORK._VAL_REC (memtype=DATA).
NOTE: PROCEDURE DATASETS used (Total process time):
      real time           0.00 seconds
      cpu time            0.00 seconds
      

MPRINT(MAIN):  ;
MPRINT(MAIN):   proc sort data=demog0 out=demog0 nodupkey;
MPRINT(MAIN):   by subjid;
MPRINT(MAIN):   run;

NOTE: There were 100 observations read from the data set WORK.DEMOG0.
NOTE: SAS sort was used.
                                                                    The SAS System

NOTE: 0 observations with duplicate key values were deleted.
NOTE: The data set WORK.DEMOG0 has 100 observations and 39 variables.
NOTE: PROCEDURE SORT used (Total process time):
      real time           0.00 seconds
      cpu time            0.01 seconds
      

MPRINT(MAIN):   data demog1;
MPRINT(MAIN):   set demog0;
MPRINT(MAIN):   racen = input(upcase(race), fracec.);
MPRINT(MAIN):   sexn = input(upcase(sex), fsexc.);
MPRINT(MAIN):   ethnicn = input(upcase(ethnic), fethnicc.);
MPRINT(MAIN):   if racen = . then put "WARN" "ING: [USER] Unrecognized RACE value for USUBJID=" usubjid " race=" race;
MPRINT(MAIN):   if sexn = . then put "WARN" "ING: [USER] Unrecognized SEX value for USUBJID=" usubjid " sex=" sex;
MPRINT(MAIN):   if ethnicn = . then put "WARN" "ING: [USER] Unrecognized ETHNIC value for USUBJID=" usubjid " ethnic=" ethnic;
MPRINT(MAIN):   age_l = 'Age (' || compress(lowcase(ageu)) || ')';
MPRINT(MAIN):   call symputx('age_l', trim(age_l));
MPRINT(MAIN):   format trt01pn trtfmt. sexn fsexn. racen fracen. ethnicn fethnicn. agegr1n agegrfmt.;
MPRINT(MAIN):   label age = "Age (Years)" sexn = "Sex at Birth" racen = "Race" ethnicn = "Ethnicity" agegr1n = "Age Group" bwt = "Weight (kg)" bht = 
"Height (cm)" bbmi = "Body Mass Index (kg/m^2)";
MPRINT(MAIN):   run;

NOTE: There were 100 observations read from the data set WORK.DEMOG0.
NOTE: The data set WORK.DEMOG1 has 100 observations and 43 variables.
NOTE: DATA statement used (Total process time):
      real time           0.02 seconds
      cpu time            0.01 seconds
      

MPRINT(TABDESC):   ** only one of &spctvar,&sdpvar,&stpvar, or &sopvar should be populated **;
MPRINT(TABDESC):   data ck_ssvars;
MPRINT(TABDESC):   sv1=0;
MPRINT(TABDESC):   sv2=0;
MPRINT(TABDESC):   sv3=0;
MPRINT(TABDESC):   sv4=0;
MPRINT(TABDESC):   all_ss=sum(sv1,sv2,sv3,sv4);
MPRINT(TABDESC):   call symput("all_ss",strip(put(all_ss,best.)));
MPRINT(TABDESC):   run;

NOTE: The data set WORK.CK_SSVARS has 1 observations and 5 variables.
NOTE: DATA statement used (Total process time):
      real time           0.00 seconds
      cpu time            0.00 seconds
      

MPRINT(TABDESC):   ***--- print all/selected columns ---***;
                                                                    The SAS System

MPRINT(TABDESC):   ***---31may2007 VK ---***;
MPRINT(TABDESC):   ***--- create data set showing the showallcol values...21Sep2010...saw ---***;
MPRINT(TABDESC):   *----------------------------------------------------------------------------;
MPRINT(TABDESC):   * initialize the dataset that will accumulate the statistic records ;
MPRINT(TABDESC):   *----------------------------------------------------------------------------;
MPRINT(TABDESC):   data combine;
MPRINT(TABDESC):   stop;
MPRINT(TABDESC):   pval1 = .;
MPRINT(TABDESC):   pval2 = .;
MPRINT(TABDESC):   length pvalc1 pvalc2 $10;
MPRINT(TABDESC):   pvalc1='';
MPRINT(TABDESC):   pvalc2='';
MPRINT(TABDESC):   run;

NOTE: The data set WORK.COMBINE has 0 observations and 4 variables.
NOTE: DATA statement used (Total process time):
      real time           0.00 seconds
      cpu time            0.01 seconds
      

MPRINT(TABDESC):   *----------------------------------------------------------------------------;
MPRINT(TABDESC):   * if > 1 byvar variable, set up individual macro vars ;
MPRINT(TABDESC):   *----------------------------------------------------------------------------;
MPRINT(TABDESC):   *----------------------------------------------------------------------------;
MPRINT(TABDESC):   * Prepare for p-value calculations ;
MPRINT(TABDESC):   * if pairwise p-values are requested, calculate how many pairs ;
MPRINT(TABDESC):   *----------------------------------------------------------------------------;
MPRINT(TABDESC):  ;
MPRINT(TABDESC):  ;
MPRINT(TABDESC):  ;
MPRINT(TABDESC):  ;
MPRINT(TABDESC):  ;
MPRINT(TABDESC):  ;
MPRINT(TABDESC):  ;
MPRINT(TABDESC):   *----------------------------------------------------------------------------;
MPRINT(TABDESC):   * Check input dataset for existence, var names, var formats and type ;
MPRINT(TABDESC):   *----------------------------------------------------------------------------;
MPRINT(TABDESC):   data _null_;
MPRINT(TABDESC):   set demog1;
MPRINT(TABDESC):   where trt01pn <=0;
MPRINT(TABDESC):   if _n_ = 1 then do;
MPRINT(TABDESC):   call symput("_errcode",'F');
MPRINT(TABDESC):   call symput("_errmsg","Column variable (in COLVAR) trt01pn contains a zero or a missing "||"value - canceling run" );
MPRINT(TABDESC):   end;
MPRINT(TABDESC):   run;

                                                                    The SAS System

NOTE: There were 0 observations read from the data set WORK.DEMOG1.
      WHERE trt01pn<=0;
NOTE: DATA statement used (Total process time):
      real time           0.01 seconds
      cpu time            0.00 seconds
      

MPRINT(TABDESC):   data _null_;
MPRINT(TABDESC):   rc = exist("demog1","DATA");
MPRINT(TABDESC):   if not(rc) then do;
MPRINT(TABDESC):   call symput("_errcode",'F');
MPRINT(TABDESC):   call symput("_errmsg","Input dataset (in DATA) demog1 does not "||"exist - canceling run" );
MPRINT(TABDESC):   goto errout;
MPRINT(TABDESC):   end;
MPRINT(TABDESC):   ds = open("demog1","i");
MPRINT(TABDESC):   var = varnum(ds, "trt01pn");
MPRINT(TABDESC):   if not(var) then do;
MPRINT(TABDESC):   call symput("_errcode",'F');
MPRINT(TABDESC):   call symput("_errmsg","Column variable (in COLVAR) trt01pn does not "||"exist - canceling run" );
MPRINT(TABDESC):   goto errout;
MPRINT(TABDESC):   end;
MPRINT(TABDESC):   call symput("_colvarf",varfmt(ds,var));
MPRINT(TABDESC):   *** Check population variables ***;
MPRINT(TABDESC):   *** Check stratification variables ***;
MPRINT(TABDESC):   var = varnum(ds, "subjid");
MPRINT(TABDESC):   if not(var) then do;
MPRINT(TABDESC):   call symput("_errcode",'F');
MPRINT(TABDESC):   call symput("_errmsg","Patient identifying variable (in PTVAR) subjid does not "||"exist - canceling run" );
MPRINT(TABDESC):   goto errout;
MPRINT(TABDESC):   end;
MPRINT(TABDESC):   errout: run;

NOTE: DATA statement used (Total process time):
      real time           0.00 seconds
      cpu time            0.00 seconds
      

MPRINT(TABDESC):   *----------------------------------------------------------------------------;
MPRINT(TABDESC):   * Subset the analysis file for the right sample and ;
MPRINT(TABDESC):   * perform all necessary data massage here. ;
MPRINT(TABDESC):   *----------------------------------------------------------------------------;
MPRINT(TABDESC):   data analf analfall;
MPRINT(TABDESC):   set demog1 ;
MPRINT(TABDESC):   ;
MPRINT(TABDESC):   call symput('_empty','0');
MPRINT(TABDESC):   run;
                                                                    The SAS System


NOTE: There were 100 observations read from the data set WORK.DEMOG1.
NOTE: The data set WORK.ANALF has 100 observations and 43 variables.
NOTE: The data set WORK.ANALFALL has 100 observations and 43 variables.
NOTE: DATA statement used (Total process time):
      real time           0.01 seconds
      cpu time            0.00 seconds
      

MPRINT(TABDESC):   *----------------------------------------------------------------------------;
MPRINT(TABDESC):   * Find the maximum value of the column variable ;
MPRINT(TABDESC):   * Use the highest value in the data. Override with the highest value in the;
MPRINT(TABDESC):   * format if higher ;
MPRINT(TABDESC):   *----------------------------------------------------------------------------;
MPRINT(GETFMT):   data _null_;
MPRINT(GETFMT):   set sashelp.voption;
MPRINT(GETFMT):   where optname = 'FMTSEARCH';
MPRINT(GETFMT):   length fmtpath $2000;
MPRINT(GETFMT):   fmtpath = 'WORK ' || compress(setting,'()');
MPRINT(GETFMT):   call symput('_fmtpath',fmtpath);
MPRINT(GETFMT):   fmtname = "TRTFMT. ";
MPRINT(GETFMT):   if substr(fmtname,1,1) = '$' then call symput("fmttype","C");
MPRINT(GETFMT):   if substr(fmtname,1,1) ^= '$' then call symput("fmttype","N");
MPRINT(GETFMT):   fmtname = compress(fmtname,'$. ');
MPRINT(GETFMT):   call symput("fmtname",fmtname);
MPRINT(GETFMT):   run;

NOTE: There were 1 observations read from the data set SASHELP.VOPTION.
      WHERE optname='FMTSEARCH';
NOTE: DATA statement used (Total process time):
      real time           0.00 seconds
      cpu time            0.00 seconds
      

MPRINT(GETFMT):   data _getfmt1;
MPRINT(GETFMT):   set sashelp.vcatalg;
MPRINT(GETFMT):   memname = upcase(memname);
MPRINT(GETFMT):   objname = upcase(objname);
MPRINT(GETFMT):   ** kdaughtry - 29Aug2008 **;
MPRINT(GETFMT):   **where memname = 'FORMATS' and trim(objname) = trim("&fmtname");
MPRINT(GETFMT):   where trim(objname) = trim("TRTFMT  ") and libname^='SASHELP' and objtype=:'FORMAT';
MPRINT(GETFMT):   **indx = indexw("%upcase( &_fmtpath)",upcase(trim(libname)));
MPRINT(GETFMT):   indx = index("WORK LIBFMT WORK",upcase(trim(libname)));
MPRINT(GETFMT):   if indx;
MPRINT(GETFMT):   run;

                                                                    The SAS System

NOTE: There were 3 observations read from the data set SASHELP.VCATALG.
      WHERE (TRIM(objname)='TRTFMT') and (libname not = 'SASHELP') and (objtype=:'FORMAT');
NOTE: The data set WORK._GETFMT1 has 1 observations and 11 variables.
NOTE: DATA statement used (Total process time):
      real time           0.02 seconds
      cpu time            0.02 seconds
      

MPRINT(GETFMT):   proc sort data = _getfmt1;
MPRINT(GETFMT):   by indx;
MPRINT(GETFMT):   run;

NOTE: There were 1 observations read from the data set WORK._GETFMT1.
NOTE: SAS sort was used.
NOTE: The data set WORK._GETFMT1 has 1 observations and 11 variables.
NOTE: PROCEDURE SORT used (Total process time):
      real time           0.00 seconds
      cpu time            0.00 seconds
      

MPRINT(GETFMT):   data _null_;
MPRINT(GETFMT):   set _getfmt1 end = eof;
MPRINT(GETFMT):   **call symput("_flib" || compress(put(_n_,best.)) , libname );
MPRINT(GETFMT):   ** kdaughtry - 29Aug2008 **;
MPRINT(GETFMT):   ** chg _flib to be libname and memname together so can handle format **;
MPRINT(GETFMT):   ** catalogs with a name other than formats **;
MPRINT(GETFMT):   call symput("_flib" || compress(put(_n_,best.)) , compress(libname) || "." || compress(memname) );
MPRINT(GETFMT):   if eof then call symput("_nlib",compress(put(_n_,best.)));
MPRINT(GETFMT):   run;

NOTE: There were 1 observations read from the data set WORK._GETFMT1.
NOTE: DATA statement used (Total process time):
      real time           0.00 seconds
      cpu time            0.00 seconds
      

MPRINT(GETFMT):   proc format library = LIBFMT.FORMATS cntlout = _getfmt2;
MPRINT(GETFMT):   run;
NOTE: PROCEDURE FORMAT used (Total process time):
      real time           0.01 seconds
      cpu time            0.00 seconds
      
NOTE: The data set WORK._GETFMT2 has 499 observations and 21 variables.

MPRINT(GETFMT):   data _tabd1;
MPRINT(GETFMT):   set _getfmt2;
                                                                    The SAS System

MPRINT(GETFMT):   if upcase(trim(fmtname)) = trim("TRTFMT  ") and upcase(type) = "N" then do;
MPRINT(GETFMT):   start = left(start);
MPRINT(GETFMT):   output;
MPRINT(GETFMT):   call symput('_gotfmt','Y');
MPRINT(GETFMT):   end;
MPRINT(GETFMT):   run;

NOTE: There were 499 observations read from the data set WORK._GETFMT2.
NOTE: The data set WORK._TABD1 has 2 observations and 21 variables.
NOTE: DATA statement used (Total process time):
      real time           0.00 seconds
      cpu time            0.00 seconds
      

MPRINT(TABDESC):  ;
MPRINT(TABDESC):   data _tabd1_sw (keep=trt01pn);
MPRINT(TABDESC):   set _tabd1 end=eof nobs=numobs;
MPRINT(TABDESC):   *** kaling 19jun2015 nobs ***;
MPRINT(TABDESC):   trt01pn = input(left(start),best8.);
MPRINT(TABDESC):   if eof then call symput('ntrt_fmt',compress(put(numobs,5.)) );
MPRINT(TABDESC):   *** kaling 19jun2015 ***;
MPRINT(TABDESC):   run;

NOTE: There were 2 observations read from the data set WORK._TABD1.
NOTE: The data set WORK._TABD1_SW has 2 observations and 1 variables.
NOTE: DATA statement used (Total process time):
      real time           0.00 seconds
      cpu time            0.00 seconds
      

MPRINT(TABDESC):   proc sort data= analf out = analfpt (keep = trt01pn subjid) nodupkey;
MPRINT(TABDESC):   by trt01pn subjid;
MPRINT(TABDESC):   run;

NOTE: There were 100 observations read from the data set WORK.ANALF.
NOTE: SAS sort was used.
NOTE: 0 observations with duplicate key values were deleted.
NOTE: The data set WORK.ANALFPT has 100 observations and 2 variables.
NOTE: PROCEDURE SORT used (Total process time):
      real time           0.01 seconds
      cpu time            0.02 seconds
      

MPRINT(TABDESC):   data analfpt;
MPRINT(TABDESC):   set analfpt;
MPRINT(TABDESC):   format trt01pn;
                                                                    The SAS System

MPRINT(TABDESC):   run;

NOTE: There were 100 observations read from the data set WORK.ANALFPT.
NOTE: The data set WORK.ANALFPT has 100 observations and 2 variables.
NOTE: DATA statement used (Total process time):
      real time           0.00 seconds
      cpu time            0.00 seconds
      

MPRINT(TABDESC):   proc summary data=analfpt nway;
MPRINT(TABDESC):   class trt01pn;
MPRINT(TABDESC):   output out=_tabd2;
MPRINT(TABDESC):   run;

NOTE: Multiple concurrent threads will be used to summarize data.
NOTE: There were 100 observations read from the data set WORK.ANALFPT.
NOTE: The data set WORK._TABD2 has 2 observations and 3 variables.
NOTE: PROCEDURE SUMMARY used (Total process time):
      real time           0.01 seconds
      cpu time            0.00 seconds
      

MPRINT(TABDESC):   data _null_;
MPRINT(TABDESC):   merge _tabd2 (in=_V)
MPRINT(TABDESC):   _tabd1_sw (in=_F) end = eof;
MPRINT(TABDESC):   BY trt01pn;
MPRINT(TABDESC):   LENGTH _A $8 _B $50;
MPRINT(TABDESC):   IF trt01pn NE _N_ THEN DO;
MPRINT(TABDESC):   _A='ER'||'ROR:';
MPRINT(TABDESC):   _B="The value "||strip(put(trt01pn,best.))||'is out of sequence.';
MPRINT(TABDESC):   PUT _A "**---------------------------------------------------------------------------------------**";
MPRINT(TABDESC):   PUT _A "The variable trt01pn and its format must contain consecutive positive integers starting from 1. " _B;
MPRINT(TABDESC):   PUT _A "**---------------------------------------------------------------------------------------**";
MPRINT(TABDESC):   ABORT;
MPRINT(TABDESC):   END;
MPRINT(TABDESC):  ;
MPRINT(TABDESC):   IF _V AND (NOT(_F)) THEN DO;
MPRINT(TABDESC):   _A='WAR'||'NING:';
MPRINT(TABDESC):   _B="You have an unformatted trt01pn value of "||strip(put(trt01pn,best.))||'.';
MPRINT(TABDESC):   PUT _A "**---------------------------------------------------------------------------------------**";
MPRINT(TABDESC):   PUT _A _B " Use the SHOWALLCOL parameter in tabdesc when you have columns you do not wish to display.";
MPRINT(TABDESC):   PUT _A "**---------------------------------------------------------------------------------------**";
MPRINT(TABDESC):   END;
MPRINT(TABDESC):   ELSE IF (NOT(_V)) AND _F THEN DO;
MPRINT(TABDESC):   _A='WAR'||'NING:';
MPRINT(TABDESC):   _B="You have a format for the value "||strip(put(trt01pn,best.))||',';
                                                                    The SAS System

MPRINT(TABDESC):   PUT _A "**---------------------------------------------------------------------------------------**";
MPRINT(TABDESC):   PUT _A _B " but this value does not appear in the passed data.";
MPRINT(TABDESC):   PUT _A "**---------------------------------------------------------------------------------------**";
MPRINT(TABDESC):   END;
MPRINT(TABDESC):   IF NOT(EOF) THEN DO;
MPRINT(TABDESC):   IF NOT(_V) THEN DO;
MPRINT(TABDESC):   _A='WAR'||'NING:';
MPRINT(TABDESC):   _B="You have requested printing the trt01pn value of "||strip(put(trt01pn,best.))||',';
MPRINT(TABDESC):   PUT _A "**---------------------------------------------------------------------------------------**";
MPRINT(TABDESC):   PUT _A _B " but this value is not present in the passed data.";
MPRINT(TABDESC):   PUT _A "**---------------------------------------------------------------------------------------**";
MPRINT(TABDESC):   END;
MPRINT(TABDESC):   END;
MPRINT(TABDESC):  ;
MPRINT(TABDESC):   RUN;

NOTE: There were 2 observations read from the data set WORK._TABD2.
NOTE: There were 2 observations read from the data set WORK._TABD1_SW.
NOTE: DATA statement used (Total process time):
      real time           0.00 seconds
      cpu time            0.00 seconds
      

MPRINT(TABDESC):   ************* kaling begin 19jun2015 ************;
MPRINT(TABDESC):   data _null_;
MPRINT(TABDESC):   if 1 eq 2 then set _tabd2 nobs=ntrt_data;
MPRINT(TABDESC):   maxcol =max(ntrt_data, 2 );
MPRINT(TABDESC):   maxcol_1=maxcol;
MPRINT(TABDESC):   maxcol_1=maxcol +1;
MPRINT(TABDESC):   call symput( 'maxcol',compress(put(maxcol ,5.)) );
MPRINT(TABDESC):   call symput('_maxcol',compress(put(maxcol_1 ,5.)) );
MPRINT(TABDESC):   stop;
MPRINT(TABDESC):   run;

NOTE: DATA statement used (Total process time):
      real time           0.00 seconds
      cpu time            0.01 seconds
      

'TOOLVER=' v4.19.01   ' MAXCOL=' 2   ' _MAXCOL= '  3
' SHOWALLCOL=' Y
'line 721 _SHOWALLCOL=' Y
MPRINT(TABDESC):   ************** kaling end 19jun2015 ************;
MPRINT(TABDESC):   data _null_;
MPRINT(TABDESC):   set _tabd2 end = eof;
MPRINT(TABDESC):   call symput("_colct" || compress(put(trt01pn,best.)) , put(_freq_,best.) );
                                                                    The SAS System

MPRINT(TABDESC):   run;

NOTE: There were 2 observations read from the data set WORK._TABD2.
NOTE: DATA statement used (Total process time):
      real time           0.00 seconds
      cpu time            0.01 seconds
      

MPRINT(TABDESC):   *----------------------------------------------------------------------------;
MPRINT(TABDESC):   * determine total number of patients in each column and in the whole file ;
MPRINT(TABDESC):   *----------------------------------------------------------------------------;
MPRINT(TABDESC):   proc sort data= analf out = analfpt (keep = subjid) nodupkey;
MPRINT(TABDESC):   by subjid;
MPRINT(TABDESC):   run;

NOTE: There were 100 observations read from the data set WORK.ANALF.
NOTE: SAS sort was used.
NOTE: 0 observations with duplicate key values were deleted.
NOTE: The data set WORK.ANALFPT has 100 observations and 1 variables.
NOTE: PROCEDURE SORT used (Total process time):
      real time           0.03 seconds
      cpu time            0.00 seconds
      

MPRINT(TABDESC):   data _null_;
MPRINT(TABDESC):   set analfpt nobs = _freq_;
MPRINT(TABDESC):   call symput("_patct", put(_freq_,best.));
MPRINT(TABDESC):   call symput("_colct3", put(_freq_,best.) );
MPRINT(TABDESC):   if _freq_ = 0 then do;
MPRINT(TABDESC):   call symput("_errcode",'F');
MPRINT(TABDESC):   call symput("_errmsg","No patients meet subset criteria - canceling run" );
MPRINT(TABDESC):   end;
MPRINT(TABDESC):   stop;
MPRINT(TABDESC):   run;

NOTE: There were 1 observations read from the data set WORK.ANALFPT.
NOTE: DATA statement used (Total process time):
      real time           0.00 seconds
      cpu time            0.00 seconds
      

MPRINT(TABDESC):   ** # of subj at top of table will not reflect subset of subjects **;
MPRINT(TABDESC):   *----------------------------------------------------------------------------;
MPRINT(TABDESC):   * Set up file with duplicate records for total column if necessary ;
MPRINT(TABDESC):   *----------------------------------------------------------------------------;
MPRINT(TABDESC):   data analf analfnot;
                                                                    The SAS System

MPRINT(TABDESC):   set analf;
MPRINT(TABDESC):   format trt01pn;
MPRINT(TABDESC):   output analf;
MPRINT(TABDESC):   output analfnot;
MPRINT(TABDESC):   trt01pn=3;
MPRINT(TABDESC):   output analf;
MPRINT(TABDESC):   run;

NOTE: There were 100 observations read from the data set WORK.ANALF.
NOTE: The data set WORK.ANALF has 200 observations and 43 variables.
NOTE: The data set WORK.ANALFNOT has 100 observations and 43 variables.
NOTE: DATA statement used (Total process time):
      real time           0.02 seconds
      cpu time            0.00 seconds
      

MPRINT(TABDESC):   proc sort data=analf;
MPRINT(TABDESC):   by trt01pn;
MPRINT(TABDESC):   run;

NOTE: There were 200 observations read from the data set WORK.ANALF.
NOTE: SAS sort was used.
NOTE: The data set WORK.ANALF has 200 observations and 43 variables.
NOTE: PROCEDURE SORT used (Total process time):
      real time           0.00 seconds
      cpu time            0.00 seconds
      

MPRINT(TABDESC):   proc sort data=analfnot;
MPRINT(TABDESC):   by trt01pn;
MPRINT(TABDESC):   run;

NOTE: There were 100 observations read from the data set WORK.ANALFNOT.
NOTE: SAS sort was used.
NOTE: The data set WORK.ANALFNOT has 100 observations and 43 variables.
NOTE: PROCEDURE SORT used (Total process time):
      real time           0.00 seconds
      cpu time            0.01 seconds
      

MPRINT(TABDESC):   data analfall;
MPRINT(TABDESC):   set analfall;
MPRINT(TABDESC):   format trt01pn;
MPRINT(TABDESC):   output analfall;
MPRINT(TABDESC):   trt01pn=3;
MPRINT(TABDESC):   output analfall;
                                                                    The SAS System

MPRINT(TABDESC):   run;

NOTE: There were 100 observations read from the data set WORK.ANALFALL.
NOTE: The data set WORK.ANALFALL has 200 observations and 43 variables.
NOTE: DATA statement used (Total process time):
      real time           0.01 seconds
      cpu time            0.00 seconds
      

MPRINT(TABDESC):   *----------------------------------------------------------------------------;
MPRINT(TABDESC):   * determine total number of patients per &byvar value, if necessary ;
MPRINT(TABDESC):   *----------------------------------------------------------------------------;
MPRINT(TABDESC):   *----------------------------------------------------------------------------;
MPRINT(TABDESC):   * If pairwise=ALL, set to a list of all the pairs in the data ;
MPRINT(TABDESC):   *----------------------------------------------------------------------------;
MPRINT(TABPAIR):   *** change pairwise if = ALL ***;
MPRINT(TABPAIR):   *** call macro for each pair of pair_wise ***;
MPRINT(TABDESC):  ;
'TOOLVER=' v4.19.01   ' MAXCOL=' 2   ' _MAXCOL= '  3
' SHOWALLCOL=' Y
'line 1269 _SHOWALLCOL=' Y
MPRINT(TABDESC):  ;
MPRINT(TABDESC):   proc datasets library = work nolist;
MPRINT(TABDESC):   *delete _tabd1 _tabd2 _tabd3 _tabd4 _tabd5 _tabd6 _tabd7;
MPRINT(TABDESC):   delete _tabd: ;
MPRINT(TABDESC):   *2016-12-29 kchan07 replace _tabd1.... _tabd7;
MPRINT(TABDESC):   quit;

NOTE: Deleting WORK._TABD1 (memtype=DATA).
NOTE: Deleting WORK._TABD1_SW (memtype=DATA).
NOTE: Deleting WORK._TABD2 (memtype=DATA).
NOTE: PROCEDURE DATASETS used (Total process time):
      real time           0.00 seconds
      cpu time            0.00 seconds
      

MPRINT(MAIN):  ;
MPRINT(TABDCONT):   *** if cileveld=95 then alpha = .05 ***;
MPRINT(TABDCONT):   *** default is .05 ***;
MPRINT(TABDCONT):   *-----------------------------------------------------------------------------------------------* | Definition of internal macros 
| *-----------------------------------------------------------------------------------------------*;
MPRINT(TABDCONT):   ************************************************************;
MPRINT(TABDCONT):   *** macro tab_anova2 for m_dif=ANOVA2 ***;
MPRINT(TABDCONT):   *** ***;
MPRINT(TABDCONT):   *** Calculate ANOVA using contrast for each pairwise ***;
MPRINT(TABDCONT):   *** if byvar is used, byvar=0 is the baseline ***;
                                                                    The SAS System

MPRINT(TABDCONT):   *** if no byvar used, var=_0 is the baseline ***;
MPRINT(TABDCONT):   ************************************************************;
MPRINT(TABDCONT):   ************************************************************;
MPRINT(TABDCONT):   *** macro p_npar ***;
MPRINT(TABDCONT):   *** ***;
MPRINT(TABDCONT):   *** Calculate nonparametric p-values like Wilcoxon and ***;
MPRINT(TABDCONT):   *** Van der Waerden using proc npar1way ***;
MPRINT(TABDCONT):   ************************************************************;
MPRINT(TABDCONT):   ************************************************************;
MPRINT(TABDCONT):   *** macro p_glm ***;
MPRINT(TABDCONT):   *** ***;
MPRINT(TABDCONT):   *** Calculate stratum weighted ANOVA p-values using ***;
MPRINT(TABDCONT):   *** proc glm ***;
MPRINT(TABDCONT):   ************************************************************;
MPRINT(TABDCONT):   ************************************;
MPRINT(TABDCONT):   *** macro p_rank ***;
MPRINT(TABDCONT):   *** ***;
MPRINT(TABDCONT):   *** Calculate p-values using ***;
MPRINT(TABDCONT):   *** Stratified Rank Sum test ***;
MPRINT(TABDCONT):   ************************************;
MPRINT(TABDCONT):   *******************************************************;
MPRINT(TABDCONT):   *** macro tab_nump ***;
MPRINT(TABDCONT):   *** ***;
MPRINT(TABDCONT):   *** call the 3 macros p_npar p_glm and p_rank to do ***;
MPRINT(TABDCONT):   *** p-value for pairwise comparisons ***;
MPRINT(TABDCONT):   *******************************************************;
MPRINT(TABDCONT):   ***********************************************************;
MPRINT(TABDCONT):   *** macro tab_cimd ***;
MPRINT(TABDCONT):   *** ***;
MPRINT(TABDCONT):   *** call the 3 macros p_npar p_glm and p_rank to do ***;
MPRINT(TABDCONT):   *** dif and ci for pairwise comparison ***;
MPRINT(TABDCONT):   ***********************************************************;
MPRINT(TABDCONT):   *****************************************************************************;
MPRINT(TABDCONT):   *** macro dif_hl ***;
MPRINT(TABDCONT):   *** ***;
MPRINT(TABDCONT):   *** use the algorithm describe in 'Calculating a Nonparametric Estimate ***;
MPRINT(TABDCONT):   *** and Confidence Interval Using SAS Sorfware' a SUGI paper by Chris ***;
MPRINT(TABDCONT):   *** Decker to calculate the Hodges-Lehmann estimates. ***;
MPRINT(TABDCONT):   *****************************************************************************;
MPRINT(TABDCONT):   ********************************************************************;
MPRINT(TABDCONT):   *** macro dif_ano ***;
MPRINT(TABDCONT):   *** ***;
MPRINT(TABDCONT):   *** using prog glm to generate stratum weighted ANOVA estimates ***;
MPRINT(TABDCONT):   *** of differences in mean and confidence limit ***;
MPRINT(TABDCONT):   ********************************************************************;
MPRINT(TABDCONT):   *************************************************************************;
                                                                    The SAS System

MPRINT(TABDCONT):   *** macro dif_std ***;
MPRINT(TABDCONT):   *** ***;
MPRINT(TABDCONT):   *** calculate standard differences in mean and confidence limit ***;
MPRINT(TABDCONT):   *************************************************************************;
MPRINT(TABDCONT):   ******************************************************************;
MPRINT(TABDCONT):   *** macro univar ***;
MPRINT(TABDCONT):   *** ***;
MPRINT(TABDCONT):   *** calculate univariate statistics in normal and/or log scale ***;
MPRINT(TABDCONT):   ******************************************************************;
MPRINT(TABDCONT):   *-----------------------------------------------------------------------------------------------------------* | End of internal 
macro definition and beginning of tabdcont main section | 
*-----------------------------------------------------------------------------------------------------------*;
MPRINT(TABDCONT):   * ---------------------------------------- *;
MPRINT(TABDCONT):   * debug code - turn off noprint options *;
MPRINT(TABDCONT):   * ---------------------------------------- *;
MPRINT(TABDCONT):   *** local pairwise variable ***;
MPRINT(TABDCONT):   **********************************************************************************;
MPRINT(TABDCONT):   *** set default for decimal places in output ***;
MPRINT(TABDCONT):   *** If median, quartile, range, cv, difference decimals not set, use mean dec ***;
MPRINT(TABDCONT):   **********************************************************************************;
MPRINT(TABDCONT):   *****************;
MPRINT(TABDCONT):   *** SD or SE? ***;
MPRINT(TABDCONT):   *****************;
MPRINT(TABDCONT):   **************************************************;
MPRINT(TABDCONT):   *** modify stratification locally if requested ***;
MPRINT(TABDCONT):   **************************************************;
MPRINT(TABDCONT):   *----------------------------------------------------------------------------;
MPRINT(TABDCONT):   * Get variable information from dataset - abort if it is not there ;
MPRINT(TABDCONT):   *----------------------------------------------------------------------------;
MPRINT(TABDCONT):   data _null_;
MPRINT(TABDCONT):   length label1 label2 $250;
MPRINT(TABDCONT):   ds = open("analf","i");
MPRINT(TABDCONT):   var = varnum(ds , "age");
MPRINT(TABDCONT):   if not(var) then do;
MPRINT(TABDCONT):   call symput("_errcode","F");
MPRINT(TABDCONT):   call symput("_errmsg","Continuous analysis variable age .does not. exist - canceling run" );
MPRINT(TABDCONT):   end;
MPRINT(TABDCONT):   else do;
MPRINT(TABDCONT):   label1 = varlabel(ds,var);
MPRINT(TABDCONT):   if index(label1,'~') > 0 then do;
MPRINT(TABDCONT):   label2 = scan(label1,2,'~');
MPRINT(TABDCONT):   label1 = scan(label1,1,'~');
MPRINT(TABDCONT):   end;
MPRINT(TABDCONT):   call symput("label1",label1);
MPRINT(TABDCONT):   call symput("label2",label2);
MPRINT(TABDCONT):   end;
                                                                    The SAS System

MPRINT(TABDCONT):   *** Check stratification variables ***;
MPRINT(TABDCONT):   run;

NOTE: DATA statement used (Total process time):
      real time           0.00 seconds
      cpu time            0.00 seconds
      

MPRINT(TABDCONT):   *********************************;
MPRINT(TABDCONT):   *** end of macro set up ***;
MPRINT(TABDCONT):   *** beginning of calculations ***;
MPRINT(TABDCONT):   *********************************;
MPRINT(TABDCONT):   *----------------------------------------------------------------------------;
MPRINT(TABDCONT):   * Generate and format descriptive statistics ;
MPRINT(TABDCONT):   *----------------------------------------------------------------------------;
MPRINT(UNIVAR):   *-----------------------------------------------*;
MPRINT(UNIVAR):   * Generate and format univariate statistics *;
MPRINT(UNIVAR):   ;
MPRINT(UNIVAR):   *-----------------------------------------------*;
MPRINT(UNIVAR):   proc univariate data=analf NOPRINT;
MPRINT(UNIVAR):   by trt01pn ;
MPRINT(UNIVAR):   var age;
MPRINT(UNIVAR):   output out=_tabcon0 n = n mean = mean median = median stdmean = stdmean std = sd q1 = qone q3 = qthre min = min max = max var = var 
t = t probt = probt probm = probm probs = probs msign = msign signrank = signrank cv = cv ;
MPRINT(UNIVAR):   * title2 'Macro tabdcont: File _TABCON0';
MPRINT(UNIVAR):   run;

NOTE: The data set WORK._TABCON0 has 3 observations and 18 variables.
NOTE: PROCEDURE UNIVARIATE used (Total process time):
      real time           0.01 seconds
      cpu time            0.01 seconds
      

MPRINT(UNIVAR):   *----------------------------------------------------------------------------;
MPRINT(UNIVAR):   * If geometric mean or ci is requested, check for negative value in &var ;
MPRINT(UNIVAR):   *----------------------------------------------------------------------------;
MPRINT(UNIVAR):   data _tabcon1;
MPRINT(UNIVAR):   set _tabcon0;
MPRINT(UNIVAR):   length statval $ 40 linlabel $250 statord $ 40;
MPRINT(UNIVAR):   statord = '1';
MPRINT(UNIVAR):   linlabel = 'N';
MPRINT(UNIVAR):   statval = ' ';
MPRINT(UNIVAR):   if (n>.) then statval = put(n, 5. );
MPRINT(UNIVAR):   output;
MPRINT(UNIVAR):   *** Special clause, used to prevent some means from ***;
MPRINT(UNIVAR):   *** being printed as "-0.00", just show as "0.00" ***;
                                                                    The SAS System

MPRINT(UNIVAR):   *** if n=0, then statval had carried through at 0 also ***;
MPRINT(UNIVAR):   *** force it to be missing ***;
MPRINT(UNIVAR):   statord = '2';
MPRINT(UNIVAR):   linlabel = "Mean (SD)";
MPRINT(UNIVAR):   statval = ' ';
MPRINT(UNIVAR):   if (n>0) then do;
MPRINT(UNIVAR):   statval = left(put( round(mean,10**(-1*1)), 8.1 ));
MPRINT(UNIVAR):   if abs(input(statval,??best.)) eq 0 then do;
MPRINT(UNIVAR):   statval = left(put( 0, 8.1 ));
MPRINT(UNIVAR):   end;
MPRINT(UNIVAR):   end;
MPRINT(UNIVAR):   if (n>1) then do;
MPRINT(UNIVAR):   statval = trim(statval) || ' (' || trim(left(put(round(sd,10**(-1*2)), 8.2 ))) || ')';
MPRINT(UNIVAR):   end;
MPRINT(UNIVAR):   output;
MPRINT(UNIVAR):   statord = '6';
MPRINT(UNIVAR):   linlabel = 'Median';
MPRINT(UNIVAR):   statval = ' ';
MPRINT(UNIVAR):   if (n>0) then do;
MPRINT(UNIVAR):   **if median^=. then statval = trim(put(median, &_statlenc..&meddec ));
MPRINT(UNIVAR):   if median^=. then statval = trim(put(round(median, 10**(-1*1)), 8.1 ));
MPRINT(UNIVAR):   if abs(input(statval,??best.)) eq 0 then statval = left(put(0, 8.1 ));
MPRINT(UNIVAR):   end;
MPRINT(UNIVAR):   output;
MPRINT(UNIVAR):   statord = '7';
MPRINT(UNIVAR):   linlabel = 'Q1, Q3';
MPRINT(UNIVAR):   statval = ' ';
MPRINT(UNIVAR):   if (n>0) then do;
MPRINT(UNIVAR):   statval = trim(put(round(qone,10**(-1*1)), 8.1 ))|| ', ' || left(put(round(qthre,10**(-1*1)),8.1));
MPRINT(UNIVAR):   end;
MPRINT(UNIVAR):   output;
MPRINT(UNIVAR):   statord = '8';
MPRINT(UNIVAR):   linlabel = 'Min, Max';
MPRINT(UNIVAR):   statval = ' ';
MPRINT(UNIVAR):   if (n>0) then do;
MPRINT(UNIVAR):   statval = trim(put(round(min,10**(-1*1)), 8.1 )) || ', ' || left(put(round(max,10**(-1*1)),8.1 ));
MPRINT(UNIVAR):   end;
MPRINT(UNIVAR):   output;
MPRINT(UNIVAR):   ***************************************************;
MPRINT(UNIVAR):   ** add change-from-baseline p-value if requested **;
MPRINT(UNIVAR):   ***************************************************;
MPRINT(UNIVAR):   run;

NOTE: There were 3 observations read from the data set WORK._TABCON0.
NOTE: The data set WORK._TABCON1 has 15 observations and 21 variables.
NOTE: DATA statement used (Total process time):
                                                                    The SAS System

      real time           0.00 seconds
      cpu time            0.00 seconds
      

MPRINT(UNIVAR):   **********************************************************;
MPRINT(UNIVAR):   *** add geometric mean and CV to _tabcon1 if requested ***;
MPRINT(UNIVAR):   **********************************************************;
MPRINT(UNIVAR):   ********************************************************************;
MPRINT(UNIVAR):   *** spaces added to line up the output based on new standard SAP ***;
MPRINT(UNIVAR):   ********************************************************************;
MPRINT(UNIVAR):   data _tabcon1;
MPRINT(UNIVAR):   set _tabcon1;
MPRINT(UNIVAR):   retain padlen 0;
MPRINT(UNIVAR):   len=length(scan(left(statval),1,'., '));
MPRINT(UNIVAR):   if len>padlen then padlen=len;
MPRINT(UNIVAR):   call symput("padlen",compress(put(padlen,8.)));
MPRINT(UNIVAR):   run;

NOTE: There were 15 observations read from the data set WORK._TABCON1.
NOTE: The data set WORK._TABCON1 has 15 observations and 23 variables.
NOTE: DATA statement used (Total process time):
      real time           0.00 seconds
      cpu time            0.00 seconds
      

MPRINT(UNIVAR):   data _tabcon1 (drop=statval rename=(statval2=statval));
MPRINT(UNIVAR):   set _tabcon1 (drop=padlen);
MPRINT(UNIVAR):   if left(linlabel)='N' then do;
MPRINT(UNIVAR):   statval2=trim(repeat(' ',3-length(scan(left(statval),1,'.'))+1)||left(statval));
MPRINT(UNIVAR):   end;
MPRINT(UNIVAR):   else do;
MPRINT(UNIVAR):   if len=3 then statval2=left(statval);
MPRINT(UNIVAR):   else statval2=trim(repeat(' ',3-len-1)||left(statval));
MPRINT(UNIVAR):   end;
MPRINT(UNIVAR):   run;

NOTE: There were 15 observations read from the data set WORK._TABCON1.
NOTE: The data set WORK._TABCON1 has 15 observations and 22 variables.
NOTE: DATA statement used (Total process time):
      real time           0.00 seconds
      cpu time            0.01 seconds
      

MPRINT(UNIVAR):   proc sort data = _tabcon1;
MPRINT(UNIVAR):   by statord linlabel trt01pn;
MPRINT(UNIVAR):   where trt01pn ne .;
                                                                    The SAS System

MPRINT(UNIVAR):   run;

NOTE: There were 15 observations read from the data set WORK._TABCON1.
      WHERE trt01pn not = .;
NOTE: SAS sort was used.
NOTE: The data set WORK._TABCON1 has 15 observations and 22 variables.
NOTE: PROCEDURE SORT used (Total process time):
      real time           0.00 seconds
      cpu time            0.00 seconds
      

MPRINT(UNIVAR):   proc transpose data=_tabcon1 prefix=value out=_tabcon2 ;
MPRINT(UNIVAR):   var statval;
MPRINT(UNIVAR):   by statord linlabel ;
MPRINT(UNIVAR):   id trt01pn;
MPRINT(UNIVAR):   run;

NOTE: There were 15 observations read from the data set WORK._TABCON1.
NOTE: The data set WORK._TABCON2 has 5 observations and 6 variables.
NOTE: PROCEDURE TRANSPOSE used (Total process time):
      real time           0.00 seconds
      cpu time            0.00 seconds
      

MPRINT(UNIVAR):   data _tabcon2;
MPRINT(UNIVAR):   set _tabcon2;
MPRINT(UNIVAR):   pval1=.;
MPRINT(UNIVAR):   pval2=.;
MPRINT(UNIVAR):   run;

NOTE: There were 5 observations read from the data set WORK._TABCON2.
NOTE: The data set WORK._TABCON2 has 5 observations and 8 variables.
NOTE: DATA statement used (Total process time):
      real time           0.00 seconds
      cpu time            0.00 seconds
      

MPRINT(TABDCONT):  ;
MPRINT(TABDCONT):   ******************************************************************;
MPRINT(TABDCONT):   *** test: if n=0 then skip rest of calculation for that colvar ***;
MPRINT(TABDCONT):   *** assumption: number of column < 10 ***;
MPRINT(TABDCONT):   ******************************************************************;
MPRINT(TABDCONT):   proc sort data=_tabcon1 out=test (keep=n trt01pn) nodupkey;
MPRINT(TABDCONT):   by trt01pn descending n;
MPRINT(TABDCONT):   run;

                                                                    The SAS System

NOTE: There were 15 observations read from the data set WORK._TABCON1.
NOTE: SAS sort was used.
NOTE: 12 observations with duplicate key values were deleted.
NOTE: The data set WORK.TEST has 3 observations and 2 variables.
NOTE: PROCEDURE SORT used (Total process time):
      real time           0.00 seconds
      cpu time            0.00 seconds
      

MPRINT(TABDCONT):   ** this code was added so when byvar is specified, and 0 obs exist **;
MPRINT(TABDCONT):   ** for that byvar value for colvar, then it will still create the **;
MPRINT(TABDCONT):   ** table spacing properly - kad 11May2010 **;
MPRINT(TABDCONT):  ;
MPRINT(TABDCONT):   *----------------------------------------------------------------------------*;
MPRINT(TABDCONT):   * If overall p-values are requested, generate and add to the dataset *;
MPRINT(TABDCONT):   * Up to two can be requested *;
MPRINT(TABDCONT):   *----------------------------------------------------------------------------*;
MPRINT(TABDCONT):   ********************************;
MPRINT(TABDCONT):   *** do pairwise calculations ***;
MPRINT(TABDCONT):   ********************************;
MPRINT(TABDCONT):   *----------------------------------------------------------------------------*;
MPRINT(TABDCONT):   * combine the output files *;
MPRINT(TABDCONT):   *----------------------------------------------------------------------------*;
MPRINT(TABDCONT):   data _tabcon2 (drop=value: rename=( _val_1=value1 _val_2=value2 _val_3=value3));
MPRINT(TABDCONT):   length label1 label2 $250 _val_1 - _val_3 $ 40;
MPRINT(TABDCONT):   set _tabcon2;
MPRINT(TABDCONT):   array _val {*} $ value1 - value3;
MPRINT(TABDCONT):   array nval {*} $ _val_1 - _val_3;
MPRINT(TABDCONT):   do __i = 1 to 3;
MPRINT(TABDCONT):   nval[__i] = _val[__i];
MPRINT(TABDCONT):   if (compress(linlabel)='N' and nval[__i] = '') then nval[__i] = '    0';
MPRINT(TABDCONT):   end;
MPRINT(TABDCONT):   type = "CONT";
MPRINT(TABDCONT):   sortord = 1;
MPRINT(TABDCONT):   label1 = "Age (Years)                                                                                                             
                                                                                                                                  ";
MPRINT(TABDCONT):   label2 = "                                                                                                                        
                                                                                                                                  ";
MPRINT(TABDCONT):   run;

NOTE: There were 5 observations read from the data set WORK._TABCON2.
NOTE: The data set WORK._TABCON2 has 5 observations and 13 variables.
NOTE: DATA statement used (Total process time):
      real time           0.00 seconds
      cpu time            0.00 seconds
      
                                                                    The SAS System


MPRINT(PVALUE):   data _tabcon2;
MPRINT(PVALUE):   set _tabcon2;
MPRINT(PVALUE):   drop _tmp_value;
MPRINT(PVALUE):   format pvalc1 $8.;
MPRINT(PVALUE):   label pvalc1= 'p-value';
MPRINT(PVALUE):   if (missing(pval1)) then pvalc1 = 'N/A';
MPRINT(PVALUE):   else do;
MPRINT(PVALUE):   _tmp_value = pval1;
MPRINT(PVALUE):   if (_tmp_value<0 or _tmp_value>1) then pvalc1 = 'ER'||'ROR';
MPRINT(PVALUE):   else if (_tmp_value<0.0001) then pvalc1 ='<0.0001';
MPRINT(PVALUE):   else pvalc1 = put( _tmp_value, 6.4);
MPRINT(PVALUE):   end;
MPRINT(PVALUE):   run;

NOTE: There were 5 observations read from the data set WORK._TABCON2.
NOTE: The data set WORK._TABCON2 has 5 observations and 14 variables.
NOTE: DATA statement used (Total process time):
      real time           0.00 seconds
      cpu time            0.00 seconds
      

MPRINT(TABDCONT):  ;
MPRINT(PVALUE):   data _tabcon2;
MPRINT(PVALUE):   set _tabcon2;
MPRINT(PVALUE):   drop _tmp_value;
MPRINT(PVALUE):   format pvalc2 $8.;
MPRINT(PVALUE):   label pvalc2= 'p-value';
MPRINT(PVALUE):   if (missing(pval2)) then pvalc2 = 'N/A';
MPRINT(PVALUE):   else do;
MPRINT(PVALUE):   _tmp_value = pval2;
MPRINT(PVALUE):   if (_tmp_value<0 or _tmp_value>1) then pvalc2 = 'ER'||'ROR';
MPRINT(PVALUE):   else if (_tmp_value<0.0001) then pvalc2 ='<0.0001';
MPRINT(PVALUE):   else pvalc2 = put( _tmp_value, 6.4);
MPRINT(PVALUE):   end;
MPRINT(PVALUE):   run;

NOTE: There were 5 observations read from the data set WORK._TABCON2.
NOTE: The data set WORK._TABCON2 has 5 observations and 15 variables.
NOTE: DATA statement used (Total process time):
      real time           0.00 seconds
      cpu time            0.01 seconds
      

MPRINT(TABDCONT):  ;
MPRINT(TABDCONT):   data _tabcon2;
                                                                    The SAS System

MPRINT(TABDCONT):   set _tabcon2;
MPRINT(TABDCONT):   format pvalc1 pvalc2;
MPRINT(TABDCONT):   run;

NOTE: There were 5 observations read from the data set WORK._TABCON2.
NOTE: The data set WORK._TABCON2 has 5 observations and 15 variables.
NOTE: DATA statement used (Total process time):
      real time           0.00 seconds
      cpu time            0.01 seconds
      

MPRINT(TABDCONT):   data combine;
MPRINT(TABDCONT):   set combine _tabcon2;
MPRINT(TABDCONT):   run;

NOTE: There were 0 observations read from the data set WORK.COMBINE.
NOTE: There were 5 observations read from the data set WORK._TABCON2.
NOTE: The data set WORK.COMBINE has 5 observations and 15 variables.
NOTE: DATA statement used (Total process time):
      real time           0.00 seconds
      cpu time            0.00 seconds
      

MPRINT(TABDCONT):   *----------------------------------------------------------------------------;
MPRINT(TABDCONT):   * Cleanup ;
MPRINT(TABDCONT):   *----------------------------------------------------------------------------;
MPRINT(TABDCONT):   proc datasets library = work nolist;
MPRINT(TABDCONT):   delete _tabcon: ;
MPRINT(TABDCONT):   quit;

NOTE: Deleting WORK._TABCON0 (memtype=DATA).
NOTE: Deleting WORK._TABCON1 (memtype=DATA).
NOTE: Deleting WORK._TABCON2 (memtype=DATA).
NOTE: PROCEDURE DATASETS used (Total process time):
      real time           0.00 seconds
      cpu time            0.00 seconds
      

MPRINT(MAIN):  ;
MPRINT(TABDCAT):   *-----------------------------------------------------------------------------------------------* | Definition of internal macros 
| *-----------------------------------------------------------------------------------------------*;
MPRINT(TABDCAT):   *------------------------------------------------------------------------;
MPRINT(TABDCAT):   * macro tab_sam_hp ;
MPRINT(TABDCAT):   * Calculate Stratum-Adjusted Mantel-Haenszel Proportion ;
MPRINT(TABDCAT):   *------------------------------------------------------------------------;
MPRINT(TABDCAT):   *------------------------------------------------------------------------;
                                                                    The SAS System

MPRINT(TABDCAT):   * macro ciexact ;
MPRINT(TABDCAT):   * Calculate Confidence intervals using exact method - VK 15AUG2007;
MPRINT(TABDCAT):   *------------------------------------------------------------------------;
MPRINT(TABDCAT):   *----------------------------------------------------------------------------;
MPRINT(TABDCAT):   * macro ciprep ;
MPRINT(TABDCAT):   * Prepare file for CI calculation ;
MPRINT(TABDCAT):   *----------------------------------------------------------------------------;
MPRINT(TABDCAT):   *----------------------------------------------------------------------------;
MPRINT(TABDCAT):   * macro ciprop ;
MPRINT(TABDCAT):   * Do CI calculation ;
MPRINT(TABDCAT):   *----------------------------------------------------------------------------;
MPRINT(TABDCAT):   *----------------------------------------------------------------------------;
MPRINT(TABDCAT):   * macro rratio ;
MPRINT(TABDCAT):   * Do risk ratio calculations ;
MPRINT(TABDCAT):   *----------------------------------------------------------------------------;
MPRINT(TABDCAT):   *----------------------------------------------------------------------------;
MPRINT(TABDCAT):   * macro rrcalc ;
MPRINT(TABDCAT):   * Do risk ratio calculations for each selected pair ;
MPRINT(TABDCAT):   *----------------------------------------------------------------------------;
MPRINT(TABDCAT):   *------------------------------------------------------------------;
MPRINT(TABDCAT):   * macro pval ;
MPRINT(TABDCAT):   * p-value calculation ;
MPRINT(TABDCAT):   *------------------------------------------------------------------;
MPRINT(TABDCAT):   *-----------------------------------------------------------------------------------------------------------* | End of internal 
macro definition and beginning of tabdcat main section | 
*-----------------------------------------------------------------------------------------------------------*;
MPRINT(TABDCAT):   *** use default risktype if no local override ***;
MPRINT(TABDCAT):  ;
MPRINT(TABDCAT):   **************************************************;
MPRINT(TABDCAT):   *** modify stratification locally if requested ***;
MPRINT(TABDCAT):   **************************************************;
MPRINT(TABDCAT):   *----------------------------------------------------------------------------;
MPRINT(TABDCAT):   * Get analysis variable attributes (type, label, format) ;
MPRINT(TABDCAT):   * Cancel run if variable .does not. exist ;
MPRINT(TABDCAT):   *----------------------------------------------------------------------------;
MPRINT(TABDCAT):   data _null_;
MPRINT(TABDCAT):   length label1 label2 $250;
MPRINT(TABDCAT):   ds = open("analf","i");
MPRINT(TABDCAT):   var = varnum(ds , "agegr1n");
MPRINT(TABDCAT):   if not(var) then do;
MPRINT(TABDCAT):   call symput("_errcode","F");
MPRINT(TABDCAT):   call symput("_errmsg","Categorical analysis variable agegr1n .does not. exist - canceling run" );
MPRINT(TABDCAT):   end;
MPRINT(TABDCAT):   else do;
MPRINT(TABDCAT):   call symput("catvfmt",varfmt(ds,var));
MPRINT(TABDCAT):   label1 = varlabel(ds,var);
                                                                    The SAS System

MPRINT(TABDCAT):   if index(label1,'~') > 0 then do;
MPRINT(TABDCAT):   label2 = scan(label1,2,'~');
MPRINT(TABDCAT):   label1 = scan(label1,1,'~');
MPRINT(TABDCAT):   end;
MPRINT(TABDCAT):   call symput("label1",label1);
MPRINT(TABDCAT):   call symput("label2",label2);
MPRINT(TABDCAT):   typ = vartype(ds,var);
MPRINT(TABDCAT):   call symput("type",typ);
MPRINT(TABDCAT):   end;
MPRINT(TABDCAT):   run;

INFO: Character variables have defaulted to a length of 200 at the places given by: (Line):(Column). Truncation can result.
      1251:194 TYP
NOTE: DATA statement used (Total process time):
      real time           0.00 seconds
      cpu time            0.00 seconds
      

MPRINT(TABDCAT):   *****************************************;
MPRINT(TABDCAT):   *** crate template of categories that ***;
MPRINT(TABDCAT):   *** would appear in output. ***;
MPRINT(TABDCAT):   *****************************************;
MPRINT(TABDCAT):   proc sort data = analf out=col (keep= trt01pn) nodupkey;
MPRINT(TABDCAT):   by trt01pn;
MPRINT(TABDCAT):   run;

NOTE: There were 200 observations read from the data set WORK.ANALF.
NOTE: SAS sort was used.
NOTE: 197 observations with duplicate key values were deleted.
NOTE: The data set WORK.COL has 3 observations and 1 variables.
NOTE: PROCEDURE SORT used (Total process time):
      real time           0.03 seconds
      cpu time            0.00 seconds
      

MPRINT(TABDCAT):   ********************************************************************************;
MPRINT(TABDCAT):   *** 1) If there is no format assigned to analysis variabe then ***;
MPRINT(TABDCAT):   *** create template based on data and will alsways incluse missing as a cat. ***;
MPRINT(TABDCAT):   ********************************************************************************;
MPRINT(TABDCAT):   ********************************************************************;
MPRINT(TABDCAT):   *** 2) If there is format assigned to analysis variabe then ***;
MPRINT(TABDCAT):   *** create template based on format (and data, if showall=Y) and ***;
MPRINT(TABDCAT):   *** whether to incluse missing as a cat. ***;
MPRINT(TABDCAT):   ********************************************************************;
MPRINT(TABDCAT):   ** this proc summary is to determine numerator - if need only formatted values or not **;
MPRINT(TABDCAT):   proc summary nway data=analf n noprint;
                                                                    The SAS System

MPRINT(TABDCAT):   where agegr1n ne .;
MPRINT(TABDCAT):   class agegr1n / preloadfmt exclusive;
MPRINT(TABDCAT):   output out=_catnumer (keep=agegr1n rename=(agegr1n=agegr1n));
MPRINT(TABDCAT):   run;

NOTE: Multiple concurrent threads will be used to summarize data.
NOTE: There were 200 observations read from the data set WORK.ANALF.
      WHERE agegr1n not = .;
NOTE: The data set WORK._CATNUMER has 2 observations and 1 variables.
NOTE: PROCEDURE SUMMARY used (Total process time):
      real time           0.01 seconds
      cpu time            0.02 seconds
      

MPRINT(TABDCAT):   ** this proc summary is to determine denominator - all non-missing values **;
MPRINT(TABDCAT):   proc summary nway data=analf n completetypes noprint;
MPRINT(TABDCAT):   where agegr1n ne .;
MPRINT(TABDCAT):   class agegr1n / preloadfmt;
MPRINT(TABDCAT):   output out=_cat (keep=agegr1n rename=(agegr1n=agegr1n));
MPRINT(TABDCAT):   run;

NOTE: Multiple concurrent threads will be used to summarize data.
NOTE: There were 200 observations read from the data set WORK.ANALF.
      WHERE agegr1n not = .;
NOTE: The data set WORK._CAT has 2 observations and 1 variables.
NOTE: PROCEDURE SUMMARY used (Total process time):
      real time           0.01 seconds
      cpu time            0.00 seconds
      

MPRINT(TABDCAT):   proc sort data=_cat;
MPRINT(TABDCAT):   by agegr1n;
MPRINT(TABDCAT):   run;

NOTE: There were 2 observations read from the data set WORK._CAT.
NOTE: SAS sort was used.
NOTE: The data set WORK._CAT has 2 observations and 1 variables.
NOTE: PROCEDURE SORT used (Total process time):
      real time           0.00 seconds
      cpu time            0.00 seconds
      

MPRINT(TABDCAT):   *** then output the template ***;
MPRINT(TABDCAT):   data _cat;
MPRINT(TABDCAT):   set col end=eof;
MPRINT(TABDCAT):   do i = 1 to x;
                                                                    The SAS System

MPRINT(TABDCAT):   set _cat nobs=x point=i;
MPRINT(TABDCAT):   output;
MPRINT(TABDCAT):   end;
MPRINT(TABDCAT):   run;

NOTE: There were 3 observations read from the data set WORK.COL.
NOTE: The data set WORK._CAT has 6 observations and 2 variables.
NOTE: DATA statement used (Total process time):
      real time           0.00 seconds
      cpu time            0.00 seconds
      

MPRINT(TABDCAT):   *** make sure missing value is in the template ***;
MPRINT(TABDCAT):   proc sort data=_cat;
MPRINT(TABDCAT):   by trt01pn;
MPRINT(TABDCAT):   run;

NOTE: There were 6 observations read from the data set WORK._CAT.
NOTE: SAS sort was used.
NOTE: The data set WORK._CAT has 6 observations and 2 variables.
NOTE: PROCEDURE SORT used (Total process time):
      real time           0.00 seconds
      cpu time            0.00 seconds
      

MPRINT(TABDCAT):   data _cat;
MPRINT(TABDCAT):   set _cat;
MPRINT(TABDCAT):   by trt01pn;
MPRINT(TABDCAT):   output;
MPRINT(TABDCAT):   if first.trt01pn and agegr1n ne . then do;
MPRINT(TABDCAT):   agegr1n = .;
MPRINT(TABDCAT):   output;
MPRINT(TABDCAT):   end;
MPRINT(TABDCAT):   run;

NOTE: There were 6 observations read from the data set WORK._CAT.
NOTE: The data set WORK._CAT has 9 observations and 2 variables.
NOTE: DATA statement used (Total process time):
      real time           0.00 seconds
      cpu time            0.00 seconds
      

MPRINT(TABDCAT):   *** out option value into template ***;
MPRINT(TABDCAT):   data _cat;
MPRINT(TABDCAT):   set _cat;
MPRINT(TABDCAT):   if agegr1n=. then do;
                                                                    The SAS System

MPRINT(TABDCAT):   nomisspc="Y";
MPRINT(TABDCAT):   misspct ="N";
MPRINT(TABDCAT):   misspval="N";
MPRINT(TABDCAT):   end;
MPRINT(TABDCAT):   run;

NOTE: There were 9 observations read from the data set WORK._CAT.
NOTE: The data set WORK._CAT has 9 observations and 5 variables.
NOTE: DATA statement used (Total process time):
      real time           0.00 seconds
      cpu time            0.01 seconds
      

MPRINT(TABDCAT):   proc sort;
MPRINT(TABDCAT):   by trt01pn agegr1n;
MPRINT(TABDCAT):   run;

NOTE: There were 9 observations read from the data set WORK._CAT.
NOTE: SAS sort was used.
NOTE: The data set WORK._CAT has 9 observations and 5 variables.
NOTE: PROCEDURE SORT used (Total process time):
      real time           0.00 seconds
      cpu time            0.00 seconds
      

MPRINT(TABDCAT):   * proc print data=_cat;
MPRINT(TABDCAT):   * title 'Cat. template';
MPRINT(TABDCAT):   * run;
MPRINT(TABDCAT):   *-------------------------;
MPRINT(TABDCAT):   * Count all data ;
MPRINT(TABDCAT):   *-------------------------;
MPRINT(TABDCAT):   proc sort data = analf out = _tabcat1;
MPRINT(TABDCAT):   by trt01pn agegr1n;
MPRINT(TABDCAT):   run;

NOTE: There were 200 observations read from the data set WORK.ANALF.
NOTE: SAS sort was used.
NOTE: The data set WORK._TABCAT1 has 200 observations and 43 variables.
NOTE: PROCEDURE SORT used (Total process time):
      real time           0.00 seconds
      cpu time            0.00 seconds
      

MPRINT(TABDCAT):   proc freq data=_tabcat1 noprint;
MPRINT(TABDCAT):   by trt01pn;
MPRINT(TABDCAT):   tables agegr1n / missing out=_tabcat3 (drop=percent);
                                                                    The SAS System

MPRINT(TABDCAT):   * title "Macro tabdcat: File _tabcat3 after first freq ";
MPRINT(TABDCAT):   run;

NOTE: There were 200 observations read from the data set WORK._TABCAT1.
NOTE: The data set WORK._TABCAT3 has 6 observations and 3 variables.
NOTE: PROCEDURE FREQ used (Total process time):
      real time           0.01 seconds
      cpu time            0.00 seconds
      

MPRINT(TABDCAT):   ****************************************;
MPRINT(TABDCAT):   *** merge with _cat to expand levels ***;
MPRINT(TABDCAT):   ****************************************;
MPRINT(TABDCAT):   data _tabcat3;
MPRINT(TABDCAT):   merge _tabcat3 (in=int) _cat (in=ins);
MPRINT(TABDCAT):   by trt01pn agegr1n;
MPRINT(TABDCAT):   if ins;
MPRINT(TABDCAT):   if not int then count = 0;
MPRINT(TABDCAT):   run;

NOTE: There were 6 observations read from the data set WORK._TABCAT3.
NOTE: There were 9 observations read from the data set WORK._CAT.
NOTE: The data set WORK._TABCAT3 has 9 observations and 6 variables.
NOTE: DATA statement used (Total process time):
      real time           0.00 seconds
      cpu time            0.00 seconds
      

MPRINT(TABDCAT):   * proc print;
MPRINT(TABDCAT):   * title "Macro tabdcat: File _tabcat3 after expanding categories";
MPRINT(TABDCAT):   * run;
MPRINT(TABDCAT):   *-----------------------------------------------------------;
MPRINT(TABDCAT):   * Get column totals for denominator ;
MPRINT(TABDCAT):   * If needed to, change the denominator base on denom option;
MPRINT(TABDCAT):   * then calculate percent from count and coldenom ;
MPRINT(TABDCAT):   *-----------------------------------------------------------;
MPRINT(TABDCAT):   proc summary nway data=_tabcat3 noprint;
MPRINT(TABDCAT):   where nomisspc ne 'Y';
MPRINT(TABDCAT):   class trt01pn;
MPRINT(TABDCAT):   var count;
MPRINT(TABDCAT):   output out=_tabcat3b(keep= trt01pn coldenom) sum=coldenom;
MPRINT(TABDCAT):   run;

NOTE: Multiple concurrent threads will be used to summarize data.
NOTE: There were 6 observations read from the data set WORK._TABCAT3.
      WHERE nomisspc not = 'Y';
                                                                    The SAS System

NOTE: The data set WORK._TABCAT3B has 3 observations and 2 variables.
NOTE: PROCEDURE SUMMARY used (Total process time):
      real time           0.00 seconds
      cpu time            0.00 seconds
      

MPRINT(TABDCAT):   data _tabcat3;
MPRINT(TABDCAT):   merge _tabcat3 (in=in3) _tabcat3b (in=inb) ;
MPRINT(TABDCAT):   by trt01pn;
MPRINT(TABDCAT):   if in3;
MPRINT(TABDCAT):   if not inb then coldenom = 0;
MPRINT(TABDCAT):   ** kdaughtry - 09Sep2008 **;
MPRINT(TABDCAT):   **if coldenom ne 0 and .<count<=coldenom then percent = count / coldenom * 100;
MPRINT(TABDCAT):   if count>0 and coldenom ne 0 and .<count<=coldenom then percent = count / coldenom * 100;
MPRINT(TABDCAT):   run;

NOTE: There were 9 observations read from the data set WORK._TABCAT3.
NOTE: There were 3 observations read from the data set WORK._TABCAT3B.
NOTE: The data set WORK._TABCAT3 has 9 observations and 8 variables.
NOTE: DATA statement used (Total process time):
      real time           0.00 seconds
      cpu time            0.01 seconds
      

MPRINT(TABDCAT):   proc sort data=_tabcat3;
MPRINT(TABDCAT):   by agegr1n;
MPRINT(TABDCAT):   run;

NOTE: There were 9 observations read from the data set WORK._TABCAT3.
NOTE: SAS sort was used.
NOTE: The data set WORK._TABCAT3 has 9 observations and 8 variables.
NOTE: PROCEDURE SORT used (Total process time):
      real time           0.00 seconds
      cpu time            0.00 seconds
      

MPRINT(TABDCAT):   proc sort data=_catnumer;
MPRINT(TABDCAT):   by agegr1n;
MPRINT(TABDCAT):   run;

NOTE: There were 2 observations read from the data set WORK._CATNUMER.
NOTE: SAS sort was used.
NOTE: The data set WORK._CATNUMER has 2 observations and 1 variables.
NOTE: PROCEDURE SORT used (Total process time):
      real time           0.00 seconds
      cpu time            0.00 seconds
                                                                    The SAS System

      

MPRINT(TABDCAT):   ** only keep &var values from _catnumer dataset since this ds **;
MPRINT(TABDCAT):   ** only contains formatted values of &var **;
MPRINT(TABDCAT):   data _tabcat3;
MPRINT(TABDCAT):   merge _tabcat3 _catnumer (in=inn);
MPRINT(TABDCAT):   by agegr1n;
MPRINT(TABDCAT):   if inn or agegr1n=.;
MPRINT(TABDCAT):   run;

NOTE: There were 9 observations read from the data set WORK._TABCAT3.
NOTE: There were 2 observations read from the data set WORK._CATNUMER.
NOTE: The data set WORK._TABCAT3 has 9 observations and 8 variables.
NOTE: DATA statement used (Total process time):
      real time           0.01 seconds
      cpu time            0.01 seconds
      

MPRINT(TABDCAT):   proc sort data=_tabcat3;
MPRINT(TABDCAT):   by trt01pn;
MPRINT(TABDCAT):   run;

NOTE: There were 9 observations read from the data set WORK._TABCAT3.
NOTE: SAS sort was used.
NOTE: The data set WORK._TABCAT3 has 9 observations and 8 variables.
NOTE: PROCEDURE SORT used (Total process time):
      real time           0.00 seconds
      cpu time            0.00 seconds
      

MPRINT(TABDCAT):   * proc print data = _tabcat3 (obs=100);
MPRINT(TABDCAT):   * title "Macro tabdcat: File _tabcat3 after calc deniminator";
MPRINT(TABDCAT):   * run;
MPRINT(TABDCAT):   *----------------------------------------;
MPRINT(TABDCAT):   * Percents without missing ;
MPRINT(TABDCAT):   * numbers in denominator ;
MPRINT(TABDCAT):   *----------------------------------------;
MPRINT(TABDCAT):   *** Total patient count variable, used for calculating cell percents ***;
MPRINT(TABDCAT):   **********************************************************************;
MPRINT(TABDCAT):   *** Recalculate the counts without the missings ***;
MPRINT(TABDCAT):   *** if MISSPCT requested (print missings as a category) ***;
MPRINT(TABDCAT):   *** and NOMISSPC requested (do not use missings in the denominator ***;
MPRINT(TABDCAT):   **********************************************************************;
MPRINT(TABDCAT):   ***************************************************************************;
MPRINT(TABDCAT):   *** test: if n = 100 pct for any subgroup and then skip the calculation ***;
MPRINT(TABDCAT):   *** for cilevelw ***;
                                                                    The SAS System

MPRINT(TABDCAT):   ***************************************************************************;
MPRINT(TABDCAT):   ******************************************;
MPRINT(TABDCAT):   *** put together the display data set ***;
MPRINT(TABDCAT):   ******************************************;
MPRINT(TABDCAT):   data _tabcat4;
MPRINT(TABDCAT):   length statval statval2 statval3 $40 start $200 linlabel $250;
MPRINT(TABDCAT):   set _tabcat3;
MPRINT(TABDCAT):   by trt01pn;
MPRINT(TABDCAT):   array tmpvarn len;
MPRINT(TABDCAT):   array tmpvarc $ statval statval2 statval3 linlabel;
MPRINT(TABDCAT):   retain totcount;
MPRINT(TABDCAT):   if first.trt01pn then totcount = 0;
MPRINT(TABDCAT):   if nomisspc^='Y' then totcount + count;
MPRINT(TABDCAT):   start = left(put(agegr1n,best.));
MPRINT(TABDCAT):   linlabel = left(put(agegr1n,AGEGRFMT.));
MPRINT(TABDCAT):   if trim(linlabel) = '.' or linlabel = ' ' then linlabel = '- Missing -';
MPRINT(TABDCAT):   pct = percent;
MPRINT(TABDCAT):   *** NOMISSPC=Y only calculate cellpct if pct is not missing ***;
MPRINT(TABDCAT):   if (pct ne .) then cellpct = 100*(count/100);
MPRINT(TABDCAT):   else cellpct = .;
MPRINT(TABDCAT):   statval = ' ';
MPRINT(TABDCAT):   statval = put(count, 3. );
MPRINT(TABDCAT):   *** If coldenom requested, show N as N/COLUMN TOTAL ***;
MPRINT(TABDCAT):   len = length(statval);
MPRINT(TABDCAT):   *** NOMISSPC=Y only format the nonmissings ***;
MPRINT(TABDCAT):   if (pct ne .) then do;
MPRINT(TABDCAT):   *** Display "0" or "0.0" as "<1" or "<0.1" ***;
MPRINT(TABDCAT):   drop tmppct;
MPRINT(TABDCAT):   tmppct = 10**-1;
MPRINT(TABDCAT):   *** Normal case = percent=0 or is >= threshold ***;
MPRINT(TABDCAT):   if(pct eq 0 or pct>=tmppct) then statval = substr(statval,1,len) || " (" || put(pct,5.1) || "%)";
MPRINT(TABDCAT):   *** Number between 0 and lowest displayable value ***;
MPRINT(TABDCAT):   else statval = substr(statval,1,len) || " ( <" || put(tmppct,3.1) || "%)";
MPRINT(TABDCAT):   end;
MPRINT(TABDCAT):   if misspct ='N' then delete;
MPRINT(TABDCAT):   * delete missing cat if not used in rpt;
MPRINT(TABDCAT):   * if nomisspc='Y' then delete;
MPRINT(TABDCAT):   * delete missing cat if not part of calculations;
MPRINT(TABDCAT):   drop len agegr1n misspct;
MPRINT(TABDCAT):   run;

NOTE: There were 9 observations read from the data set WORK._TABCAT3.
NOTE: The data set WORK._TABCAT4 has 6 observations and 14 variables.
NOTE: DATA statement used (Total process time):
      real time           0.00 seconds
      cpu time            0.00 seconds
                                                                    The SAS System

      

MPRINT(TABDCAT):   * proc print data=_tabcat4;
MPRINT(TABDCAT):   * title "Macro tabdcat: File _tabcat4 after formating statistics ";
MPRINT(TABDCAT):   * run;
MPRINT(TABDCAT):   proc sort data=_tabcat4;
MPRINT(TABDCAT):   by start linlabel;
MPRINT(TABDCAT):   run;

NOTE: There were 6 observations read from the data set WORK._TABCAT4.
NOTE: SAS sort was used.
NOTE: The data set WORK._TABCAT4 has 6 observations and 14 variables.
NOTE: PROCEDURE SORT used (Total process time):
      real time           0.00 seconds
      cpu time            0.00 seconds
      

MPRINT(TABDCAT):   *----------------------------------------------------------------------------;
MPRINT(TABDCAT):   * Transpose the formatted and unformatted statistics ;
MPRINT(TABDCAT):   *----------------------------------------------------------------------------;
MPRINT(TABDCAT):   proc transpose data=_tabcat4 prefix=value out=_tabcat7;
MPRINT(TABDCAT):   var statval;
MPRINT(TABDCAT):   by start linlabel;
MPRINT(TABDCAT):   id trt01pn;
MPRINT(TABDCAT):   where trt01pn is not null;
MPRINT(TABDCAT):   run;

NOTE: There were 6 observations read from the data set WORK._TABCAT4.
      WHERE trt01pn is not null;
NOTE: The data set WORK._TABCAT7 has 2 observations and 6 variables.
NOTE: PROCEDURE TRANSPOSE used (Total process time):
      real time           0.00 seconds
      cpu time            0.00 seconds
      

MPRINT(TABDCAT):   * proc print data = _tabcat7 (obs=100);
MPRINT(TABDCAT):   * title "File _tabcat7 after transpose";
MPRINT(TABDCAT):   * run;
MPRINT(TABDCAT):   *----------------------------------------------------------------------------;
MPRINT(TABDCAT):   * Calculate confidence intervals if requested ;
MPRINT(TABDCAT):   * Redo proc freq, this time with the stratification vars, and run thru ;
MPRINT(TABDCAT):   * stratified CI formula. Output is one record per analysis var value per ;
MPRINT(TABDCAT):   * byvar value ;
MPRINT(TABDCAT):   *----------------------------------------------------------------------------;
MPRINT(TABDCAT):   *----------------------------------------------------------------------------;
MPRINT(TABDCAT):   * Calculate risk ratio if requested ;
                                                                    The SAS System

MPRINT(TABDCAT):   * Redo proc freq, not using stratification or missing parameters, and call ;
MPRINT(TABDCAT):   * RR formula. Output is one record per analysis var per byvar value ;
MPRINT(TABDCAT):   *----------------------------------------------------------------------------;
MPRINT(TABDCAT):   *---------------------------------------;
MPRINT(TABDCAT):   * CHISQ, CMH, EXACT p-values ;
MPRINT(TABDCAT):   *---------------------------------------;
MPRINT(TABDCAT):   *---------------------------------------------------;
MPRINT(TABDCAT):   * Standard (statified) categorical p-values ;
MPRINT(TABDCAT):   *---------------------------------------------------;
MPRINT(TABDCAT):   proc sort data = analfnot out = _tabcat2;
MPRINT(TABDCAT):   by trt01pn agegr1n;
MPRINT(TABDCAT):   run;

NOTE: There were 100 observations read from the data set WORK.ANALFNOT.
NOTE: SAS sort was used.
NOTE: The data set WORK._TABCAT2 has 100 observations and 43 variables.
NOTE: PROCEDURE SORT used (Total process time):
      real time           0.00 seconds
      cpu time            0.00 seconds
      

MPRINT(TABDCAT):   *----------------------------------------------------------------------------;
MPRINT(TABDCAT):   * If pairwise p-values are requested, generate and add to the dataset ;
MPRINT(TABDCAT):   *----------------------------------------------------------------------------;
MPRINT(TABDCAT):   *----------------------------------------------------------------------------;
MPRINT(TABDCAT):   * Final data massage before merging with accumulated statistics ;
MPRINT(TABDCAT):   *----------------------------------------------------------------------------;
MPRINT(TABDCAT):   * proc print data = _tabcat7;
MPRINT(TABDCAT):   * title "File _tabcat7 ";
MPRINT(TABDCAT):   * run;
MPRINT(TABDCAT):   data _tabcat7;
MPRINT(TABDCAT):   length label1 label2 $ 250 statord value1 - value3 $40;
MPRINT(TABDCAT):   set _tabcat7;
MPRINT(TABDCAT):   sortord=2;
MPRINT(TABDCAT):   label1="Age Group                                                                                                                  
                                                                                                                               ";
MPRINT(TABDCAT):   label2="                                                                                                                           
                                                                                                                               ";
MPRINT(TABDCAT):   type = "CAT ";
MPRINT(TABDCAT):   statord = left(start);
MPRINT(TABDCAT):   array vl {*} value1 - value3;
MPRINT(TABDCAT):   if trim(start) eq '.' or start = ' ' then delete;
MPRINT(TABDCAT):   if trim(linlabel) = '- Missing -' then statord = '999999999';
MPRINT(TABDCAT):   vct = 0;
MPRINT(TABDCAT):   do i = 1 to 3;
MPRINT(TABDCAT):   if vl{i} = ' ' and substr(linlabel,1,10) ^= 'Risk Ratio' then do;
                                                                    The SAS System

MPRINT(TABDCAT):   vl{i} = put(0, 3. );
MPRINT(TABDCAT):   len = length(vl{i});
MPRINT(TABDCAT):   * vl{i} = substr(vl{i},1,len) || " (" || put(0,&pctfmt) || "%)";
MPRINT(TABDCAT):   if "Y" = 'Y' and statord = '999999999' then do;
MPRINT(TABDCAT):   vl{i} = put(0, 3. );
MPRINT(TABDCAT):   end;
MPRINT(TABDCAT):   end;
MPRINT(TABDCAT):   *** Reset intentionally set "No CI" back to blank ***;
MPRINT(TABDCAT):   *** if all blank then delete ***;
MPRINT(TABDCAT):   if vl{i} = "No CI" then do;
MPRINT(TABDCAT):   vl{i} = " ";
MPRINT(TABDCAT):   vct + 1;
MPRINT(TABDCAT):   end;
MPRINT(TABDCAT):   end;
MPRINT(TABDCAT):   if vct = 3 then delete;
MPRINT(TABDCAT):   drop i vct len ;
MPRINT(TABDCAT):   * &var;
MPRINT(TABDCAT):   run;

NOTE: There were 2 observations read from the data set WORK._TABCAT7.
NOTE: The data set WORK._TABCAT7 has 2 observations and 11 variables.
NOTE: DATA statement used (Total process time):
      real time           0.00 seconds
      cpu time            0.00 seconds
      

MPRINT(TABDCAT):   data combine;
MPRINT(TABDCAT):   set combine _tabcat7;
MPRINT(TABDCAT):   format pvalc1 pvalc2;
MPRINT(TABDCAT):   run;

NOTE: There were 5 observations read from the data set WORK.COMBINE.
NOTE: There were 2 observations read from the data set WORK._TABCAT7.
NOTE: The data set WORK.COMBINE has 7 observations and 16 variables.
NOTE: DATA statement used (Total process time):
      real time           0.00 seconds
      cpu time            0.00 seconds
      

MPRINT(TABDCAT):   ***--- End of EXACT CI ---***;
MPRINT(TABDCAT):   * proc print data = combine;
MPRINT(TABDCAT):   * title 'File combine after %tabdcat call';
MPRINT(TABDCAT):   * run;
MPRINT(TABDCAT):   *----------------------------------------------------------------------------;
MPRINT(TABDCAT):   * Cleanup ;
MPRINT(TABDCAT):   *----------------------------------------------------------------------------;
                                                                    The SAS System

MPRINT(TABDCAT):   proc datasets library = work nolist;
MPRINT(TABDCAT):   delete _tabcat:;
MPRINT(TABDCAT):   quit;

NOTE: Deleting WORK._TABCAT1 (memtype=DATA).
NOTE: Deleting WORK._TABCAT2 (memtype=DATA).
NOTE: Deleting WORK._TABCAT3 (memtype=DATA).
NOTE: Deleting WORK._TABCAT3B (memtype=DATA).
NOTE: Deleting WORK._TABCAT4 (memtype=DATA).
NOTE: Deleting WORK._TABCAT7 (memtype=DATA).
NOTE: PROCEDURE DATASETS used (Total process time):
      real time           0.00 seconds
      cpu time            0.00 seconds
      

MPRINT(MAIN):  ;
MPRINT(TABDCAT):   *-----------------------------------------------------------------------------------------------* | Definition of internal macros 
| *-----------------------------------------------------------------------------------------------*;
MPRINT(TABDCAT):   *------------------------------------------------------------------------;
MPRINT(TABDCAT):   * macro tab_sam_hp ;
MPRINT(TABDCAT):   * Calculate Stratum-Adjusted Mantel-Haenszel Proportion ;
MPRINT(TABDCAT):   *------------------------------------------------------------------------;
MPRINT(TABDCAT):   *------------------------------------------------------------------------;
MPRINT(TABDCAT):   * macro ciexact ;
MPRINT(TABDCAT):   * Calculate Confidence intervals using exact method - VK 15AUG2007;
MPRINT(TABDCAT):   *------------------------------------------------------------------------;
MPRINT(TABDCAT):   *----------------------------------------------------------------------------;
MPRINT(TABDCAT):   * macro ciprep ;
MPRINT(TABDCAT):   * Prepare file for CI calculation ;
MPRINT(TABDCAT):   *----------------------------------------------------------------------------;
MPRINT(TABDCAT):   *----------------------------------------------------------------------------;
MPRINT(TABDCAT):   * macro ciprop ;
MPRINT(TABDCAT):   * Do CI calculation ;
MPRINT(TABDCAT):   *----------------------------------------------------------------------------;
MPRINT(TABDCAT):   *----------------------------------------------------------------------------;
MPRINT(TABDCAT):   * macro rratio ;
MPRINT(TABDCAT):   * Do risk ratio calculations ;
MPRINT(TABDCAT):   *----------------------------------------------------------------------------;
MPRINT(TABDCAT):   *----------------------------------------------------------------------------;
MPRINT(TABDCAT):   * macro rrcalc ;
MPRINT(TABDCAT):   * Do risk ratio calculations for each selected pair ;
MPRINT(TABDCAT):   *----------------------------------------------------------------------------;
MPRINT(TABDCAT):   *------------------------------------------------------------------;
MPRINT(TABDCAT):   * macro pval ;
MPRINT(TABDCAT):   * p-value calculation ;
MPRINT(TABDCAT):   *------------------------------------------------------------------;
                                                                    The SAS System

MPRINT(TABDCAT):   *-----------------------------------------------------------------------------------------------------------* | End of internal 
macro definition and beginning of tabdcat main section | 
*-----------------------------------------------------------------------------------------------------------*;
MPRINT(TABDCAT):   *** use default risktype if no local override ***;
MPRINT(TABDCAT):  ;
MPRINT(TABDCAT):   **************************************************;
MPRINT(TABDCAT):   *** modify stratification locally if requested ***;
MPRINT(TABDCAT):   **************************************************;
MPRINT(TABDCAT):   *----------------------------------------------------------------------------;
MPRINT(TABDCAT):   * Get analysis variable attributes (type, label, format) ;
MPRINT(TABDCAT):   * Cancel run if variable .does not. exist ;
MPRINT(TABDCAT):   *----------------------------------------------------------------------------;
MPRINT(TABDCAT):   data _null_;
MPRINT(TABDCAT):   length label1 label2 $250;
MPRINT(TABDCAT):   ds = open("analf","i");
MPRINT(TABDCAT):   var = varnum(ds , "sexn");
MPRINT(TABDCAT):   if not(var) then do;
MPRINT(TABDCAT):   call symput("_errcode","F");
MPRINT(TABDCAT):   call symput("_errmsg","Categorical analysis variable sexn .does not. exist - canceling run" );
MPRINT(TABDCAT):   end;
MPRINT(TABDCAT):   else do;
MPRINT(TABDCAT):   call symput("catvfmt",varfmt(ds,var));
MPRINT(TABDCAT):   label1 = varlabel(ds,var);
MPRINT(TABDCAT):   if index(label1,'~') > 0 then do;
MPRINT(TABDCAT):   label2 = scan(label1,2,'~');
MPRINT(TABDCAT):   label1 = scan(label1,1,'~');
MPRINT(TABDCAT):   end;
MPRINT(TABDCAT):   call symput("label1",label1);
MPRINT(TABDCAT):   call symput("label2",label2);
MPRINT(TABDCAT):   typ = vartype(ds,var);
MPRINT(TABDCAT):   call symput("type",typ);
MPRINT(TABDCAT):   end;
MPRINT(TABDCAT):   run;

INFO: Character variables have defaulted to a length of 200 at the places given by: (Line):(Column). Truncation can result.
      1251:194 TYP
NOTE: DATA statement used (Total process time):
      real time           0.00 seconds
      cpu time            0.00 seconds
      

MPRINT(TABDCAT):   *****************************************;
MPRINT(TABDCAT):   *** crate template of categories that ***;
MPRINT(TABDCAT):   *** would appear in output. ***;
MPRINT(TABDCAT):   *****************************************;
MPRINT(TABDCAT):   proc sort data = analf out=col (keep= trt01pn) nodupkey;
                                                                    The SAS System

MPRINT(TABDCAT):   by trt01pn;
MPRINT(TABDCAT):   run;

NOTE: There were 200 observations read from the data set WORK.ANALF.
NOTE: SAS sort was used.
NOTE: 197 observations with duplicate key values were deleted.
NOTE: The data set WORK.COL has 3 observations and 1 variables.
NOTE: PROCEDURE SORT used (Total process time):
      real time           0.01 seconds
      cpu time            0.01 seconds
      

MPRINT(TABDCAT):   ********************************************************************************;
MPRINT(TABDCAT):   *** 1) If there is no format assigned to analysis variabe then ***;
MPRINT(TABDCAT):   *** create template based on data and will alsways incluse missing as a cat. ***;
MPRINT(TABDCAT):   ********************************************************************************;
MPRINT(TABDCAT):   ********************************************************************;
MPRINT(TABDCAT):   *** 2) If there is format assigned to analysis variabe then ***;
MPRINT(TABDCAT):   *** create template based on format (and data, if showall=Y) and ***;
MPRINT(TABDCAT):   *** whether to incluse missing as a cat. ***;
MPRINT(TABDCAT):   ********************************************************************;
MPRINT(TABDCAT):   ** this proc summary is to determine numerator - if need only formatted values or not **;
MPRINT(TABDCAT):   proc summary nway data=analf n noprint;
MPRINT(TABDCAT):   where sexn ne .;
MPRINT(TABDCAT):   class sexn / preloadfmt exclusive;
MPRINT(TABDCAT):   output out=_catnumer (keep=sexn rename=(sexn=sexn));
MPRINT(TABDCAT):   run;

NOTE: Multiple concurrent threads will be used to summarize data.
NOTE: There were 200 observations read from the data set WORK.ANALF.
      WHERE sexn not = .;
NOTE: The data set WORK._CATNUMER has 2 observations and 1 variables.
NOTE: PROCEDURE SUMMARY used (Total process time):
      real time           0.01 seconds
      cpu time            0.00 seconds
      

MPRINT(TABDCAT):   ** this proc summary is to determine denominator - all non-missing values **;
MPRINT(TABDCAT):   proc summary nway data=analf n completetypes noprint;
MPRINT(TABDCAT):   where sexn ne .;
MPRINT(TABDCAT):   class sexn / preloadfmt;
MPRINT(TABDCAT):   output out=_cat (keep=sexn rename=(sexn=sexn));
MPRINT(TABDCAT):   run;

NOTE: Multiple concurrent threads will be used to summarize data.
NOTE: There were 200 observations read from the data set WORK.ANALF.
                                                                    The SAS System

      WHERE sexn not = .;
NOTE: The data set WORK._CAT has 3 observations and 1 variables.
NOTE: PROCEDURE SUMMARY used (Total process time):
      real time           0.02 seconds
      cpu time            0.01 seconds
      

MPRINT(TABDCAT):   proc sort data=_cat;
MPRINT(TABDCAT):   by sexn;
MPRINT(TABDCAT):   run;

NOTE: There were 3 observations read from the data set WORK._CAT.
NOTE: SAS sort was used.
NOTE: The data set WORK._CAT has 3 observations and 1 variables.
NOTE: PROCEDURE SORT used (Total process time):
      real time           0.00 seconds
      cpu time            0.00 seconds
      

MPRINT(TABDCAT):   *** then output the template ***;
MPRINT(TABDCAT):   data _cat;
MPRINT(TABDCAT):   set col end=eof;
MPRINT(TABDCAT):   do i = 1 to x;
MPRINT(TABDCAT):   set _cat nobs=x point=i;
MPRINT(TABDCAT):   output;
MPRINT(TABDCAT):   end;
MPRINT(TABDCAT):   run;

NOTE: There were 3 observations read from the data set WORK.COL.
NOTE: The data set WORK._CAT has 9 observations and 2 variables.
NOTE: DATA statement used (Total process time):
      real time           0.00 seconds
      cpu time            0.00 seconds
      

MPRINT(TABDCAT):   *** make sure missing value is in the template ***;
MPRINT(TABDCAT):   proc sort data=_cat;
MPRINT(TABDCAT):   by trt01pn;
MPRINT(TABDCAT):   run;

NOTE: There were 9 observations read from the data set WORK._CAT.
NOTE: SAS sort was used.
NOTE: The data set WORK._CAT has 9 observations and 2 variables.
NOTE: PROCEDURE SORT used (Total process time):
      real time           0.00 seconds
      cpu time            0.00 seconds
                                                                    The SAS System

      

MPRINT(TABDCAT):   data _cat;
MPRINT(TABDCAT):   set _cat;
MPRINT(TABDCAT):   by trt01pn;
MPRINT(TABDCAT):   output;
MPRINT(TABDCAT):   if first.trt01pn and sexn ne . then do;
MPRINT(TABDCAT):   sexn = .;
MPRINT(TABDCAT):   output;
MPRINT(TABDCAT):   end;
MPRINT(TABDCAT):   run;

NOTE: There were 9 observations read from the data set WORK._CAT.
NOTE: The data set WORK._CAT has 12 observations and 2 variables.
NOTE: DATA statement used (Total process time):
      real time           0.00 seconds
      cpu time            0.00 seconds
      

MPRINT(TABDCAT):   *** out option value into template ***;
MPRINT(TABDCAT):   data _cat;
MPRINT(TABDCAT):   set _cat;
MPRINT(TABDCAT):   if sexn=. then do;
MPRINT(TABDCAT):   nomisspc="Y";
MPRINT(TABDCAT):   misspct ="N";
MPRINT(TABDCAT):   misspval="N";
MPRINT(TABDCAT):   end;
MPRINT(TABDCAT):   run;

NOTE: There were 12 observations read from the data set WORK._CAT.
NOTE: The data set WORK._CAT has 12 observations and 5 variables.
NOTE: DATA statement used (Total process time):
      real time           0.00 seconds
      cpu time            0.01 seconds
      

MPRINT(TABDCAT):   proc sort;
MPRINT(TABDCAT):   by trt01pn sexn;
MPRINT(TABDCAT):   run;

NOTE: There were 12 observations read from the data set WORK._CAT.
NOTE: SAS sort was used.
NOTE: The data set WORK._CAT has 12 observations and 5 variables.
NOTE: PROCEDURE SORT used (Total process time):
      real time           0.00 seconds
      cpu time            0.00 seconds
                                                                    The SAS System

      

MPRINT(TABDCAT):   * proc print data=_cat;
MPRINT(TABDCAT):   * title 'Cat. template';
MPRINT(TABDCAT):   * run;
MPRINT(TABDCAT):   *-------------------------;
MPRINT(TABDCAT):   * Count all data ;
MPRINT(TABDCAT):   *-------------------------;
MPRINT(TABDCAT):   proc sort data = analf out = _tabcat1;
MPRINT(TABDCAT):   by trt01pn sexn;
MPRINT(TABDCAT):   run;

NOTE: There were 200 observations read from the data set WORK.ANALF.
NOTE: SAS sort was used.
NOTE: The data set WORK._TABCAT1 has 200 observations and 43 variables.
NOTE: PROCEDURE SORT used (Total process time):
      real time           0.00 seconds
      cpu time            0.00 seconds
      

MPRINT(TABDCAT):   proc freq data=_tabcat1 noprint;
MPRINT(TABDCAT):   by trt01pn;
MPRINT(TABDCAT):   tables sexn / missing out=_tabcat3 (drop=percent);
MPRINT(TABDCAT):   * title "Macro tabdcat: File _tabcat3 after first freq ";
MPRINT(TABDCAT):   run;

NOTE: There were 200 observations read from the data set WORK._TABCAT1.
NOTE: The data set WORK._TABCAT3 has 4 observations and 3 variables.
NOTE: PROCEDURE FREQ used (Total process time):
      real time           0.01 seconds
      cpu time            0.00 seconds
      

MPRINT(TABDCAT):   ****************************************;
MPRINT(TABDCAT):   *** merge with _cat to expand levels ***;
MPRINT(TABDCAT):   ****************************************;
MPRINT(TABDCAT):   data _tabcat3;
MPRINT(TABDCAT):   merge _tabcat3 (in=int) _cat (in=ins);
MPRINT(TABDCAT):   by trt01pn sexn;
MPRINT(TABDCAT):   if ins;
MPRINT(TABDCAT):   if not int then count = 0;
MPRINT(TABDCAT):   run;

NOTE: There were 4 observations read from the data set WORK._TABCAT3.
NOTE: There were 12 observations read from the data set WORK._CAT.
NOTE: The data set WORK._TABCAT3 has 12 observations and 6 variables.
                                                                    The SAS System

NOTE: DATA statement used (Total process time):
      real time           0.00 seconds
      cpu time            0.00 seconds
      

MPRINT(TABDCAT):   * proc print;
MPRINT(TABDCAT):   * title "Macro tabdcat: File _tabcat3 after expanding categories";
MPRINT(TABDCAT):   * run;
MPRINT(TABDCAT):   *-----------------------------------------------------------;
MPRINT(TABDCAT):   * Get column totals for denominator ;
MPRINT(TABDCAT):   * If needed to, change the denominator base on denom option;
MPRINT(TABDCAT):   * then calculate percent from count and coldenom ;
MPRINT(TABDCAT):   *-----------------------------------------------------------;
MPRINT(TABDCAT):   proc summary nway data=_tabcat3 noprint;
MPRINT(TABDCAT):   where nomisspc ne 'Y';
MPRINT(TABDCAT):   class trt01pn;
MPRINT(TABDCAT):   var count;
MPRINT(TABDCAT):   output out=_tabcat3b(keep= trt01pn coldenom) sum=coldenom;
MPRINT(TABDCAT):   run;

NOTE: Multiple concurrent threads will be used to summarize data.
NOTE: There were 9 observations read from the data set WORK._TABCAT3.
      WHERE nomisspc not = 'Y';
NOTE: The data set WORK._TABCAT3B has 3 observations and 2 variables.
NOTE: PROCEDURE SUMMARY used (Total process time):
      real time           0.00 seconds
      cpu time            0.00 seconds
      

MPRINT(TABDCAT):   data _tabcat3;
MPRINT(TABDCAT):   merge _tabcat3 (in=in3) _tabcat3b (in=inb) ;
MPRINT(TABDCAT):   by trt01pn;
MPRINT(TABDCAT):   if in3;
MPRINT(TABDCAT):   if not inb then coldenom = 0;
MPRINT(TABDCAT):   ** kdaughtry - 09Sep2008 **;
MPRINT(TABDCAT):   **if coldenom ne 0 and .<count<=coldenom then percent = count / coldenom * 100;
MPRINT(TABDCAT):   if count>0 and coldenom ne 0 and .<count<=coldenom then percent = count / coldenom * 100;
MPRINT(TABDCAT):   run;

NOTE: There were 12 observations read from the data set WORK._TABCAT3.
NOTE: There were 3 observations read from the data set WORK._TABCAT3B.
NOTE: The data set WORK._TABCAT3 has 12 observations and 8 variables.
NOTE: DATA statement used (Total process time):
      real time           0.00 seconds
      cpu time            0.01 seconds
      
                                                                    The SAS System


MPRINT(TABDCAT):   proc sort data=_tabcat3;
MPRINT(TABDCAT):   by sexn;
MPRINT(TABDCAT):   run;

NOTE: There were 12 observations read from the data set WORK._TABCAT3.
NOTE: SAS sort was used.
NOTE: The data set WORK._TABCAT3 has 12 observations and 8 variables.
NOTE: PROCEDURE SORT used (Total process time):
      real time           0.00 seconds
      cpu time            0.00 seconds
      

MPRINT(TABDCAT):   proc sort data=_catnumer;
MPRINT(TABDCAT):   by sexn;
MPRINT(TABDCAT):   run;

NOTE: There were 2 observations read from the data set WORK._CATNUMER.
NOTE: SAS sort was used.
NOTE: The data set WORK._CATNUMER has 2 observations and 1 variables.
NOTE: PROCEDURE SORT used (Total process time):
      real time           0.00 seconds
      cpu time            0.00 seconds
      

MPRINT(TABDCAT):   ** only keep &var values from _catnumer dataset since this ds **;
MPRINT(TABDCAT):   ** only contains formatted values of &var **;
MPRINT(TABDCAT):   data _tabcat3;
MPRINT(TABDCAT):   merge _tabcat3 _catnumer (in=inn);
MPRINT(TABDCAT):   by sexn;
MPRINT(TABDCAT):   if inn or sexn=.;
MPRINT(TABDCAT):   run;

NOTE: There were 12 observations read from the data set WORK._TABCAT3.
NOTE: There were 2 observations read from the data set WORK._CATNUMER.
NOTE: The data set WORK._TABCAT3 has 9 observations and 8 variables.
NOTE: DATA statement used (Total process time):
      real time           0.00 seconds
      cpu time            0.00 seconds
      

MPRINT(TABDCAT):   proc sort data=_tabcat3;
MPRINT(TABDCAT):   by trt01pn;
MPRINT(TABDCAT):   run;

NOTE: There were 9 observations read from the data set WORK._TABCAT3.
                                                                    The SAS System

NOTE: SAS sort was used.
NOTE: The data set WORK._TABCAT3 has 9 observations and 8 variables.
NOTE: PROCEDURE SORT used (Total process time):
      real time           0.00 seconds
      cpu time            0.00 seconds
      

MPRINT(TABDCAT):   * proc print data = _tabcat3 (obs=100);
MPRINT(TABDCAT):   * title "Macro tabdcat: File _tabcat3 after calc deniminator";
MPRINT(TABDCAT):   * run;
MPRINT(TABDCAT):   *----------------------------------------;
MPRINT(TABDCAT):   * Percents without missing ;
MPRINT(TABDCAT):   * numbers in denominator ;
MPRINT(TABDCAT):   *----------------------------------------;
MPRINT(TABDCAT):   *** Total patient count variable, used for calculating cell percents ***;
MPRINT(TABDCAT):   **********************************************************************;
MPRINT(TABDCAT):   *** Recalculate the counts without the missings ***;
MPRINT(TABDCAT):   *** if MISSPCT requested (print missings as a category) ***;
MPRINT(TABDCAT):   *** and NOMISSPC requested (do not use missings in the denominator ***;
MPRINT(TABDCAT):   **********************************************************************;
MPRINT(TABDCAT):   ***************************************************************************;
MPRINT(TABDCAT):   *** test: if n = 100 pct for any subgroup and then skip the calculation ***;
MPRINT(TABDCAT):   *** for cilevelw ***;
MPRINT(TABDCAT):   ***************************************************************************;
MPRINT(TABDCAT):   ******************************************;
MPRINT(TABDCAT):   *** put together the display data set ***;
MPRINT(TABDCAT):   ******************************************;
MPRINT(TABDCAT):   data _tabcat4;
MPRINT(TABDCAT):   length statval statval2 statval3 $40 start $200 linlabel $250;
MPRINT(TABDCAT):   set _tabcat3;
MPRINT(TABDCAT):   by trt01pn;
MPRINT(TABDCAT):   array tmpvarn len;
MPRINT(TABDCAT):   array tmpvarc $ statval statval2 statval3 linlabel;
MPRINT(TABDCAT):   retain totcount;
MPRINT(TABDCAT):   if first.trt01pn then totcount = 0;
MPRINT(TABDCAT):   if nomisspc^='Y' then totcount + count;
MPRINT(TABDCAT):   start = left(put(sexn,best.));
MPRINT(TABDCAT):   linlabel = left(put(sexn,FSEXN.));
MPRINT(TABDCAT):   if trim(linlabel) = '.' or linlabel = ' ' then linlabel = '- Missing -';
MPRINT(TABDCAT):   pct = percent;
MPRINT(TABDCAT):   *** NOMISSPC=Y only calculate cellpct if pct is not missing ***;
MPRINT(TABDCAT):   if (pct ne .) then cellpct = 100*(count/100);
MPRINT(TABDCAT):   else cellpct = .;
MPRINT(TABDCAT):   statval = ' ';
MPRINT(TABDCAT):   statval = put(count, 3. );
MPRINT(TABDCAT):   *** If coldenom requested, show N as N/COLUMN TOTAL ***;
                                                                    The SAS System

MPRINT(TABDCAT):   len = length(statval);
MPRINT(TABDCAT):   *** NOMISSPC=Y only format the nonmissings ***;
MPRINT(TABDCAT):   if (pct ne .) then do;
MPRINT(TABDCAT):   *** Display "0" or "0.0" as "<1" or "<0.1" ***;
MPRINT(TABDCAT):   drop tmppct;
MPRINT(TABDCAT):   tmppct = 10**-1;
MPRINT(TABDCAT):   *** Normal case = percent=0 or is >= threshold ***;
MPRINT(TABDCAT):   if(pct eq 0 or pct>=tmppct) then statval = substr(statval,1,len) || " (" || put(pct,5.1) || "%)";
MPRINT(TABDCAT):   *** Number between 0 and lowest displayable value ***;
MPRINT(TABDCAT):   else statval = substr(statval,1,len) || " ( <" || put(tmppct,3.1) || "%)";
MPRINT(TABDCAT):   end;
MPRINT(TABDCAT):   if misspct ='N' then delete;
MPRINT(TABDCAT):   * delete missing cat if not used in rpt;
MPRINT(TABDCAT):   * if nomisspc='Y' then delete;
MPRINT(TABDCAT):   * delete missing cat if not part of calculations;
MPRINT(TABDCAT):   drop len sexn misspct;
MPRINT(TABDCAT):   run;

NOTE: There were 9 observations read from the data set WORK._TABCAT3.
NOTE: The data set WORK._TABCAT4 has 6 observations and 14 variables.
NOTE: DATA statement used (Total process time):
      real time           0.00 seconds
      cpu time            0.00 seconds
      

MPRINT(TABDCAT):   * proc print data=_tabcat4;
MPRINT(TABDCAT):   * title "Macro tabdcat: File _tabcat4 after formating statistics ";
MPRINT(TABDCAT):   * run;
MPRINT(TABDCAT):   proc sort data=_tabcat4;
MPRINT(TABDCAT):   by start linlabel;
MPRINT(TABDCAT):   run;

NOTE: There were 6 observations read from the data set WORK._TABCAT4.
NOTE: SAS sort was used.
NOTE: The data set WORK._TABCAT4 has 6 observations and 14 variables.
NOTE: PROCEDURE SORT used (Total process time):
      real time           0.00 seconds
      cpu time            0.00 seconds
      

MPRINT(TABDCAT):   *----------------------------------------------------------------------------;
MPRINT(TABDCAT):   * Transpose the formatted and unformatted statistics ;
MPRINT(TABDCAT):   *----------------------------------------------------------------------------;
MPRINT(TABDCAT):   proc transpose data=_tabcat4 prefix=value out=_tabcat7;
MPRINT(TABDCAT):   var statval;
MPRINT(TABDCAT):   by start linlabel;
                                                                    The SAS System

MPRINT(TABDCAT):   id trt01pn;
MPRINT(TABDCAT):   where trt01pn is not null;
MPRINT(TABDCAT):   run;

NOTE: There were 6 observations read from the data set WORK._TABCAT4.
      WHERE trt01pn is not null;
NOTE: The data set WORK._TABCAT7 has 2 observations and 6 variables.
NOTE: PROCEDURE TRANSPOSE used (Total process time):
      real time           0.00 seconds
      cpu time            0.00 seconds
      

MPRINT(TABDCAT):   * proc print data = _tabcat7 (obs=100);
MPRINT(TABDCAT):   * title "File _tabcat7 after transpose";
MPRINT(TABDCAT):   * run;
MPRINT(TABDCAT):   *----------------------------------------------------------------------------;
MPRINT(TABDCAT):   * Calculate confidence intervals if requested ;
MPRINT(TABDCAT):   * Redo proc freq, this time with the stratification vars, and run thru ;
MPRINT(TABDCAT):   * stratified CI formula. Output is one record per analysis var value per ;
MPRINT(TABDCAT):   * byvar value ;
MPRINT(TABDCAT):   *----------------------------------------------------------------------------;
MPRINT(TABDCAT):   *----------------------------------------------------------------------------;
MPRINT(TABDCAT):   * Calculate risk ratio if requested ;
MPRINT(TABDCAT):   * Redo proc freq, not using stratification or missing parameters, and call ;
MPRINT(TABDCAT):   * RR formula. Output is one record per analysis var per byvar value ;
MPRINT(TABDCAT):   *----------------------------------------------------------------------------;
MPRINT(TABDCAT):   *---------------------------------------;
MPRINT(TABDCAT):   * CHISQ, CMH, EXACT p-values ;
MPRINT(TABDCAT):   *---------------------------------------;
MPRINT(TABDCAT):   *---------------------------------------------------;
MPRINT(TABDCAT):   * Standard (statified) categorical p-values ;
MPRINT(TABDCAT):   *---------------------------------------------------;
MPRINT(TABDCAT):   proc sort data = analfnot out = _tabcat2;
MPRINT(TABDCAT):   by trt01pn sexn;
MPRINT(TABDCAT):   run;

NOTE: There were 100 observations read from the data set WORK.ANALFNOT.
NOTE: SAS sort was used.
NOTE: The data set WORK._TABCAT2 has 100 observations and 43 variables.
NOTE: PROCEDURE SORT used (Total process time):
      real time           0.00 seconds
      cpu time            0.00 seconds
      

MPRINT(TABDCAT):   *----------------------------------------------------------------------------;
MPRINT(TABDCAT):   * If pairwise p-values are requested, generate and add to the dataset ;
                                                                    The SAS System

MPRINT(TABDCAT):   *----------------------------------------------------------------------------;
MPRINT(TABDCAT):   *----------------------------------------------------------------------------;
MPRINT(TABDCAT):   * Final data massage before merging with accumulated statistics ;
MPRINT(TABDCAT):   *----------------------------------------------------------------------------;
MPRINT(TABDCAT):   * proc print data = _tabcat7;
MPRINT(TABDCAT):   * title "File _tabcat7 ";
MPRINT(TABDCAT):   * run;
MPRINT(TABDCAT):   data _tabcat7;
MPRINT(TABDCAT):   length label1 label2 $ 250 statord value1 - value3 $40;
MPRINT(TABDCAT):   set _tabcat7;
MPRINT(TABDCAT):   sortord=3;
MPRINT(TABDCAT):   label1="Sex at Birth                                                                                                               
                                                                                                                               ";
MPRINT(TABDCAT):   label2="                                                                                                                           
                                                                                                                               ";
MPRINT(TABDCAT):   type = "CAT ";
MPRINT(TABDCAT):   statord = left(start);
MPRINT(TABDCAT):   array vl {*} value1 - value3;
MPRINT(TABDCAT):   if trim(start) eq '.' or start = ' ' then delete;
MPRINT(TABDCAT):   if trim(linlabel) = '- Missing -' then statord = '999999999';
MPRINT(TABDCAT):   vct = 0;
MPRINT(TABDCAT):   do i = 1 to 3;
MPRINT(TABDCAT):   if vl{i} = ' ' and substr(linlabel,1,10) ^= 'Risk Ratio' then do;
MPRINT(TABDCAT):   vl{i} = put(0, 3. );
MPRINT(TABDCAT):   len = length(vl{i});
MPRINT(TABDCAT):   * vl{i} = substr(vl{i},1,len) || " (" || put(0,&pctfmt) || "%)";
MPRINT(TABDCAT):   if "Y" = 'Y' and statord = '999999999' then do;
MPRINT(TABDCAT):   vl{i} = put(0, 3. );
MPRINT(TABDCAT):   end;
MPRINT(TABDCAT):   end;
MPRINT(TABDCAT):   *** Reset intentionally set "No CI" back to blank ***;
MPRINT(TABDCAT):   *** if all blank then delete ***;
MPRINT(TABDCAT):   if vl{i} = "No CI" then do;
MPRINT(TABDCAT):   vl{i} = " ";
MPRINT(TABDCAT):   vct + 1;
MPRINT(TABDCAT):   end;
MPRINT(TABDCAT):   end;
MPRINT(TABDCAT):   if vct = 3 then delete;
MPRINT(TABDCAT):   drop i vct len ;
MPRINT(TABDCAT):   * &var;
MPRINT(TABDCAT):   run;

NOTE: There were 2 observations read from the data set WORK._TABCAT7.
NOTE: The data set WORK._TABCAT7 has 2 observations and 11 variables.
NOTE: DATA statement used (Total process time):
      real time           0.00 seconds
                                                                    The SAS System

      cpu time            0.00 seconds
      

MPRINT(TABDCAT):   data combine;
MPRINT(TABDCAT):   set combine _tabcat7;
MPRINT(TABDCAT):   format pvalc1 pvalc2;
MPRINT(TABDCAT):   run;

NOTE: There were 7 observations read from the data set WORK.COMBINE.
NOTE: There were 2 observations read from the data set WORK._TABCAT7.
NOTE: The data set WORK.COMBINE has 9 observations and 16 variables.
NOTE: DATA statement used (Total process time):
      real time           0.00 seconds
      cpu time            0.01 seconds
      

MPRINT(TABDCAT):   ***--- End of EXACT CI ---***;
MPRINT(TABDCAT):   * proc print data = combine;
MPRINT(TABDCAT):   * title 'File combine after %tabdcat call';
MPRINT(TABDCAT):   * run;
MPRINT(TABDCAT):   *----------------------------------------------------------------------------;
MPRINT(TABDCAT):   * Cleanup ;
MPRINT(TABDCAT):   *----------------------------------------------------------------------------;
MPRINT(TABDCAT):   proc datasets library = work nolist;
MPRINT(TABDCAT):   delete _tabcat:;
MPRINT(TABDCAT):   quit;

NOTE: Deleting WORK._TABCAT1 (memtype=DATA).
NOTE: Deleting WORK._TABCAT2 (memtype=DATA).
NOTE: Deleting WORK._TABCAT3 (memtype=DATA).
NOTE: Deleting WORK._TABCAT3B (memtype=DATA).
NOTE: Deleting WORK._TABCAT4 (memtype=DATA).
NOTE: Deleting WORK._TABCAT7 (memtype=DATA).
NOTE: PROCEDURE DATASETS used (Total process time):
      real time           0.00 seconds
      cpu time            0.00 seconds
      

MPRINT(MAIN):  ;
MPRINT(TABDCAT):   *-----------------------------------------------------------------------------------------------* | Definition of internal macros 
| *-----------------------------------------------------------------------------------------------*;
MPRINT(TABDCAT):   *------------------------------------------------------------------------;
MPRINT(TABDCAT):   * macro tab_sam_hp ;
MPRINT(TABDCAT):   * Calculate Stratum-Adjusted Mantel-Haenszel Proportion ;
MPRINT(TABDCAT):   *------------------------------------------------------------------------;
MPRINT(TABDCAT):   *------------------------------------------------------------------------;
                                                                    The SAS System

MPRINT(TABDCAT):   * macro ciexact ;
MPRINT(TABDCAT):   * Calculate Confidence intervals using exact method - VK 15AUG2007;
MPRINT(TABDCAT):   *------------------------------------------------------------------------;
MPRINT(TABDCAT):   *----------------------------------------------------------------------------;
MPRINT(TABDCAT):   * macro ciprep ;
MPRINT(TABDCAT):   * Prepare file for CI calculation ;
MPRINT(TABDCAT):   *----------------------------------------------------------------------------;
MPRINT(TABDCAT):   *----------------------------------------------------------------------------;
MPRINT(TABDCAT):   * macro ciprop ;
MPRINT(TABDCAT):   * Do CI calculation ;
MPRINT(TABDCAT):   *----------------------------------------------------------------------------;
MPRINT(TABDCAT):   *----------------------------------------------------------------------------;
MPRINT(TABDCAT):   * macro rratio ;
MPRINT(TABDCAT):   * Do risk ratio calculations ;
MPRINT(TABDCAT):   *----------------------------------------------------------------------------;
MPRINT(TABDCAT):   *----------------------------------------------------------------------------;
MPRINT(TABDCAT):   * macro rrcalc ;
MPRINT(TABDCAT):   * Do risk ratio calculations for each selected pair ;
MPRINT(TABDCAT):   *----------------------------------------------------------------------------;
MPRINT(TABDCAT):   *------------------------------------------------------------------;
MPRINT(TABDCAT):   * macro pval ;
MPRINT(TABDCAT):   * p-value calculation ;
MPRINT(TABDCAT):   *------------------------------------------------------------------;
MPRINT(TABDCAT):   *-----------------------------------------------------------------------------------------------------------* | End of internal 
macro definition and beginning of tabdcat main section | 
*-----------------------------------------------------------------------------------------------------------*;
MPRINT(TABDCAT):   *** use default risktype if no local override ***;
MPRINT(TABDCAT):  ;
MPRINT(TABDCAT):   **************************************************;
MPRINT(TABDCAT):   *** modify stratification locally if requested ***;
MPRINT(TABDCAT):   **************************************************;
MPRINT(TABDCAT):   *----------------------------------------------------------------------------;
MPRINT(TABDCAT):   * Get analysis variable attributes (type, label, format) ;
MPRINT(TABDCAT):   * Cancel run if variable .does not. exist ;
MPRINT(TABDCAT):   *----------------------------------------------------------------------------;
MPRINT(TABDCAT):   data _null_;
MPRINT(TABDCAT):   length label1 label2 $250;
MPRINT(TABDCAT):   ds = open("analf","i");
MPRINT(TABDCAT):   var = varnum(ds , "racen");
MPRINT(TABDCAT):   if not(var) then do;
MPRINT(TABDCAT):   call symput("_errcode","F");
MPRINT(TABDCAT):   call symput("_errmsg","Categorical analysis variable racen .does not. exist - canceling run" );
MPRINT(TABDCAT):   end;
MPRINT(TABDCAT):   else do;
MPRINT(TABDCAT):   call symput("catvfmt",varfmt(ds,var));
MPRINT(TABDCAT):   label1 = varlabel(ds,var);
                                                                    The SAS System

MPRINT(TABDCAT):   if index(label1,'~') > 0 then do;
MPRINT(TABDCAT):   label2 = scan(label1,2,'~');
MPRINT(TABDCAT):   label1 = scan(label1,1,'~');
MPRINT(TABDCAT):   end;
MPRINT(TABDCAT):   call symput("label1",label1);
MPRINT(TABDCAT):   call symput("label2",label2);
MPRINT(TABDCAT):   typ = vartype(ds,var);
MPRINT(TABDCAT):   call symput("type",typ);
MPRINT(TABDCAT):   end;
MPRINT(TABDCAT):   run;

INFO: Character variables have defaulted to a length of 200 at the places given by: (Line):(Column). Truncation can result.
      1251:194 TYP
NOTE: DATA statement used (Total process time):
      real time           0.00 seconds
      cpu time            0.00 seconds
      

MPRINT(TABDCAT):   *****************************************;
MPRINT(TABDCAT):   *** crate template of categories that ***;
MPRINT(TABDCAT):   *** would appear in output. ***;
MPRINT(TABDCAT):   *****************************************;
MPRINT(TABDCAT):   proc sort data = analf out=col (keep= trt01pn) nodupkey;
MPRINT(TABDCAT):   by trt01pn;
MPRINT(TABDCAT):   run;

NOTE: There were 200 observations read from the data set WORK.ANALF.
NOTE: SAS sort was used.
NOTE: 197 observations with duplicate key values were deleted.
NOTE: The data set WORK.COL has 3 observations and 1 variables.
NOTE: PROCEDURE SORT used (Total process time):
      real time           0.06 seconds
      cpu time            0.00 seconds
      

MPRINT(TABDCAT):   ********************************************************************************;
MPRINT(TABDCAT):   *** 1) If there is no format assigned to analysis variabe then ***;
MPRINT(TABDCAT):   *** create template based on data and will alsways incluse missing as a cat. ***;
MPRINT(TABDCAT):   ********************************************************************************;
MPRINT(TABDCAT):   ********************************************************************;
MPRINT(TABDCAT):   *** 2) If there is format assigned to analysis variabe then ***;
MPRINT(TABDCAT):   *** create template based on format (and data, if showall=Y) and ***;
MPRINT(TABDCAT):   *** whether to incluse missing as a cat. ***;
MPRINT(TABDCAT):   ********************************************************************;
MPRINT(TABDCAT):   ** this proc summary is to determine numerator - if need only formatted values or not **;
MPRINT(TABDCAT):   proc summary nway data=analf n noprint;
                                                                    The SAS System

MPRINT(TABDCAT):   where racen ne .;
MPRINT(TABDCAT):   class racen / preloadfmt exclusive;
MPRINT(TABDCAT):   output out=_catnumer (keep=racen rename=(racen=racen));
MPRINT(TABDCAT):   run;

NOTE: Multiple concurrent threads will be used to summarize data.
NOTE: There were 200 observations read from the data set WORK.ANALF.
      WHERE racen not = .;
NOTE: The data set WORK._CATNUMER has 4 observations and 1 variables.
NOTE: PROCEDURE SUMMARY used (Total process time):
      real time           0.04 seconds
      cpu time            0.01 seconds
      

MPRINT(TABDCAT):   ** this proc summary is to determine denominator - all non-missing values **;
MPRINT(TABDCAT):   proc summary nway data=analf n completetypes noprint;
MPRINT(TABDCAT):   where racen ne .;
MPRINT(TABDCAT):   class racen / preloadfmt;
MPRINT(TABDCAT):   output out=_cat (keep=racen rename=(racen=racen));
MPRINT(TABDCAT):   run;

NOTE: Multiple concurrent threads will be used to summarize data.
NOTE: There were 200 observations read from the data set WORK.ANALF.
      WHERE racen not = .;
NOTE: The data set WORK._CAT has 7 observations and 1 variables.
NOTE: PROCEDURE SUMMARY used (Total process time):
      real time           0.03 seconds
      cpu time            0.01 seconds
      

MPRINT(TABDCAT):   proc sort data=_cat;
MPRINT(TABDCAT):   by racen;
MPRINT(TABDCAT):   run;

NOTE: There were 7 observations read from the data set WORK._CAT.
NOTE: SAS sort was used.
NOTE: The data set WORK._CAT has 7 observations and 1 variables.
NOTE: PROCEDURE SORT used (Total process time):
      real time           0.00 seconds
      cpu time            0.00 seconds
      

MPRINT(TABDCAT):   *** then output the template ***;
MPRINT(TABDCAT):   data _cat;
MPRINT(TABDCAT):   set col end=eof;
MPRINT(TABDCAT):   do i = 1 to x;
                                                                    The SAS System

MPRINT(TABDCAT):   set _cat nobs=x point=i;
MPRINT(TABDCAT):   output;
MPRINT(TABDCAT):   end;
MPRINT(TABDCAT):   run;

NOTE: There were 3 observations read from the data set WORK.COL.
NOTE: The data set WORK._CAT has 21 observations and 2 variables.
NOTE: DATA statement used (Total process time):
      real time           0.02 seconds
      cpu time            0.00 seconds
      

MPRINT(TABDCAT):   *** make sure missing value is in the template ***;
MPRINT(TABDCAT):   proc sort data=_cat;
MPRINT(TABDCAT):   by trt01pn;
MPRINT(TABDCAT):   run;

NOTE: There were 21 observations read from the data set WORK._CAT.
NOTE: SAS sort was used.
NOTE: The data set WORK._CAT has 21 observations and 2 variables.
NOTE: PROCEDURE SORT used (Total process time):
      real time           0.00 seconds
      cpu time            0.00 seconds
      

MPRINT(TABDCAT):   data _cat;
MPRINT(TABDCAT):   set _cat;
MPRINT(TABDCAT):   by trt01pn;
MPRINT(TABDCAT):   output;
MPRINT(TABDCAT):   if first.trt01pn and racen ne . then do;
MPRINT(TABDCAT):   racen = .;
MPRINT(TABDCAT):   output;
MPRINT(TABDCAT):   end;
MPRINT(TABDCAT):   run;

NOTE: There were 21 observations read from the data set WORK._CAT.
NOTE: The data set WORK._CAT has 24 observations and 2 variables.
NOTE: DATA statement used (Total process time):
      real time           0.01 seconds
      cpu time            0.00 seconds
      

MPRINT(TABDCAT):   *** out option value into template ***;
MPRINT(TABDCAT):   data _cat;
MPRINT(TABDCAT):   set _cat;
MPRINT(TABDCAT):   if racen=. then do;
                                                                    The SAS System

MPRINT(TABDCAT):   nomisspc="Y";
MPRINT(TABDCAT):   misspct ="N";
MPRINT(TABDCAT):   misspval="N";
MPRINT(TABDCAT):   end;
MPRINT(TABDCAT):   run;

NOTE: There were 24 observations read from the data set WORK._CAT.
NOTE: The data set WORK._CAT has 24 observations and 5 variables.
NOTE: DATA statement used (Total process time):
      real time           0.01 seconds
      cpu time            0.01 seconds
      

MPRINT(TABDCAT):   proc sort;
MPRINT(TABDCAT):   by trt01pn racen;
MPRINT(TABDCAT):   run;

NOTE: There were 24 observations read from the data set WORK._CAT.
NOTE: SAS sort was used.
NOTE: The data set WORK._CAT has 24 observations and 5 variables.
NOTE: PROCEDURE SORT used (Total process time):
      real time           0.00 seconds
      cpu time            0.00 seconds
      

MPRINT(TABDCAT):   * proc print data=_cat;
MPRINT(TABDCAT):   * title 'Cat. template';
MPRINT(TABDCAT):   * run;
MPRINT(TABDCAT):   *-------------------------;
MPRINT(TABDCAT):   * Count all data ;
MPRINT(TABDCAT):   *-------------------------;
MPRINT(TABDCAT):   proc sort data = analf out = _tabcat1;
MPRINT(TABDCAT):   by trt01pn racen;
MPRINT(TABDCAT):   run;

NOTE: There were 200 observations read from the data set WORK.ANALF.
NOTE: SAS sort was used.
NOTE: The data set WORK._TABCAT1 has 200 observations and 43 variables.
NOTE: PROCEDURE SORT used (Total process time):
      real time           0.00 seconds
      cpu time            0.00 seconds
      

MPRINT(TABDCAT):   proc freq data=_tabcat1 noprint;
MPRINT(TABDCAT):   by trt01pn;
MPRINT(TABDCAT):   tables racen / missing out=_tabcat3 (drop=percent);
                                                                    The SAS System

MPRINT(TABDCAT):   * title "Macro tabdcat: File _tabcat3 after first freq ";
MPRINT(TABDCAT):   run;

NOTE: There were 200 observations read from the data set WORK._TABCAT1.
NOTE: The data set WORK._TABCAT3 has 8 observations and 3 variables.
NOTE: PROCEDURE FREQ used (Total process time):
      real time           0.01 seconds
      cpu time            0.00 seconds
      

MPRINT(TABDCAT):   ****************************************;
MPRINT(TABDCAT):   *** merge with _cat to expand levels ***;
MPRINT(TABDCAT):   ****************************************;
MPRINT(TABDCAT):   data _tabcat3;
MPRINT(TABDCAT):   merge _tabcat3 (in=int) _cat (in=ins);
MPRINT(TABDCAT):   by trt01pn racen;
MPRINT(TABDCAT):   if ins;
MPRINT(TABDCAT):   if not int then count = 0;
MPRINT(TABDCAT):   run;

NOTE: There were 8 observations read from the data set WORK._TABCAT3.
NOTE: There were 24 observations read from the data set WORK._CAT.
NOTE: The data set WORK._TABCAT3 has 24 observations and 6 variables.
NOTE: DATA statement used (Total process time):
      real time           0.01 seconds
      cpu time            0.00 seconds
      

MPRINT(TABDCAT):   * proc print;
MPRINT(TABDCAT):   * title "Macro tabdcat: File _tabcat3 after expanding categories";
MPRINT(TABDCAT):   * run;
MPRINT(TABDCAT):   *-----------------------------------------------------------;
MPRINT(TABDCAT):   * Get column totals for denominator ;
MPRINT(TABDCAT):   * If needed to, change the denominator base on denom option;
MPRINT(TABDCAT):   * then calculate percent from count and coldenom ;
MPRINT(TABDCAT):   *-----------------------------------------------------------;
MPRINT(TABDCAT):   proc summary nway data=_tabcat3 noprint;
MPRINT(TABDCAT):   where nomisspc ne 'Y';
MPRINT(TABDCAT):   class trt01pn;
MPRINT(TABDCAT):   var count;
MPRINT(TABDCAT):   output out=_tabcat3b(keep= trt01pn coldenom) sum=coldenom;
MPRINT(TABDCAT):   run;

NOTE: Multiple concurrent threads will be used to summarize data.
NOTE: There were 21 observations read from the data set WORK._TABCAT3.
      WHERE nomisspc not = 'Y';
                                                                    The SAS System

NOTE: The data set WORK._TABCAT3B has 3 observations and 2 variables.
NOTE: PROCEDURE SUMMARY used (Total process time):
      real time           0.00 seconds
      cpu time            0.01 seconds
      

MPRINT(TABDCAT):   data _tabcat3;
MPRINT(TABDCAT):   merge _tabcat3 (in=in3) _tabcat3b (in=inb) ;
MPRINT(TABDCAT):   by trt01pn;
MPRINT(TABDCAT):   if in3;
MPRINT(TABDCAT):   if not inb then coldenom = 0;
MPRINT(TABDCAT):   ** kdaughtry - 09Sep2008 **;
MPRINT(TABDCAT):   **if coldenom ne 0 and .<count<=coldenom then percent = count / coldenom * 100;
MPRINT(TABDCAT):   if count>0 and coldenom ne 0 and .<count<=coldenom then percent = count / coldenom * 100;
MPRINT(TABDCAT):   run;

NOTE: There were 24 observations read from the data set WORK._TABCAT3.
NOTE: There were 3 observations read from the data set WORK._TABCAT3B.
NOTE: The data set WORK._TABCAT3 has 24 observations and 8 variables.
NOTE: DATA statement used (Total process time):
      real time           0.01 seconds
      cpu time            0.01 seconds
      

MPRINT(TABDCAT):   proc sort data=_tabcat3;
MPRINT(TABDCAT):   by racen;
MPRINT(TABDCAT):   run;

NOTE: There were 24 observations read from the data set WORK._TABCAT3.
NOTE: SAS sort was used.
NOTE: The data set WORK._TABCAT3 has 24 observations and 8 variables.
NOTE: PROCEDURE SORT used (Total process time):
      real time           0.00 seconds
      cpu time            0.00 seconds
      

MPRINT(TABDCAT):   proc sort data=_catnumer;
MPRINT(TABDCAT):   by racen;
MPRINT(TABDCAT):   run;

NOTE: There were 4 observations read from the data set WORK._CATNUMER.
NOTE: SAS sort was used.
NOTE: The data set WORK._CATNUMER has 4 observations and 1 variables.
NOTE: PROCEDURE SORT used (Total process time):
      real time           0.00 seconds
      cpu time            0.00 seconds
                                                                    The SAS System

      

MPRINT(TABDCAT):   ** only keep &var values from _catnumer dataset since this ds **;
MPRINT(TABDCAT):   ** only contains formatted values of &var **;
MPRINT(TABDCAT):   data _tabcat3;
MPRINT(TABDCAT):   merge _tabcat3 _catnumer (in=inn);
MPRINT(TABDCAT):   by racen;
MPRINT(TABDCAT):   if inn or racen=.;
MPRINT(TABDCAT):   run;

NOTE: There were 24 observations read from the data set WORK._TABCAT3.
NOTE: There were 4 observations read from the data set WORK._CATNUMER.
NOTE: The data set WORK._TABCAT3 has 15 observations and 8 variables.
NOTE: DATA statement used (Total process time):
      real time           0.00 seconds
      cpu time            0.00 seconds
      

MPRINT(TABDCAT):   proc sort data=_tabcat3;
MPRINT(TABDCAT):   by trt01pn;
MPRINT(TABDCAT):   run;

NOTE: There were 15 observations read from the data set WORK._TABCAT3.
NOTE: SAS sort was used.
NOTE: The data set WORK._TABCAT3 has 15 observations and 8 variables.
NOTE: PROCEDURE SORT used (Total process time):
      real time           0.00 seconds
      cpu time            0.00 seconds
      

MPRINT(TABDCAT):   * proc print data = _tabcat3 (obs=100);
MPRINT(TABDCAT):   * title "Macro tabdcat: File _tabcat3 after calc deniminator";
MPRINT(TABDCAT):   * run;
MPRINT(TABDCAT):   *----------------------------------------;
MPRINT(TABDCAT):   * Percents without missing ;
MPRINT(TABDCAT):   * numbers in denominator ;
MPRINT(TABDCAT):   *----------------------------------------;
MPRINT(TABDCAT):   *** Total patient count variable, used for calculating cell percents ***;
MPRINT(TABDCAT):   **********************************************************************;
MPRINT(TABDCAT):   *** Recalculate the counts without the missings ***;
MPRINT(TABDCAT):   *** if MISSPCT requested (print missings as a category) ***;
MPRINT(TABDCAT):   *** and NOMISSPC requested (do not use missings in the denominator ***;
MPRINT(TABDCAT):   **********************************************************************;
MPRINT(TABDCAT):   ***************************************************************************;
MPRINT(TABDCAT):   *** test: if n = 100 pct for any subgroup and then skip the calculation ***;
MPRINT(TABDCAT):   *** for cilevelw ***;
                                                                    The SAS System

MPRINT(TABDCAT):   ***************************************************************************;
MPRINT(TABDCAT):   ******************************************;
MPRINT(TABDCAT):   *** put together the display data set ***;
MPRINT(TABDCAT):   ******************************************;
MPRINT(TABDCAT):   data _tabcat4;
MPRINT(TABDCAT):   length statval statval2 statval3 $40 start $200 linlabel $250;
MPRINT(TABDCAT):   set _tabcat3;
MPRINT(TABDCAT):   by trt01pn;
MPRINT(TABDCAT):   array tmpvarn len;
MPRINT(TABDCAT):   array tmpvarc $ statval statval2 statval3 linlabel;
MPRINT(TABDCAT):   retain totcount;
MPRINT(TABDCAT):   if first.trt01pn then totcount = 0;
MPRINT(TABDCAT):   if nomisspc^='Y' then totcount + count;
MPRINT(TABDCAT):   start = left(put(racen,best.));
MPRINT(TABDCAT):   linlabel = left(put(racen,FRACEN.));
MPRINT(TABDCAT):   if trim(linlabel) = '.' or linlabel = ' ' then linlabel = '- Missing -';
MPRINT(TABDCAT):   pct = percent;
MPRINT(TABDCAT):   *** NOMISSPC=Y only calculate cellpct if pct is not missing ***;
MPRINT(TABDCAT):   if (pct ne .) then cellpct = 100*(count/100);
MPRINT(TABDCAT):   else cellpct = .;
MPRINT(TABDCAT):   statval = ' ';
MPRINT(TABDCAT):   statval = put(count, 3. );
MPRINT(TABDCAT):   *** If coldenom requested, show N as N/COLUMN TOTAL ***;
MPRINT(TABDCAT):   len = length(statval);
MPRINT(TABDCAT):   *** NOMISSPC=Y only format the nonmissings ***;
MPRINT(TABDCAT):   if (pct ne .) then do;
MPRINT(TABDCAT):   *** Display "0" or "0.0" as "<1" or "<0.1" ***;
MPRINT(TABDCAT):   drop tmppct;
MPRINT(TABDCAT):   tmppct = 10**-1;
MPRINT(TABDCAT):   *** Normal case = percent=0 or is >= threshold ***;
MPRINT(TABDCAT):   if(pct eq 0 or pct>=tmppct) then statval = substr(statval,1,len) || " (" || put(pct,5.1) || "%)";
MPRINT(TABDCAT):   *** Number between 0 and lowest displayable value ***;
MPRINT(TABDCAT):   else statval = substr(statval,1,len) || " ( <" || put(tmppct,3.1) || "%)";
MPRINT(TABDCAT):   end;
MPRINT(TABDCAT):   if misspct ='N' then delete;
MPRINT(TABDCAT):   * delete missing cat if not used in rpt;
MPRINT(TABDCAT):   * if nomisspc='Y' then delete;
MPRINT(TABDCAT):   * delete missing cat if not part of calculations;
MPRINT(TABDCAT):   drop len racen misspct;
MPRINT(TABDCAT):   run;

NOTE: There were 15 observations read from the data set WORK._TABCAT3.
NOTE: The data set WORK._TABCAT4 has 12 observations and 14 variables.
NOTE: DATA statement used (Total process time):
      real time           0.00 seconds
      cpu time            0.00 seconds
                                                                    The SAS System

      

MPRINT(TABDCAT):   * proc print data=_tabcat4;
MPRINT(TABDCAT):   * title "Macro tabdcat: File _tabcat4 after formating statistics ";
MPRINT(TABDCAT):   * run;
MPRINT(TABDCAT):   proc sort data=_tabcat4;
MPRINT(TABDCAT):   by start linlabel;
MPRINT(TABDCAT):   run;

NOTE: There were 12 observations read from the data set WORK._TABCAT4.
NOTE: SAS sort was used.
NOTE: The data set WORK._TABCAT4 has 12 observations and 14 variables.
NOTE: PROCEDURE SORT used (Total process time):
      real time           0.00 seconds
      cpu time            0.00 seconds
      

MPRINT(TABDCAT):   *----------------------------------------------------------------------------;
MPRINT(TABDCAT):   * Transpose the formatted and unformatted statistics ;
MPRINT(TABDCAT):   *----------------------------------------------------------------------------;
MPRINT(TABDCAT):   proc transpose data=_tabcat4 prefix=value out=_tabcat7;
MPRINT(TABDCAT):   var statval;
MPRINT(TABDCAT):   by start linlabel;
MPRINT(TABDCAT):   id trt01pn;
MPRINT(TABDCAT):   where trt01pn is not null;
MPRINT(TABDCAT):   run;

NOTE: There were 12 observations read from the data set WORK._TABCAT4.
      WHERE trt01pn is not null;
NOTE: The data set WORK._TABCAT7 has 4 observations and 6 variables.
NOTE: PROCEDURE TRANSPOSE used (Total process time):
      real time           0.00 seconds
      cpu time            0.01 seconds
      

MPRINT(TABDCAT):   * proc print data = _tabcat7 (obs=100);
MPRINT(TABDCAT):   * title "File _tabcat7 after transpose";
MPRINT(TABDCAT):   * run;
MPRINT(TABDCAT):   *----------------------------------------------------------------------------;
MPRINT(TABDCAT):   * Calculate confidence intervals if requested ;
MPRINT(TABDCAT):   * Redo proc freq, this time with the stratification vars, and run thru ;
MPRINT(TABDCAT):   * stratified CI formula. Output is one record per analysis var value per ;
MPRINT(TABDCAT):   * byvar value ;
MPRINT(TABDCAT):   *----------------------------------------------------------------------------;
MPRINT(TABDCAT):   *----------------------------------------------------------------------------;
MPRINT(TABDCAT):   * Calculate risk ratio if requested ;
                                                                    The SAS System

MPRINT(TABDCAT):   * Redo proc freq, not using stratification or missing parameters, and call ;
MPRINT(TABDCAT):   * RR formula. Output is one record per analysis var per byvar value ;
MPRINT(TABDCAT):   *----------------------------------------------------------------------------;
MPRINT(TABDCAT):   *---------------------------------------;
MPRINT(TABDCAT):   * CHISQ, CMH, EXACT p-values ;
MPRINT(TABDCAT):   *---------------------------------------;
MPRINT(TABDCAT):   *---------------------------------------------------;
MPRINT(TABDCAT):   * Standard (statified) categorical p-values ;
MPRINT(TABDCAT):   *---------------------------------------------------;
MPRINT(TABDCAT):   proc sort data = analfnot out = _tabcat2;
MPRINT(TABDCAT):   by trt01pn racen;
MPRINT(TABDCAT):   run;

NOTE: There were 100 observations read from the data set WORK.ANALFNOT.
NOTE: SAS sort was used.
NOTE: The data set WORK._TABCAT2 has 100 observations and 43 variables.
NOTE: PROCEDURE SORT used (Total process time):
      real time           0.00 seconds
      cpu time            0.00 seconds
      

MPRINT(TABDCAT):   *----------------------------------------------------------------------------;
MPRINT(TABDCAT):   * If pairwise p-values are requested, generate and add to the dataset ;
MPRINT(TABDCAT):   *----------------------------------------------------------------------------;
MPRINT(TABDCAT):   *----------------------------------------------------------------------------;
MPRINT(TABDCAT):   * Final data massage before merging with accumulated statistics ;
MPRINT(TABDCAT):   *----------------------------------------------------------------------------;
MPRINT(TABDCAT):   * proc print data = _tabcat7;
MPRINT(TABDCAT):   * title "File _tabcat7 ";
MPRINT(TABDCAT):   * run;
MPRINT(TABDCAT):   data _tabcat7;
MPRINT(TABDCAT):   length label1 label2 $ 250 statord value1 - value3 $40;
MPRINT(TABDCAT):   set _tabcat7;
MPRINT(TABDCAT):   sortord=4;
MPRINT(TABDCAT):   label1="Race                                                                                                                       
                                                                                                                               ";
MPRINT(TABDCAT):   label2="                                                                                                                           
                                                                                                                               ";
MPRINT(TABDCAT):   type = "CAT ";
MPRINT(TABDCAT):   statord = left(start);
MPRINT(TABDCAT):   array vl {*} value1 - value3;
MPRINT(TABDCAT):   if trim(start) eq '.' or start = ' ' then delete;
MPRINT(TABDCAT):   if trim(linlabel) = '- Missing -' then statord = '999999999';
MPRINT(TABDCAT):   vct = 0;
MPRINT(TABDCAT):   do i = 1 to 3;
MPRINT(TABDCAT):   if vl{i} = ' ' and substr(linlabel,1,10) ^= 'Risk Ratio' then do;
                                                                    The SAS System

MPRINT(TABDCAT):   vl{i} = put(0, 3. );
MPRINT(TABDCAT):   len = length(vl{i});
MPRINT(TABDCAT):   * vl{i} = substr(vl{i},1,len) || " (" || put(0,&pctfmt) || "%)";
MPRINT(TABDCAT):   if "Y" = 'Y' and statord = '999999999' then do;
MPRINT(TABDCAT):   vl{i} = put(0, 3. );
MPRINT(TABDCAT):   end;
MPRINT(TABDCAT):   end;
MPRINT(TABDCAT):   *** Reset intentionally set "No CI" back to blank ***;
MPRINT(TABDCAT):   *** if all blank then delete ***;
MPRINT(TABDCAT):   if vl{i} = "No CI" then do;
MPRINT(TABDCAT):   vl{i} = " ";
MPRINT(TABDCAT):   vct + 1;
MPRINT(TABDCAT):   end;
MPRINT(TABDCAT):   end;
MPRINT(TABDCAT):   if vct = 3 then delete;
MPRINT(TABDCAT):   drop i vct len ;
MPRINT(TABDCAT):   * &var;
MPRINT(TABDCAT):   run;

NOTE: There were 4 observations read from the data set WORK._TABCAT7.
NOTE: The data set WORK._TABCAT7 has 4 observations and 11 variables.
NOTE: DATA statement used (Total process time):
      real time           0.00 seconds
      cpu time            0.01 seconds
      

MPRINT(TABDCAT):   data combine;
MPRINT(TABDCAT):   set combine _tabcat7;
MPRINT(TABDCAT):   format pvalc1 pvalc2;
MPRINT(TABDCAT):   run;

NOTE: There were 9 observations read from the data set WORK.COMBINE.
NOTE: There were 4 observations read from the data set WORK._TABCAT7.
NOTE: The data set WORK.COMBINE has 13 observations and 16 variables.
NOTE: DATA statement used (Total process time):
      real time           0.00 seconds
      cpu time            0.00 seconds
      

MPRINT(TABDCAT):   ***--- End of EXACT CI ---***;
MPRINT(TABDCAT):   * proc print data = combine;
MPRINT(TABDCAT):   * title 'File combine after %tabdcat call';
MPRINT(TABDCAT):   * run;
MPRINT(TABDCAT):   *----------------------------------------------------------------------------;
MPRINT(TABDCAT):   * Cleanup ;
MPRINT(TABDCAT):   *----------------------------------------------------------------------------;
                                                                    The SAS System

MPRINT(TABDCAT):   proc datasets library = work nolist;
MPRINT(TABDCAT):   delete _tabcat:;
MPRINT(TABDCAT):   quit;

NOTE: Deleting WORK._TABCAT1 (memtype=DATA).
NOTE: Deleting WORK._TABCAT2 (memtype=DATA).
NOTE: Deleting WORK._TABCAT3 (memtype=DATA).
NOTE: Deleting WORK._TABCAT3B (memtype=DATA).
NOTE: Deleting WORK._TABCAT4 (memtype=DATA).
NOTE: Deleting WORK._TABCAT7 (memtype=DATA).
NOTE: PROCEDURE DATASETS used (Total process time):
      real time           0.00 seconds
      cpu time            0.00 seconds
      

MPRINT(MAIN):  ;
MPRINT(TABDCAT):   *-----------------------------------------------------------------------------------------------* | Definition of internal macros 
| *-----------------------------------------------------------------------------------------------*;
MPRINT(TABDCAT):   *------------------------------------------------------------------------;
MPRINT(TABDCAT):   * macro tab_sam_hp ;
MPRINT(TABDCAT):   * Calculate Stratum-Adjusted Mantel-Haenszel Proportion ;
MPRINT(TABDCAT):   *------------------------------------------------------------------------;
MPRINT(TABDCAT):   *------------------------------------------------------------------------;
MPRINT(TABDCAT):   * macro ciexact ;
MPRINT(TABDCAT):   * Calculate Confidence intervals using exact method - VK 15AUG2007;
MPRINT(TABDCAT):   *------------------------------------------------------------------------;
MPRINT(TABDCAT):   *----------------------------------------------------------------------------;
MPRINT(TABDCAT):   * macro ciprep ;
MPRINT(TABDCAT):   * Prepare file for CI calculation ;
MPRINT(TABDCAT):   *----------------------------------------------------------------------------;
MPRINT(TABDCAT):   *----------------------------------------------------------------------------;
MPRINT(TABDCAT):   * macro ciprop ;
MPRINT(TABDCAT):   * Do CI calculation ;
MPRINT(TABDCAT):   *----------------------------------------------------------------------------;
MPRINT(TABDCAT):   *----------------------------------------------------------------------------;
MPRINT(TABDCAT):   * macro rratio ;
MPRINT(TABDCAT):   * Do risk ratio calculations ;
MPRINT(TABDCAT):   *----------------------------------------------------------------------------;
MPRINT(TABDCAT):   *----------------------------------------------------------------------------;
MPRINT(TABDCAT):   * macro rrcalc ;
MPRINT(TABDCAT):   * Do risk ratio calculations for each selected pair ;
MPRINT(TABDCAT):   *----------------------------------------------------------------------------;
MPRINT(TABDCAT):   *------------------------------------------------------------------;
MPRINT(TABDCAT):   * macro pval ;
MPRINT(TABDCAT):   * p-value calculation ;
MPRINT(TABDCAT):   *------------------------------------------------------------------;
                                                                    The SAS System

MPRINT(TABDCAT):   *-----------------------------------------------------------------------------------------------------------* | End of internal 
macro definition and beginning of tabdcat main section | 
*-----------------------------------------------------------------------------------------------------------*;
MPRINT(TABDCAT):   *** use default risktype if no local override ***;
MPRINT(TABDCAT):  ;
MPRINT(TABDCAT):   **************************************************;
MPRINT(TABDCAT):   *** modify stratification locally if requested ***;
MPRINT(TABDCAT):   **************************************************;
MPRINT(TABDCAT):   *----------------------------------------------------------------------------;
MPRINT(TABDCAT):   * Get analysis variable attributes (type, label, format) ;
MPRINT(TABDCAT):   * Cancel run if variable .does not. exist ;
MPRINT(TABDCAT):   *----------------------------------------------------------------------------;
MPRINT(TABDCAT):   data _null_;
MPRINT(TABDCAT):   length label1 label2 $250;
MPRINT(TABDCAT):   ds = open("analf","i");
MPRINT(TABDCAT):   var = varnum(ds , "ethnicn");
MPRINT(TABDCAT):   if not(var) then do;
MPRINT(TABDCAT):   call symput("_errcode","F");
MPRINT(TABDCAT):   call symput("_errmsg","Categorical analysis variable ethnicn .does not. exist - canceling run" );
MPRINT(TABDCAT):   end;
MPRINT(TABDCAT):   else do;
MPRINT(TABDCAT):   call symput("catvfmt",varfmt(ds,var));
MPRINT(TABDCAT):   label1 = varlabel(ds,var);
MPRINT(TABDCAT):   if index(label1,'~') > 0 then do;
MPRINT(TABDCAT):   label2 = scan(label1,2,'~');
MPRINT(TABDCAT):   label1 = scan(label1,1,'~');
MPRINT(TABDCAT):   end;
MPRINT(TABDCAT):   call symput("label1",label1);
MPRINT(TABDCAT):   call symput("label2",label2);
MPRINT(TABDCAT):   typ = vartype(ds,var);
MPRINT(TABDCAT):   call symput("type",typ);
MPRINT(TABDCAT):   end;
MPRINT(TABDCAT):   run;

INFO: Character variables have defaulted to a length of 200 at the places given by: (Line):(Column). Truncation can result.
      1251:194 TYP
NOTE: DATA statement used (Total process time):
      real time           0.00 seconds
      cpu time            0.00 seconds
      

MPRINT(TABDCAT):   *****************************************;
MPRINT(TABDCAT):   *** crate template of categories that ***;
MPRINT(TABDCAT):   *** would appear in output. ***;
MPRINT(TABDCAT):   *****************************************;
MPRINT(TABDCAT):   proc sort data = analf out=col (keep= trt01pn) nodupkey;
                                                                    The SAS System

MPRINT(TABDCAT):   by trt01pn;
MPRINT(TABDCAT):   run;

NOTE: There were 200 observations read from the data set WORK.ANALF.
NOTE: SAS sort was used.
NOTE: 197 observations with duplicate key values were deleted.
NOTE: The data set WORK.COL has 3 observations and 1 variables.
NOTE: PROCEDURE SORT used (Total process time):
      real time           0.04 seconds
      cpu time            0.00 seconds
      

MPRINT(TABDCAT):   ********************************************************************************;
MPRINT(TABDCAT):   *** 1) If there is no format assigned to analysis variabe then ***;
MPRINT(TABDCAT):   *** create template based on data and will alsways incluse missing as a cat. ***;
MPRINT(TABDCAT):   ********************************************************************************;
MPRINT(TABDCAT):   ********************************************************************;
MPRINT(TABDCAT):   *** 2) If there is format assigned to analysis variabe then ***;
MPRINT(TABDCAT):   *** create template based on format (and data, if showall=Y) and ***;
MPRINT(TABDCAT):   *** whether to incluse missing as a cat. ***;
MPRINT(TABDCAT):   ********************************************************************;
MPRINT(TABDCAT):   ** this proc summary is to determine numerator - if need only formatted values or not **;
MPRINT(TABDCAT):   proc summary nway data=analf n noprint;
MPRINT(TABDCAT):   where ethnicn ne .;
MPRINT(TABDCAT):   class ethnicn / preloadfmt exclusive;
MPRINT(TABDCAT):   output out=_catnumer (keep=ethnicn rename=(ethnicn=ethnicn));
MPRINT(TABDCAT):   run;

NOTE: Multiple concurrent threads will be used to summarize data.
NOTE: There were 200 observations read from the data set WORK.ANALF.
      WHERE ethnicn not = .;
NOTE: The data set WORK._CATNUMER has 2 observations and 1 variables.
NOTE: PROCEDURE SUMMARY used (Total process time):
      real time           0.03 seconds
      cpu time            0.02 seconds
      

MPRINT(TABDCAT):   ** this proc summary is to determine denominator - all non-missing values **;
MPRINT(TABDCAT):   proc summary nway data=analf n completetypes noprint;
MPRINT(TABDCAT):   where ethnicn ne .;
MPRINT(TABDCAT):   class ethnicn / preloadfmt;
MPRINT(TABDCAT):   output out=_cat (keep=ethnicn rename=(ethnicn=ethnicn));
MPRINT(TABDCAT):   run;

NOTE: Multiple concurrent threads will be used to summarize data.
NOTE: There were 200 observations read from the data set WORK.ANALF.
                                                                    The SAS System

      WHERE ethnicn not = .;
NOTE: The data set WORK._CAT has 3 observations and 1 variables.
NOTE: PROCEDURE SUMMARY used (Total process time):
      real time           0.02 seconds
      cpu time            0.00 seconds
      

MPRINT(TABDCAT):   proc sort data=_cat;
MPRINT(TABDCAT):   by ethnicn;
MPRINT(TABDCAT):   run;

NOTE: There were 3 observations read from the data set WORK._CAT.
NOTE: SAS sort was used.
NOTE: The data set WORK._CAT has 3 observations and 1 variables.
NOTE: PROCEDURE SORT used (Total process time):
      real time           0.00 seconds
      cpu time            0.00 seconds
      

MPRINT(TABDCAT):   *** then output the template ***;
MPRINT(TABDCAT):   data _cat;
MPRINT(TABDCAT):   set col end=eof;
MPRINT(TABDCAT):   do i = 1 to x;
MPRINT(TABDCAT):   set _cat nobs=x point=i;
MPRINT(TABDCAT):   output;
MPRINT(TABDCAT):   end;
MPRINT(TABDCAT):   run;

NOTE: There were 3 observations read from the data set WORK.COL.
NOTE: The data set WORK._CAT has 9 observations and 2 variables.
NOTE: DATA statement used (Total process time):
      real time           0.00 seconds
      cpu time            0.00 seconds
      

MPRINT(TABDCAT):   *** make sure missing value is in the template ***;
MPRINT(TABDCAT):   proc sort data=_cat;
MPRINT(TABDCAT):   by trt01pn;
MPRINT(TABDCAT):   run;

NOTE: There were 9 observations read from the data set WORK._CAT.
NOTE: SAS sort was used.
NOTE: The data set WORK._CAT has 9 observations and 2 variables.
NOTE: PROCEDURE SORT used (Total process time):
      real time           0.00 seconds
      cpu time            0.00 seconds
                                                                    The SAS System

      

MPRINT(TABDCAT):   data _cat;
MPRINT(TABDCAT):   set _cat;
MPRINT(TABDCAT):   by trt01pn;
MPRINT(TABDCAT):   output;
MPRINT(TABDCAT):   if first.trt01pn and ethnicn ne . then do;
MPRINT(TABDCAT):   ethnicn = .;
MPRINT(TABDCAT):   output;
MPRINT(TABDCAT):   end;
MPRINT(TABDCAT):   run;

NOTE: There were 9 observations read from the data set WORK._CAT.
NOTE: The data set WORK._CAT has 12 observations and 2 variables.
NOTE: DATA statement used (Total process time):
      real time           0.02 seconds
      cpu time            0.00 seconds
      

MPRINT(TABDCAT):   *** out option value into template ***;
MPRINT(TABDCAT):   data _cat;
MPRINT(TABDCAT):   set _cat;
MPRINT(TABDCAT):   if ethnicn=. then do;
MPRINT(TABDCAT):   nomisspc="Y";
MPRINT(TABDCAT):   misspct ="N";
MPRINT(TABDCAT):   misspval="N";
MPRINT(TABDCAT):   end;
MPRINT(TABDCAT):   run;

NOTE: There were 12 observations read from the data set WORK._CAT.
NOTE: The data set WORK._CAT has 12 observations and 5 variables.
NOTE: DATA statement used (Total process time):
      real time           0.00 seconds
      cpu time            0.00 seconds
      

MPRINT(TABDCAT):   proc sort;
MPRINT(TABDCAT):   by trt01pn ethnicn;
MPRINT(TABDCAT):   run;

NOTE: There were 12 observations read from the data set WORK._CAT.
NOTE: SAS sort was used.
NOTE: The data set WORK._CAT has 12 observations and 5 variables.
NOTE: PROCEDURE SORT used (Total process time):
      real time           0.00 seconds
      cpu time            0.00 seconds
                                                                    The SAS System

      

MPRINT(TABDCAT):   * proc print data=_cat;
MPRINT(TABDCAT):   * title 'Cat. template';
MPRINT(TABDCAT):   * run;
MPRINT(TABDCAT):   *-------------------------;
MPRINT(TABDCAT):   * Count all data ;
MPRINT(TABDCAT):   *-------------------------;
MPRINT(TABDCAT):   proc sort data = analf out = _tabcat1;
MPRINT(TABDCAT):   by trt01pn ethnicn;
MPRINT(TABDCAT):   run;

NOTE: There were 200 observations read from the data set WORK.ANALF.
NOTE: SAS sort was used.
NOTE: The data set WORK._TABCAT1 has 200 observations and 43 variables.
NOTE: PROCEDURE SORT used (Total process time):
      real time           0.00 seconds
      cpu time            0.00 seconds
      

MPRINT(TABDCAT):   proc freq data=_tabcat1 noprint;
MPRINT(TABDCAT):   by trt01pn;
MPRINT(TABDCAT):   tables ethnicn / missing out=_tabcat3 (drop=percent);
MPRINT(TABDCAT):   * title "Macro tabdcat: File _tabcat3 after first freq ";
MPRINT(TABDCAT):   run;

NOTE: There were 200 observations read from the data set WORK._TABCAT1.
NOTE: The data set WORK._TABCAT3 has 6 observations and 3 variables.
NOTE: PROCEDURE FREQ used (Total process time):
      real time           0.00 seconds
      cpu time            0.00 seconds
      

MPRINT(TABDCAT):   ****************************************;
MPRINT(TABDCAT):   *** merge with _cat to expand levels ***;
MPRINT(TABDCAT):   ****************************************;
MPRINT(TABDCAT):   data _tabcat3;
MPRINT(TABDCAT):   merge _tabcat3 (in=int) _cat (in=ins);
MPRINT(TABDCAT):   by trt01pn ethnicn;
MPRINT(TABDCAT):   if ins;
MPRINT(TABDCAT):   if not int then count = 0;
MPRINT(TABDCAT):   run;

NOTE: There were 6 observations read from the data set WORK._TABCAT3.
NOTE: There were 12 observations read from the data set WORK._CAT.
NOTE: The data set WORK._TABCAT3 has 12 observations and 6 variables.
                                                                    The SAS System

NOTE: DATA statement used (Total process time):
      real time           0.00 seconds
      cpu time            0.00 seconds
      

MPRINT(TABDCAT):   * proc print;
MPRINT(TABDCAT):   * title "Macro tabdcat: File _tabcat3 after expanding categories";
MPRINT(TABDCAT):   * run;
MPRINT(TABDCAT):   *-----------------------------------------------------------;
MPRINT(TABDCAT):   * Get column totals for denominator ;
MPRINT(TABDCAT):   * If needed to, change the denominator base on denom option;
MPRINT(TABDCAT):   * then calculate percent from count and coldenom ;
MPRINT(TABDCAT):   *-----------------------------------------------------------;
MPRINT(TABDCAT):   proc summary nway data=_tabcat3 noprint;
MPRINT(TABDCAT):   where nomisspc ne 'Y';
MPRINT(TABDCAT):   class trt01pn;
MPRINT(TABDCAT):   var count;
MPRINT(TABDCAT):   output out=_tabcat3b(keep= trt01pn coldenom) sum=coldenom;
MPRINT(TABDCAT):   run;

NOTE: Multiple concurrent threads will be used to summarize data.
NOTE: There were 9 observations read from the data set WORK._TABCAT3.
      WHERE nomisspc not = 'Y';
NOTE: The data set WORK._TABCAT3B has 3 observations and 2 variables.
NOTE: PROCEDURE SUMMARY used (Total process time):
      real time           0.00 seconds
      cpu time            0.01 seconds
      

MPRINT(TABDCAT):   data _tabcat3;
MPRINT(TABDCAT):   merge _tabcat3 (in=in3) _tabcat3b (in=inb) ;
MPRINT(TABDCAT):   by trt01pn;
MPRINT(TABDCAT):   if in3;
MPRINT(TABDCAT):   if not inb then coldenom = 0;
MPRINT(TABDCAT):   ** kdaughtry - 09Sep2008 **;
MPRINT(TABDCAT):   **if coldenom ne 0 and .<count<=coldenom then percent = count / coldenom * 100;
MPRINT(TABDCAT):   if count>0 and coldenom ne 0 and .<count<=coldenom then percent = count / coldenom * 100;
MPRINT(TABDCAT):   run;

NOTE: There were 12 observations read from the data set WORK._TABCAT3.
NOTE: There were 3 observations read from the data set WORK._TABCAT3B.
NOTE: The data set WORK._TABCAT3 has 12 observations and 8 variables.
NOTE: DATA statement used (Total process time):
      real time           0.00 seconds
      cpu time            0.00 seconds
      
                                                                    The SAS System


MPRINT(TABDCAT):   proc sort data=_tabcat3;
MPRINT(TABDCAT):   by ethnicn;
MPRINT(TABDCAT):   run;

NOTE: There were 12 observations read from the data set WORK._TABCAT3.
NOTE: SAS sort was used.
NOTE: The data set WORK._TABCAT3 has 12 observations and 8 variables.
NOTE: PROCEDURE SORT used (Total process time):
      real time           0.00 seconds
      cpu time            0.00 seconds
      

MPRINT(TABDCAT):   proc sort data=_catnumer;
MPRINT(TABDCAT):   by ethnicn;
MPRINT(TABDCAT):   run;

NOTE: There were 2 observations read from the data set WORK._CATNUMER.
NOTE: SAS sort was used.
NOTE: The data set WORK._CATNUMER has 2 observations and 1 variables.
NOTE: PROCEDURE SORT used (Total process time):
      real time           0.00 seconds
      cpu time            0.00 seconds
      

MPRINT(TABDCAT):   ** only keep &var values from _catnumer dataset since this ds **;
MPRINT(TABDCAT):   ** only contains formatted values of &var **;
MPRINT(TABDCAT):   data _tabcat3;
MPRINT(TABDCAT):   merge _tabcat3 _catnumer (in=inn);
MPRINT(TABDCAT):   by ethnicn;
MPRINT(TABDCAT):   if inn or ethnicn=.;
MPRINT(TABDCAT):   run;

NOTE: There were 12 observations read from the data set WORK._TABCAT3.
NOTE: There were 2 observations read from the data set WORK._CATNUMER.
NOTE: The data set WORK._TABCAT3 has 9 observations and 8 variables.
NOTE: DATA statement used (Total process time):
      real time           0.00 seconds
      cpu time            0.00 seconds
      

MPRINT(TABDCAT):   proc sort data=_tabcat3;
MPRINT(TABDCAT):   by trt01pn;
MPRINT(TABDCAT):   run;

NOTE: There were 9 observations read from the data set WORK._TABCAT3.
                                                                    The SAS System

NOTE: SAS sort was used.
NOTE: The data set WORK._TABCAT3 has 9 observations and 8 variables.
NOTE: PROCEDURE SORT used (Total process time):
      real time           0.00 seconds
      cpu time            0.00 seconds
      

MPRINT(TABDCAT):   * proc print data = _tabcat3 (obs=100);
MPRINT(TABDCAT):   * title "Macro tabdcat: File _tabcat3 after calc deniminator";
MPRINT(TABDCAT):   * run;
MPRINT(TABDCAT):   *----------------------------------------;
MPRINT(TABDCAT):   * Percents without missing ;
MPRINT(TABDCAT):   * numbers in denominator ;
MPRINT(TABDCAT):   *----------------------------------------;
MPRINT(TABDCAT):   *** Total patient count variable, used for calculating cell percents ***;
MPRINT(TABDCAT):   **********************************************************************;
MPRINT(TABDCAT):   *** Recalculate the counts without the missings ***;
MPRINT(TABDCAT):   *** if MISSPCT requested (print missings as a category) ***;
MPRINT(TABDCAT):   *** and NOMISSPC requested (do not use missings in the denominator ***;
MPRINT(TABDCAT):   **********************************************************************;
MPRINT(TABDCAT):   ***************************************************************************;
MPRINT(TABDCAT):   *** test: if n = 100 pct for any subgroup and then skip the calculation ***;
MPRINT(TABDCAT):   *** for cilevelw ***;
MPRINT(TABDCAT):   ***************************************************************************;
MPRINT(TABDCAT):   ******************************************;
MPRINT(TABDCAT):   *** put together the display data set ***;
MPRINT(TABDCAT):   ******************************************;
MPRINT(TABDCAT):   data _tabcat4;
MPRINT(TABDCAT):   length statval statval2 statval3 $40 start $200 linlabel $250;
MPRINT(TABDCAT):   set _tabcat3;
MPRINT(TABDCAT):   by trt01pn;
MPRINT(TABDCAT):   array tmpvarn len;
MPRINT(TABDCAT):   array tmpvarc $ statval statval2 statval3 linlabel;
MPRINT(TABDCAT):   retain totcount;
MPRINT(TABDCAT):   if first.trt01pn then totcount = 0;
MPRINT(TABDCAT):   if nomisspc^='Y' then totcount + count;
MPRINT(TABDCAT):   start = left(put(ethnicn,best.));
MPRINT(TABDCAT):   linlabel = left(put(ethnicn,FETHNICN.));
MPRINT(TABDCAT):   if trim(linlabel) = '.' or linlabel = ' ' then linlabel = '- Missing -';
MPRINT(TABDCAT):   pct = percent;
MPRINT(TABDCAT):   *** NOMISSPC=Y only calculate cellpct if pct is not missing ***;
MPRINT(TABDCAT):   if (pct ne .) then cellpct = 100*(count/100);
MPRINT(TABDCAT):   else cellpct = .;
MPRINT(TABDCAT):   statval = ' ';
MPRINT(TABDCAT):   statval = put(count, 3. );
MPRINT(TABDCAT):   *** If coldenom requested, show N as N/COLUMN TOTAL ***;
                                                                    The SAS System

MPRINT(TABDCAT):   len = length(statval);
MPRINT(TABDCAT):   *** NOMISSPC=Y only format the nonmissings ***;
MPRINT(TABDCAT):   if (pct ne .) then do;
MPRINT(TABDCAT):   *** Display "0" or "0.0" as "<1" or "<0.1" ***;
MPRINT(TABDCAT):   drop tmppct;
MPRINT(TABDCAT):   tmppct = 10**-1;
MPRINT(TABDCAT):   *** Normal case = percent=0 or is >= threshold ***;
MPRINT(TABDCAT):   if(pct eq 0 or pct>=tmppct) then statval = substr(statval,1,len) || " (" || put(pct,5.1) || "%)";
MPRINT(TABDCAT):   *** Number between 0 and lowest displayable value ***;
MPRINT(TABDCAT):   else statval = substr(statval,1,len) || " ( <" || put(tmppct,3.1) || "%)";
MPRINT(TABDCAT):   end;
MPRINT(TABDCAT):   if misspct ='N' then delete;
MPRINT(TABDCAT):   * delete missing cat if not used in rpt;
MPRINT(TABDCAT):   * if nomisspc='Y' then delete;
MPRINT(TABDCAT):   * delete missing cat if not part of calculations;
MPRINT(TABDCAT):   drop len ethnicn misspct;
MPRINT(TABDCAT):   run;

NOTE: There were 9 observations read from the data set WORK._TABCAT3.
NOTE: The data set WORK._TABCAT4 has 6 observations and 14 variables.
NOTE: DATA statement used (Total process time):
      real time           0.00 seconds
      cpu time            0.01 seconds
      

MPRINT(TABDCAT):   * proc print data=_tabcat4;
MPRINT(TABDCAT):   * title "Macro tabdcat: File _tabcat4 after formating statistics ";
MPRINT(TABDCAT):   * run;
MPRINT(TABDCAT):   proc sort data=_tabcat4;
MPRINT(TABDCAT):   by start linlabel;
MPRINT(TABDCAT):   run;

NOTE: There were 6 observations read from the data set WORK._TABCAT4.
NOTE: SAS sort was used.
NOTE: The data set WORK._TABCAT4 has 6 observations and 14 variables.
NOTE: PROCEDURE SORT used (Total process time):
      real time           0.00 seconds
      cpu time            0.00 seconds
      

MPRINT(TABDCAT):   *----------------------------------------------------------------------------;
MPRINT(TABDCAT):   * Transpose the formatted and unformatted statistics ;
MPRINT(TABDCAT):   *----------------------------------------------------------------------------;
MPRINT(TABDCAT):   proc transpose data=_tabcat4 prefix=value out=_tabcat7;
MPRINT(TABDCAT):   var statval;
MPRINT(TABDCAT):   by start linlabel;
                                                                    The SAS System

MPRINT(TABDCAT):   id trt01pn;
MPRINT(TABDCAT):   where trt01pn is not null;
MPRINT(TABDCAT):   run;

NOTE: There were 6 observations read from the data set WORK._TABCAT4.
      WHERE trt01pn is not null;
NOTE: The data set WORK._TABCAT7 has 2 observations and 6 variables.
NOTE: PROCEDURE TRANSPOSE used (Total process time):
      real time           0.00 seconds
      cpu time            0.00 seconds
      

MPRINT(TABDCAT):   * proc print data = _tabcat7 (obs=100);
MPRINT(TABDCAT):   * title "File _tabcat7 after transpose";
MPRINT(TABDCAT):   * run;
MPRINT(TABDCAT):   *----------------------------------------------------------------------------;
MPRINT(TABDCAT):   * Calculate confidence intervals if requested ;
MPRINT(TABDCAT):   * Redo proc freq, this time with the stratification vars, and run thru ;
MPRINT(TABDCAT):   * stratified CI formula. Output is one record per analysis var value per ;
MPRINT(TABDCAT):   * byvar value ;
MPRINT(TABDCAT):   *----------------------------------------------------------------------------;
MPRINT(TABDCAT):   *----------------------------------------------------------------------------;
MPRINT(TABDCAT):   * Calculate risk ratio if requested ;
MPRINT(TABDCAT):   * Redo proc freq, not using stratification or missing parameters, and call ;
MPRINT(TABDCAT):   * RR formula. Output is one record per analysis var per byvar value ;
MPRINT(TABDCAT):   *----------------------------------------------------------------------------;
MPRINT(TABDCAT):   *---------------------------------------;
MPRINT(TABDCAT):   * CHISQ, CMH, EXACT p-values ;
MPRINT(TABDCAT):   *---------------------------------------;
MPRINT(TABDCAT):   *---------------------------------------------------;
MPRINT(TABDCAT):   * Standard (statified) categorical p-values ;
MPRINT(TABDCAT):   *---------------------------------------------------;
MPRINT(TABDCAT):   proc sort data = analfnot out = _tabcat2;
MPRINT(TABDCAT):   by trt01pn ethnicn;
MPRINT(TABDCAT):   run;

NOTE: There were 100 observations read from the data set WORK.ANALFNOT.
NOTE: SAS sort was used.
NOTE: The data set WORK._TABCAT2 has 100 observations and 43 variables.
NOTE: PROCEDURE SORT used (Total process time):
      real time           0.00 seconds
      cpu time            0.00 seconds
      

MPRINT(TABDCAT):   *----------------------------------------------------------------------------;
MPRINT(TABDCAT):   * If pairwise p-values are requested, generate and add to the dataset ;
                                                                    The SAS System

MPRINT(TABDCAT):   *----------------------------------------------------------------------------;
MPRINT(TABDCAT):   *----------------------------------------------------------------------------;
MPRINT(TABDCAT):   * Final data massage before merging with accumulated statistics ;
MPRINT(TABDCAT):   *----------------------------------------------------------------------------;
MPRINT(TABDCAT):   * proc print data = _tabcat7;
MPRINT(TABDCAT):   * title "File _tabcat7 ";
MPRINT(TABDCAT):   * run;
MPRINT(TABDCAT):   data _tabcat7;
MPRINT(TABDCAT):   length label1 label2 $ 250 statord value1 - value3 $40;
MPRINT(TABDCAT):   set _tabcat7;
MPRINT(TABDCAT):   sortord=5;
MPRINT(TABDCAT):   label1="Ethnicity                                                                                                                  
                                                                                                                               ";
MPRINT(TABDCAT):   label2="                                                                                                                           
                                                                                                                               ";
MPRINT(TABDCAT):   type = "CAT ";
MPRINT(TABDCAT):   statord = left(start);
MPRINT(TABDCAT):   array vl {*} value1 - value3;
MPRINT(TABDCAT):   if trim(start) eq '.' or start = ' ' then delete;
MPRINT(TABDCAT):   if trim(linlabel) = '- Missing -' then statord = '999999999';
MPRINT(TABDCAT):   vct = 0;
MPRINT(TABDCAT):   do i = 1 to 3;
MPRINT(TABDCAT):   if vl{i} = ' ' and substr(linlabel,1,10) ^= 'Risk Ratio' then do;
MPRINT(TABDCAT):   vl{i} = put(0, 3. );
MPRINT(TABDCAT):   len = length(vl{i});
MPRINT(TABDCAT):   * vl{i} = substr(vl{i},1,len) || " (" || put(0,&pctfmt) || "%)";
MPRINT(TABDCAT):   if "Y" = 'Y' and statord = '999999999' then do;
MPRINT(TABDCAT):   vl{i} = put(0, 3. );
MPRINT(TABDCAT):   end;
MPRINT(TABDCAT):   end;
MPRINT(TABDCAT):   *** Reset intentionally set "No CI" back to blank ***;
MPRINT(TABDCAT):   *** if all blank then delete ***;
MPRINT(TABDCAT):   if vl{i} = "No CI" then do;
MPRINT(TABDCAT):   vl{i} = " ";
MPRINT(TABDCAT):   vct + 1;
MPRINT(TABDCAT):   end;
MPRINT(TABDCAT):   end;
MPRINT(TABDCAT):   if vct = 3 then delete;
MPRINT(TABDCAT):   drop i vct len ;
MPRINT(TABDCAT):   * &var;
MPRINT(TABDCAT):   run;

NOTE: There were 2 observations read from the data set WORK._TABCAT7.
NOTE: The data set WORK._TABCAT7 has 2 observations and 11 variables.
NOTE: DATA statement used (Total process time):
      real time           0.00 seconds
                                                                    The SAS System

      cpu time            0.00 seconds
      

MPRINT(TABDCAT):   data combine;
MPRINT(TABDCAT):   set combine _tabcat7;
MPRINT(TABDCAT):   format pvalc1 pvalc2;
MPRINT(TABDCAT):   run;

NOTE: There were 13 observations read from the data set WORK.COMBINE.
NOTE: There were 2 observations read from the data set WORK._TABCAT7.
NOTE: The data set WORK.COMBINE has 15 observations and 16 variables.
NOTE: DATA statement used (Total process time):
      real time           0.00 seconds
      cpu time            0.00 seconds
      

MPRINT(TABDCAT):   ***--- End of EXACT CI ---***;
MPRINT(TABDCAT):   * proc print data = combine;
MPRINT(TABDCAT):   * title 'File combine after %tabdcat call';
MPRINT(TABDCAT):   * run;
MPRINT(TABDCAT):   *----------------------------------------------------------------------------;
MPRINT(TABDCAT):   * Cleanup ;
MPRINT(TABDCAT):   *----------------------------------------------------------------------------;
MPRINT(TABDCAT):   proc datasets library = work nolist;
MPRINT(TABDCAT):   delete _tabcat:;
MPRINT(TABDCAT):   quit;

NOTE: Deleting WORK._TABCAT1 (memtype=DATA).
NOTE: Deleting WORK._TABCAT2 (memtype=DATA).
NOTE: Deleting WORK._TABCAT3 (memtype=DATA).
NOTE: Deleting WORK._TABCAT3B (memtype=DATA).
NOTE: Deleting WORK._TABCAT4 (memtype=DATA).
NOTE: Deleting WORK._TABCAT7 (memtype=DATA).
NOTE: PROCEDURE DATASETS used (Total process time):
      real time           0.00 seconds
      cpu time            0.00 seconds
      

MPRINT(MAIN):  ;
MPRINT(TABDCONT):   *** if cileveld=95 then alpha = .05 ***;
MPRINT(TABDCONT):   *** default is .05 ***;
MPRINT(TABDCONT):   *-----------------------------------------------------------------------------------------------* | Definition of internal macros 
| *-----------------------------------------------------------------------------------------------*;
MPRINT(TABDCONT):   ************************************************************;
MPRINT(TABDCONT):   *** macro tab_anova2 for m_dif=ANOVA2 ***;
MPRINT(TABDCONT):   *** ***;
                                                                    The SAS System

MPRINT(TABDCONT):   *** Calculate ANOVA using contrast for each pairwise ***;
MPRINT(TABDCONT):   *** if byvar is used, byvar=0 is the baseline ***;
MPRINT(TABDCONT):   *** if no byvar used, var=_0 is the baseline ***;
MPRINT(TABDCONT):   ************************************************************;
MPRINT(TABDCONT):   ************************************************************;
MPRINT(TABDCONT):   *** macro p_npar ***;
MPRINT(TABDCONT):   *** ***;
MPRINT(TABDCONT):   *** Calculate nonparametric p-values like Wilcoxon and ***;
MPRINT(TABDCONT):   *** Van der Waerden using proc npar1way ***;
MPRINT(TABDCONT):   ************************************************************;
MPRINT(TABDCONT):   ************************************************************;
MPRINT(TABDCONT):   *** macro p_glm ***;
MPRINT(TABDCONT):   *** ***;
MPRINT(TABDCONT):   *** Calculate stratum weighted ANOVA p-values using ***;
MPRINT(TABDCONT):   *** proc glm ***;
MPRINT(TABDCONT):   ************************************************************;
MPRINT(TABDCONT):   ************************************;
MPRINT(TABDCONT):   *** macro p_rank ***;
MPRINT(TABDCONT):   *** ***;
MPRINT(TABDCONT):   *** Calculate p-values using ***;
MPRINT(TABDCONT):   *** Stratified Rank Sum test ***;
MPRINT(TABDCONT):   ************************************;
MPRINT(TABDCONT):   *******************************************************;
MPRINT(TABDCONT):   *** macro tab_nump ***;
MPRINT(TABDCONT):   *** ***;
MPRINT(TABDCONT):   *** call the 3 macros p_npar p_glm and p_rank to do ***;
MPRINT(TABDCONT):   *** p-value for pairwise comparisons ***;
MPRINT(TABDCONT):   *******************************************************;
MPRINT(TABDCONT):   ***********************************************************;
MPRINT(TABDCONT):   *** macro tab_cimd ***;
MPRINT(TABDCONT):   *** ***;
MPRINT(TABDCONT):   *** call the 3 macros p_npar p_glm and p_rank to do ***;
MPRINT(TABDCONT):   *** dif and ci for pairwise comparison ***;
MPRINT(TABDCONT):   ***********************************************************;
MPRINT(TABDCONT):   *****************************************************************************;
MPRINT(TABDCONT):   *** macro dif_hl ***;
MPRINT(TABDCONT):   *** ***;
MPRINT(TABDCONT):   *** use the algorithm describe in 'Calculating a Nonparametric Estimate ***;
MPRINT(TABDCONT):   *** and Confidence Interval Using SAS Sorfware' a SUGI paper by Chris ***;
MPRINT(TABDCONT):   *** Decker to calculate the Hodges-Lehmann estimates. ***;
MPRINT(TABDCONT):   *****************************************************************************;
MPRINT(TABDCONT):   ********************************************************************;
MPRINT(TABDCONT):   *** macro dif_ano ***;
MPRINT(TABDCONT):   *** ***;
MPRINT(TABDCONT):   *** using prog glm to generate stratum weighted ANOVA estimates ***;
MPRINT(TABDCONT):   *** of differences in mean and confidence limit ***;
                                                                    The SAS System

MPRINT(TABDCONT):   ********************************************************************;
MPRINT(TABDCONT):   *************************************************************************;
MPRINT(TABDCONT):   *** macro dif_std ***;
MPRINT(TABDCONT):   *** ***;
MPRINT(TABDCONT):   *** calculate standard differences in mean and confidence limit ***;
MPRINT(TABDCONT):   *************************************************************************;
MPRINT(TABDCONT):   ******************************************************************;
MPRINT(TABDCONT):   *** macro univar ***;
MPRINT(TABDCONT):   *** ***;
MPRINT(TABDCONT):   *** calculate univariate statistics in normal and/or log scale ***;
MPRINT(TABDCONT):   ******************************************************************;
MPRINT(TABDCONT):   *-----------------------------------------------------------------------------------------------------------* | End of internal 
macro definition and beginning of tabdcont main section | 
*-----------------------------------------------------------------------------------------------------------*;
MPRINT(TABDCONT):   * ---------------------------------------- *;
MPRINT(TABDCONT):   * debug code - turn off noprint options *;
MPRINT(TABDCONT):   * ---------------------------------------- *;
MPRINT(TABDCONT):   *** local pairwise variable ***;
MPRINT(TABDCONT):   **********************************************************************************;
MPRINT(TABDCONT):   *** set default for decimal places in output ***;
MPRINT(TABDCONT):   *** If median, quartile, range, cv, difference decimals not set, use mean dec ***;
MPRINT(TABDCONT):   **********************************************************************************;
MPRINT(TABDCONT):   *****************;
MPRINT(TABDCONT):   *** SD or SE? ***;
MPRINT(TABDCONT):   *****************;
MPRINT(TABDCONT):   **************************************************;
MPRINT(TABDCONT):   *** modify stratification locally if requested ***;
MPRINT(TABDCONT):   **************************************************;
MPRINT(TABDCONT):   *----------------------------------------------------------------------------;
MPRINT(TABDCONT):   * Get variable information from dataset - abort if it is not there ;
MPRINT(TABDCONT):   *----------------------------------------------------------------------------;
MPRINT(TABDCONT):   data _null_;
MPRINT(TABDCONT):   length label1 label2 $250;
MPRINT(TABDCONT):   ds = open("analf","i");
MPRINT(TABDCONT):   var = varnum(ds , "bwt");
MPRINT(TABDCONT):   if not(var) then do;
MPRINT(TABDCONT):   call symput("_errcode","F");
MPRINT(TABDCONT):   call symput("_errmsg","Continuous analysis variable bwt .does not. exist - canceling run" );
MPRINT(TABDCONT):   end;
MPRINT(TABDCONT):   else do;
MPRINT(TABDCONT):   label1 = varlabel(ds,var);
MPRINT(TABDCONT):   if index(label1,'~') > 0 then do;
MPRINT(TABDCONT):   label2 = scan(label1,2,'~');
MPRINT(TABDCONT):   label1 = scan(label1,1,'~');
MPRINT(TABDCONT):   end;
MPRINT(TABDCONT):   call symput("label1",label1);
                                                                    The SAS System

MPRINT(TABDCONT):   call symput("label2",label2);
MPRINT(TABDCONT):   end;
MPRINT(TABDCONT):   *** Check stratification variables ***;
MPRINT(TABDCONT):   run;

NOTE: DATA statement used (Total process time):
      real time           0.00 seconds
      cpu time            0.00 seconds
      

MPRINT(TABDCONT):   *********************************;
MPRINT(TABDCONT):   *** end of macro set up ***;
MPRINT(TABDCONT):   *** beginning of calculations ***;
MPRINT(TABDCONT):   *********************************;
MPRINT(TABDCONT):   *----------------------------------------------------------------------------;
MPRINT(TABDCONT):   * Generate and format descriptive statistics ;
MPRINT(TABDCONT):   *----------------------------------------------------------------------------;
MPRINT(UNIVAR):   *-----------------------------------------------*;
MPRINT(UNIVAR):   * Generate and format univariate statistics *;
MPRINT(UNIVAR):   ;
MPRINT(UNIVAR):   *-----------------------------------------------*;
MPRINT(UNIVAR):   proc univariate data=analf NOPRINT;
MPRINT(UNIVAR):   by trt01pn ;
MPRINT(UNIVAR):   var bwt;
MPRINT(UNIVAR):   output out=_tabcon0 n = n mean = mean median = median stdmean = stdmean std = sd q1 = qone q3 = qthre min = min max = max var = var 
t = t probt = probt probm = probm probs = probs msign = msign signrank = signrank cv = cv ;
MPRINT(UNIVAR):   * title2 'Macro tabdcont: File _TABCON0';
MPRINT(UNIVAR):   run;

NOTE: The data set WORK._TABCON0 has 3 observations and 18 variables.
NOTE: PROCEDURE UNIVARIATE used (Total process time):
      real time           0.00 seconds
      cpu time            0.01 seconds
      

MPRINT(UNIVAR):   *----------------------------------------------------------------------------;
MPRINT(UNIVAR):   * If geometric mean or ci is requested, check for negative value in &var ;
MPRINT(UNIVAR):   *----------------------------------------------------------------------------;
MPRINT(UNIVAR):   data _tabcon1;
MPRINT(UNIVAR):   set _tabcon0;
MPRINT(UNIVAR):   length statval $ 40 linlabel $250 statord $ 40;
MPRINT(UNIVAR):   statord = '1';
MPRINT(UNIVAR):   linlabel = 'N';
MPRINT(UNIVAR):   statval = ' ';
MPRINT(UNIVAR):   if (n>.) then statval = put(n, 5. );
MPRINT(UNIVAR):   output;
                                                                    The SAS System

MPRINT(UNIVAR):   *** Special clause, used to prevent some means from ***;
MPRINT(UNIVAR):   *** being printed as "-0.00", just show as "0.00" ***;
MPRINT(UNIVAR):   *** if n=0, then statval had carried through at 0 also ***;
MPRINT(UNIVAR):   *** force it to be missing ***;
MPRINT(UNIVAR):   statord = '2';
MPRINT(UNIVAR):   linlabel = "Mean (SD)";
MPRINT(UNIVAR):   statval = ' ';
MPRINT(UNIVAR):   if (n>0) then do;
MPRINT(UNIVAR):   statval = left(put( round(mean,10**(-1*1)), 8.1 ));
MPRINT(UNIVAR):   if abs(input(statval,??best.)) eq 0 then do;
MPRINT(UNIVAR):   statval = left(put( 0, 8.1 ));
MPRINT(UNIVAR):   end;
MPRINT(UNIVAR):   end;
MPRINT(UNIVAR):   if (n>1) then do;
MPRINT(UNIVAR):   statval = trim(statval) || ' (' || trim(left(put(round(sd,10**(-1*2)), 8.2 ))) || ')';
MPRINT(UNIVAR):   end;
MPRINT(UNIVAR):   output;
MPRINT(UNIVAR):   statord = '6';
MPRINT(UNIVAR):   linlabel = 'Median';
MPRINT(UNIVAR):   statval = ' ';
MPRINT(UNIVAR):   if (n>0) then do;
MPRINT(UNIVAR):   **if median^=. then statval = trim(put(median, &_statlenc..&meddec ));
MPRINT(UNIVAR):   if median^=. then statval = trim(put(round(median, 10**(-1*1)), 8.1 ));
MPRINT(UNIVAR):   if abs(input(statval,??best.)) eq 0 then statval = left(put(0, 8.1 ));
MPRINT(UNIVAR):   end;
MPRINT(UNIVAR):   output;
MPRINT(UNIVAR):   statord = '7';
MPRINT(UNIVAR):   linlabel = 'Q1, Q3';
MPRINT(UNIVAR):   statval = ' ';
MPRINT(UNIVAR):   if (n>0) then do;
MPRINT(UNIVAR):   statval = trim(put(round(qone,10**(-1*1)), 8.1 ))|| ', ' || left(put(round(qthre,10**(-1*1)),8.1));
MPRINT(UNIVAR):   end;
MPRINT(UNIVAR):   output;
MPRINT(UNIVAR):   statord = '8';
MPRINT(UNIVAR):   linlabel = 'Min, Max';
MPRINT(UNIVAR):   statval = ' ';
MPRINT(UNIVAR):   if (n>0) then do;
MPRINT(UNIVAR):   statval = trim(put(round(min,10**(-1*1)), 8.1 )) || ', ' || left(put(round(max,10**(-1*1)),8.1 ));
MPRINT(UNIVAR):   end;
MPRINT(UNIVAR):   output;
MPRINT(UNIVAR):   ***************************************************;
MPRINT(UNIVAR):   ** add change-from-baseline p-value if requested **;
MPRINT(UNIVAR):   ***************************************************;
MPRINT(UNIVAR):   run;

NOTE: There were 3 observations read from the data set WORK._TABCON0.
                                                                    The SAS System

NOTE: The data set WORK._TABCON1 has 15 observations and 21 variables.
NOTE: DATA statement used (Total process time):
      real time           0.00 seconds
      cpu time            0.00 seconds
      

MPRINT(UNIVAR):   **********************************************************;
MPRINT(UNIVAR):   *** add geometric mean and CV to _tabcon1 if requested ***;
MPRINT(UNIVAR):   **********************************************************;
MPRINT(UNIVAR):   ********************************************************************;
MPRINT(UNIVAR):   *** spaces added to line up the output based on new standard SAP ***;
MPRINT(UNIVAR):   ********************************************************************;
MPRINT(UNIVAR):   data _tabcon1;
MPRINT(UNIVAR):   set _tabcon1;
MPRINT(UNIVAR):   retain padlen 0;
MPRINT(UNIVAR):   len=length(scan(left(statval),1,'., '));
MPRINT(UNIVAR):   if len>padlen then padlen=len;
MPRINT(UNIVAR):   call symput("padlen",compress(put(padlen,8.)));
MPRINT(UNIVAR):   run;

NOTE: There were 15 observations read from the data set WORK._TABCON1.
NOTE: The data set WORK._TABCON1 has 15 observations and 23 variables.
NOTE: DATA statement used (Total process time):
      real time           0.00 seconds
      cpu time            0.00 seconds
      

MPRINT(UNIVAR):   data _tabcon1 (drop=statval rename=(statval2=statval));
MPRINT(UNIVAR):   set _tabcon1 (drop=padlen);
MPRINT(UNIVAR):   if left(linlabel)='N' then do;
MPRINT(UNIVAR):   statval2=trim(repeat(' ',3-length(scan(left(statval),1,'.'))+1)||left(statval));
MPRINT(UNIVAR):   end;
MPRINT(UNIVAR):   else do;
MPRINT(UNIVAR):   if len=3 then statval2=left(statval);
MPRINT(UNIVAR):   else statval2=trim(repeat(' ',3-len-1)||left(statval));
MPRINT(UNIVAR):   end;
MPRINT(UNIVAR):   run;

NOTE: There were 15 observations read from the data set WORK._TABCON1.
NOTE: The data set WORK._TABCON1 has 15 observations and 22 variables.
NOTE: DATA statement used (Total process time):
      real time           0.00 seconds
      cpu time            0.00 seconds
      

MPRINT(UNIVAR):   proc sort data = _tabcon1;
                                                                    The SAS System

MPRINT(UNIVAR):   by statord linlabel trt01pn;
MPRINT(UNIVAR):   where trt01pn ne .;
MPRINT(UNIVAR):   run;

NOTE: There were 15 observations read from the data set WORK._TABCON1.
      WHERE trt01pn not = .;
NOTE: SAS sort was used.
NOTE: The data set WORK._TABCON1 has 15 observations and 22 variables.
NOTE: PROCEDURE SORT used (Total process time):
      real time           0.00 seconds
      cpu time            0.00 seconds
      

MPRINT(UNIVAR):   proc transpose data=_tabcon1 prefix=value out=_tabcon2 ;
MPRINT(UNIVAR):   var statval;
MPRINT(UNIVAR):   by statord linlabel ;
MPRINT(UNIVAR):   id trt01pn;
MPRINT(UNIVAR):   run;

NOTE: There were 15 observations read from the data set WORK._TABCON1.
NOTE: The data set WORK._TABCON2 has 5 observations and 6 variables.
NOTE: PROCEDURE TRANSPOSE used (Total process time):
      real time           0.00 seconds
      cpu time            0.00 seconds
      

MPRINT(UNIVAR):   data _tabcon2;
MPRINT(UNIVAR):   set _tabcon2;
MPRINT(UNIVAR):   pval1=.;
MPRINT(UNIVAR):   pval2=.;
MPRINT(UNIVAR):   run;

NOTE: There were 5 observations read from the data set WORK._TABCON2.
NOTE: The data set WORK._TABCON2 has 5 observations and 8 variables.
NOTE: DATA statement used (Total process time):
      real time           0.00 seconds
      cpu time            0.00 seconds
      

MPRINT(TABDCONT):  ;
MPRINT(TABDCONT):   ******************************************************************;
MPRINT(TABDCONT):   *** test: if n=0 then skip rest of calculation for that colvar ***;
MPRINT(TABDCONT):   *** assumption: number of column < 10 ***;
MPRINT(TABDCONT):   ******************************************************************;
MPRINT(TABDCONT):   proc sort data=_tabcon1 out=test (keep=n trt01pn) nodupkey;
MPRINT(TABDCONT):   by trt01pn descending n;
                                                                    The SAS System

MPRINT(TABDCONT):   run;

NOTE: There were 15 observations read from the data set WORK._TABCON1.
NOTE: SAS sort was used.
NOTE: 12 observations with duplicate key values were deleted.
NOTE: The data set WORK.TEST has 3 observations and 2 variables.
NOTE: PROCEDURE SORT used (Total process time):
      real time           0.00 seconds
      cpu time            0.00 seconds
      

MPRINT(TABDCONT):   ** this code was added so when byvar is specified, and 0 obs exist **;
MPRINT(TABDCONT):   ** for that byvar value for colvar, then it will still create the **;
MPRINT(TABDCONT):   ** table spacing properly - kad 11May2010 **;
MPRINT(TABDCONT):  ;
MPRINT(TABDCONT):   *----------------------------------------------------------------------------*;
MPRINT(TABDCONT):   * If overall p-values are requested, generate and add to the dataset *;
MPRINT(TABDCONT):   * Up to two can be requested *;
MPRINT(TABDCONT):   *----------------------------------------------------------------------------*;
MPRINT(TABDCONT):   ********************************;
MPRINT(TABDCONT):   *** do pairwise calculations ***;
MPRINT(TABDCONT):   ********************************;
MPRINT(TABDCONT):   *----------------------------------------------------------------------------*;
MPRINT(TABDCONT):   * combine the output files *;
MPRINT(TABDCONT):   *----------------------------------------------------------------------------*;
MPRINT(TABDCONT):   data _tabcon2 (drop=value: rename=( _val_1=value1 _val_2=value2 _val_3=value3));
MPRINT(TABDCONT):   length label1 label2 $250 _val_1 - _val_3 $ 40;
MPRINT(TABDCONT):   set _tabcon2;
MPRINT(TABDCONT):   array _val {*} $ value1 - value3;
MPRINT(TABDCONT):   array nval {*} $ _val_1 - _val_3;
MPRINT(TABDCONT):   do __i = 1 to 3;
MPRINT(TABDCONT):   nval[__i] = _val[__i];
MPRINT(TABDCONT):   if (compress(linlabel)='N' and nval[__i] = '') then nval[__i] = '    0';
MPRINT(TABDCONT):   end;
MPRINT(TABDCONT):   type = "CONT";
MPRINT(TABDCONT):   sortord = 6;
MPRINT(TABDCONT):   label1 = "Weight (kg)                                                                                                             
                                                                                                                                  ";
MPRINT(TABDCONT):   label2 = "                                                                                                                        
                                                                                                                                  ";
MPRINT(TABDCONT):   run;

NOTE: There were 5 observations read from the data set WORK._TABCON2.
NOTE: The data set WORK._TABCON2 has 5 observations and 13 variables.
NOTE: DATA statement used (Total process time):
      real time           0.00 seconds
                                                                    The SAS System

      cpu time            0.00 seconds
      

MPRINT(PVALUE):   data _tabcon2;
MPRINT(PVALUE):   set _tabcon2;
MPRINT(PVALUE):   drop _tmp_value;
MPRINT(PVALUE):   format pvalc1 $8.;
MPRINT(PVALUE):   label pvalc1= 'p-value';
MPRINT(PVALUE):   if (missing(pval1)) then pvalc1 = 'N/A';
MPRINT(PVALUE):   else do;
MPRINT(PVALUE):   _tmp_value = pval1;
MPRINT(PVALUE):   if (_tmp_value<0 or _tmp_value>1) then pvalc1 = 'ER'||'ROR';
MPRINT(PVALUE):   else if (_tmp_value<0.0001) then pvalc1 ='<0.0001';
MPRINT(PVALUE):   else pvalc1 = put( _tmp_value, 6.4);
MPRINT(PVALUE):   end;
MPRINT(PVALUE):   run;

NOTE: There were 5 observations read from the data set WORK._TABCON2.
NOTE: The data set WORK._TABCON2 has 5 observations and 14 variables.
NOTE: DATA statement used (Total process time):
      real time           0.00 seconds
      cpu time            0.01 seconds
      

MPRINT(TABDCONT):  ;
MPRINT(PVALUE):   data _tabcon2;
MPRINT(PVALUE):   set _tabcon2;
MPRINT(PVALUE):   drop _tmp_value;
MPRINT(PVALUE):   format pvalc2 $8.;
MPRINT(PVALUE):   label pvalc2= 'p-value';
MPRINT(PVALUE):   if (missing(pval2)) then pvalc2 = 'N/A';
MPRINT(PVALUE):   else do;
MPRINT(PVALUE):   _tmp_value = pval2;
MPRINT(PVALUE):   if (_tmp_value<0 or _tmp_value>1) then pvalc2 = 'ER'||'ROR';
MPRINT(PVALUE):   else if (_tmp_value<0.0001) then pvalc2 ='<0.0001';
MPRINT(PVALUE):   else pvalc2 = put( _tmp_value, 6.4);
MPRINT(PVALUE):   end;
MPRINT(PVALUE):   run;

NOTE: There were 5 observations read from the data set WORK._TABCON2.
NOTE: The data set WORK._TABCON2 has 5 observations and 15 variables.
NOTE: DATA statement used (Total process time):
      real time           0.00 seconds
      cpu time            0.00 seconds
      

                                                                    The SAS System

MPRINT(TABDCONT):  ;
MPRINT(TABDCONT):   data _tabcon2;
MPRINT(TABDCONT):   set _tabcon2;
MPRINT(TABDCONT):   format pvalc1 pvalc2;
MPRINT(TABDCONT):   run;

NOTE: There were 5 observations read from the data set WORK._TABCON2.
NOTE: The data set WORK._TABCON2 has 5 observations and 15 variables.
NOTE: DATA statement used (Total process time):
      real time           0.00 seconds
      cpu time            0.00 seconds
      

MPRINT(TABDCONT):   data combine;
MPRINT(TABDCONT):   set combine _tabcon2;
MPRINT(TABDCONT):   run;

NOTE: There were 15 observations read from the data set WORK.COMBINE.
NOTE: There were 5 observations read from the data set WORK._TABCON2.
NOTE: The data set WORK.COMBINE has 20 observations and 16 variables.
NOTE: DATA statement used (Total process time):
      real time           0.00 seconds
      cpu time            0.01 seconds
      

MPRINT(TABDCONT):   *----------------------------------------------------------------------------;
MPRINT(TABDCONT):   * Cleanup ;
MPRINT(TABDCONT):   *----------------------------------------------------------------------------;
MPRINT(TABDCONT):   proc datasets library = work nolist;
MPRINT(TABDCONT):   delete _tabcon: ;
MPRINT(TABDCONT):   quit;

NOTE: Deleting WORK._TABCON0 (memtype=DATA).
NOTE: Deleting WORK._TABCON1 (memtype=DATA).
NOTE: Deleting WORK._TABCON2 (memtype=DATA).
NOTE: PROCEDURE DATASETS used (Total process time):
      real time           0.00 seconds
      cpu time            0.00 seconds
      

MPRINT(MAIN):  ;
MPRINT(TABDCONT):   *** if cileveld=95 then alpha = .05 ***;
MPRINT(TABDCONT):   *** default is .05 ***;
MPRINT(TABDCONT):   *-----------------------------------------------------------------------------------------------* | Definition of internal macros 
| *-----------------------------------------------------------------------------------------------*;
MPRINT(TABDCONT):   ************************************************************;
                                                                    The SAS System

MPRINT(TABDCONT):   *** macro tab_anova2 for m_dif=ANOVA2 ***;
MPRINT(TABDCONT):   *** ***;
MPRINT(TABDCONT):   *** Calculate ANOVA using contrast for each pairwise ***;
MPRINT(TABDCONT):   *** if byvar is used, byvar=0 is the baseline ***;
MPRINT(TABDCONT):   *** if no byvar used, var=_0 is the baseline ***;
MPRINT(TABDCONT):   ************************************************************;
MPRINT(TABDCONT):   ************************************************************;
MPRINT(TABDCONT):   *** macro p_npar ***;
MPRINT(TABDCONT):   *** ***;
MPRINT(TABDCONT):   *** Calculate nonparametric p-values like Wilcoxon and ***;
MPRINT(TABDCONT):   *** Van der Waerden using proc npar1way ***;
MPRINT(TABDCONT):   ************************************************************;
MPRINT(TABDCONT):   ************************************************************;
MPRINT(TABDCONT):   *** macro p_glm ***;
MPRINT(TABDCONT):   *** ***;
MPRINT(TABDCONT):   *** Calculate stratum weighted ANOVA p-values using ***;
MPRINT(TABDCONT):   *** proc glm ***;
MPRINT(TABDCONT):   ************************************************************;
MPRINT(TABDCONT):   ************************************;
MPRINT(TABDCONT):   *** macro p_rank ***;
MPRINT(TABDCONT):   *** ***;
MPRINT(TABDCONT):   *** Calculate p-values using ***;
MPRINT(TABDCONT):   *** Stratified Rank Sum test ***;
MPRINT(TABDCONT):   ************************************;
MPRINT(TABDCONT):   *******************************************************;
MPRINT(TABDCONT):   *** macro tab_nump ***;
MPRINT(TABDCONT):   *** ***;
MPRINT(TABDCONT):   *** call the 3 macros p_npar p_glm and p_rank to do ***;
MPRINT(TABDCONT):   *** p-value for pairwise comparisons ***;
MPRINT(TABDCONT):   *******************************************************;
MPRINT(TABDCONT):   ***********************************************************;
MPRINT(TABDCONT):   *** macro tab_cimd ***;
MPRINT(TABDCONT):   *** ***;
MPRINT(TABDCONT):   *** call the 3 macros p_npar p_glm and p_rank to do ***;
MPRINT(TABDCONT):   *** dif and ci for pairwise comparison ***;
MPRINT(TABDCONT):   ***********************************************************;
MPRINT(TABDCONT):   *****************************************************************************;
MPRINT(TABDCONT):   *** macro dif_hl ***;
MPRINT(TABDCONT):   *** ***;
MPRINT(TABDCONT):   *** use the algorithm describe in 'Calculating a Nonparametric Estimate ***;
MPRINT(TABDCONT):   *** and Confidence Interval Using SAS Sorfware' a SUGI paper by Chris ***;
MPRINT(TABDCONT):   *** Decker to calculate the Hodges-Lehmann estimates. ***;
MPRINT(TABDCONT):   *****************************************************************************;
MPRINT(TABDCONT):   ********************************************************************;
MPRINT(TABDCONT):   *** macro dif_ano ***;
MPRINT(TABDCONT):   *** ***;
                                                                    The SAS System

MPRINT(TABDCONT):   *** using prog glm to generate stratum weighted ANOVA estimates ***;
MPRINT(TABDCONT):   *** of differences in mean and confidence limit ***;
MPRINT(TABDCONT):   ********************************************************************;
MPRINT(TABDCONT):   *************************************************************************;
MPRINT(TABDCONT):   *** macro dif_std ***;
MPRINT(TABDCONT):   *** ***;
MPRINT(TABDCONT):   *** calculate standard differences in mean and confidence limit ***;
MPRINT(TABDCONT):   *************************************************************************;
MPRINT(TABDCONT):   ******************************************************************;
MPRINT(TABDCONT):   *** macro univar ***;
MPRINT(TABDCONT):   *** ***;
MPRINT(TABDCONT):   *** calculate univariate statistics in normal and/or log scale ***;
MPRINT(TABDCONT):   ******************************************************************;
MPRINT(TABDCONT):   *-----------------------------------------------------------------------------------------------------------* | End of internal 
macro definition and beginning of tabdcont main section | 
*-----------------------------------------------------------------------------------------------------------*;
MPRINT(TABDCONT):   * ---------------------------------------- *;
MPRINT(TABDCONT):   * debug code - turn off noprint options *;
MPRINT(TABDCONT):   * ---------------------------------------- *;
MPRINT(TABDCONT):   *** local pairwise variable ***;
MPRINT(TABDCONT):   **********************************************************************************;
MPRINT(TABDCONT):   *** set default for decimal places in output ***;
MPRINT(TABDCONT):   *** If median, quartile, range, cv, difference decimals not set, use mean dec ***;
MPRINT(TABDCONT):   **********************************************************************************;
MPRINT(TABDCONT):   *****************;
MPRINT(TABDCONT):   *** SD or SE? ***;
MPRINT(TABDCONT):   *****************;
MPRINT(TABDCONT):   **************************************************;
MPRINT(TABDCONT):   *** modify stratification locally if requested ***;
MPRINT(TABDCONT):   **************************************************;
MPRINT(TABDCONT):   *----------------------------------------------------------------------------;
MPRINT(TABDCONT):   * Get variable information from dataset - abort if it is not there ;
MPRINT(TABDCONT):   *----------------------------------------------------------------------------;
MPRINT(TABDCONT):   data _null_;
MPRINT(TABDCONT):   length label1 label2 $250;
MPRINT(TABDCONT):   ds = open("analf","i");
MPRINT(TABDCONT):   var = varnum(ds , "bht");
MPRINT(TABDCONT):   if not(var) then do;
MPRINT(TABDCONT):   call symput("_errcode","F");
MPRINT(TABDCONT):   call symput("_errmsg","Continuous analysis variable bht .does not. exist - canceling run" );
MPRINT(TABDCONT):   end;
MPRINT(TABDCONT):   else do;
MPRINT(TABDCONT):   label1 = varlabel(ds,var);
MPRINT(TABDCONT):   if index(label1,'~') > 0 then do;
MPRINT(TABDCONT):   label2 = scan(label1,2,'~');
MPRINT(TABDCONT):   label1 = scan(label1,1,'~');
                                                                    The SAS System

MPRINT(TABDCONT):   end;
MPRINT(TABDCONT):   call symput("label1",label1);
MPRINT(TABDCONT):   call symput("label2",label2);
MPRINT(TABDCONT):   end;
MPRINT(TABDCONT):   *** Check stratification variables ***;
MPRINT(TABDCONT):   run;

NOTE: DATA statement used (Total process time):
      real time           0.00 seconds
      cpu time            0.00 seconds
      

MPRINT(TABDCONT):   *********************************;
MPRINT(TABDCONT):   *** end of macro set up ***;
MPRINT(TABDCONT):   *** beginning of calculations ***;
MPRINT(TABDCONT):   *********************************;
MPRINT(TABDCONT):   *----------------------------------------------------------------------------;
MPRINT(TABDCONT):   * Generate and format descriptive statistics ;
MPRINT(TABDCONT):   *----------------------------------------------------------------------------;
MPRINT(UNIVAR):   *-----------------------------------------------*;
MPRINT(UNIVAR):   * Generate and format univariate statistics *;
MPRINT(UNIVAR):   ;
MPRINT(UNIVAR):   *-----------------------------------------------*;
MPRINT(UNIVAR):   proc univariate data=analf NOPRINT;
MPRINT(UNIVAR):   by trt01pn ;
MPRINT(UNIVAR):   var bht;
MPRINT(UNIVAR):   output out=_tabcon0 n = n mean = mean median = median stdmean = stdmean std = sd q1 = qone q3 = qthre min = min max = max var = var 
t = t probt = probt probm = probm probs = probs msign = msign signrank = signrank cv = cv ;
MPRINT(UNIVAR):   * title2 'Macro tabdcont: File _TABCON0';
MPRINT(UNIVAR):   run;

NOTE: The data set WORK._TABCON0 has 3 observations and 18 variables.
NOTE: PROCEDURE UNIVARIATE used (Total process time):
      real time           0.00 seconds
      cpu time            0.01 seconds
      

MPRINT(UNIVAR):   *----------------------------------------------------------------------------;
MPRINT(UNIVAR):   * If geometric mean or ci is requested, check for negative value in &var ;
MPRINT(UNIVAR):   *----------------------------------------------------------------------------;
MPRINT(UNIVAR):   data _tabcon1;
MPRINT(UNIVAR):   set _tabcon0;
MPRINT(UNIVAR):   length statval $ 40 linlabel $250 statord $ 40;
MPRINT(UNIVAR):   statord = '1';
MPRINT(UNIVAR):   linlabel = 'N';
MPRINT(UNIVAR):   statval = ' ';
                                                                    The SAS System

MPRINT(UNIVAR):   if (n>.) then statval = put(n, 5. );
MPRINT(UNIVAR):   output;
MPRINT(UNIVAR):   *** Special clause, used to prevent some means from ***;
MPRINT(UNIVAR):   *** being printed as "-0.00", just show as "0.00" ***;
MPRINT(UNIVAR):   *** if n=0, then statval had carried through at 0 also ***;
MPRINT(UNIVAR):   *** force it to be missing ***;
MPRINT(UNIVAR):   statord = '2';
MPRINT(UNIVAR):   linlabel = "Mean (SD)";
MPRINT(UNIVAR):   statval = ' ';
MPRINT(UNIVAR):   if (n>0) then do;
MPRINT(UNIVAR):   statval = left(put( round(mean,10**(-1*1)), 8.1 ));
MPRINT(UNIVAR):   if abs(input(statval,??best.)) eq 0 then do;
MPRINT(UNIVAR):   statval = left(put( 0, 8.1 ));
MPRINT(UNIVAR):   end;
MPRINT(UNIVAR):   end;
MPRINT(UNIVAR):   if (n>1) then do;
MPRINT(UNIVAR):   statval = trim(statval) || ' (' || trim(left(put(round(sd,10**(-1*2)), 8.2 ))) || ')';
MPRINT(UNIVAR):   end;
MPRINT(UNIVAR):   output;
MPRINT(UNIVAR):   statord = '6';
MPRINT(UNIVAR):   linlabel = 'Median';
MPRINT(UNIVAR):   statval = ' ';
MPRINT(UNIVAR):   if (n>0) then do;
MPRINT(UNIVAR):   **if median^=. then statval = trim(put(median, &_statlenc..&meddec ));
MPRINT(UNIVAR):   if median^=. then statval = trim(put(round(median, 10**(-1*1)), 8.1 ));
MPRINT(UNIVAR):   if abs(input(statval,??best.)) eq 0 then statval = left(put(0, 8.1 ));
MPRINT(UNIVAR):   end;
MPRINT(UNIVAR):   output;
MPRINT(UNIVAR):   statord = '7';
MPRINT(UNIVAR):   linlabel = 'Q1, Q3';
MPRINT(UNIVAR):   statval = ' ';
MPRINT(UNIVAR):   if (n>0) then do;
MPRINT(UNIVAR):   statval = trim(put(round(qone,10**(-1*1)), 8.1 ))|| ', ' || left(put(round(qthre,10**(-1*1)),8.1));
MPRINT(UNIVAR):   end;
MPRINT(UNIVAR):   output;
MPRINT(UNIVAR):   statord = '8';
MPRINT(UNIVAR):   linlabel = 'Min, Max';
MPRINT(UNIVAR):   statval = ' ';
MPRINT(UNIVAR):   if (n>0) then do;
MPRINT(UNIVAR):   statval = trim(put(round(min,10**(-1*1)), 8.1 )) || ', ' || left(put(round(max,10**(-1*1)),8.1 ));
MPRINT(UNIVAR):   end;
MPRINT(UNIVAR):   output;
MPRINT(UNIVAR):   ***************************************************;
MPRINT(UNIVAR):   ** add change-from-baseline p-value if requested **;
MPRINT(UNIVAR):   ***************************************************;
MPRINT(UNIVAR):   run;
                                                                    The SAS System


NOTE: There were 3 observations read from the data set WORK._TABCON0.
NOTE: The data set WORK._TABCON1 has 15 observations and 21 variables.
NOTE: DATA statement used (Total process time):
      real time           0.00 seconds
      cpu time            0.00 seconds
      

MPRINT(UNIVAR):   **********************************************************;
MPRINT(UNIVAR):   *** add geometric mean and CV to _tabcon1 if requested ***;
MPRINT(UNIVAR):   **********************************************************;
MPRINT(UNIVAR):   ********************************************************************;
MPRINT(UNIVAR):   *** spaces added to line up the output based on new standard SAP ***;
MPRINT(UNIVAR):   ********************************************************************;
MPRINT(UNIVAR):   data _tabcon1;
MPRINT(UNIVAR):   set _tabcon1;
MPRINT(UNIVAR):   retain padlen 0;
MPRINT(UNIVAR):   len=length(scan(left(statval),1,'., '));
MPRINT(UNIVAR):   if len>padlen then padlen=len;
MPRINT(UNIVAR):   call symput("padlen",compress(put(padlen,8.)));
MPRINT(UNIVAR):   run;

NOTE: There were 15 observations read from the data set WORK._TABCON1.
NOTE: The data set WORK._TABCON1 has 15 observations and 23 variables.
NOTE: DATA statement used (Total process time):
      real time           0.00 seconds
      cpu time            0.01 seconds
      

MPRINT(UNIVAR):   data _tabcon1 (drop=statval rename=(statval2=statval));
MPRINT(UNIVAR):   set _tabcon1 (drop=padlen);
MPRINT(UNIVAR):   if left(linlabel)='N' then do;
MPRINT(UNIVAR):   statval2=trim(repeat(' ',3-length(scan(left(statval),1,'.'))+1)||left(statval));
MPRINT(UNIVAR):   end;
MPRINT(UNIVAR):   else do;
MPRINT(UNIVAR):   if len=3 then statval2=left(statval);
MPRINT(UNIVAR):   else statval2=trim(repeat(' ',3-len-1)||left(statval));
MPRINT(UNIVAR):   end;
MPRINT(UNIVAR):   run;

NOTE: There were 15 observations read from the data set WORK._TABCON1.
NOTE: The data set WORK._TABCON1 has 15 observations and 22 variables.
NOTE: DATA statement used (Total process time):
      real time           0.00 seconds
      cpu time            0.00 seconds
      
                                                                    The SAS System


MPRINT(UNIVAR):   proc sort data = _tabcon1;
MPRINT(UNIVAR):   by statord linlabel trt01pn;
MPRINT(UNIVAR):   where trt01pn ne .;
MPRINT(UNIVAR):   run;

NOTE: There were 15 observations read from the data set WORK._TABCON1.
      WHERE trt01pn not = .;
NOTE: SAS sort was used.
NOTE: The data set WORK._TABCON1 has 15 observations and 22 variables.
NOTE: PROCEDURE SORT used (Total process time):
      real time           0.00 seconds
      cpu time            0.00 seconds
      

MPRINT(UNIVAR):   proc transpose data=_tabcon1 prefix=value out=_tabcon2 ;
MPRINT(UNIVAR):   var statval;
MPRINT(UNIVAR):   by statord linlabel ;
MPRINT(UNIVAR):   id trt01pn;
MPRINT(UNIVAR):   run;

NOTE: There were 15 observations read from the data set WORK._TABCON1.
NOTE: The data set WORK._TABCON2 has 5 observations and 6 variables.
NOTE: PROCEDURE TRANSPOSE used (Total process time):
      real time           0.00 seconds
      cpu time            0.00 seconds
      

MPRINT(UNIVAR):   data _tabcon2;
MPRINT(UNIVAR):   set _tabcon2;
MPRINT(UNIVAR):   pval1=.;
MPRINT(UNIVAR):   pval2=.;
MPRINT(UNIVAR):   run;

NOTE: There were 5 observations read from the data set WORK._TABCON2.
NOTE: The data set WORK._TABCON2 has 5 observations and 8 variables.
NOTE: DATA statement used (Total process time):
      real time           0.00 seconds
      cpu time            0.00 seconds
      

MPRINT(TABDCONT):  ;
MPRINT(TABDCONT):   ******************************************************************;
MPRINT(TABDCONT):   *** test: if n=0 then skip rest of calculation for that colvar ***;
MPRINT(TABDCONT):   *** assumption: number of column < 10 ***;
MPRINT(TABDCONT):   ******************************************************************;
                                                                    The SAS System

MPRINT(TABDCONT):   proc sort data=_tabcon1 out=test (keep=n trt01pn) nodupkey;
MPRINT(TABDCONT):   by trt01pn descending n;
MPRINT(TABDCONT):   run;

NOTE: There were 15 observations read from the data set WORK._TABCON1.
NOTE: SAS sort was used.
NOTE: 12 observations with duplicate key values were deleted.
NOTE: The data set WORK.TEST has 3 observations and 2 variables.
NOTE: PROCEDURE SORT used (Total process time):
      real time           0.00 seconds
      cpu time            0.00 seconds
      

MPRINT(TABDCONT):   ** this code was added so when byvar is specified, and 0 obs exist **;
MPRINT(TABDCONT):   ** for that byvar value for colvar, then it will still create the **;
MPRINT(TABDCONT):   ** table spacing properly - kad 11May2010 **;
MPRINT(TABDCONT):  ;
MPRINT(TABDCONT):   *----------------------------------------------------------------------------*;
MPRINT(TABDCONT):   * If overall p-values are requested, generate and add to the dataset *;
MPRINT(TABDCONT):   * Up to two can be requested *;
MPRINT(TABDCONT):   *----------------------------------------------------------------------------*;
MPRINT(TABDCONT):   ********************************;
MPRINT(TABDCONT):   *** do pairwise calculations ***;
MPRINT(TABDCONT):   ********************************;
MPRINT(TABDCONT):   *----------------------------------------------------------------------------*;
MPRINT(TABDCONT):   * combine the output files *;
MPRINT(TABDCONT):   *----------------------------------------------------------------------------*;
MPRINT(TABDCONT):   data _tabcon2 (drop=value: rename=( _val_1=value1 _val_2=value2 _val_3=value3));
MPRINT(TABDCONT):   length label1 label2 $250 _val_1 - _val_3 $ 40;
MPRINT(TABDCONT):   set _tabcon2;
MPRINT(TABDCONT):   array _val {*} $ value1 - value3;
MPRINT(TABDCONT):   array nval {*} $ _val_1 - _val_3;
MPRINT(TABDCONT):   do __i = 1 to 3;
MPRINT(TABDCONT):   nval[__i] = _val[__i];
MPRINT(TABDCONT):   if (compress(linlabel)='N' and nval[__i] = '') then nval[__i] = '    0';
MPRINT(TABDCONT):   end;
MPRINT(TABDCONT):   type = "CONT";
MPRINT(TABDCONT):   sortord = 7;
MPRINT(TABDCONT):   label1 = "Height (cm)                                                                                                             
                                                                                                                                  ";
MPRINT(TABDCONT):   label2 = "                                                                                                                        
                                                                                                                                  ";
MPRINT(TABDCONT):   run;

NOTE: There were 5 observations read from the data set WORK._TABCON2.
NOTE: The data set WORK._TABCON2 has 5 observations and 13 variables.
                                                                    The SAS System

NOTE: DATA statement used (Total process time):
      real time           0.00 seconds
      cpu time            0.01 seconds
      

MPRINT(PVALUE):   data _tabcon2;
MPRINT(PVALUE):   set _tabcon2;
MPRINT(PVALUE):   drop _tmp_value;
MPRINT(PVALUE):   format pvalc1 $8.;
MPRINT(PVALUE):   label pvalc1= 'p-value';
MPRINT(PVALUE):   if (missing(pval1)) then pvalc1 = 'N/A';
MPRINT(PVALUE):   else do;
MPRINT(PVALUE):   _tmp_value = pval1;
MPRINT(PVALUE):   if (_tmp_value<0 or _tmp_value>1) then pvalc1 = 'ER'||'ROR';
MPRINT(PVALUE):   else if (_tmp_value<0.0001) then pvalc1 ='<0.0001';
MPRINT(PVALUE):   else pvalc1 = put( _tmp_value, 6.4);
MPRINT(PVALUE):   end;
MPRINT(PVALUE):   run;

NOTE: There were 5 observations read from the data set WORK._TABCON2.
NOTE: The data set WORK._TABCON2 has 5 observations and 14 variables.
NOTE: DATA statement used (Total process time):
      real time           0.00 seconds
      cpu time            0.00 seconds
      

MPRINT(TABDCONT):  ;
MPRINT(PVALUE):   data _tabcon2;
MPRINT(PVALUE):   set _tabcon2;
MPRINT(PVALUE):   drop _tmp_value;
MPRINT(PVALUE):   format pvalc2 $8.;
MPRINT(PVALUE):   label pvalc2= 'p-value';
MPRINT(PVALUE):   if (missing(pval2)) then pvalc2 = 'N/A';
MPRINT(PVALUE):   else do;
MPRINT(PVALUE):   _tmp_value = pval2;
MPRINT(PVALUE):   if (_tmp_value<0 or _tmp_value>1) then pvalc2 = 'ER'||'ROR';
MPRINT(PVALUE):   else if (_tmp_value<0.0001) then pvalc2 ='<0.0001';
MPRINT(PVALUE):   else pvalc2 = put( _tmp_value, 6.4);
MPRINT(PVALUE):   end;
MPRINT(PVALUE):   run;

NOTE: There were 5 observations read from the data set WORK._TABCON2.
NOTE: The data set WORK._TABCON2 has 5 observations and 15 variables.
NOTE: DATA statement used (Total process time):
      real time           0.00 seconds
      cpu time            0.00 seconds
                                                                    The SAS System

      

MPRINT(TABDCONT):  ;
MPRINT(TABDCONT):   data _tabcon2;
MPRINT(TABDCONT):   set _tabcon2;
MPRINT(TABDCONT):   format pvalc1 pvalc2;
MPRINT(TABDCONT):   run;

NOTE: There were 5 observations read from the data set WORK._TABCON2.
NOTE: The data set WORK._TABCON2 has 5 observations and 15 variables.
NOTE: DATA statement used (Total process time):
      real time           0.00 seconds
      cpu time            0.00 seconds
      

MPRINT(TABDCONT):   data combine;
MPRINT(TABDCONT):   set combine _tabcon2;
MPRINT(TABDCONT):   run;

NOTE: There were 20 observations read from the data set WORK.COMBINE.
NOTE: There were 5 observations read from the data set WORK._TABCON2.
NOTE: The data set WORK.COMBINE has 25 observations and 16 variables.
NOTE: DATA statement used (Total process time):
      real time           0.00 seconds
      cpu time            0.01 seconds
      

MPRINT(TABDCONT):   *----------------------------------------------------------------------------;
MPRINT(TABDCONT):   * Cleanup ;
MPRINT(TABDCONT):   *----------------------------------------------------------------------------;
MPRINT(TABDCONT):   proc datasets library = work nolist;
MPRINT(TABDCONT):   delete _tabcon: ;
MPRINT(TABDCONT):   quit;

NOTE: Deleting WORK._TABCON0 (memtype=DATA).
NOTE: Deleting WORK._TABCON1 (memtype=DATA).
NOTE: Deleting WORK._TABCON2 (memtype=DATA).
NOTE: PROCEDURE DATASETS used (Total process time):
      real time           0.00 seconds
      cpu time            0.00 seconds
      

MPRINT(MAIN):  ;
MPRINT(TABDCONT):   *** if cileveld=95 then alpha = .05 ***;
MPRINT(TABDCONT):   *** default is .05 ***;
MPRINT(TABDCONT):   *-----------------------------------------------------------------------------------------------* | Definition of internal macros 
                                                                    The SAS System

| *-----------------------------------------------------------------------------------------------*;
MPRINT(TABDCONT):   ************************************************************;
MPRINT(TABDCONT):   *** macro tab_anova2 for m_dif=ANOVA2 ***;
MPRINT(TABDCONT):   *** ***;
MPRINT(TABDCONT):   *** Calculate ANOVA using contrast for each pairwise ***;
MPRINT(TABDCONT):   *** if byvar is used, byvar=0 is the baseline ***;
MPRINT(TABDCONT):   *** if no byvar used, var=_0 is the baseline ***;
MPRINT(TABDCONT):   ************************************************************;
MPRINT(TABDCONT):   ************************************************************;
MPRINT(TABDCONT):   *** macro p_npar ***;
MPRINT(TABDCONT):   *** ***;
MPRINT(TABDCONT):   *** Calculate nonparametric p-values like Wilcoxon and ***;
MPRINT(TABDCONT):   *** Van der Waerden using proc npar1way ***;
MPRINT(TABDCONT):   ************************************************************;
MPRINT(TABDCONT):   ************************************************************;
MPRINT(TABDCONT):   *** macro p_glm ***;
MPRINT(TABDCONT):   *** ***;
MPRINT(TABDCONT):   *** Calculate stratum weighted ANOVA p-values using ***;
MPRINT(TABDCONT):   *** proc glm ***;
MPRINT(TABDCONT):   ************************************************************;
MPRINT(TABDCONT):   ************************************;
MPRINT(TABDCONT):   *** macro p_rank ***;
MPRINT(TABDCONT):   *** ***;
MPRINT(TABDCONT):   *** Calculate p-values using ***;
MPRINT(TABDCONT):   *** Stratified Rank Sum test ***;
MPRINT(TABDCONT):   ************************************;
MPRINT(TABDCONT):   *******************************************************;
MPRINT(TABDCONT):   *** macro tab_nump ***;
MPRINT(TABDCONT):   *** ***;
MPRINT(TABDCONT):   *** call the 3 macros p_npar p_glm and p_rank to do ***;
MPRINT(TABDCONT):   *** p-value for pairwise comparisons ***;
MPRINT(TABDCONT):   *******************************************************;
MPRINT(TABDCONT):   ***********************************************************;
MPRINT(TABDCONT):   *** macro tab_cimd ***;
MPRINT(TABDCONT):   *** ***;
MPRINT(TABDCONT):   *** call the 3 macros p_npar p_glm and p_rank to do ***;
MPRINT(TABDCONT):   *** dif and ci for pairwise comparison ***;
MPRINT(TABDCONT):   ***********************************************************;
MPRINT(TABDCONT):   *****************************************************************************;
MPRINT(TABDCONT):   *** macro dif_hl ***;
MPRINT(TABDCONT):   *** ***;
MPRINT(TABDCONT):   *** use the algorithm describe in 'Calculating a Nonparametric Estimate ***;
MPRINT(TABDCONT):   *** and Confidence Interval Using SAS Sorfware' a SUGI paper by Chris ***;
MPRINT(TABDCONT):   *** Decker to calculate the Hodges-Lehmann estimates. ***;
MPRINT(TABDCONT):   *****************************************************************************;
MPRINT(TABDCONT):   ********************************************************************;
                                                                    The SAS System

MPRINT(TABDCONT):   *** macro dif_ano ***;
MPRINT(TABDCONT):   *** ***;
MPRINT(TABDCONT):   *** using prog glm to generate stratum weighted ANOVA estimates ***;
MPRINT(TABDCONT):   *** of differences in mean and confidence limit ***;
MPRINT(TABDCONT):   ********************************************************************;
MPRINT(TABDCONT):   *************************************************************************;
MPRINT(TABDCONT):   *** macro dif_std ***;
MPRINT(TABDCONT):   *** ***;
MPRINT(TABDCONT):   *** calculate standard differences in mean and confidence limit ***;
MPRINT(TABDCONT):   *************************************************************************;
MPRINT(TABDCONT):   ******************************************************************;
MPRINT(TABDCONT):   *** macro univar ***;
MPRINT(TABDCONT):   *** ***;
MPRINT(TABDCONT):   *** calculate univariate statistics in normal and/or log scale ***;
MPRINT(TABDCONT):   ******************************************************************;
MPRINT(TABDCONT):   *-----------------------------------------------------------------------------------------------------------* | End of internal 
macro definition and beginning of tabdcont main section | 
*-----------------------------------------------------------------------------------------------------------*;
MPRINT(TABDCONT):   * ---------------------------------------- *;
MPRINT(TABDCONT):   * debug code - turn off noprint options *;
MPRINT(TABDCONT):   * ---------------------------------------- *;
MPRINT(TABDCONT):   *** local pairwise variable ***;
MPRINT(TABDCONT):   **********************************************************************************;
MPRINT(TABDCONT):   *** set default for decimal places in output ***;
MPRINT(TABDCONT):   *** If median, quartile, range, cv, difference decimals not set, use mean dec ***;
MPRINT(TABDCONT):   **********************************************************************************;
MPRINT(TABDCONT):   *****************;
MPRINT(TABDCONT):   *** SD or SE? ***;
MPRINT(TABDCONT):   *****************;
MPRINT(TABDCONT):   **************************************************;
MPRINT(TABDCONT):   *** modify stratification locally if requested ***;
MPRINT(TABDCONT):   **************************************************;
MPRINT(TABDCONT):   *----------------------------------------------------------------------------;
MPRINT(TABDCONT):   * Get variable information from dataset - abort if it is not there ;
MPRINT(TABDCONT):   *----------------------------------------------------------------------------;
MPRINT(TABDCONT):   data _null_;
MPRINT(TABDCONT):   length label1 label2 $250;
MPRINT(TABDCONT):   ds = open("analf","i");
MPRINT(TABDCONT):   var = varnum(ds , "bbmi");
MPRINT(TABDCONT):   if not(var) then do;
MPRINT(TABDCONT):   call symput("_errcode","F");
MPRINT(TABDCONT):   call symput("_errmsg","Continuous analysis variable bbmi .does not. exist - canceling run" );
MPRINT(TABDCONT):   end;
MPRINT(TABDCONT):   else do;
MPRINT(TABDCONT):   label1 = varlabel(ds,var);
MPRINT(TABDCONT):   if index(label1,'~') > 0 then do;
                                                                    The SAS System

MPRINT(TABDCONT):   label2 = scan(label1,2,'~');
MPRINT(TABDCONT):   label1 = scan(label1,1,'~');
MPRINT(TABDCONT):   end;
MPRINT(TABDCONT):   call symput("label1",label1);
MPRINT(TABDCONT):   call symput("label2",label2);
MPRINT(TABDCONT):   end;
MPRINT(TABDCONT):   *** Check stratification variables ***;
MPRINT(TABDCONT):   run;

NOTE: DATA statement used (Total process time):
      real time           0.00 seconds
      cpu time            0.00 seconds
      

MPRINT(TABDCONT):   *********************************;
MPRINT(TABDCONT):   *** end of macro set up ***;
MPRINT(TABDCONT):   *** beginning of calculations ***;
MPRINT(TABDCONT):   *********************************;
MPRINT(TABDCONT):   *----------------------------------------------------------------------------;
MPRINT(TABDCONT):   * Generate and format descriptive statistics ;
MPRINT(TABDCONT):   *----------------------------------------------------------------------------;
MPRINT(UNIVAR):   *-----------------------------------------------*;
MPRINT(UNIVAR):   * Generate and format univariate statistics *;
MPRINT(UNIVAR):   ;
MPRINT(UNIVAR):   *-----------------------------------------------*;
MPRINT(UNIVAR):   proc univariate data=analf NOPRINT;
MPRINT(UNIVAR):   by trt01pn ;
MPRINT(UNIVAR):   var bbmi;
MPRINT(UNIVAR):   output out=_tabcon0 n = n mean = mean median = median stdmean = stdmean std = sd q1 = qone q3 = qthre min = min max = max var = var 
t = t probt = probt probm = probm probs = probs msign = msign signrank = signrank cv = cv ;
MPRINT(UNIVAR):   * title2 'Macro tabdcont: File _TABCON0';
MPRINT(UNIVAR):   run;

NOTE: The data set WORK._TABCON0 has 3 observations and 18 variables.
NOTE: PROCEDURE UNIVARIATE used (Total process time):
      real time           0.00 seconds
      cpu time            0.00 seconds
      

MPRINT(UNIVAR):   *----------------------------------------------------------------------------;
MPRINT(UNIVAR):   * If geometric mean or ci is requested, check for negative value in &var ;
MPRINT(UNIVAR):   *----------------------------------------------------------------------------;
MPRINT(UNIVAR):   data _tabcon1;
MPRINT(UNIVAR):   set _tabcon0;
MPRINT(UNIVAR):   length statval $ 40 linlabel $250 statord $ 40;
MPRINT(UNIVAR):   statord = '1';
                                                                    The SAS System

MPRINT(UNIVAR):   linlabel = 'N';
MPRINT(UNIVAR):   statval = ' ';
MPRINT(UNIVAR):   if (n>.) then statval = put(n, 5. );
MPRINT(UNIVAR):   output;
MPRINT(UNIVAR):   *** Special clause, used to prevent some means from ***;
MPRINT(UNIVAR):   *** being printed as "-0.00", just show as "0.00" ***;
MPRINT(UNIVAR):   *** if n=0, then statval had carried through at 0 also ***;
MPRINT(UNIVAR):   *** force it to be missing ***;
MPRINT(UNIVAR):   statord = '2';
MPRINT(UNIVAR):   linlabel = "Mean (SD)";
MPRINT(UNIVAR):   statval = ' ';
MPRINT(UNIVAR):   if (n>0) then do;
MPRINT(UNIVAR):   statval = left(put( round(mean,10**(-1*1)), 8.1 ));
MPRINT(UNIVAR):   if abs(input(statval,??best.)) eq 0 then do;
MPRINT(UNIVAR):   statval = left(put( 0, 8.1 ));
MPRINT(UNIVAR):   end;
MPRINT(UNIVAR):   end;
MPRINT(UNIVAR):   if (n>1) then do;
MPRINT(UNIVAR):   statval = trim(statval) || ' (' || trim(left(put(round(sd,10**(-1*2)), 8.2 ))) || ')';
MPRINT(UNIVAR):   end;
MPRINT(UNIVAR):   output;
MPRINT(UNIVAR):   statord = '6';
MPRINT(UNIVAR):   linlabel = 'Median';
MPRINT(UNIVAR):   statval = ' ';
MPRINT(UNIVAR):   if (n>0) then do;
MPRINT(UNIVAR):   **if median^=. then statval = trim(put(median, &_statlenc..&meddec ));
MPRINT(UNIVAR):   if median^=. then statval = trim(put(round(median, 10**(-1*1)), 8.1 ));
MPRINT(UNIVAR):   if abs(input(statval,??best.)) eq 0 then statval = left(put(0, 8.1 ));
MPRINT(UNIVAR):   end;
MPRINT(UNIVAR):   output;
MPRINT(UNIVAR):   statord = '7';
MPRINT(UNIVAR):   linlabel = 'Q1, Q3';
MPRINT(UNIVAR):   statval = ' ';
MPRINT(UNIVAR):   if (n>0) then do;
MPRINT(UNIVAR):   statval = trim(put(round(qone,10**(-1*1)), 8.1 ))|| ', ' || left(put(round(qthre,10**(-1*1)),8.1));
MPRINT(UNIVAR):   end;
MPRINT(UNIVAR):   output;
MPRINT(UNIVAR):   statord = '8';
MPRINT(UNIVAR):   linlabel = 'Min, Max';
MPRINT(UNIVAR):   statval = ' ';
MPRINT(UNIVAR):   if (n>0) then do;
MPRINT(UNIVAR):   statval = trim(put(round(min,10**(-1*1)), 8.1 )) || ', ' || left(put(round(max,10**(-1*1)),8.1 ));
MPRINT(UNIVAR):   end;
MPRINT(UNIVAR):   output;
MPRINT(UNIVAR):   ***************************************************;
MPRINT(UNIVAR):   ** add change-from-baseline p-value if requested **;
                                                                    The SAS System

MPRINT(UNIVAR):   ***************************************************;
MPRINT(UNIVAR):   run;

NOTE: There were 3 observations read from the data set WORK._TABCON0.
NOTE: The data set WORK._TABCON1 has 15 observations and 21 variables.
NOTE: DATA statement used (Total process time):
      real time           0.00 seconds
      cpu time            0.00 seconds
      

MPRINT(UNIVAR):   **********************************************************;
MPRINT(UNIVAR):   *** add geometric mean and CV to _tabcon1 if requested ***;
MPRINT(UNIVAR):   **********************************************************;
MPRINT(UNIVAR):   ********************************************************************;
MPRINT(UNIVAR):   *** spaces added to line up the output based on new standard SAP ***;
MPRINT(UNIVAR):   ********************************************************************;
MPRINT(UNIVAR):   data _tabcon1;
MPRINT(UNIVAR):   set _tabcon1;
MPRINT(UNIVAR):   retain padlen 0;
MPRINT(UNIVAR):   len=length(scan(left(statval),1,'., '));
MPRINT(UNIVAR):   if len>padlen then padlen=len;
MPRINT(UNIVAR):   call symput("padlen",compress(put(padlen,8.)));
MPRINT(UNIVAR):   run;

NOTE: There were 15 observations read from the data set WORK._TABCON1.
NOTE: The data set WORK._TABCON1 has 15 observations and 23 variables.
NOTE: DATA statement used (Total process time):
      real time           0.00 seconds
      cpu time            0.00 seconds
      

MPRINT(UNIVAR):   data _tabcon1 (drop=statval rename=(statval2=statval));
MPRINT(UNIVAR):   set _tabcon1 (drop=padlen);
MPRINT(UNIVAR):   if left(linlabel)='N' then do;
MPRINT(UNIVAR):   statval2=trim(repeat(' ',3-length(scan(left(statval),1,'.'))+1)||left(statval));
MPRINT(UNIVAR):   end;
MPRINT(UNIVAR):   else do;
MPRINT(UNIVAR):   if len=3 then statval2=left(statval);
MPRINT(UNIVAR):   else statval2=trim(repeat(' ',3-len-1)||left(statval));
MPRINT(UNIVAR):   end;
MPRINT(UNIVAR):   run;

NOTE: There were 15 observations read from the data set WORK._TABCON1.
NOTE: The data set WORK._TABCON1 has 15 observations and 22 variables.
NOTE: DATA statement used (Total process time):
      real time           0.00 seconds
                                                                    The SAS System

      cpu time            0.00 seconds
      

MPRINT(UNIVAR):   proc sort data = _tabcon1;
MPRINT(UNIVAR):   by statord linlabel trt01pn;
MPRINT(UNIVAR):   where trt01pn ne .;
MPRINT(UNIVAR):   run;

NOTE: There were 15 observations read from the data set WORK._TABCON1.
      WHERE trt01pn not = .;
NOTE: SAS sort was used.
NOTE: The data set WORK._TABCON1 has 15 observations and 22 variables.
NOTE: PROCEDURE SORT used (Total process time):
      real time           0.00 seconds
      cpu time            0.01 seconds
      

MPRINT(UNIVAR):   proc transpose data=_tabcon1 prefix=value out=_tabcon2 ;
MPRINT(UNIVAR):   var statval;
MPRINT(UNIVAR):   by statord linlabel ;
MPRINT(UNIVAR):   id trt01pn;
MPRINT(UNIVAR):   run;

NOTE: There were 15 observations read from the data set WORK._TABCON1.
NOTE: The data set WORK._TABCON2 has 5 observations and 6 variables.
NOTE: PROCEDURE TRANSPOSE used (Total process time):
      real time           0.00 seconds
      cpu time            0.00 seconds
      

MPRINT(UNIVAR):   data _tabcon2;
MPRINT(UNIVAR):   set _tabcon2;
MPRINT(UNIVAR):   pval1=.;
MPRINT(UNIVAR):   pval2=.;
MPRINT(UNIVAR):   run;

NOTE: There were 5 observations read from the data set WORK._TABCON2.
NOTE: The data set WORK._TABCON2 has 5 observations and 8 variables.
NOTE: DATA statement used (Total process time):
      real time           0.00 seconds
      cpu time            0.00 seconds
      

MPRINT(TABDCONT):  ;
MPRINT(TABDCONT):   ******************************************************************;
MPRINT(TABDCONT):   *** test: if n=0 then skip rest of calculation for that colvar ***;
                                                                    The SAS System

MPRINT(TABDCONT):   *** assumption: number of column < 10 ***;
MPRINT(TABDCONT):   ******************************************************************;
MPRINT(TABDCONT):   proc sort data=_tabcon1 out=test (keep=n trt01pn) nodupkey;
MPRINT(TABDCONT):   by trt01pn descending n;
MPRINT(TABDCONT):   run;

NOTE: There were 15 observations read from the data set WORK._TABCON1.
NOTE: SAS sort was used.
NOTE: 12 observations with duplicate key values were deleted.
NOTE: The data set WORK.TEST has 3 observations and 2 variables.
NOTE: PROCEDURE SORT used (Total process time):
      real time           0.00 seconds
      cpu time            0.00 seconds
      

MPRINT(TABDCONT):   ** this code was added so when byvar is specified, and 0 obs exist **;
MPRINT(TABDCONT):   ** for that byvar value for colvar, then it will still create the **;
MPRINT(TABDCONT):   ** table spacing properly - kad 11May2010 **;
MPRINT(TABDCONT):  ;
MPRINT(TABDCONT):   *----------------------------------------------------------------------------*;
MPRINT(TABDCONT):   * If overall p-values are requested, generate and add to the dataset *;
MPRINT(TABDCONT):   * Up to two can be requested *;
MPRINT(TABDCONT):   *----------------------------------------------------------------------------*;
MPRINT(TABDCONT):   ********************************;
MPRINT(TABDCONT):   *** do pairwise calculations ***;
MPRINT(TABDCONT):   ********************************;
MPRINT(TABDCONT):   *----------------------------------------------------------------------------*;
MPRINT(TABDCONT):   * combine the output files *;
MPRINT(TABDCONT):   *----------------------------------------------------------------------------*;
MPRINT(TABDCONT):   data _tabcon2 (drop=value: rename=( _val_1=value1 _val_2=value2 _val_3=value3));
MPRINT(TABDCONT):   length label1 label2 $250 _val_1 - _val_3 $ 40;
MPRINT(TABDCONT):   set _tabcon2;
MPRINT(TABDCONT):   array _val {*} $ value1 - value3;
MPRINT(TABDCONT):   array nval {*} $ _val_1 - _val_3;
MPRINT(TABDCONT):   do __i = 1 to 3;
MPRINT(TABDCONT):   nval[__i] = _val[__i];
MPRINT(TABDCONT):   if (compress(linlabel)='N' and nval[__i] = '') then nval[__i] = '    0';
MPRINT(TABDCONT):   end;
MPRINT(TABDCONT):   type = "CONT";
MPRINT(TABDCONT):   sortord = 8;
MPRINT(TABDCONT):   label1 = "Body Mass Index (kg/m^2)                                                                                                
                                                                                                                                  ";
MPRINT(TABDCONT):   label2 = "                                                                                                                        
                                                                                                                                  ";
MPRINT(TABDCONT):   run;

                                                                    The SAS System

NOTE: There were 5 observations read from the data set WORK._TABCON2.
NOTE: The data set WORK._TABCON2 has 5 observations and 13 variables.
NOTE: DATA statement used (Total process time):
      real time           0.00 seconds
      cpu time            0.00 seconds
      

MPRINT(PVALUE):   data _tabcon2;
MPRINT(PVALUE):   set _tabcon2;
MPRINT(PVALUE):   drop _tmp_value;
MPRINT(PVALUE):   format pvalc1 $8.;
MPRINT(PVALUE):   label pvalc1= 'p-value';
MPRINT(PVALUE):   if (missing(pval1)) then pvalc1 = 'N/A';
MPRINT(PVALUE):   else do;
MPRINT(PVALUE):   _tmp_value = pval1;
MPRINT(PVALUE):   if (_tmp_value<0 or _tmp_value>1) then pvalc1 = 'ER'||'ROR';
MPRINT(PVALUE):   else if (_tmp_value<0.0001) then pvalc1 ='<0.0001';
MPRINT(PVALUE):   else pvalc1 = put( _tmp_value, 6.4);
MPRINT(PVALUE):   end;
MPRINT(PVALUE):   run;

NOTE: There were 5 observations read from the data set WORK._TABCON2.
NOTE: The data set WORK._TABCON2 has 5 observations and 14 variables.
NOTE: DATA statement used (Total process time):
      real time           0.00 seconds
      cpu time            0.00 seconds
      

MPRINT(TABDCONT):  ;
MPRINT(PVALUE):   data _tabcon2;
MPRINT(PVALUE):   set _tabcon2;
MPRINT(PVALUE):   drop _tmp_value;
MPRINT(PVALUE):   format pvalc2 $8.;
MPRINT(PVALUE):   label pvalc2= 'p-value';
MPRINT(PVALUE):   if (missing(pval2)) then pvalc2 = 'N/A';
MPRINT(PVALUE):   else do;
MPRINT(PVALUE):   _tmp_value = pval2;
MPRINT(PVALUE):   if (_tmp_value<0 or _tmp_value>1) then pvalc2 = 'ER'||'ROR';
MPRINT(PVALUE):   else if (_tmp_value<0.0001) then pvalc2 ='<0.0001';
MPRINT(PVALUE):   else pvalc2 = put( _tmp_value, 6.4);
MPRINT(PVALUE):   end;
MPRINT(PVALUE):   run;

NOTE: There were 5 observations read from the data set WORK._TABCON2.
NOTE: The data set WORK._TABCON2 has 5 observations and 15 variables.
NOTE: DATA statement used (Total process time):
                                                                    The SAS System

      real time           0.00 seconds
      cpu time            0.00 seconds
      

MPRINT(TABDCONT):  ;
MPRINT(TABDCONT):   data _tabcon2;
MPRINT(TABDCONT):   set _tabcon2;
MPRINT(TABDCONT):   format pvalc1 pvalc2;
MPRINT(TABDCONT):   run;

NOTE: There were 5 observations read from the data set WORK._TABCON2.
NOTE: The data set WORK._TABCON2 has 5 observations and 15 variables.
NOTE: DATA statement used (Total process time):
      real time           0.00 seconds
      cpu time            0.00 seconds
      

MPRINT(TABDCONT):   data combine;
MPRINT(TABDCONT):   set combine _tabcon2;
MPRINT(TABDCONT):   run;

NOTE: There were 25 observations read from the data set WORK.COMBINE.
NOTE: There were 5 observations read from the data set WORK._TABCON2.
NOTE: The data set WORK.COMBINE has 30 observations and 16 variables.
NOTE: DATA statement used (Total process time):
      real time           0.00 seconds
      cpu time            0.01 seconds
      

MPRINT(TABDCONT):   *----------------------------------------------------------------------------;
MPRINT(TABDCONT):   * Cleanup ;
MPRINT(TABDCONT):   *----------------------------------------------------------------------------;
MPRINT(TABDCONT):   proc datasets library = work nolist;
MPRINT(TABDCONT):   delete _tabcon: ;
MPRINT(TABDCONT):   quit;

NOTE: Deleting WORK._TABCON0 (memtype=DATA).
NOTE: Deleting WORK._TABCON1 (memtype=DATA).
NOTE: Deleting WORK._TABCON2 (memtype=DATA).
NOTE: PROCEDURE DATASETS used (Total process time):
      real time           0.00 seconds
      cpu time            0.00 seconds
      

MPRINT(MAIN):  ;
MPRINT(TABPREP):   options missing = ' ';
                                                                    The SAS System

MPRINT(TABPREP):   **Set the value of parameter wantrtf = N in the code regardless of the value in the macro call**;
MPRINT(TABPREP):   options pagesize=48;
MPRINT(TABPREP):   ********************************************;
MPRINT(TABPREP):   *** number of columns per page ***;
MPRINT(TABPREP):   *** = # of trt group +1 (if ocprint) ***;
MPRINT(TABPREP):   *** + number of overall p-values ***;
MPRINT(TABPREP):   *** + number of ci column ***;
MPRINT(TABPREP):   *** + number of p-values for comparison***;
MPRINT(TABPREP):   ********************************************;
MPRINT(TABPREP):  ;
MPRINT(TABPREP):  ;
MPRINT(TABPREP):   ;
MPRINT(TABPREP):   data _null_;
MPRINT(TABPREP):   retain maxstat 0;
MPRINT(TABPREP):   maxstat=maxstat+4;
MPRINT(TABPREP):   call symput('statmaxl',trim(left(put(maxstat,5.0))) );
MPRINT(TABPREP):   stop;
MPRINT(TABPREP):   run;

NOTE: DATA statement used (Total process time):
      real time           0.00 seconds
      cpu time            0.00 seconds
      

MPRINT(TABPREP):   *kchan07 20april2015;
MPRINT(TABPREP):   data m_combine;
MPRINT(TABPREP):   set combine;
MPRINT(TABPREP):   run;

NOTE: There were 30 observations read from the data set WORK.COMBINE.
NOTE: The data set WORK.M_COMBINE has 30 observations and 16 variables.
NOTE: DATA statement used (Total process time):
      real time           0.00 seconds
      cpu time            0.01 seconds
      

MPRINT(TABPREP):   data _null_;
MPRINT(TABPREP):   set m_combine end = eof;
MPRINT(TABPREP):   retain maxoc 0;
MPRINT(TABPREP):   if eof then call symput ('maxoc',compress(put(maxoc,best.)));
MPRINT(TABPREP):   run;

NOTE: There were 30 observations read from the data set WORK.M_COMBINE.
NOTE: DATA statement used (Total process time):
      real time           0.00 seconds
      cpu time            0.01 seconds
                                                                    The SAS System

      

MPRINT(TABPREP):   data _null_;
MPRINT(TABPREP):   length linlabel $250 value1 - value3 $40;
MPRINT(TABPREP):   level = .;
MPRINT(TABPREP):   set m_combine end = eof;
MPRINT(TABPREP):   retain maxstat maxbyln 0;
MPRINT(TABPREP):   length _lab_ _lab2_ $250;
MPRINT(TABPREP):   lablines = 0;
MPRINT(TABPREP):   lablines = length(compress("~",'~','k'));
MPRINT(TABPREP):   maxstat=max(maxstat,length(value1) );
MPRINT(TABPREP):   if 0 < level < 0 then maxstat = max(maxstat,length(value1)+2 );
MPRINT(TABPREP):   maxstat=max(maxstat,length(value2) );
MPRINT(TABPREP):   if 0 < level < 0 then maxstat = max(maxstat,length(value2)+2 );
MPRINT(TABPREP):   maxstat=max(maxstat,length(value3) );
MPRINT(TABPREP):   if 0 < level < 0 then maxstat = max(maxstat,length(value3)+2 );
MPRINT(TABPREP):   if ^eof then return;
MPRINT(TABPREP):   _lab_ = trim(put(1,TRTFMT. )) || compress("~(N=          50)");
MPRINT(TABPREP):   if "Y" = "Y" and 1 = 3 then _lab_ = "Total" || compress("~(N=          50)");
MPRINT(TABPREP):   call symput ("_collb1", trim(_lab_) );
MPRINT(TABPREP):   if "" ne " " then _lab_ = trim(_lab_) || "~";
MPRINT(TABPREP):   lines = length(compress('~'||_lab_,'~','k'));
MPRINT(TABPREP):   lablines = max(lablines, lines);
MPRINT(TABPREP):   _lab_ = trim(put(2,TRTFMT. )) || compress("~(N=          50)");
MPRINT(TABPREP):   if "Y" = "Y" and 2 = 3 then _lab_ = "Total" || compress("~(N=          50)");
MPRINT(TABPREP):   call symput ("_collb2", trim(_lab_) );
MPRINT(TABPREP):   if "" ne " " then _lab_ = trim(_lab_) || "~";
MPRINT(TABPREP):   lines = length(compress('~'||_lab_,'~','k'));
MPRINT(TABPREP):   lablines = max(lablines, lines);
MPRINT(TABPREP):   _lab_ = trim(put(3,TRTFMT. )) || compress("~(N=         100)");
MPRINT(TABPREP):   if "Y" = "Y" and 3 = 3 then _lab_ = "Total" || compress("~(N=         100)");
MPRINT(TABPREP):   call symput ("_collb3", trim(_lab_) );
MPRINT(TABPREP):   if "" ne " " then _lab_ = trim(_lab_) || "~";
MPRINT(TABPREP):   lines = length(compress('~'||_lab_,'~','k'));
MPRINT(TABPREP):   lablines = max(lablines, lines);
MPRINT(TABPREP):   call symput ( "colhd" , put(lablines + 2 , 3.0 ) );
MPRINT(TABPREP):   _lab2_ = put(1,TRTFMT.) || compress("~(N=          50)");
MPRINT(TABPREP):   if "" ne " " then _lab_ = trim(_lab_) || "~";
MPRINT(TABPREP):   do j = 1 to 10;
MPRINT(TABPREP):   _lab_ = left(scan(_lab2_,j,'~'));
MPRINT(TABPREP):   maxlen = max(4,maxstat,maxlen,length(trim(_lab_)));
MPRINT(TABPREP):   maxhdr = max(4,maxhdr,length(trim(_lab_)));
MPRINT(TABPREP):   end;
MPRINT(TABPREP):   _lab2_ = put(2,TRTFMT.) || compress("~(N=          50)");
MPRINT(TABPREP):   if "" ne " " then _lab_ = trim(_lab_) || "~";
MPRINT(TABPREP):   do j = 1 to 10;
                                                                    The SAS System

MPRINT(TABPREP):   _lab_ = left(scan(_lab2_,j,'~'));
MPRINT(TABPREP):   maxlen = max(4,maxstat,maxlen,length(trim(_lab_)));
MPRINT(TABPREP):   maxhdr = max(4,maxhdr,length(trim(_lab_)));
MPRINT(TABPREP):   end;
MPRINT(TABPREP):   _lab2_ = put(3,TRTFMT.) || compress("~(N=         100)");
MPRINT(TABPREP):   if "" ne " " then _lab_ = trim(_lab_) || "~";
MPRINT(TABPREP):   do j = 1 to 10;
MPRINT(TABPREP):   _lab_ = left(scan(_lab2_,j,'~'));
MPRINT(TABPREP):   maxlen = max(4,maxstat,maxlen,length(trim(_lab_)));
MPRINT(TABPREP):   maxhdr = max(4,maxhdr,length(trim(_lab_)));
MPRINT(TABPREP):   end;
MPRINT(TABPREP):   call symput('statmaxl',trim(left(put(maxlen,5.0))) );
MPRINT(TABPREP):   call symput('statmaxh',trim(left(put(maxhdr,5.0))) );
MPRINT(TABPREP):   _lab_ = "Number of Participants";
MPRINT(CNTWRAP):   __ind = 0;
MPRINT(CNTWRAP):   if (__ind<0) then __ind = 0;
MPRINT(CNTWRAP):   length _tmp_ _tmp2_ $250;
MPRINT(CNTWRAP):   _wrap_ = 0;
MPRINT(CNTWRAP):   _fill_ = __ind + 2;
MPRINT(CNTWRAP):   _tmp_ = left(_lab_);
MPRINT(CNTWRAP):   if (__ind>0) then _tmp_ = repeat(' ',__ind-1) || left(_lab_);
MPRINT(CNTWRAP):   if length(_tmp_) > 50 then do;
MPRINT(CNTWRAP):   _startcol = __ind + 1;
MPRINT(CNTWRAP):   _endcol = 50;
MPRINT(CNTWRAP):   _done = 0;
MPRINT(CNTWRAP):   do until(_done);
MPRINT(CNTWRAP):   _lettr1_ = substr(_tmp_,_endcol+1,1);
MPRINT(CNTWRAP):   if( _lettr1_ = " " ) then do;
MPRINT(CNTWRAP):   _splitcol = _endcol+1;
MPRINT(CNTWRAP):   _tmp_ = substr(_tmp_,1,_splitcol-1) || "~" || repeat(" ",_fill_-1) || substr(_tmp_,_splitcol+1);
MPRINT(CNTWRAP):   _wrap_ + 1;
MPRINT(CNTWRAP):   end;
MPRINT(CNTWRAP):   else do;
MPRINT(CNTWRAP):   _gotword = 0;
MPRINT(CNTWRAP):   do _j_ = _endcol to _startcol by -1;
MPRINT(CNTWRAP):   _lettr1_ = substr(_tmp_,_j_,1);
MPRINT(CNTWRAP):   if (_lettr1_ = ' ') then do;
MPRINT(CNTWRAP):   _splitcol = _j_;
MPRINT(CNTWRAP):   _tmp_ = substr(_tmp_,1,_splitcol-1) || "~" || repeat(" ",_fill_-1) || substr(_tmp_,_splitcol+1);
MPRINT(CNTWRAP):   _wrap_ + 1;
MPRINT(CNTWRAP):   _gotword = 1;
MPRINT(CNTWRAP):   _j_ = 0;
MPRINT(CNTWRAP):   end;
MPRINT(CNTWRAP):   end;
MPRINT(CNTWRAP):   if (not(_gotword)) then do;
MPRINT(CNTWRAP):   _splitcol = _endcol+1;
                                                                    The SAS System

MPRINT(CNTWRAP):   _tmp_ = substr(_tmp_,1,_splitcol-1) || "~" || repeat(" ",_fill_-1) || substr(_tmp_,_splitcol);
MPRINT(CNTWRAP):   _wrap_ + 1;
MPRINT(CNTWRAP):   end;
MPRINT(CNTWRAP):   end;
MPRINT(CNTWRAP):   _startcol = _splitcol + _fill_ + 1;
MPRINT(CNTWRAP):   _endcol = _splitcol + 50;
MPRINT(CNTWRAP):   if (_endcol ge 250) or (length(substr(_tmp_,_splitcol+1)) le 50) then _done = 1;
MPRINT(CNTWRAP):   end;
MPRINT(CNTWRAP):   if _splitcol then do;
MPRINT(CNTWRAP):   _tmp2_ = substr(_tmp_,_splitcol+1);
MPRINT(CNTWRAP):   if (length(_tmp2_)=50) then do;
MPRINT(CNTWRAP):   _gotword = 0;
MPRINT(CNTWRAP):   do _j_ = 50 to _fill_+1 by -1;
MPRINT(CNTWRAP):   _lettr1_ = substr(_tmp2_,_j_,1);
MPRINT(CNTWRAP):   if (_lettr1_ = ' ') then do;
MPRINT(CNTWRAP):   _tmp2_ = substr(_tmp2_,1,_j_-1) || "~" || repeat(" ",_fill_-1) || substr(_tmp2_,_j_);
MPRINT(CNTWRAP):   _wrap_ + 1;
MPRINT(CNTWRAP):   _gotword = 1;
MPRINT(CNTWRAP):   _j_ = 0;
MPRINT(CNTWRAP):   end;
MPRINT(CNTWRAP):   end;
MPRINT(CNTWRAP):   if (not(_gotword)) then do;
MPRINT(CNTWRAP):   _j_ = 50-1;
MPRINT(CNTWRAP):   _tmp2_ = substr(_tmp2_,1,_j_-1) || "~" || repeat(" ",_fill_-1) || substr(_tmp2_,_j_);
MPRINT(CNTWRAP):   _wrap_ + 1;
MPRINT(CNTWRAP):   end;
MPRINT(CNTWRAP):   _tmp_ = substr(_tmp_,1,_splitcol)||_tmp2_;
MPRINT(CNTWRAP):   end;
MPRINT(CNTWRAP):   else _tmp_ = substr(_tmp_,1,_splitcol)||" "||substr(_tmp_,_splitcol+1);
MPRINT(CNTWRAP):   end;
MPRINT(CNTWRAP):   end;
MPRINT(CNTWRAP):   _tmp_ = _tmp_;
MPRINT(TABPREP):  ;
MPRINT(TABPREP):   texthd = 2 + _wrap_;
MPRINT(TABPREP):   if "N" = "Y" then do;
MPRINT(TABPREP):   _lab_ = "";
MPRINT(CNTWRAP):   __ind = 0;
MPRINT(CNTWRAP):   if (__ind<0) then __ind = 0;
MPRINT(CNTWRAP):   length _tmp_ _tmp2_ $250;
MPRINT(CNTWRAP):   _wrap_ = 0;
MPRINT(CNTWRAP):   _fill_ = __ind + 2;
MPRINT(CNTWRAP):   _tmp_ = left(_lab_);
MPRINT(CNTWRAP):   if (__ind>0) then _tmp_ = repeat(' ',__ind-1) || left(_lab_);
MPRINT(CNTWRAP):   if length(_tmp_) > 50 then do;
MPRINT(CNTWRAP):   _startcol = __ind + 1;
MPRINT(CNTWRAP):   _endcol = 50;
                                                                    The SAS System

MPRINT(CNTWRAP):   _done = 0;
MPRINT(CNTWRAP):   do until(_done);
MPRINT(CNTWRAP):   _lettr1_ = substr(_tmp_,_endcol+1,1);
MPRINT(CNTWRAP):   if( _lettr1_ = " " ) then do;
MPRINT(CNTWRAP):   _splitcol = _endcol+1;
MPRINT(CNTWRAP):   _tmp_ = substr(_tmp_,1,_splitcol-1) || "~" || repeat(" ",_fill_-1) || substr(_tmp_,_splitcol+1);
MPRINT(CNTWRAP):   _wrap_ + 1;
MPRINT(CNTWRAP):   end;
MPRINT(CNTWRAP):   else do;
MPRINT(CNTWRAP):   _gotword = 0;
MPRINT(CNTWRAP):   do _j_ = _endcol to _startcol by -1;
MPRINT(CNTWRAP):   _lettr1_ = substr(_tmp_,_j_,1);
MPRINT(CNTWRAP):   if (_lettr1_ = ' ') then do;
MPRINT(CNTWRAP):   _splitcol = _j_;
MPRINT(CNTWRAP):   _tmp_ = substr(_tmp_,1,_splitcol-1) || "~" || repeat(" ",_fill_-1) || substr(_tmp_,_splitcol+1);
MPRINT(CNTWRAP):   _wrap_ + 1;
MPRINT(CNTWRAP):   _gotword = 1;
MPRINT(CNTWRAP):   _j_ = 0;
MPRINT(CNTWRAP):   end;
MPRINT(CNTWRAP):   end;
MPRINT(CNTWRAP):   if (not(_gotword)) then do;
MPRINT(CNTWRAP):   _splitcol = _endcol+1;
MPRINT(CNTWRAP):   _tmp_ = substr(_tmp_,1,_splitcol-1) || "~" || repeat(" ",_fill_-1) || substr(_tmp_,_splitcol);
MPRINT(CNTWRAP):   _wrap_ + 1;
MPRINT(CNTWRAP):   end;
MPRINT(CNTWRAP):   end;
MPRINT(CNTWRAP):   _startcol = _splitcol + _fill_ + 1;
MPRINT(CNTWRAP):   _endcol = _splitcol + 50;
MPRINT(CNTWRAP):   if (_endcol ge 250) or (length(substr(_tmp_,_splitcol+1)) le 50) then _done = 1;
MPRINT(CNTWRAP):   end;
MPRINT(CNTWRAP):   if _splitcol then do;
MPRINT(CNTWRAP):   _tmp2_ = substr(_tmp_,_splitcol+1);
MPRINT(CNTWRAP):   if (length(_tmp2_)=50) then do;
MPRINT(CNTWRAP):   _gotword = 0;
MPRINT(CNTWRAP):   do _j_ = 50 to _fill_+1 by -1;
MPRINT(CNTWRAP):   _lettr1_ = substr(_tmp2_,_j_,1);
MPRINT(CNTWRAP):   if (_lettr1_ = ' ') then do;
MPRINT(CNTWRAP):   _tmp2_ = substr(_tmp2_,1,_j_-1) || "~" || repeat(" ",_fill_-1) || substr(_tmp2_,_j_);
MPRINT(CNTWRAP):   _wrap_ + 1;
MPRINT(CNTWRAP):   _gotword = 1;
MPRINT(CNTWRAP):   _j_ = 0;
MPRINT(CNTWRAP):   end;
MPRINT(CNTWRAP):   end;
MPRINT(CNTWRAP):   if (not(_gotword)) then do;
MPRINT(CNTWRAP):   _j_ = 50-1;
MPRINT(CNTWRAP):   _tmp2_ = substr(_tmp2_,1,_j_-1) || "~" || repeat(" ",_fill_-1) || substr(_tmp2_,_j_);
                                                                    The SAS System

MPRINT(CNTWRAP):   _wrap_ + 1;
MPRINT(CNTWRAP):   end;
MPRINT(CNTWRAP):   _tmp_ = substr(_tmp_,1,_splitcol)||_tmp2_;
MPRINT(CNTWRAP):   end;
MPRINT(CNTWRAP):   else _tmp_ = substr(_tmp_,1,_splitcol)||" "||substr(_tmp_,_splitcol+1);
MPRINT(CNTWRAP):   end;
MPRINT(CNTWRAP):   end;
MPRINT(CNTWRAP):   _tmp_ = _tmp_;
MPRINT(TABPREP):  ;
MPRINT(TABPREP):   texthd = texthd + _wrap_ + 1;
MPRINT(TABPREP):   end;
MPRINT(TABPREP):   call symput("texthd",compress(put(texthd,best.)));
MPRINT(TABPREP):   run;

NOTE: There were 30 observations read from the data set WORK.M_COMBINE.
NOTE: DATA statement used (Total process time):
      real time           0.01 seconds
      cpu time            0.00 seconds
      

MPRINT(TABPREP):   *--------------------------------------------------------------------------;
MPRINT(TABPREP):   * Set macro vars to control spacing ;
MPRINT(TABPREP):   *--------------------------------------------------------------------------;
MPRINT(TABPREP):   *--------------------------------------------------------------------------;
MPRINT(TABPREP):   * Sort stats file in order needed for report ;
MPRINT(TABPREP):   *--------------------------------------------------------------------------;
MPRINT(TABPREP):   proc sort data=m_combine equals;
MPRINT(TABPREP):   by sortord statord;
MPRINT(TABPREP):   where linlabel ne ' ';
MPRINT(TABPREP):   run;

NOTE: There were 30 observations read from the data set WORK.M_COMBINE.
      WHERE linlabel not = ' ';
NOTE: SAS sort was used.
NOTE: The data set WORK.M_COMBINE has 30 observations and 16 variables.
NOTE: PROCEDURE SORT used (Total process time):
      real time           0.00 seconds
      cpu time            0.00 seconds
      

MPRINT(TABPREP):   **** COPIED THIS CODE FROM TABDRPT....saw...03Nov2010...ticket #1684 *****;
MPRINT(TABPREP):   ***--- number of columns to be printed in the report VK 23SEP2007 ---***;
MPRINT(TABPREP):   ***--- check number of columns to print as specified in showallcol option in tabdesc call ---***;
MPRINT(TABPREP):   ***--- Start ---***;
MPRINT(TABPREP):   ***--- VK 31MAY2007---***;
MPRINT(TABPREP):   ***--- End ---***;
                                                                    The SAS System

MPRINT(TABPREP):   ***--- VK 31MAY2007---***;
MPRINT(TABPREP):   data m_combine;
MPRINT(TABPREP):   set m_combine;
MPRINT(TABPREP):   **** MOVED THIS CODE FROM TABDRPT....saw...23Sep2010...ticket #1684 *****;
MPRINT(TABPREP):   label value1= "Drug A~(N=50)";
MPRINT(TABPREP):   label value2= "Drug B~(N=50)";
MPRINT(TABPREP):   label value3= "Total~(N=100)";
MPRINT(TABPREP):   run;

NOTE: There were 30 observations read from the data set WORK.M_COMBINE.
NOTE: The data set WORK.M_COMBINE has 30 observations and 16 variables.
NOTE: DATA statement used (Total process time):
      real time           0.00 seconds
      cpu time            0.01 seconds
      

MPRINT(TABPREP):   *--------------------------------------------------------------------------;
MPRINT(TABPREP):   * For patient counts, add extra lines for labelling if not all levels of ;
MPRINT(TABPREP):   * stats were generated ;
MPRINT(TABPREP):   *--------------------------------------------------------------------------;
MPRINT(TABPREP):   *--------------------------------------------------------------------------;
MPRINT(TABPREP):   * Count lines needed - determine where page breaks will happen ;
MPRINT(TABPREP):   *--------------------------------------------------------------------------;
MPRINT(TABPREP):   proc sort data=m_combine;
MPRINT(TABPREP):   by sortord;
MPRINT(TABPREP):   run;

NOTE: There were 30 observations read from the data set WORK.M_COMBINE.
NOTE: SAS sort was used.
NOTE: The data set WORK.M_COMBINE has 30 observations and 16 variables.
NOTE: PROCEDURE SORT used (Total process time):
      real time           0.00 seconds
      cpu time            0.00 seconds
      

MPRINT(TABPREP):   data ctlines(keep= sortord nolines);
MPRINT(TABPREP):   level = .;
MPRINT(TABPREP):   set m_combine;
MPRINT(TABPREP):   by sortord;
MPRINT(TABPREP):   retain nolines types;
MPRINT(TABPREP):   if first.sortord then types = type;
MPRINT(TABPREP):   if first.sortord then nolines = 1;
MPRINT(TABPREP):   ind = 3;
MPRINT(TABPREP):   if level ne . then ind = level * 3;
MPRINT(CNTWRAP):   __ind = ind;
MPRINT(CNTWRAP):   if (__ind<0) then __ind = 0;
                                                                    The SAS System

MPRINT(CNTWRAP):   length _tmp_ _tmp2_ $250;
MPRINT(CNTWRAP):   _wrap_ = 0;
MPRINT(CNTWRAP):   _fill_ = __ind + 2;
MPRINT(CNTWRAP):   _tmp_ = left(linlabel);
MPRINT(CNTWRAP):   if (__ind>0) then _tmp_ = repeat(' ',__ind-1) || left(linlabel);
MPRINT(CNTWRAP):   if length(_tmp_) > 50 then do;
MPRINT(CNTWRAP):   _startcol = __ind + 1;
MPRINT(CNTWRAP):   _endcol = 50;
MPRINT(CNTWRAP):   _done = 0;
MPRINT(CNTWRAP):   do until(_done);
MPRINT(CNTWRAP):   _lettr1_ = substr(_tmp_,_endcol+1,1);
MPRINT(CNTWRAP):   if( _lettr1_ = " " ) then do;
MPRINT(CNTWRAP):   _splitcol = _endcol+1;
MPRINT(CNTWRAP):   _tmp_ = substr(_tmp_,1,_splitcol-1) || "~" || repeat(" ",_fill_-1) || substr(_tmp_,_splitcol+1);
MPRINT(CNTWRAP):   _wrap_ + 1;
MPRINT(CNTWRAP):   end;
MPRINT(CNTWRAP):   else do;
MPRINT(CNTWRAP):   _gotword = 0;
MPRINT(CNTWRAP):   do _j_ = _endcol to _startcol by -1;
MPRINT(CNTWRAP):   _lettr1_ = substr(_tmp_,_j_,1);
MPRINT(CNTWRAP):   if (_lettr1_ = ' ') then do;
MPRINT(CNTWRAP):   _splitcol = _j_;
MPRINT(CNTWRAP):   _tmp_ = substr(_tmp_,1,_splitcol-1) || "~" || repeat(" ",_fill_-1) || substr(_tmp_,_splitcol+1);
MPRINT(CNTWRAP):   _wrap_ + 1;
MPRINT(CNTWRAP):   _gotword = 1;
MPRINT(CNTWRAP):   _j_ = 0;
MPRINT(CNTWRAP):   end;
MPRINT(CNTWRAP):   end;
MPRINT(CNTWRAP):   if (not(_gotword)) then do;
MPRINT(CNTWRAP):   _splitcol = _endcol+1;
MPRINT(CNTWRAP):   _tmp_ = substr(_tmp_,1,_splitcol-1) || "~" || repeat(" ",_fill_-1) || substr(_tmp_,_splitcol);
MPRINT(CNTWRAP):   _wrap_ + 1;
MPRINT(CNTWRAP):   end;
MPRINT(CNTWRAP):   end;
MPRINT(CNTWRAP):   _startcol = _splitcol + _fill_ + 1;
MPRINT(CNTWRAP):   _endcol = _splitcol + 50;
MPRINT(CNTWRAP):   if (_endcol ge 250) or (length(substr(_tmp_,_splitcol+1)) le 50) then _done = 1;
MPRINT(CNTWRAP):   end;
MPRINT(CNTWRAP):   if _splitcol then do;
MPRINT(CNTWRAP):   _tmp2_ = substr(_tmp_,_splitcol+1);
MPRINT(CNTWRAP):   if (length(_tmp2_)=50) then do;
MPRINT(CNTWRAP):   _gotword = 0;
MPRINT(CNTWRAP):   do _j_ = 50 to _fill_+1 by -1;
MPRINT(CNTWRAP):   _lettr1_ = substr(_tmp2_,_j_,1);
MPRINT(CNTWRAP):   if (_lettr1_ = ' ') then do;
MPRINT(CNTWRAP):   _tmp2_ = substr(_tmp2_,1,_j_-1) || "~" || repeat(" ",_fill_-1) || substr(_tmp2_,_j_);
                                                                    The SAS System

MPRINT(CNTWRAP):   _wrap_ + 1;
MPRINT(CNTWRAP):   _gotword = 1;
MPRINT(CNTWRAP):   _j_ = 0;
MPRINT(CNTWRAP):   end;
MPRINT(CNTWRAP):   end;
MPRINT(CNTWRAP):   if (not(_gotword)) then do;
MPRINT(CNTWRAP):   _j_ = 50-1;
MPRINT(CNTWRAP):   _tmp2_ = substr(_tmp2_,1,_j_-1) || "~" || repeat(" ",_fill_-1) || substr(_tmp2_,_j_);
MPRINT(CNTWRAP):   _wrap_ + 1;
MPRINT(CNTWRAP):   end;
MPRINT(CNTWRAP):   _tmp_ = substr(_tmp_,1,_splitcol)||_tmp2_;
MPRINT(CNTWRAP):   end;
MPRINT(CNTWRAP):   else _tmp_ = substr(_tmp_,1,_splitcol)||" "||substr(_tmp_,_splitcol+1);
MPRINT(CNTWRAP):   end;
MPRINT(CNTWRAP):   end;
MPRINT(CNTWRAP):   _tmp_ = _tmp_;
MPRINT(TABPREP):  ;
MPRINT(TABPREP):   nolines=nolines + 1 + _wrap_;
MPRINT(TABPREP):   if last.sortord then do;
MPRINT(TABPREP):   if types ne type then nolines+1;
MPRINT(TABPREP):   output;
MPRINT(TABPREP):   end;
MPRINT(TABPREP):   run;

NOTE: There were 30 observations read from the data set WORK.M_COMBINE.
NOTE: The data set WORK.CTLINES has 8 observations and 2 variables.
NOTE: DATA statement used (Total process time):
      real time           0.00 seconds
      cpu time            0.00 seconds
      

MPRINT(TABPREP):   data summary;
MPRINT(TABPREP):   length linlabel $250 value1 - value3 $40;
MPRINT(TABPREP):   merge m_combine ctlines;
MPRINT(TABPREP):   by sortord;
MPRINT(TABPREP):   run;

NOTE: There were 30 observations read from the data set WORK.M_COMBINE.
NOTE: There were 8 observations read from the data set WORK.CTLINES.
NOTE: The data set WORK.SUMMARY has 30 observations and 17 variables.
NOTE: DATA statement used (Total process time):
      real time           0.00 seconds
      cpu time            0.00 seconds
      

MPRINT(TNFSET):   filename _tnftmp temp;
                                                                    The SAS System

MPRINT(TNFSET):   data _null_;
MPRINT(TNFSET):   file _tnftmp lrecl=1000 recfm=v;
MPRINT(TNFSET):   infile "../tools/tnf.inc" lrecl=1000 pad;
MPRINT(TNFSET):   length testtext $ 40;
MPRINT(TNFSET):   input @1 text $1000.;
MPRINT(TNFSET):   testtext = scan(text,1," ");
MPRINT(TNFSET):   if testtext = "/*";
MPRINT(TNFSET):   testtext = scan(text,2," ");
MPRINT(TNFSET):   if upcase(testtext) in ("T-DEMOG" , "DEFAULT");
MPRINT(TNFSET):   testtext = scan(text,3," ");
MPRINT(TNFSET):   if testtext =: "*/";
MPRINT(TNFSET):   put text;
MPRINT(TNFSET):   run;

NOTE: The file _TNFTMP is:
      Filename=/saswork/SAS_work6BA100177F3B_sjgsasappprdg12/#LN00074,
      Owner Name=cpearson1,
      Group Name=NA\domain^users,
      Access Permission=-rw--w-rw-,
      Last Modified=30Aug2026:15:55:01

NOTE: The infile "../tools/tnf.inc" is:
      Filename=/biometrics/gsi_stds/dss_2026/s0000000/final/draft1/tools/tnf.inc,
      Owner Name=cpearson1,
      Group Name=NA\domain^users,
      Access Permission=-rwxrwxrwx,
      Last Modified=30Aug2026:15:39:33,
      File Size (bytes)=10383

NOTE: 8 records were written to the file _TNFTMP.
      The minimum record length was 49.
      The maximum record length was 182.
NOTE: 109 records were read from the infile "../tools/tnf.inc".
      The minimum record length was 0.
      The maximum record length was 187.
NOTE: DATA statement used (Total process time):
      real time           0.02 seconds
      cpu time            0.02 seconds
      

NOTE: %INCLUDE (level 2) file _TNFTMP is file /saswork/SAS_work6BA100177F3B_sjgsasappprdg12/#LN00074.
1252      +/* default       */ %let ttl1 = NO ASSIGNED TITLE FOR JOB &titlekey;
1253      +/* t-demog */ %let ttl1 = %str(Table 15.8.3.1.1: Demographics and Baseline Characteristics);
1254      +/* t-demog */ %let ttl2 = %str(ITT Analysis Set);
1255      +/* t-demog */ %let fnl1 = %str(Denominator for percentages was the ITT Analysis Set.);
1256      +/* t-demog */ %let fnl2 = %str(Age %(in years{or specify unit}%) was collected on date of Day 1 visit. [If age was not collected, age was
                                                                    The SAS System

1256     !+derived using data of Day 1 visit if dose,);
1257      +/* t-demog */ %let fnl3 = %str(date of [randomization] [enrollment] if not dosed, or the date of informed consent if not randomized.);
1258      +/* t-demog */ %let fnl4 = %str(Body Mass Index %(BMI%) %(kg/m^2%) = [Weight %(kg%)/Height %(cm%) ^2] * 10,000.);
1259      +/* t-demog */ %let fnl5 = %str(Source: Listing 16.2.4.1);
NOTE: %INCLUDE (level 2) ending.
NOTE: %INCLUDE (level 1) resuming.
MPRINT(TNFSET):   filename _tnftmp clear;
NOTE: Fileref _TNFTMP has been deassigned.
MPRINT(TNFSET):   title1 j=r "                                                                                                                        
         Gilead Sciences, Inc.";
MPRINT(TNFSET):   title2 j=r "                                                                                                                        
          Study GS-US-000-0000";
MPRINT(TNFSET):   title3 j=c "                                             Table 15.8.3.1.1: Demographics and Baseline Characteristics                
                              ";
MPRINT(TNFSET):   title4 j=c "                                                                   ITT Analysis Set                                     
                              ";
MPRINT(TNFSET):   footnote1 j=l "Denominator for percentages was the ITT Analysis Set.                                                                
                                 ";
MPRINT(TNFSET):   footnote2 j=l "Age (in years{or specify unit}) was collected on date of Day 1 visit. [If age was not collected, age was derived 
using data of Day 1 visit if dose,   ";
MPRINT(TNFSET):   footnote3 j=l "date of [randomization] [enrollment] if not dosed, or the date of informed consent if not randomized.                
                                 ";
MPRINT(TNFSET):   footnote4 j=l "Body Mass Index (BMI) (kg/m^2) = [Weight (kg)/Height (cm) ^2] * 10,000.                                              
                                 ";
MPRINT(TNFSET):   footnote5 j=l "Source: Listing 16.2.4.1                                                                                             
                                 ";
MPRINT(TNFSET):   footnote7 j=l "Data Extracted: ddmmmyyyy                                                                                            
                                 ";
MPRINT(TNFSET):   footnote8 j=l "Source: .../final/draft1/prog/t-demog.sas v9.4  Output file: t-demog.pdf 30AUG2026:15:55                             
                  PAGE XX OF YYY ";
MPRINT(TABPREP):  ;
MPRINT(TABPREP):   data summary summary2 (keep = sortord linlabel type pageno level _l_ ) hdpage (keep = pageno ) bypage (keep = begpg pageno);
MPRINT(TABPREP):   _newpage = 0;
MPRINT(TABPREP):   length label1 label2 label3 $250;
MPRINT(TABPREP):   label1 = " ";
MPRINT(TABPREP):   label2 = " ";
MPRINT(TABPREP):   label3 = " ";
MPRINT(TABPREP):   level = .;
MPRINT(TABPREP):   set summary end = eof;
MPRINT(TABPREP):   by sortord;
MPRINT(TABPREP):   retain begpg 1;
MPRINT(TABPREP):   retain _l_ 48 pageno 0;
MPRINT(TABPREP):   if (label1=' ') then grphdr = 0;
MPRINT(TABPREP):   else grphdr =1;
MPRINT(TABPREP):   length dummy $250;
MPRINT(TABPREP):   dummy = trim(label1) || " " || trim(label2);
                                                                    The SAS System

MPRINT(CNTWRAP):   __ind = ind;
MPRINT(CNTWRAP):   if (__ind<0) then __ind = 0;
MPRINT(CNTWRAP):   length _tmp_ _tmp2_ $250;
MPRINT(CNTWRAP):   _wrap_ = 0;
MPRINT(CNTWRAP):   _fill_ = __ind + 2;
MPRINT(CNTWRAP):   _tmp_ = left(dummy);
MPRINT(CNTWRAP):   if (__ind>0) then _tmp_ = repeat(' ',__ind-1) || left(dummy);
MPRINT(CNTWRAP):   if length(_tmp_) > 50 then do;
MPRINT(CNTWRAP):   _startcol = __ind + 1;
MPRINT(CNTWRAP):   _endcol = 50;
MPRINT(CNTWRAP):   _done = 0;
MPRINT(CNTWRAP):   do until(_done);
MPRINT(CNTWRAP):   _lettr1_ = substr(_tmp_,_endcol+1,1);
MPRINT(CNTWRAP):   if( _lettr1_ = " " ) then do;
MPRINT(CNTWRAP):   _splitcol = _endcol+1;
MPRINT(CNTWRAP):   _tmp_ = substr(_tmp_,1,_splitcol-1) || "~" || repeat(" ",_fill_-1) || substr(_tmp_,_splitcol+1);
MPRINT(CNTWRAP):   _wrap_ + 1;
MPRINT(CNTWRAP):   end;
MPRINT(CNTWRAP):   else do;
MPRINT(CNTWRAP):   _gotword = 0;
MPRINT(CNTWRAP):   do _j_ = _endcol to _startcol by -1;
MPRINT(CNTWRAP):   _lettr1_ = substr(_tmp_,_j_,1);
MPRINT(CNTWRAP):   if (_lettr1_ = ' ') then do;
MPRINT(CNTWRAP):   _splitcol = _j_;
MPRINT(CNTWRAP):   _tmp_ = substr(_tmp_,1,_splitcol-1) || "~" || repeat(" ",_fill_-1) || substr(_tmp_,_splitcol+1);
MPRINT(CNTWRAP):   _wrap_ + 1;
MPRINT(CNTWRAP):   _gotword = 1;
MPRINT(CNTWRAP):   _j_ = 0;
MPRINT(CNTWRAP):   end;
MPRINT(CNTWRAP):   end;
MPRINT(CNTWRAP):   if (not(_gotword)) then do;
MPRINT(CNTWRAP):   _splitcol = _endcol+1;
MPRINT(CNTWRAP):   _tmp_ = substr(_tmp_,1,_splitcol-1) || "~" || repeat(" ",_fill_-1) || substr(_tmp_,_splitcol);
MPRINT(CNTWRAP):   _wrap_ + 1;
MPRINT(CNTWRAP):   end;
MPRINT(CNTWRAP):   end;
MPRINT(CNTWRAP):   _startcol = _splitcol + _fill_ + 1;
MPRINT(CNTWRAP):   _endcol = _splitcol + 50;
MPRINT(CNTWRAP):   if (_endcol ge 250) or (length(substr(_tmp_,_splitcol+1)) le 50) then _done = 1;
MPRINT(CNTWRAP):   end;
MPRINT(CNTWRAP):   if _splitcol then do;
MPRINT(CNTWRAP):   _tmp2_ = substr(_tmp_,_splitcol+1);
MPRINT(CNTWRAP):   if (length(_tmp2_)=50) then do;
MPRINT(CNTWRAP):   _gotword = 0;
MPRINT(CNTWRAP):   do _j_ = 50 to _fill_+1 by -1;
MPRINT(CNTWRAP):   _lettr1_ = substr(_tmp2_,_j_,1);
                                                                    The SAS System

MPRINT(CNTWRAP):   if (_lettr1_ = ' ') then do;
MPRINT(CNTWRAP):   _tmp2_ = substr(_tmp2_,1,_j_-1) || "~" || repeat(" ",_fill_-1) || substr(_tmp2_,_j_);
MPRINT(CNTWRAP):   _wrap_ + 1;
MPRINT(CNTWRAP):   _gotword = 1;
MPRINT(CNTWRAP):   _j_ = 0;
MPRINT(CNTWRAP):   end;
MPRINT(CNTWRAP):   end;
MPRINT(CNTWRAP):   if (not(_gotword)) then do;
MPRINT(CNTWRAP):   _j_ = 50-1;
MPRINT(CNTWRAP):   _tmp2_ = substr(_tmp2_,1,_j_-1) || "~" || repeat(" ",_fill_-1) || substr(_tmp2_,_j_);
MPRINT(CNTWRAP):   _wrap_ + 1;
MPRINT(CNTWRAP):   end;
MPRINT(CNTWRAP):   _tmp_ = substr(_tmp_,1,_splitcol)||_tmp2_;
MPRINT(CNTWRAP):   end;
MPRINT(CNTWRAP):   else _tmp_ = substr(_tmp_,1,_splitcol)||" "||substr(_tmp_,_splitcol+1);
MPRINT(CNTWRAP):   end;
MPRINT(CNTWRAP):   end;
MPRINT(CNTWRAP):   _tmp_ = _tmp_;
MPRINT(TABPREP):  ;
MPRINT(TABPREP):   grphdr = grphdr + _wrap_;
MPRINT(TABPREP):   if level > 0 then do;
MPRINT(TABPREP):   grphdr = grphdr + level;
MPRINT(TABPREP):   if first.sortord then grphdr = grphdr - 1;
MPRINT(TABPREP):   end;
MPRINT(TABPREP):   ind = 3;
MPRINT(TABPREP):   if level ne . then ind = level * 3;
MPRINT(CNTWRAP):   __ind = ind;
MPRINT(CNTWRAP):   if (__ind<0) then __ind = 0;
MPRINT(CNTWRAP):   length _tmp_ _tmp2_ $250;
MPRINT(CNTWRAP):   _wrap_ = 0;
MPRINT(CNTWRAP):   _fill_ = __ind + 2;
MPRINT(CNTWRAP):   _tmp_ = left(linlabel);
MPRINT(CNTWRAP):   if (__ind>0) then _tmp_ = repeat(' ',__ind-1) || left(linlabel);
MPRINT(CNTWRAP):   if length(_tmp_) > 50 then do;
MPRINT(CNTWRAP):   _startcol = __ind + 1;
MPRINT(CNTWRAP):   _endcol = 50;
MPRINT(CNTWRAP):   _done = 0;
MPRINT(CNTWRAP):   do until(_done);
MPRINT(CNTWRAP):   _lettr1_ = substr(_tmp_,_endcol+1,1);
MPRINT(CNTWRAP):   if( _lettr1_ = " " ) then do;
MPRINT(CNTWRAP):   _splitcol = _endcol+1;
MPRINT(CNTWRAP):   _tmp_ = substr(_tmp_,1,_splitcol-1) || "~" || repeat(" ",_fill_-1) || substr(_tmp_,_splitcol+1);
MPRINT(CNTWRAP):   _wrap_ + 1;
MPRINT(CNTWRAP):   end;
MPRINT(CNTWRAP):   else do;
MPRINT(CNTWRAP):   _gotword = 0;
                                                                    The SAS System

MPRINT(CNTWRAP):   do _j_ = _endcol to _startcol by -1;
MPRINT(CNTWRAP):   _lettr1_ = substr(_tmp_,_j_,1);
MPRINT(CNTWRAP):   if (_lettr1_ = ' ') then do;
MPRINT(CNTWRAP):   _splitcol = _j_;
MPRINT(CNTWRAP):   _tmp_ = substr(_tmp_,1,_splitcol-1) || "~" || repeat(" ",_fill_-1) || substr(_tmp_,_splitcol+1);
MPRINT(CNTWRAP):   _wrap_ + 1;
MPRINT(CNTWRAP):   _gotword = 1;
MPRINT(CNTWRAP):   _j_ = 0;
MPRINT(CNTWRAP):   end;
MPRINT(CNTWRAP):   end;
MPRINT(CNTWRAP):   if (not(_gotword)) then do;
MPRINT(CNTWRAP):   _splitcol = _endcol+1;
MPRINT(CNTWRAP):   _tmp_ = substr(_tmp_,1,_splitcol-1) || "~" || repeat(" ",_fill_-1) || substr(_tmp_,_splitcol);
MPRINT(CNTWRAP):   _wrap_ + 1;
MPRINT(CNTWRAP):   end;
MPRINT(CNTWRAP):   end;
MPRINT(CNTWRAP):   _startcol = _splitcol + _fill_ + 1;
MPRINT(CNTWRAP):   _endcol = _splitcol + 50;
MPRINT(CNTWRAP):   if (_endcol ge 250) or (length(substr(_tmp_,_splitcol+1)) le 50) then _done = 1;
MPRINT(CNTWRAP):   end;
MPRINT(CNTWRAP):   if _splitcol then do;
MPRINT(CNTWRAP):   _tmp2_ = substr(_tmp_,_splitcol+1);
MPRINT(CNTWRAP):   if (length(_tmp2_)=50) then do;
MPRINT(CNTWRAP):   _gotword = 0;
MPRINT(CNTWRAP):   do _j_ = 50 to _fill_+1 by -1;
MPRINT(CNTWRAP):   _lettr1_ = substr(_tmp2_,_j_,1);
MPRINT(CNTWRAP):   if (_lettr1_ = ' ') then do;
MPRINT(CNTWRAP):   _tmp2_ = substr(_tmp2_,1,_j_-1) || "~" || repeat(" ",_fill_-1) || substr(_tmp2_,_j_);
MPRINT(CNTWRAP):   _wrap_ + 1;
MPRINT(CNTWRAP):   _gotword = 1;
MPRINT(CNTWRAP):   _j_ = 0;
MPRINT(CNTWRAP):   end;
MPRINT(CNTWRAP):   end;
MPRINT(CNTWRAP):   if (not(_gotword)) then do;
MPRINT(CNTWRAP):   _j_ = 50-1;
MPRINT(CNTWRAP):   _tmp2_ = substr(_tmp2_,1,_j_-1) || "~" || repeat(" ",_fill_-1) || substr(_tmp2_,_j_);
MPRINT(CNTWRAP):   _wrap_ + 1;
MPRINT(CNTWRAP):   end;
MPRINT(CNTWRAP):   _tmp_ = substr(_tmp_,1,_splitcol)||_tmp2_;
MPRINT(CNTWRAP):   end;
MPRINT(CNTWRAP):   else _tmp_ = substr(_tmp_,1,_splitcol)||" "||substr(_tmp_,_splitcol+1);
MPRINT(CNTWRAP):   end;
MPRINT(CNTWRAP):   end;
MPRINT(CNTWRAP):   linlabel = _tmp_;
MPRINT(TABPREP):  ;
MPRINT(TABPREP):   _add_ = 1 + _wrap_;
                                                                    The SAS System

MPRINT(TABPREP):   if first.sortord then _add_ + 1;
MPRINT(TABPREP):   _l_ + _add_;
MPRINT(TABPREP):   if (first.sortord) then _l_ + grphdr;
MPRINT(TABPREP):   if ( (first.sortord) and ( _l_ + nolines - grphdr) >= 40 and nolines < (40 - 11 - grphdr) and _l_ > (((40 - 11 ) * 0.75)+11) ) or 
( _l_ >= 40 ) or ( _newpage ) then do;
MPRINT(TABPREP):   first = 1;
MPRINT(TABPREP):   pageno + 1;
MPRINT(TABPREP):   _l_ = 11 + grphdr + _add_ + (0>0);
MPRINT(TABPREP):   end;
MPRINT(TABPREP):   if ^first.sortord and type in ('CAT','CONT') then do;
MPRINT(TABPREP):   pval1 = .;
MPRINT(TABPREP):   pval2 = .;
MPRINT(TABPREP):   pvalc1 = '';
MPRINT(TABPREP):   pvalc2 = '';
MPRINT(TABPREP):   ** only set ocharc&__I to missing when risk ratio is not being calc **;
MPRINT(TABPREP):   ** if risk ratio is being calc, then will have same sortord in output **;
MPRINT(TABPREP):   ** and this code will end up setting rr info to missing **;
MPRINT(TABPREP):   end;
MPRINT(TABPREP):   * _end_l_ = _l_;
MPRINT(TABPREP):   output summary;
MPRINT(TABPREP):   if (first or (first.sortord)) then do;
MPRINT(TABPREP):   __otype = type;
MPRINT(TABPREP):   statord = ' ';
MPRINT(TABPREP):   linlabel = ( trim(label1) || " " || trim(label2) );
MPRINT(CNTWRAP):   __ind = 0;
MPRINT(CNTWRAP):   if (__ind<0) then __ind = 0;
MPRINT(CNTWRAP):   length _tmp_ _tmp2_ $250;
MPRINT(CNTWRAP):   _wrap_ = 0;
MPRINT(CNTWRAP):   _fill_ = __ind + 2;
MPRINT(CNTWRAP):   _tmp_ = left(linlabel);
MPRINT(CNTWRAP):   if (__ind>0) then _tmp_ = repeat(' ',__ind-1) || left(linlabel);
MPRINT(CNTWRAP):   if length(_tmp_) > 50 then do;
MPRINT(CNTWRAP):   _startcol = __ind + 1;
MPRINT(CNTWRAP):   _endcol = 50;
MPRINT(CNTWRAP):   _done = 0;
MPRINT(CNTWRAP):   do until(_done);
MPRINT(CNTWRAP):   _lettr1_ = substr(_tmp_,_endcol+1,1);
MPRINT(CNTWRAP):   if( _lettr1_ = " " ) then do;
MPRINT(CNTWRAP):   _splitcol = _endcol+1;
MPRINT(CNTWRAP):   _tmp_ = substr(_tmp_,1,_splitcol-1) || "~" || repeat(" ",_fill_-1) || substr(_tmp_,_splitcol+1);
MPRINT(CNTWRAP):   _wrap_ + 1;
MPRINT(CNTWRAP):   end;
MPRINT(CNTWRAP):   else do;
MPRINT(CNTWRAP):   _gotword = 0;
MPRINT(CNTWRAP):   do _j_ = _endcol to _startcol by -1;
MPRINT(CNTWRAP):   _lettr1_ = substr(_tmp_,_j_,1);
                                                                    The SAS System

MPRINT(CNTWRAP):   if (_lettr1_ = ' ') then do;
MPRINT(CNTWRAP):   _splitcol = _j_;
MPRINT(CNTWRAP):   _tmp_ = substr(_tmp_,1,_splitcol-1) || "~" || repeat(" ",_fill_-1) || substr(_tmp_,_splitcol+1);
MPRINT(CNTWRAP):   _wrap_ + 1;
MPRINT(CNTWRAP):   _gotword = 1;
MPRINT(CNTWRAP):   _j_ = 0;
MPRINT(CNTWRAP):   end;
MPRINT(CNTWRAP):   end;
MPRINT(CNTWRAP):   if (not(_gotword)) then do;
MPRINT(CNTWRAP):   _splitcol = _endcol+1;
MPRINT(CNTWRAP):   _tmp_ = substr(_tmp_,1,_splitcol-1) || "~" || repeat(" ",_fill_-1) || substr(_tmp_,_splitcol);
MPRINT(CNTWRAP):   _wrap_ + 1;
MPRINT(CNTWRAP):   end;
MPRINT(CNTWRAP):   end;
MPRINT(CNTWRAP):   _startcol = _splitcol + _fill_ + 1;
MPRINT(CNTWRAP):   _endcol = _splitcol + 50;
MPRINT(CNTWRAP):   if (_endcol ge 250) or (length(substr(_tmp_,_splitcol+1)) le 50) then _done = 1;
MPRINT(CNTWRAP):   end;
MPRINT(CNTWRAP):   if _splitcol then do;
MPRINT(CNTWRAP):   _tmp2_ = substr(_tmp_,_splitcol+1);
MPRINT(CNTWRAP):   if (length(_tmp2_)=50) then do;
MPRINT(CNTWRAP):   _gotword = 0;
MPRINT(CNTWRAP):   do _j_ = 50 to _fill_+1 by -1;
MPRINT(CNTWRAP):   _lettr1_ = substr(_tmp2_,_j_,1);
MPRINT(CNTWRAP):   if (_lettr1_ = ' ') then do;
MPRINT(CNTWRAP):   _tmp2_ = substr(_tmp2_,1,_j_-1) || "~" || repeat(" ",_fill_-1) || substr(_tmp2_,_j_);
MPRINT(CNTWRAP):   _wrap_ + 1;
MPRINT(CNTWRAP):   _gotword = 1;
MPRINT(CNTWRAP):   _j_ = 0;
MPRINT(CNTWRAP):   end;
MPRINT(CNTWRAP):   end;
MPRINT(CNTWRAP):   if (not(_gotword)) then do;
MPRINT(CNTWRAP):   _j_ = 50-1;
MPRINT(CNTWRAP):   _tmp2_ = substr(_tmp2_,1,_j_-1) || "~" || repeat(" ",_fill_-1) || substr(_tmp2_,_j_);
MPRINT(CNTWRAP):   _wrap_ + 1;
MPRINT(CNTWRAP):   end;
MPRINT(CNTWRAP):   _tmp_ = substr(_tmp_,1,_splitcol)||_tmp2_;
MPRINT(CNTWRAP):   end;
MPRINT(CNTWRAP):   else _tmp_ = substr(_tmp_,1,_splitcol)||" "||substr(_tmp_,_splitcol+1);
MPRINT(CNTWRAP):   end;
MPRINT(CNTWRAP):   end;
MPRINT(CNTWRAP):   linlabel = _tmp_;
MPRINT(TABPREP):  ;
MPRINT(TABPREP):   length _cont $7;
MPRINT(TABPREP):   _cont = ' ';
MPRINT(TABPREP):   if (pageno>1 and _cont>' ') then type = 'ADD1';
                                                                    The SAS System

MPRINT(TABPREP):   else type = ' ';
MPRINT(TABPREP):   output summary2;
MPRINT(TABPREP):   if (_cont>' ') then do;
MPRINT(TABPREP):   oldlev = level;
MPRINT(TABPREP):   end;
MPRINT(TABPREP):   end;
MPRINT(TABPREP):   if eof then output hdpage;
MPRINT(TABPREP):   run;

NOTE: There were 30 observations read from the data set WORK.SUMMARY.
NOTE: The data set WORK.SUMMARY has 30 observations and 43 variables.
NOTE: The data set WORK.SUMMARY2 has 8 observations and 6 variables.
NOTE: The data set WORK.HDPAGE has 1 observations and 1 variables.
NOTE: The data set WORK.BYPAGE has 0 observations and 2 variables.
NOTE: DATA statement used (Total process time):
      real time           0.01 seconds
      cpu time            0.01 seconds
      

MPRINT(TABPREP):   proc sort data=summary2;
MPRINT(TABPREP):   by sortord;
MPRINT(TABPREP):   run;

NOTE: There were 8 observations read from the data set WORK.SUMMARY2.
NOTE: SAS sort was used.
NOTE: The data set WORK.SUMMARY2 has 8 observations and 6 variables.
NOTE: PROCEDURE SORT used (Total process time):
      real time           0.00 seconds
      cpu time            0.00 seconds
      

MPRINT(TABPREP):   data summary2;
MPRINT(TABPREP):   set summary2;
MPRINT(TABPREP):   by sortord;
MPRINT(TABPREP):   if first.sortord and linlabel=' ' then delete;
MPRINT(TABPREP):   run;

NOTE: There were 8 observations read from the data set WORK.SUMMARY2.
NOTE: The data set WORK.SUMMARY2 has 8 observations and 6 variables.
NOTE: DATA statement used (Total process time):
      real time           0.00 seconds
      cpu time            0.00 seconds
      

MPRINT(TABPREP):   proc sort data=summary2;
MPRINT(TABPREP):   by sortord;
                                                                    The SAS System

MPRINT(TABPREP):   run;

NOTE: There were 8 observations read from the data set WORK.SUMMARY2.
NOTE: SAS sort was used.
NOTE: The data set WORK.SUMMARY2 has 8 observations and 6 variables.
NOTE: PROCEDURE SORT used (Total process time):
      real time           0.00 seconds
      cpu time            0.00 seconds
      

MPRINT(TABPREP):   proc sort data=summary;
MPRINT(TABPREP):   by sortord;
MPRINT(TABPREP):   run;

NOTE: There were 30 observations read from the data set WORK.SUMMARY.
NOTE: SAS sort was used.
NOTE: The data set WORK.SUMMARY has 30 observations and 43 variables.
NOTE: PROCEDURE SORT used (Total process time):
      real time           0.00 seconds
      cpu time            0.00 seconds
      

MPRINT(TABPREP):   data summary;
MPRINT(TABPREP):   set summary2 summary;
MPRINT(TABPREP):   by sortord;
MPRINT(TABPREP):   run;

NOTE: There were 8 observations read from the data set WORK.SUMMARY2.
NOTE: There were 30 observations read from the data set WORK.SUMMARY.
NOTE: The data set WORK.SUMMARY has 38 observations and 43 variables.
NOTE: DATA statement used (Total process time):
      real time           0.00 seconds
      cpu time            0.00 seconds
      

MPRINT(TABPREP):   data _null_;
MPRINT(TABPREP):   set summary;
MPRINT(TABPREP):   retain max 0;
MPRINT(TABPREP):   cntr=length(trim(value1));
MPRINT(TABPREP):   if cntr>max then max=cntr;
MPRINT(TABPREP):   cntr=length(trim(value2));
MPRINT(TABPREP):   if cntr>max then max=cntr;
MPRINT(TABPREP):   cntr=length(trim(value3));
MPRINT(TABPREP):   if cntr>max then max=cntr;
MPRINT(TABPREP):   call symput("cntrpad",compress(put(floor(max/2),8.)));
MPRINT(TABPREP):   run;
                                                                    The SAS System


NOTE: There were 38 observations read from the data set WORK.SUMMARY.
NOTE: DATA statement used (Total process time):
      real time           0.00 seconds
      cpu time            0.01 seconds
      

cntrpad=6
MPRINT(TABPREP):   data header1 ( keep = pageno sortord statord linlabel type value1 - value3);
MPRINT(TABPREP):   length linlabel $250 value1 - value3 $40 statord $40 type $20;
MPRINT(TABPREP):   set hdpage (rename = (pageno = pagetot) );
MPRINT(TABPREP):   sortord = 0.01;
MPRINT(TABPREP):   do pageno = 1 to pagetot;
MPRINT(TABPREP):   ** only create num of subj row here if byvar=missing since byvar code below **;
MPRINT(TABPREP):   ** creates num of subj line too **;
MPRINT(TABPREP):   statord = "1";
MPRINT(TABPREP):   type = 'PG1';
MPRINT(TABPREP):   linlabel = ("Number of Participants");
MPRINT(CNTWRAP):   __ind = 0;
MPRINT(CNTWRAP):   if (__ind<0) then __ind = 0;
MPRINT(CNTWRAP):   length _tmp_ _tmp2_ $250;
MPRINT(CNTWRAP):   _wrap_ = 0;
MPRINT(CNTWRAP):   _fill_ = __ind + 2;
MPRINT(CNTWRAP):   _tmp_ = left(linlabel);
MPRINT(CNTWRAP):   if (__ind>0) then _tmp_ = repeat(' ',__ind-1) || left(linlabel);
MPRINT(CNTWRAP):   if length(_tmp_) > 50 then do;
MPRINT(CNTWRAP):   _startcol = __ind + 1;
MPRINT(CNTWRAP):   _endcol = 50;
MPRINT(CNTWRAP):   _done = 0;
MPRINT(CNTWRAP):   do until(_done);
MPRINT(CNTWRAP):   _lettr1_ = substr(_tmp_,_endcol+1,1);
MPRINT(CNTWRAP):   if( _lettr1_ = " " ) then do;
MPRINT(CNTWRAP):   _splitcol = _endcol+1;
MPRINT(CNTWRAP):   _tmp_ = substr(_tmp_,1,_splitcol-1) || "~" || repeat(" ",_fill_-1) || substr(_tmp_,_splitcol+1);
MPRINT(CNTWRAP):   _wrap_ + 1;
MPRINT(CNTWRAP):   end;
MPRINT(CNTWRAP):   else do;
MPRINT(CNTWRAP):   _gotword = 0;
MPRINT(CNTWRAP):   do _j_ = _endcol to _startcol by -1;
MPRINT(CNTWRAP):   _lettr1_ = substr(_tmp_,_j_,1);
MPRINT(CNTWRAP):   if (_lettr1_ = ' ') then do;
MPRINT(CNTWRAP):   _splitcol = _j_;
MPRINT(CNTWRAP):   _tmp_ = substr(_tmp_,1,_splitcol-1) || "~" || repeat(" ",_fill_-1) || substr(_tmp_,_splitcol+1);
MPRINT(CNTWRAP):   _wrap_ + 1;
MPRINT(CNTWRAP):   _gotword = 1;
MPRINT(CNTWRAP):   _j_ = 0;
                                                                    The SAS System

MPRINT(CNTWRAP):   end;
MPRINT(CNTWRAP):   end;
MPRINT(CNTWRAP):   if (not(_gotword)) then do;
MPRINT(CNTWRAP):   _splitcol = _endcol+1;
MPRINT(CNTWRAP):   _tmp_ = substr(_tmp_,1,_splitcol-1) || "~" || repeat(" ",_fill_-1) || substr(_tmp_,_splitcol);
MPRINT(CNTWRAP):   _wrap_ + 1;
MPRINT(CNTWRAP):   end;
MPRINT(CNTWRAP):   end;
MPRINT(CNTWRAP):   _startcol = _splitcol + _fill_ + 1;
MPRINT(CNTWRAP):   _endcol = _splitcol + 50;
MPRINT(CNTWRAP):   if (_endcol ge 250) or (length(substr(_tmp_,_splitcol+1)) le 50) then _done = 1;
MPRINT(CNTWRAP):   end;
MPRINT(CNTWRAP):   if _splitcol then do;
MPRINT(CNTWRAP):   _tmp2_ = substr(_tmp_,_splitcol+1);
MPRINT(CNTWRAP):   if (length(_tmp2_)=50) then do;
MPRINT(CNTWRAP):   _gotword = 0;
MPRINT(CNTWRAP):   do _j_ = 50 to _fill_+1 by -1;
MPRINT(CNTWRAP):   _lettr1_ = substr(_tmp2_,_j_,1);
MPRINT(CNTWRAP):   if (_lettr1_ = ' ') then do;
MPRINT(CNTWRAP):   _tmp2_ = substr(_tmp2_,1,_j_-1) || "~" || repeat(" ",_fill_-1) || substr(_tmp2_,_j_);
MPRINT(CNTWRAP):   _wrap_ + 1;
MPRINT(CNTWRAP):   _gotword = 1;
MPRINT(CNTWRAP):   _j_ = 0;
MPRINT(CNTWRAP):   end;
MPRINT(CNTWRAP):   end;
MPRINT(CNTWRAP):   if (not(_gotword)) then do;
MPRINT(CNTWRAP):   _j_ = 50-1;
MPRINT(CNTWRAP):   _tmp2_ = substr(_tmp2_,1,_j_-1) || "~" || repeat(" ",_fill_-1) || substr(_tmp2_,_j_);
MPRINT(CNTWRAP):   _wrap_ + 1;
MPRINT(CNTWRAP):   end;
MPRINT(CNTWRAP):   _tmp_ = substr(_tmp_,1,_splitcol)||_tmp2_;
MPRINT(CNTWRAP):   end;
MPRINT(CNTWRAP):   else _tmp_ = substr(_tmp_,1,_splitcol)||" "||substr(_tmp_,_splitcol+1);
MPRINT(CNTWRAP):   end;
MPRINT(CNTWRAP):   end;
MPRINT(CNTWRAP):   linlabel = _tmp_;
MPRINT(TABPREP):  ;
MPRINT(TABPREP):   if (6-length(compress(put( 50, 8.0 )))-1>=0) then value1 = repeat(' ',6-length(compress(put( 50, 8.0 )))-1)||compress(put( 50, 8.0 
));
MPRINT(TABPREP):   if (6-length(compress(put( 50, 8.0 )))-1>=0) then value2 = repeat(' ',6-length(compress(put( 50, 8.0 )))-1)||compress(put( 50, 8.0 
));
MPRINT(TABPREP):   if (6-length(compress(put( 100, 8.0 )))-1>=0) then value3 = repeat(' ',6-length(compress(put( 100, 8.0 )))-1)||compress(put( 100, 
8.0 ));
MPRINT(TABPREP):   output;
MPRINT(TABPREP):   end;
MPRINT(TABPREP):   run;
                                                                    The SAS System


NOTE: There were 1 observations read from the data set WORK.HDPAGE.
NOTE: The data set WORK.HEADER1 has 2 observations and 8 variables.
NOTE: DATA statement used (Total process time):
      real time           0.00 seconds
      cpu time            0.01 seconds
      

MPRINT(TABPREP):   proc sort data = header1;
MPRINT(TABPREP):   where statord ^= '1';
MPRINT(TABPREP):   by pageno sortord statord;
MPRINT(TABPREP):   run;

NOTE: Input data set is empty.
NOTE: SAS sort was used.
NOTE: There were 0 observations read from the data set WORK.HEADER1.
      WHERE statord not = '1';
NOTE: The data set WORK.HEADER1 has 0 observations and 8 variables.
NOTE: PROCEDURE SORT used (Total process time):
      real time           0.00 seconds
      cpu time            0.00 seconds
      

MPRINT(TABPREP):   proc sort data = summary;
MPRINT(TABPREP):   by pageno;
MPRINT(TABPREP):   run;

NOTE: There were 38 observations read from the data set WORK.SUMMARY.
NOTE: SAS sort was used.
NOTE: The data set WORK.SUMMARY has 38 observations and 43 variables.
NOTE: PROCEDURE SORT used (Total process time):
      real time           0.00 seconds
      cpu time            0.00 seconds
      

MPRINT(TABPREP):   data summary;
MPRINT(TABPREP):   set header1 summary;
MPRINT(TABPREP):   run;

NOTE: There were 0 observations read from the data set WORK.HEADER1.
NOTE: There were 38 observations read from the data set WORK.SUMMARY.
NOTE: The data set WORK.SUMMARY has 38 observations and 43 variables.
NOTE: DATA statement used (Total process time):
      real time           0.00 seconds
      cpu time            0.00 seconds
      
                                                                    The SAS System


MPRINT(TABPREP):   proc sort data = summary;
MPRINT(TABPREP):   by pageno sortord statord type;
MPRINT(TABPREP):   run;

NOTE: There were 38 observations read from the data set WORK.SUMMARY.
NOTE: SAS sort was used.
NOTE: The data set WORK.SUMMARY has 38 observations and 43 variables.
NOTE: PROCEDURE SORT used (Total process time):
      real time           0.00 seconds
      cpu time            0.00 seconds
      

MPRINT(TABPREP):   ***--- Keep only the variables required in the reporting macro ---***;
MPRINT(TABPREP):   ***--- starting here ---*** ***--- VK 04AUG2006 ---***;
MPRINT(TABPREP):   data summary;
MPRINT(TABPREP):   set summary end=eof;
MPRINT(TABPREP):   retain maxoc 0;
MPRINT(TABPREP):   keep pageno sortord statord: type level linlabel value: pval: ;
MPRINT(TABPREP):   if eof then call symput ('maxoc',compress(put(maxoc,best.)));
MPRINT(TABPREP):   run;

NOTE: There were 38 observations read from the data set WORK.SUMMARY.
NOTE: The data set WORK.SUMMARY has 38 observations and 13 variables.
NOTE: DATA statement used (Total process time):
      real time           0.00 seconds
      cpu time            0.00 seconds
      

MPRINT(TABPREP):   data _null_;
MPRINT(TABPREP):   ** create new dataset name that converts any dashes to underscores **;
MPRINT(TABPREP):   length vtitlekey $200.;
MPRINT(TABPREP):   vtitlekey = compress(tranwrd("t-demog",'-','_'));
MPRINT(TABPREP):   call symput("vtitlekey",compress(vtitlekey));
MPRINT(TABPREP):   run;

NOTE: DATA statement used (Total process time):
      real time           0.00 seconds
      cpu time            0.00 seconds
      

MPRINT(TABPREP):   *** only output validation dataset if vdata is specified and first character ***;
MPRINT(TABPREP):   *** of titlekey does not start with V (i.e. not a validation program) ***;
MPRINT(TABPREP):   data vdata.v_t_demog;
MPRINT(TABPREP):   set summary;
MPRINT(TABPREP):   run;
                                                                    The SAS System


NOTE: There were 38 observations read from the data set WORK.SUMMARY.
NOTE: The data set VDATA.V_T_DEMOG has 38 observations and 13 variables.
NOTE: DATA statement used (Total process time):
      real time           0.04 seconds
      cpu time            0.00 seconds
      

MPRINT(TABPREP):   ***--- till here ---*** ***--- VK 04AUG2006 ---***;
MPRINT(TABPREP):  ;
MPRINT(TABPREP):   ***--- starting here ---*** ***--- VK 20JUL2006 ---***;
MPRINT(TABPREP):   data m_macvar;
MPRINT(TABPREP):   set sashelp.vmacro;
MPRINT(TABPREP):   if scope not in ('GLOBAL','AUTOMATIC');
MPRINT(TABPREP):   run;

NOTE: There were 397 observations read from the data set SASHELP.VMACRO.
NOTE: The data set WORK.M_MACVAR has 45 observations and 4 variables.
NOTE: DATA statement used (Total process time):
      real time           0.00 seconds
      cpu time            0.01 seconds
      

MPRINT(TABPREP):   *** Merge long macro values back into one record ***;
MPRINT(TABPREP):   data m_macvar (drop=nam);
MPRINT(TABPREP):   set m_macvar;
MPRINT(TABPREP):   format nam $40.;
MPRINT(TABPREP):   retain nam ' ';
MPRINT(TABPREP):   retain seq 0;
MPRINT(TABPREP):   if (name^=nam) then seq = seq + 1;
MPRINT(TABPREP):   output;
MPRINT(TABPREP):   nam = name;
MPRINT(TABPREP):   run;

NOTE: There were 45 observations read from the data set WORK.M_MACVAR.
NOTE: The data set WORK.M_MACVAR has 45 observations and 5 variables.
NOTE: DATA statement used (Total process time):
      real time           0.00 seconds
      cpu time            0.00 seconds
      

MPRINT(TABPREP):   data m_macvar (drop=seq val);
MPRINT(TABPREP):   set m_macvar (rename=(value=val));
MPRINT(TABPREP):   by seq;
MPRINT(TABPREP):   format value $4000.;
MPRINT(TABPREP):   retain value;
                                                                    The SAS System

MPRINT(TABPREP):   if (first.seq) then do;
MPRINT(TABPREP):   value= val;
MPRINT(TABPREP):   end;
MPRINT(TABPREP):   else do;
MPRINT(TABPREP):   value= substr(value,1,offset)||trim(val);
MPRINT(TABPREP):   end;
MPRINT(TABPREP):   if (last.seq);
MPRINT(TABPREP):   run;

NOTE: There were 45 observations read from the data set WORK.M_MACVAR.
NOTE: The data set WORK.M_MACVAR has 45 observations and 4 variables.
NOTE: DATA statement used (Total process time):
      real time           0.00 seconds
      cpu time            0.00 seconds
      

MPRINT(TABPREP):   *** Merge long macro values back into one record ***;
MPRINT(TABPREP):   ***--- till here ---*** ***--- VK 20JUL2006 ---***;
MPRINT(TABPREP):   * proc print data = m_macvar;
MPRINT(TABPREP):   * title3 'File M_MACVAR';
MPRINT(TABPREP):   * run;
MPRINT(TABPREP):   * proc print data = summary;
MPRINT(TABPREP):   * title3 'File SUMMARY as printed by PROC REPORT';
MPRINT(TABPREP):   * run;
MPRINT(MAIN):  ;
MPRINT(PRINTSET):   data _null_;
MPRINT(PRINTSET):   if index("t-demog",'-')>0 then hyund="-";
MPRINT(PRINTSET):   else hyund="_";
MPRINT(PRINTSET):   call symput("hyund",compress(hyund));
MPRINT(PRINTSET):   run;

NOTE: DATA statement used (Total process time):
      real time           0.00 seconds
      cpu time            0.00 seconds
      

MPRINT(PRINTSET):   data _null_;
MPRINT(PRINTSET):   formchar='|----|+|----+=|-/\<>*™';
MPRINT(PRINTSET):   substr(formchar,2,1)='_';
MPRINT(PRINTSET):   call symput('formchar',formchar);
MPRINT(PRINTSET):   run;

NOTE: DATA statement used (Total process time):
      real time           0.00 seconds
      cpu time            0.00 seconds
      
                                                                    The SAS System


MPRINT(PRINTSET):   options orientation = LANDSCAPE papersize = letter topmargin = "1 in" bottommargin = "1 in" leftmargin = "1 in" rightmargin = "1 
in" formchar="|_---|+|----+=|-/\<>*™";
MPRINT(PRINTSET):   options pagesize = 48 linesize = 150 nodate nonumber;
MPRINT(TNFSET):   filename _tnftmp temp;
MPRINT(TNFSET):   data _null_;
MPRINT(TNFSET):   file _tnftmp lrecl=1000 recfm=v;
MPRINT(TNFSET):   infile "../tools/tnf.inc" lrecl=1000 pad;
MPRINT(TNFSET):   length testtext $ 40;
MPRINT(TNFSET):   input @1 text $1000.;
MPRINT(TNFSET):   testtext = scan(text,1," ");
MPRINT(TNFSET):   if testtext = "/*";
MPRINT(TNFSET):   testtext = scan(text,2," ");
MPRINT(TNFSET):   if upcase(testtext) in ("T-DEMOG" , "DEFAULT");
MPRINT(TNFSET):   testtext = scan(text,3," ");
MPRINT(TNFSET):   if testtext =: "*/";
MPRINT(TNFSET):   put text;
MPRINT(TNFSET):   run;

NOTE: The file _TNFTMP is:
      Filename=/saswork/SAS_work6BA100177F3B_sjgsasappprdg12/#LN00077,
      Owner Name=cpearson1,
      Group Name=NA\domain^users,
      Access Permission=-rw--w-rw-,
      Last Modified=30Aug2026:15:55:01

NOTE: The infile "../tools/tnf.inc" is:
      Filename=/biometrics/gsi_stds/dss_2026/s0000000/final/draft1/tools/tnf.inc,
      Owner Name=cpearson1,
      Group Name=NA\domain^users,
      Access Permission=-rwxrwxrwx,
      Last Modified=30Aug2026:15:39:33,
      File Size (bytes)=10383

NOTE: 8 records were written to the file _TNFTMP.
      The minimum record length was 49.
      The maximum record length was 182.
NOTE: 109 records were read from the infile "../tools/tnf.inc".
      The minimum record length was 0.
      The maximum record length was 187.
NOTE: DATA statement used (Total process time):
      real time           0.03 seconds
      cpu time            0.01 seconds
      

NOTE: %INCLUDE (level 2) file _TNFTMP is file /saswork/SAS_work6BA100177F3B_sjgsasappprdg12/#LN00077.
                                                                    The SAS System

1260      +/* default       */ %let ttl1 = NO ASSIGNED TITLE FOR JOB &titlekey;
1261      +/* t-demog */ %let ttl1 = %str(Table 15.8.3.1.1: Demographics and Baseline Characteristics);
1262      +/* t-demog */ %let ttl2 = %str(ITT Analysis Set);
1263      +/* t-demog */ %let fnl1 = %str(Denominator for percentages was the ITT Analysis Set.);
1264      +/* t-demog */ %let fnl2 = %str(Age %(in years{or specify unit}%) was collected on date of Day 1 visit. [If age was not collected, age was
1264     !+derived using data of Day 1 visit if dose,);
1265      +/* t-demog */ %let fnl3 = %str(date of [randomization] [enrollment] if not dosed, or the date of informed consent if not randomized.);
1266      +/* t-demog */ %let fnl4 = %str(Body Mass Index %(BMI%) %(kg/m^2%) = [Weight %(kg%)/Height %(cm%) ^2] * 10,000.);
1267      +/* t-demog */ %let fnl5 = %str(Source: Listing 16.2.4.1);
NOTE: %INCLUDE (level 2) ending.
NOTE: %INCLUDE (level 1) resuming.
MPRINT(TNFSET):   filename _tnftmp clear;
NOTE: Fileref _TNFTMP has been deassigned.
MPRINT(TNFSET):   title1 j=r "                                                                                                                        
         Gilead Sciences, Inc.";
MPRINT(TNFSET):   title2 j=r "                                                                                                                        
          Study GS-US-000-0000";
MPRINT(TNFSET):   title3 j=c "                                             Table 15.8.3.1.1: Demographics and Baseline Characteristics                
                              ";
MPRINT(TNFSET):   title4 j=c "                                                                   ITT Analysis Set                                     
                              ";
MPRINT(TNFSET):   footnote1 j=l "Denominator for percentages was the ITT Analysis Set.                                                                
                                 ";
MPRINT(TNFSET):   footnote2 j=l "Age (in years{or specify unit}) was collected on date of Day 1 visit. [If age was not collected, age was derived 
using data of Day 1 visit if dose,   ";
MPRINT(TNFSET):   footnote3 j=l "date of [randomization] [enrollment] if not dosed, or the date of informed consent if not randomized.                
                                 ";
MPRINT(TNFSET):   footnote4 j=l "Body Mass Index (BMI) (kg/m^2) = [Weight (kg)/Height (cm) ^2] * 10,000.                                              
                                 ";
MPRINT(TNFSET):   footnote5 j=l "Source: Listing 16.2.4.1                                                                                             
                                 ";
MPRINT(TNFSET):   footnote7 j=l "Data Extracted: ddmmmyyyy                                                                                            
                                 ";
MPRINT(TNFSET):   footnote8 j=l "Source: .../final/draft1/prog/t-demog.sas v9.4  Output file: t-demog.pdf 30AUG2026:15:55                             
                  PAGE XX OF YYY ";
MPRINT(PRINTSET):  ;
MPRINT(PRINTSET):   proc printto print = "t-demog.out" new ;
MPRINT(PRINTSET):   run;

NOTE: PROCEDURE PRINTTO used (Total process time):
      real time           0.01 seconds
      cpu time            0.00 seconds
      

MPRINT(MAIN):  ;
MPRINT(TABDRPT):   ***--- create local macro variables used locally in previous macro ---***;
                                                                    The SAS System

MPRINT(TABDRPT):   ***--- starting here ---*** ***--- VK 21JUL2006 ---***;
MPRINT(TABDRPT):   *** use call symput to avoide %bquote maximum nesting issue ***;
MPRINT(TABDRPT):   data _null_;
MPRINT(TABDRPT):   set m_macvar;
MPRINT(TABDRPT):   if (index(' STATS GSPACE SSPACE CWIDTH HEADTOT MMODE DRPTCOL LLABEL EMPTYLBL SORDSKIP COLBRKS PGBRK BYVAR HDRMOD SKIPVAR', ' 
'||trim(name)||' ')=0) then do;
MPRINT(TABDRPT):   call symput( trim(name), trim(value));
MPRINT(TABDRPT):   end;
MPRINT(TABDRPT):   else if ("t-demog "=" " and name='TITLEKEY') then call symput( trim(name), trim(value));
MPRINT(TABDRPT):   else if ("t-demog "=" " and name='OUTNAME') then call symput( trim(name), trim(value));
MPRINT(TABDRPT):   run;

NOTE: There were 45 observations read from the data set WORK.M_MACVAR.
NOTE: DATA statement used (Total process time):
      real time           0.00 seconds
      cpu time            0.00 seconds
      

MPRINT(TABDRPT):   ;
MPRINT(TABDRPT):   ;
MPRINT(TABDRPT):   ***--- till here ---***;
MPRINT(TABDRPT):   ***--- VK 21JUL2006 ---***;
MPRINT(TABDRPT):   ***--- reformat drptcol to have a space around each valueX with parentheses ***;
MPRINT(TABDRPT):   ;
MPRINT(TABDRPT):   ***--- number of columns to be printed in the report VK 23SEP2007 ---***;
MPRINT(TABDRPT):   ***--- check number of columns to print as specified in showallcol option in tabdesc call ---***;
MPRINT(TABDRPT):   ***--- Start ---***;
MPRINT(TABDRPT):   ***--- VK 31MAY2007---***;
MPRINT(TABDRPT):   ***--- End ---***;
MPRINT(TABDRPT):   ***--- VK 31MAY2007---***;
MPRINT(TABDRPT):   ODS LISTING;
MPRINT(TABDRPT):   ** Remove the following record to clarify if it is a no data situation;
MPRINT(TABDRPT):   data summary;
MPRINT(TABDRPT):   set summary;
MPRINT(TABDRPT):   if _n_=1 and strip(linlabel)="No data available for this table" then delete;
MPRINT(TABDRPT):   run;

NOTE: There were 38 observations read from the data set WORK.SUMMARY.
NOTE: The data set WORK.SUMMARY has 38 observations and 13 variables.
NOTE: DATA statement used (Total process time):
      real time           0.00 seconds
      cpu time            0.00 seconds
      

MPRINT(TABDRPT):  ;
nobs=38
                                                                    The SAS System

MPRINT(PRINTSET):   data _null_;
MPRINT(PRINTSET):   if index("t-demog",'-')>0 then hyund="-";
MPRINT(PRINTSET):   else hyund="_";
MPRINT(PRINTSET):   call symput("hyund",compress(hyund));
MPRINT(PRINTSET):   run;

NOTE: DATA statement used (Total process time):
      real time           0.00 seconds
      cpu time            0.00 seconds
      

MPRINT(PRINTSET):   data _null_;
MPRINT(PRINTSET):   formchar='|----|+|----+=|-/\<>*™';
MPRINT(PRINTSET):   substr(formchar,2,1)='_';
MPRINT(PRINTSET):   call symput('formchar',formchar);
MPRINT(PRINTSET):   run;

NOTE: DATA statement used (Total process time):
      real time           0.00 seconds
      cpu time            0.00 seconds
      

MPRINT(PRINTSET):   options orientation = LANDSCAPE papersize = letter topmargin = "1 in" bottommargin = "1 in" leftmargin = "1 in" rightmargin = "1 
in" formchar="|_---|+|----+=|-/\<>*™";
MPRINT(PRINTSET):   options pagesize = 48 linesize = 150 nodate nonumber;
MPRINT(TNFSET):   filename _tnftmp temp;
MPRINT(TNFSET):   data _null_;
MPRINT(TNFSET):   file _tnftmp lrecl=1000 recfm=v;
MPRINT(TNFSET):   infile "../tools/tnf.inc" lrecl=1000 pad;
MPRINT(TNFSET):   length testtext $ 40;
MPRINT(TNFSET):   input @1 text $1000.;
MPRINT(TNFSET):   testtext = scan(text,1," ");
MPRINT(TNFSET):   if testtext = "/*";
MPRINT(TNFSET):   testtext = scan(text,2," ");
MPRINT(TNFSET):   if upcase(testtext) in ("T-DEMOG" , "DEFAULT");
MPRINT(TNFSET):   testtext = scan(text,3," ");
MPRINT(TNFSET):   if testtext =: "*/";
MPRINT(TNFSET):   put text;
MPRINT(TNFSET):   run;

NOTE: The file _TNFTMP is:
      Filename=/saswork/SAS_work6BA100177F3B_sjgsasappprdg12/#LN00081,
      Owner Name=cpearson1,
      Group Name=NA\domain^users,
      Access Permission=-rw--w-rw-,
      Last Modified=30Aug2026:15:55:01
                                                                    The SAS System


NOTE: The infile "../tools/tnf.inc" is:
      Filename=/biometrics/gsi_stds/dss_2026/s0000000/final/draft1/tools/tnf.inc,
      Owner Name=cpearson1,
      Group Name=NA\domain^users,
      Access Permission=-rwxrwxrwx,
      Last Modified=30Aug2026:15:39:33,
      File Size (bytes)=10383

NOTE: 8 records were written to the file _TNFTMP.
      The minimum record length was 49.
      The maximum record length was 182.
NOTE: 109 records were read from the infile "../tools/tnf.inc".
      The minimum record length was 0.
      The maximum record length was 187.
NOTE: DATA statement used (Total process time):
      real time           0.02 seconds
      cpu time            0.02 seconds
      

NOTE: %INCLUDE (level 2) file _TNFTMP is file /saswork/SAS_work6BA100177F3B_sjgsasappprdg12/#LN00081.
1268      +/* default       */ %let ttl1 = NO ASSIGNED TITLE FOR JOB &titlekey;
1269      +/* t-demog */ %let ttl1 = %str(Table 15.8.3.1.1: Demographics and Baseline Characteristics);
1270      +/* t-demog */ %let ttl2 = %str(ITT Analysis Set);
1271      +/* t-demog */ %let fnl1 = %str(Denominator for percentages was the ITT Analysis Set.);
1272      +/* t-demog */ %let fnl2 = %str(Age %(in years{or specify unit}%) was collected on date of Day 1 visit. [If age was not collected, age was
1272     !+derived using data of Day 1 visit if dose,);
1273      +/* t-demog */ %let fnl3 = %str(date of [randomization] [enrollment] if not dosed, or the date of informed consent if not randomized.);
1274      +/* t-demog */ %let fnl4 = %str(Body Mass Index %(BMI%) %(kg/m^2%) = [Weight %(kg%)/Height %(cm%) ^2] * 10,000.);
1275      +/* t-demog */ %let fnl5 = %str(Source: Listing 16.2.4.1);
NOTE: %INCLUDE (level 2) ending.
NOTE: %INCLUDE (level 1) resuming.
MPRINT(TNFSET):   filename _tnftmp clear;
NOTE: Fileref _TNFTMP has been deassigned.
MPRINT(TNFSET):   title1 j=r "                                                                                                                        
         Gilead Sciences, Inc.";
MPRINT(TNFSET):   title2 j=r "                                                                                                                        
          Study GS-US-000-0000";
MPRINT(TNFSET):   title3 j=c "                                             Table 15.8.3.1.1: Demographics and Baseline Characteristics                
                              ";
MPRINT(TNFSET):   title4 j=c "                                                                   ITT Analysis Set                                     
                              ";
MPRINT(TNFSET):   footnote1 j=l "Denominator for percentages was the ITT Analysis Set.                                                                
                                 ";
MPRINT(TNFSET):   footnote2 j=l "Age (in years{or specify unit}) was collected on date of Day 1 visit. [If age was not collected, age was derived 
using data of Day 1 visit if dose,   ";
                                                                    The SAS System

MPRINT(TNFSET):   footnote3 j=l "date of [randomization] [enrollment] if not dosed, or the date of informed consent if not randomized.                
                                 ";
MPRINT(TNFSET):   footnote4 j=l "Body Mass Index (BMI) (kg/m^2) = [Weight (kg)/Height (cm) ^2] * 10,000.                                              
                                 ";
MPRINT(TNFSET):   footnote5 j=l "Source: Listing 16.2.4.1                                                                                             
                                 ";
MPRINT(TNFSET):   footnote7 j=l "Data Extracted: ddmmmyyyy                                                                                            
                                 ";
MPRINT(TNFSET):   footnote8 j=l "Source: .../final/draft1/prog/t-demog.sas v9.4  Output file: t-demog.pdf 30AUG2026:15:55                             
                  PAGE XX OF YYY ";
MPRINT(PRINTSET):  ;
MPRINT(PRINTSET):   proc printto print = "t-demog.out" new ;
MPRINT(PRINTSET):   run;

NOTE: PROCEDURE PRINTTO used (Total process time):
      real time           0.01 seconds
      cpu time            0.00 seconds
      

MPRINT(TABDRPT):  ;
MPRINT(TABDRPT):   filename mprint "__1539899.tmp";
MPRINT(TABDRPT):   option mfile;
MPRINT(TABDRPT):   proc report data = summary split = '~' missing headline spacing = 14 formchar(2) = "_" nowindows;
NOTE: The macro generated output from MPRINT will also be written to external file 
      /biometrics/gsi_stds/dss_2026/s0000000/final/draft1/prog/__1539899.tmp while OPTIONS MPRINT and MFILE are set.
MPRINT(TABDRPT):   column ( '__' ( pageno sortord type linlabel value1 value2 value3 ));
MPRINT(TABDRPT):   *********************************************;
MPRINT(TABDRPT):   *** End of COLUMN statement specification ***;
MPRINT(TABDRPT):   *** begin define statement ***;
MPRINT(TABDRPT):   *********************************************;
MPRINT(TABDRPT):   define pageno / order order=internal noprint;
MPRINT(TABDRPT):   define sortord / order order=internal noprint;
MPRINT(TABDRPT):   define type / order order=internal noprint;
MPRINT(TABDRPT):   define linlabel / display width = 50 flow "";
MPRINT(TABDRPT):   define value1 / display width=13 center flow "Drug A~(N=50)";
MPRINT(TABDRPT):   define value2 / display width=13 center flow "Drug B~(N=50)";
MPRINT(TABDRPT):   define value3 / display width=13 center flow "Total~(N=100)";
MPRINT(TABDRPT):   *********************************************;
MPRINT(TABDRPT):   *** End of define statement specification ***;
MPRINT(TABDRPT):   *** begin compute statement ***;
MPRINT(TABDRPT):   *********************************************;
MPRINT(TABDRPT):   **********************************************;
MPRINT(TABDRPT):   *** End of compute statement specification ***;
MPRINT(TABDRPT):   *** begin break statement ***;
MPRINT(TABDRPT):   **********************************************;
MPRINT(TABDRPT):   break after pageno / page;
                                                                    The SAS System

MPRINT(TABDRPT):   break before sortord / skip;
MPRINT(TABDRPT):   run;

NOTE: Multiple concurrent threads will be used to summarize data.
NOTE: There were 38 observations read from the data set WORK.SUMMARY.
NOTE: The PROCEDURE REPORT printed pages 1-2.
NOTE: PROCEDURE REPORT used (Total process time):
      real time           0.33 seconds
      cpu time            0.02 seconds
      

MPRINT(TABDRPT):   option nomfile;
MPRINT(TABDRPT):   filename mprint clear;
NOTE: Fileref MPRINT has been deassigned.
MPRINT(RPTEXPORT):   filename rptlog "__1539899.tmp";
MPRINT(RPTEXPORT):   x "rm /biometrics/gsi_stds/dss_2026/s0000000/final/draft1/prog/__1539899.tmp";
MPRINT(TABDRPT):  ;
MPRINT(PAGESET):   proc printto print=print;
MPRINT(PAGESET):   run;

NOTE: PROCEDURE PRINTTO used (Total process time):
      real time           0.00 seconds
      cpu time            0.00 seconds
      

MPRINT(PAGESET):   *** count pages and save text to temporary file ***;
MPRINT(PAGESET):   filename _outfil_ "t-demog.out";
MPRINT(PAGESET):   data pagesettext(compress=yes keep=text obsnum) pagesetnums(keep=obsnum_u);
MPRINT(PAGESET):   infile _outfil_ lrecl=200 pad eof=eof;
MPRINT(PAGESET):   input text $char200.;
MPRINT(PAGESET):   obsnum + 1;
MPRINT(PAGESET):   output pagesettext;
MPRINT(PAGESET):   if( index(text,"PAGE XX OF YYY ") ) then do;
MPRINT(PAGESET):   obsnum_u = obsnum-8;
MPRINT(PAGESET):   totpages + 1;
MPRINT(PAGESET):   output pagesetnums;
MPRINT(PAGESET):   end;
MPRINT(PAGESET):   return;
MPRINT(PAGESET):   eof: call symput("totpages",compress(put(totpages,best.)));
MPRINT(PAGESET):   run;

NOTE: The infile _OUTFIL_ is:
      Filename=/biometrics/gsi_stds/dss_2026/s0000000/final/draft1/prog/t-demog.out,
      Owner Name=cpearson1,
      Group Name=NA\domain^users,
      Access Permission=-rwxrwxrwx,
                                                                    The SAS System

      Last Modified=30Aug2026:15:55:02,
      File Size (bytes)=11123

NOTE: 96 records were read from the infile _OUTFIL_.
      The minimum record length was 0.
      The maximum record length was 151.
NOTE: The data set WORK.PAGESETTEXT has 96 observations and 2 variables.
NOTE: Compressing data set WORK.PAGESETTEXT increased size by 100.00 percent. 
      Compressed is 2 pages; un-compressed would require 1 pages.
NOTE: The data set WORK.PAGESETNUMS has 2 observations and 1 variables.
NOTE: DATA statement used (Total process time):
      real time           0.01 seconds
      cpu time            0.02 seconds
      

MPRINT(PAGESET):   *** Insert page numbering ***;
MPRINT(PAGESET):   data pagesettext;
MPRINT(PAGESET):   merge pagesettext(in=_txt_) pagesetnums(in=_num_ rename=(obsnum_u=obsnum));
MPRINT(PAGESET):   by obsnum;
MPRINT(PAGESET):   *** insert underline above footnotes ***;
MPRINT(PAGESET):   if _txt_ and _num_ then if text = " " then text = repeat("_",149);
MPRINT(PAGESET):   length pagenumtxt $ 20;
MPRINT(PAGESET):   retain totpages 2;
MPRINT(PAGESET):   file _outfil_ linesize = 200 recfm=v noprint;
MPRINT(PAGESET):   if text = ' ' then put;
MPRINT(PAGESET):   else do;
MPRINT(PAGESET):   if _n_ le 2 and substr(text,1,1) = "0c"x then text=substr(text,2);
MPRINT(PAGESET):   if length(left(text)) > 1 then if substr(left(text),1,2)='zf' then text=substr(left(text),3);
MPRINT(PAGESET):   *** process page numbering ***;
MPRINT(PAGESET):   pnumpos = index(text, "PAGE XX OF YYY ");
MPRINT(PAGESET):   if pnumpos > 0 then do;
MPRINT(PAGESET):   page + 1;
MPRINT(PAGESET):   pagenumtxt = 'Page ' || trim(left(put(page, 6.))) || ' of ' || trim(left(put(totpages, 6.)));
MPRINT(PAGESET):   pagenumlen = length(pagenumtxt);
MPRINT(PAGESET):   text = substr(text, 1, pnumpos-1);
MPRINT(PAGESET):   substr(text, 1+150-pagenumlen) = trim(pagenumtxt);
MPRINT(PAGESET):   end;
MPRINT(PAGESET):   outlen = length(text);
MPRINT(PAGESET):   put text $varying200. outlen;
MPRINT(PAGESET):   end;
MPRINT(PAGESET):   delete;
MPRINT(PAGESET):   run;

NOTE: The file _OUTFIL_ is:
      Filename=/biometrics/gsi_stds/dss_2026/s0000000/final/draft1/prog/t-demog.out,
      Owner Name=cpearson1,
                                                                    The SAS System

      Group Name=NA\domain^users,
      Access Permission=-rwxrwxrwx,
      Last Modified=30Aug2026:15:55:02

NOTE: 96 records were written to the file _OUTFIL_.
      The minimum record length was 0.
      The maximum record length was 151.
NOTE: There were 96 observations read from the data set WORK.PAGESETTEXT.
NOTE: There were 2 observations read from the data set WORK.PAGESETNUMS.
NOTE: The data set WORK.PAGESETTEXT has 0 observations and 8 variables.
NOTE: DATA statement used (Total process time):
      real time           0.01 seconds
      cpu time            0.00 seconds
      

MPRINT(TXT2PDF):   **************************************************************************;
MPRINT(TXT2PDF):   ** Count pages in source file &in *;
MPRINT(TXT2PDF):   **************************************************************************;
MPRINT(TXT2PDF):   data _null_;
MPRINT(TXT2PDF):   retain firstobs 1;
MPRINT(TXT2PDF):   infile "t-demog.out" pad end=eof;
MPRINT(TXT2PDF):   input char $char1.;
MPRINT(TXT2PDF):   if _n_ = 1 then do;
MPRINT(TXT2PDF):   pages + 1;
MPRINT(TXT2PDF):   if char="1b"x then do;
MPRINT(TXT2PDF):   firstobs = 2;
MPRINT(TXT2PDF):   return;
MPRINT(TXT2PDF):   end;
MPRINT(TXT2PDF):   end;
MPRINT(TXT2PDF):   totlines + 1;
MPRINT(TXT2PDF):   if char = "0c"x then pages + 1;
MPRINT(TXT2PDF):   else if char = "1b"x then do;
MPRINT(TXT2PDF):   pages + 1;
MPRINT(TXT2PDF):   totlines + -1;
MPRINT(TXT2PDF):   end;
MPRINT(TXT2PDF):   if eof then do;
MPRINT(TXT2PDF):   if (pages < totlines/48) then do;
MPRINT(TXT2PDF):   pagemode = "fixed   ";
MPRINT(TXT2PDF):   pages = ceil(totlines/48);
MPRINT(TXT2PDF):   end;
MPRINT(TXT2PDF):   else pagemode = "standard";
MPRINT(TXT2PDF):   call symput("pagemode", trim(pagemode));
MPRINT(TXT2PDF):   call symput("pages", compress(put(pages,8.)));
MPRINT(TXT2PDF):   call symput("firstobs", put(firstobs,1.));
MPRINT(TXT2PDF):   call symput("totlines", put(totlines,8.));
MPRINT(TXT2PDF):   createtm = compress(put(time(),time8.),":");
                                                                    The SAS System

MPRINT(TXT2PDF):   createtm = translate(createtm,"0"," ");
MPRINT(TXT2PDF):   call symput("createdt", put(date(),yymmddn8.)||substr(createtm,1,8));
MPRINT(TXT2PDF):   * put "NOTE: %&sysmacroname Version &toolver: " "page counter diagnostics " / " " pagemode= pages= firstobs= totlines= createtm=;
MPRINT(TXT2PDF):   stop;
MPRINT(TXT2PDF):   end;
MPRINT(TXT2PDF):   run;

NOTE: The infile "t-demog.out" is:
      Filename=/biometrics/gsi_stds/dss_2026/s0000000/final/draft1/prog/t-demog.out,
      Owner Name=cpearson1,
      Group Name=NA\domain^users,
      Access Permission=-rwxrwxrwx,
      Last Modified=30Aug2026:15:55:02,
      File Size (bytes)=7892

NOTE: 96 records were read from the infile "t-demog.out".
      The minimum record length was 0.
      The maximum record length was 151.
NOTE: DATA statement used (Total process time):
      real time           0.01 seconds
      cpu time            0.01 seconds
      

MPRINT(TXT2PDF):   **************************************************************************;
MPRINT(TXT2PDF):   ** Write PDF file &out from source file &in *;
MPRINT(TXT2PDF):   **************************************************************************;
MPRINT(TXT2PDF):   data _null_;
MPRINT(TXT2PDF):   infile "t-demog.out" firstobs=1 pad end=eof;
MPRINT(TXT2PDF):   file "t-demog.pdf" noprint notitles recfm=v;
MPRINT(TXT2PDF):   length temptxt text setup $ 200;
MPRINT(TXT2PDF):   retain bytecnt objnum 0 crlf 2 lines -1 follow "ET";
MPRINT(TXT2PDF):   array objbyte {24} 8 _temporary_;
MPRINT(TXT2PDF):   array line {96} $ 200 _temporary_;
MPRINT(TXT2PDF):   array header {18} $ 200 _temporary_ ( '%PDF-1.4' "1 0 obj" "<<" "/Creator (cpearson1)" "/CreationDate (D:2026083015550200)" 
"/Producer (%TXT2PDF Version v4.19.01 at Gilead Sciences, Inc.)" "/Title (PDF Conversion of file t-demog.out)" ">>" "endobj" "2 0 obj << /Type 
/Catalog /Pages 6 0 R /Outlines 3 0 R >> endobj" "3 0 obj << /Type /Outlines /Count 0 >> endobj" "4 0 obj << /Type /Font /Subtype /Type1 /Name /F1" 
"/BaseFont /CourierNew,Bold /Encoding /WinAnsiEncoding >> endobj" "5 0 obj [ /PDF /Text ] endobj" "6 0 obj << /Type /Pages /Count 2 /Kids [" "7 0 R" 
"9 0 R" "] >> endobj" );
MPRINT(TXT2PDF):   ** Write standard PDF document header and general information **;
MPRINT(TXT2PDF):   if _n_ = 1 then do;
MPRINT(TXT2PDF):   do i = 1 to dim(header);
MPRINT(TXT2PDF):   temptxt = header{i};
MPRINT(TXT2PDF):   if indexw(temptxt,"obj") then isobj = 1;
MPRINT(TXT2PDF):   link puttxt;
MPRINT(TXT2PDF):   end;
MPRINT(TXT2PDF):   end;
                                                                    The SAS System

MPRINT(TXT2PDF):   ** Read next text line **;
MPRINT(TXT2PDF):   input text $char200.;
MPRINT(TXT2PDF):   ** Start new page **;
MPRINT(TXT2PDF):   if substr(text,1,1) in ("0c"x,"1b"x) or _n_ = 1 or mod(lines,48)=0 then link toppage;
MPRINT(TXT2PDF):   ** Modify text for proper inclusion in PDF **;
MPRINT(TXT2PDF):   if indexc(text,"0d0cc4"x,"\()") then do;
MPRINT(TXT2PDF):   text = compress(text,"0d0c"x);
MPRINT(TXT2PDF):   text = translate(text,"-","c4"x);
MPRINT(TXT2PDF):   text = tranwrd(text,"\","\\");
MPRINT(TXT2PDF):   text = tranwrd(text,"(","\(");
MPRINT(TXT2PDF):   text = tranwrd(text,")","\)");
MPRINT(TXT2PDF):   end;
MPRINT(TXT2PDF):   ** Store text for later writing **;
MPRINT(TXT2PDF):   lines + 1;
MPRINT(TXT2PDF):   line{lines} = "("||trim(text)||")'";
MPRINT(TXT2PDF):   pagesize + length(line{lines})+crlf;
MPRINT(TXT2PDF):   ** File termination routine **;
MPRINT(TXT2PDF):   if eof then do;
MPRINT(TXT2PDF):   link endpage;
MPRINT(TXT2PDF):   strtxref = bytecnt;
MPRINT(TXT2PDF):   temptxt = "xref";
MPRINT(TXT2PDF):   link puttxt;
MPRINT(TXT2PDF):   temptxt = "0 "||compress(put(objnum+1,8.));
MPRINT(TXT2PDF):   link puttxt;
MPRINT(TXT2PDF):   temptxt = "0000000000 65535 f";
MPRINT(TXT2PDF):   link puttxt;
MPRINT(TXT2PDF):   do i = 1 to objnum;
MPRINT(TXT2PDF):   temptxt = put(objbyte{i},z10.)||" 00000 n";
MPRINT(TXT2PDF):   link puttxt;
MPRINT(TXT2PDF):   end;
MPRINT(TXT2PDF):   temptxt = "trailer << /Size "||compress(put(objnum+1,8.))|| " /Info 1 0 R /Root 2 0 R >>";
MPRINT(TXT2PDF):   link puttxt;
MPRINT(TXT2PDF):   temptxt = "startxref";
MPRINT(TXT2PDF):   link puttxt;
MPRINT(TXT2PDF):   temptxt = compress(put(strtxref,12.));
MPRINT(TXT2PDF):   link puttxt;
MPRINT(TXT2PDF):   temptxt = '%%EOF';
MPRINT(TXT2PDF):   link puttxt;
MPRINT(TXT2PDF):   stop;
MPRINT(TXT2PDF):   end;
MPRINT(TXT2PDF):   return;
MPRINT(TXT2PDF):   ** Beginning of page routine **;
MPRINT(TXT2PDF):   toppage: if substr(text,1,1) = "1b"x then input text $char200.;
MPRINT(TXT2PDF):   if _n_ gt 1 then link endpage;
MPRINT(TXT2PDF):   temptxt = compress(put(objnum+1,8.))|| " 0 obj << /Type /Page /Parent 6 0 R /Resources";
MPRINT(TXT2PDF):   isobj = 1;
                                                                    The SAS System

MPRINT(TXT2PDF):   link puttxt;
MPRINT(TXT2PDF):   temptxt = "<< /Font << /F1 4 0 R >> /ProcSet 5 0 R >>";
MPRINT(TXT2PDF):   link puttxt;
MPRINT(TXT2PDF):   temptxt = "/MediaBox [ 0 0 792 612 ] /Contents " || compress(put(objnum+1,8.)) || " 0 R >> endobj";
MPRINT(TXT2PDF):   link puttxt;
MPRINT(TXT2PDF):   lines = 0;
MPRINT(TXT2PDF):   return;
MPRINT(TXT2PDF):   ** End of page routine - write out one full page worth of text **;
MPRINT(TXT2PDF):   endpage: setup = "BT /F1 7 Tf 10 TL 72 540 Td";
MPRINT(TXT2PDF):   temptxt = compress(put(objnum+1,8.)) || " 0 obj << /Length "|| compress(put(pagesize+length(setup)+length(follow)+crlf,8.))||" >>";
MPRINT(TXT2PDF):   isobj = 1;
MPRINT(TXT2PDF):   link puttxt;
MPRINT(TXT2PDF):   temptxt = "stream";
MPRINT(TXT2PDF):   link puttxt;
MPRINT(TXT2PDF):   temptxt = setup;
MPRINT(TXT2PDF):   link puttxt;
MPRINT(TXT2PDF):   do i = 1 to lines;
MPRINT(TXT2PDF):   temptxt = line{i};
MPRINT(TXT2PDF):   link puttxt;
MPRINT(TXT2PDF):   end;
MPRINT(TXT2PDF):   temptxt = follow;
MPRINT(TXT2PDF):   link puttxt;
MPRINT(TXT2PDF):   temptxt = "endstream";
MPRINT(TXT2PDF):   link puttxt;
MPRINT(TXT2PDF):   temptxt = "endobj";
MPRINT(TXT2PDF):   link puttxt;
MPRINT(TXT2PDF):   pagesize = 0;
MPRINT(TXT2PDF):   return;
MPRINT(TXT2PDF):   ** Write text and accumulate byte count routine **;
MPRINT(TXT2PDF):   puttxt: textlen = length(temptxt);
MPRINT(TXT2PDF):   if isobj then do;
MPRINT(TXT2PDF):   isobj = 0;
MPRINT(TXT2PDF):   objnum + 1;
MPRINT(TXT2PDF):   objbyte{objnum} = bytecnt;
MPRINT(TXT2PDF):   end;
MPRINT(TXT2PDF):   bytecnt + textlen+crlf;
MPRINT(TXT2PDF):   put temptxt $varying200. textlen "0d"x ;
MPRINT(TXT2PDF):   return;
MPRINT(TXT2PDF):   run;

NOTE: The infile "t-demog.out" is:
      Filename=/biometrics/gsi_stds/dss_2026/s0000000/final/draft1/prog/t-demog.out,
      Owner Name=cpearson1,
      Group Name=NA\domain^users,
      Access Permission=-rwxrwxrwx,
      Last Modified=30Aug2026:15:55:02,
                                                                    The SAS System

      File Size (bytes)=7892

NOTE: The file "t-demog.pdf" is:
      Filename=/biometrics/gsi_stds/dss_2026/s0000000/final/draft1/prog/t-demog.pdf,
      Owner Name=cpearson1,
      Group Name=NA\domain^users,
      Access Permission=-rwxrwxrwx,
      Last Modified=30Aug2026:15:55:02

NOTE: 96 records were read from the infile "t-demog.out".
      The minimum record length was 0.
      The maximum record length was 151.
NOTE: 149 records were written to the file "t-demog.pdf".
      The minimum record length was 3.
      The maximum record length was 154.
NOTE: DATA statement used (Total process time):
      real time           0.02 seconds
      cpu time            0.01 seconds
      

MPRINT(TABDRPT):  ;
MPRINT(TABDRPT):   * proc print data = summary;
MPRINT(TABDRPT):   * title3 'File SUMMARY as printed by PROC REPORT';
MPRINT(TABDRPT):   * run;
MPRINT(MAIN):  ;
MPRINT(M_VAL_LOG):   data _val_rec;
MPRINT(M_VAL_LOG):   length titlekey $16 dsname $16 varname $32 check $60 expected $100 actual $100 status $10 message $200;
MPRINT(M_VAL_LOG):   titlekey = "t-demog";
MPRINT(M_VAL_LOG):   dsname = "adsl";
MPRINT(M_VAL_LOG):   varname = "";
MPRINT(M_VAL_LOG):   check = "PDF generation";
MPRINT(M_VAL_LOG):   expected = "t-demog.pdf created";
MPRINT(M_VAL_LOG):   actual = "see log";
MPRINT(M_VAL_LOG):   status = "PASS";
MPRINT(M_VAL_LOG):   message = "Demographics table completed - see t-demog.log for ODS/PROC PRINTTO confirmation.";
MPRINT(M_VAL_LOG):   rundttm = datetime();
MPRINT(M_VAL_LOG):   format rundttm datetime20.;
MPRINT(M_VAL_LOG):   run;

NOTE: The data set WORK._VAL_REC has 1 observations and 9 variables.
NOTE: DATA statement used (Total process time):
      real time           0.00 seconds
      cpu time            0.00 seconds
      

MPRINT(M_VAL_LOG):   proc append base=tools.val_report data=_val_rec force;
                                                                    The SAS System

MPRINT(M_VAL_LOG):   run;

NOTE: Appending WORK._VAL_REC to TOOLS.VAL_REPORT.
 
INFO: Engine's fast-append process in use.
INFO: 15:55:02 Reading DATA file, updating BASE file
INFO: Starting data set size is 7 pages
INFO: Engine's block-read method is in use.
INFO: Engine's block-write  method is in use.
INFO: Ending data set size is 7 pages, 0 added.
INFO: 00:00:00 Elapsed time
INFO: 15:55:02 Finished updating BASE file
 
NOTE: There were 1 observations read from the data set WORK._VAL_REC.
NOTE: 1 observations added.
NOTE: The data set TOOLS.VAL_REPORT has 766 observations and 9 variables.
NOTE: PROCEDURE APPEND used (Total process time):
      real time           0.00 seconds
      cpu time            0.00 seconds
      

MPRINT(M_VAL_LOG):   proc datasets library=work nolist memtype=data;
MPRINT(M_VAL_LOG):   delete _val_rec;
MPRINT(M_VAL_LOG):   quit;

NOTE: Deleting WORK._VAL_REC (memtype=DATA).
NOTE: PROCEDURE DATASETS used (Total process time):
      real time           0.00 seconds
      cpu time            0.00 seconds
      

MPRINT(MAIN):  ;
NOTE: [USER] t-demog final status = PASS
NOTE: %INCLUDE (level 1) ending.
NOTE: SAS Institute Inc., SAS Campus Drive, Cary, NC USA 27513-2414
NOTE: The SAS System used:
      real time           4.12 seconds
      cpu time            2.08 seconds
      

Grid Job Id: 214376
