1                                                          The SAS System                              15:55 Sunday, August 30, 2026

NOTE: Copyright (c) 2016 by SAS Institute Inc., Cary, NC, USA. 
NOTE: SAS (r) Proprietary Software 9.4 (TS1M7) 
      Licensed to GILEAD SCIENCES - CONTROL NODE 1, Site 70173328.
NOTE: This session is executing on the Linux 4.18.0-553.58.1.el8_10.x86_64 (LIN X64) platform.



NOTE: Analytical products:
      
      SAS/STAT 15.2
      SAS/IML 15.2
      SAS/QC 15.2

NOTE: Additional host information:

 Linux LIN X64 4.18.0-553.58.1.el8_10.x86_64 #1 SMP Thu Jun 12 14:27:07 EDT 2025 x86_64 Red Hat Enterprise Linux release 8.10 
      (Ootpa) 

You are running SAS 9. Some SAS 8 files will be automatically converted 
by the V9 engine; others are incompatible.  Please see 
http://support.sas.com/rnd/migration/planning/platform/64bit.html

PROC MIGRATE will preserve current SAS file attributes and is 
recommended for converting all your SAS libraries from any 
SAS 8 release to SAS 9.  For details and examples, please see
http://support.sas.com/rnd/migration/index.html


This message is contained in the SAS news file, and is presented upon
initialization.  Edit the file "news" in the "misc/base" directory to
display site-specific news and information in the program log.
The command line option "-nonews" will prevent this display.




NOTE: SAS initialization used:
      real time           0.12 seconds
      cpu time            0.04 seconds
      
NOTE: Libref SASDATA successfully assigned from logical server.
NOTE: Libref STPSAMP successfully assigned from logical server.

NOTE: AUTOEXEC processing beginning; file is /opt/sas/sas94/m3/Config_GCS/Lev1/SASApp/appserver_autoexec.sas.


NOTE: AUTOEXEC processing completed.

1          /******************************************************************************
2           * Description: This code ensures that a SAS program, submitted to the SAS    *
3           *              GRID using 'gsub', is run in a SAS session whose current      *
4           *              working directory matches the directory from which the 'gsub' *
5           *              command was issued or directory identified by the argument    *
6           *              associated with the 'gsub' 'cwd' option                       *
7           *                                                                            *
8           * Note:        GSUB reserves the prefix 'gsub_' for the naming of macro      *
9           *              variables. In order to prevent naming collisions please       *
10          *              refrain from using the prefix 'gsub_' when naming macros      *
2                                                          The SAS System                              15:55 Sunday, August 30, 2026

11          *              in any program that will be submitted to the GSUB GS2         *
12          *              environment                                                   *
13          *                                                                            *
14          * Author:      Gilead Sciences, Inc.                                         *
15          *                                                                            *
16          * Date:        01 September 2016                                             *
17          *****************************************************************************/
18         
19         %*** Remember the original program ***;
20         %let gsas_orig_abs_pgm_name = /biometrics/gsi_stds/dss_2026/s0000000/final/draft1/prog/t-disp.sas;
21         %let gsas_orig_pgm_name = t-disp.sas;
22         
23         %*** Remember the log path ***;
24         %let gsub_log_path = /biometrics/gsi_stds/dss_2026/s0000000/final/draft1/prog;
25         
26         %*** Set the current working directory ***;
27         %sysexec cd /biometrics/gsi_stds/dss_2026/s0000000/final/draft1/prog;
28         
29         %*** Update UNIX PWD environment variable to reflect the current working directory ***;
30         %sysexec setenv PWD /biometrics/gsi_stds/dss_2026/s0000000/final/draft1/prog;
31         
32         %*** Precode ***;
33         %include "/gridwork/gsubwork/cpearson1/t-disp.sas_1788130517.7099516@sjgsasappprdg09/init_sys.sas";
G_SYSVER=v9.4
G_SYSUSERID_SHORT=cpearson1
G_SYSUSERID_LONG=_NULL_
G_SYSJOBID=2137135
   Got toolver from &progpath/../tools/init.inc : v4.19.01;				/*
 
      *******************************************************************************
      * SAS Program:    /biometrics/gsi_stds/dss_2026/s0000000/final/draft1/prog/t-disp.sas
      * Run by:         cpearson1 on sjgsasappprdg10
      * On Date:        30AUG2026:15:55
      * Tools Version:  v4.19.01 (from init_sys.sas)
      * SAS Version:    LIN X64 v9.4
      *******************************************************************************
 
CURRPATH=/biometrics/gsi_stds/dss_2026/s0000000/final/draft1/prog
PROGPATH=/biometrics/gsi_stds/dss_2026/s0000000/final/draft1/prog
G_SYSPROG=0
G_DEV=0
G_QUAL=0
NOTE: %INCLUDE (level 1) ending.
985        
986        *** Include the original SAS program ***;
987        %include "/gridwork/gsubwork/cpearson1/t-disp.sas_1788130517.7099516@sjgsasappprdg09/original_t-disp.sas" / source2;
                                                                    The SAS System

NOTE: %INCLUDE (level 1) file /gridwork/gsubwork/cpearson1/t-disp.sas_1788130517.7099516@sjgsasappprdg09/original_t-disp.sas is file 
      /gridwork/gsubwork/cpearson1/t-disp.sas_1788130517.7099516@sjgsasappprdg09/original_t-disp.sas.
988       +/* start of header *********************************************************************************
989       +Program Name:      t-disp.sas
990       +Program Author:    GitHub Copilot (copilot)
991       +Program Purpose:   Create Table 15.8.1.3.1.1 Participant Disposition, All Screened Participants
992       +
993       +*********************************************************************************** end of header */
994       +
995       +/*----------------------------------------------------------------------------------------------
996       +  METADATA-TO-DATASET MAPPING (Phase 0)
997       +  Source:  DSS TFL Shells_Tables.json Shells[TitleKey=t-disp] Result rows (official source of
998       +           truth for variables/where-clauses/display text); cross-checked against DSS TFL
999       +           Shells.json outputs[id=Out_01] "Participant Disposition" analyses An_01-An_25.
1000      +  Population:      All Screened Participants (ADSL.SCRNFL = 'Y')
1001      +  Column variable:  ADSL.TRT01PN (1=Drug A, 2=Drug B, format TRTFMT.)
1002      +  Rows (Label / variable / where-clause, verbatim from DSS TFL Shells_Tables.json):
1003      +     1. Count of Subjects by Treatment            -> table header (TABDESC headtot)
1004      +     2. Screened                                  -> ADSL.SCRNFL == Y  (derived ALL_SCRN=1)
1005      +     3. ITT Analysis Set                           -> ADSL.ITTFL == Y
1006      +     4. Safety Analysis Set                        -> ADSL.SAFFL == Y
1007      +     5. PK Analysis Set                            -> ADSL.PKFL == Y
1008      +     6. Study Drug Completion Status (header)
1009      +        Completed Study Drug                       -> ADSL.COMT01FL == Y
1010      +        Discontinued Study Drug                    -> ADSL.COMT01FL == N
1011      +     7. Reason for Discontinuation of Study Drug (header)
1012      +        Adverse Event                              -> ADSL.DCT01RS == ADVERSE EVENT
1013      +        Lack of Efficacy                           -> ADSL.DCT01RS == LACK OF EFFICACY
1014      +     8. Study Completion Status (header)
1015      +        Completed Study                            -> ADSL.COMSFL == Y
1016      +        Prematurely Discontinued Study              -> ADSL.COMSFL == N
1017      +     9. Reason for Discontinuation of Study (header)
1018      +        Death                                       -> ADSL.DCSREAS == DEATH
1019      +        Withdrawal by Subject                      -> ADSL.DCSREAS == WITHDRAWAL BY SUBJECT
1020      +----------------------------------------------------------------------------------------------*/
1021      +
1022      +options missing='' mprint mlogic=0 symbolgen=0;
1023      +
1024      +%let titlekey = t-disp;
1025      +%let outname  = &titlekey;
1026      +%let statvar  = %sysfunc(translate(&titlekey,'_','-'));  /* macro variable names cannot contain '-' */
1027      +%global &statvar._status;
1028      +%let &statvar._status = PASS;
1029      +
1030      +/*--- Study folder layout: prog/ is the working directory; adamdata/ and tools/ are siblings ---*/
1031      +%let tools = ../tools;
                                                                    The SAS System

1032      +libname adamdata "../adamdata";
NOTE: Libref ADAMDATA was successfully assigned as follows: 
      Engine:        V9 
      Physical Name: /biometrics/gsi_stds/dss_2026/s0000000/final/draft1/adamdata
1033      +libname tools    "&tools";
NOTE: Libref TOOLS refers to the same physical library as _FMTS_1.
NOTE: Libref TOOLS was successfully assigned as follows: 
      Engine:        V9 
      Physical Name: /biometrics/gsi_stds/dss_2026/s0000000/final/draft1/tools
1034      +libname libfmt   "&tools";
NOTE: Libref LIBFMT refers to the same physical library as TOOLS.
NOTE: Libref LIBFMT was successfully assigned as follows: 
      Engine:        V9 
      Physical Name: /biometrics/gsi_stds/dss_2026/s0000000/final/draft1/tools
1035      +options fmtsearch = (libfmt work);
1036      +
1037      +%include "&tools/init.inc";
NOTE: %INCLUDE (level 2) file ../tools/init.inc is file /biometrics/gsi_stds/dss_2026/s0000000/final/draft1/tools/init.inc.
1038      +/* start of header *********************************************************************************
1039      +
1040      +Program Name:      init.inc
1041      +Program Author:    First Last (userid)
1042      +Program Purpose:   initialization file	
1043      +                   - creates macro variables used by global macros
1044      +                   - automatically copied into tools directory & localized by FAB when new tools
1045      +                     folders are created
1046      +                   - Programmer needs to provide data transfer date &dataver and last 4 digits of
1047      +                     &sno (as applicable)
1048      +                   - can be further customized by Programmer
1049      +                   - template location: \\gsasdata\global\biostat\v4.19.01\folder_templates
1050      +
1051      +*********************************************************************************** end of header */
1052      +
1053      +&debug %put Begin "init.inc" file processing. ;
1054      +
1055      +/* macro variables used by the standard macros */
1056      +%let toolver  = v4.19.01;				/* Global Macro Version */
1057      +%let dataver  = %str(ddmmmyyyy);			/* Data Transfer Date (updated/customized by Programmer) */
1058      +%let sno      = 000-0000;            		        /* Study # (partially updated by FAB; Programmer provides last 4 digits) */
1059      +%let project  = GS-XXXX;             		        /* GS # (updated by FAB) */
1060      +%let protocol = GS-US-000-0000;			        /* Protocol # (updated by FAB) */
1061      +%let prtstudy = %str(Study GS-US-000-0000);	      	/* Protocol # for Output Header (updated by FAB, customizable by Programmer) */
1062      +%let hdrmode  = R;                   		        /* Header Justification (default & standard is R, can be changed to L) */
1063      +%let runmode  = ;             		        /* Run Mode (changed to blank by Programmer if study is open-label/unblinded) */
1064      +%let caution  = N;                   		        /* Caution Flag (changed to blank by Programmer when data & programs are final) */
1065      +%let _subj_keyvars = subjid;		  		/* Declare the unique key identifier variables for subjects in the study */
                                                                    The SAS System

1066      +%let study_subject_text = Participant;            /* Declare the study subject term for TFLs (Participant or Patient, per Protocol/SAP) */
1067      +
1068      +/* Programmer: create task/release specific macro variables below (an example of common macro variables created for DMCs is
1069      +   given - can be modified or deleted as needed) */
1070      +%let dmcdtn   = "01JAN2000"d;       		   /* DMC Meeting Date, numeric */
1071      +%let dmcdtc   = "01JAN2000";			         /* DMC Meeting Date, character */
1072      +%let cutdtn   = "01JAN2000"d;       		   /* DMC Data Snapshot Date, numeric  */
1073      +
1074      +/* set SAS options, overwrite system defaults  */
1075      +options mprint source;* source2 symbolgen;
1076      +
1077      +&debug %put End "init.inc" file processing. ;
NOTE: %INCLUDE (level 2) ending.
NOTE: %INCLUDE (level 1) resuming.
1078      +
1079      +/*------------------------------------------------------------------------------------------*
1080      + | Shared validation-log utility - appends one row per check to the permanent               |
1081      + | TOOLS.VAL_REPORT dataset via PROC APPEND so concurrent/successive table runs never        |
1082      + | clobber each other's rows (Phase 1d requirement).                                         |
1083      + *------------------------------------------------------------------------------------------*/
1084      +%macro m_val_init;
1085      +   %if %sysfunc(exist(tools.val_report))=0 %then %do;
1086      +      data tools.val_report;
1087      +         length titlekey $16 dsname $16 varname $32 check $60 expected $100
1088      +                actual $100 status $10 message $200;
1089      +         format rundttm datetime20.;
1090      +         call missing(titlekey, dsname, varname, check, expected, actual, status, message, rundttm);
1091      +         delete;
1092      +      run;
1093      +   %end;
1094      +%mend m_val_init;
1095      +
1096      +%macro m_val_log(titlekey=, dsname=, varname=, check=, expected=, actual=, status=, message=);
1097      +   data _val_rec;
1098      +      length titlekey $16 dsname $16 varname $32 check $60 expected $100
1099      +             actual $100 status $10 message $200;
1100      +      titlekey = "&titlekey";
1101      +      dsname   = "&dsname";
1102      +      varname  = "&varname";
1103      +      check    = "&check";
1104      +      expected = "&expected";
1105      +      actual   = "&actual";
1106      +      status   = "&status";
1107      +      message  = "&message";
1108      +      rundttm  = datetime();
1109      +      format rundttm datetime20.;
                                                                    The SAS System

1110      +   run;
1111      +   proc append base=tools.val_report data=_val_rec force; run;
1112      +   proc datasets library=work nolist memtype=data; delete _val_rec; quit;
1113      +%mend m_val_log;
1114      +
1115      +%m_val_init;
1116      +
1117      +/*------------------------------------------------------------------------------------------*
1118      + | Phase 0 / Phase 1e defensive checks: dataset + required variables must exist before any   |
1119      + | analysis or PDF work is attempted.                                                        |
1120      + *------------------------------------------------------------------------------------------*/
1121      +%macro m_req_check(dsname=, varlist=);
1122      +   %local _i _v _ok;
1123      +   %if %sysfunc(exist(adamdata.&dsname))=0 %then %do;
1124      +      %m_val_log(titlekey=&titlekey, dsname=&dsname, varname=, check=Dataset existence,
1125      +                 expected=adamdata.&dsname exists, actual=NOT FOUND, status=ERROR,
1126      +                 message=Required dataset adamdata.&dsname could not be found - table skipped.);
1127      +      %let &statvar._status = ERROR;
1128      +      %goto done;
1129      +   %end;
1130      +   %let _i = 1;
1131      +   %do %while (%scan(&varlist, &_i, %str( )) ne );
1132      +      %let _v = %scan(&varlist, &_i, %str( ));
1133      +      %m_chkvar(var=&_v, inds=&dsname, libnm=adamdata, abort=N, alert=N);
1134      +      %let _ok = &m_chkvar;
1135      +      %if %eval(&_ok) = 0 %then %do;
1136      +         %m_val_log(titlekey=&titlekey, dsname=&dsname, varname=&_v, check=Variable existence,
1137      +                    expected=Variable &_v present, actual=NOT FOUND, status=ERROR,
1138      +                    message=Required variable &_v not found in adamdata.&dsname - table marked ERROR.);
1139      +         %let &statvar._status = ERROR;
1140      +      %end;
1141      +      %else %do;
1142      +         %m_val_log(titlekey=&titlekey, dsname=&dsname, varname=&_v, check=Variable existence,
1143      +                    expected=Variable &_v present, actual=FOUND, status=PASS, message= );
1144      +      %end;
1145      +      %let _i = %eval(&_i + 1);
1146      +   %end;
1147      +   %done:
1148      +%mend m_req_check;
1149      +
1150      +%macro main;
1151      +
1152      +%m_req_check(dsname=adsl,
1153      +             varlist=subjid usubjid trt01pn scrnfl ittfl saffl pkfl comt01fl
1154      +                     dct01rs comsfl dcsreas);
1155      +
                                                                    The SAS System

1156      +%if &&&statvar._status = ERROR %then %do;
1157      +   %put %str(ER)ROR: [USER] &titlekey - one or more required ADSL variables were not found.;
1158      +   %put %str(ER)ROR: [USER] &titlekey - PDF generation skipped. See tools/val_report.out.;
1159      +   %goto endprogram;
1160      +%end;
1161      +
1162      +/*------------------------------------------------------------------------------------------*
1163      + | Data preparation                                                                          |
1164      + *------------------------------------------------------------------------------------------*/
1165      +%fetch(library = adamdata,
1166      +          data = adsl,
1167      +           out = disp0,
1168      +       dataopt = where=(scrnfl = 'Y'),
1169      +        sortby = subjid);
1170      +
1171      +%nobs(disp0);
1172      +%m_val_log(titlekey=&titlekey, dsname=adsl, varname=scrnfl, check=Population record count,
1173      +           expected=>0 screened participants, actual=&nobs, status=%sysfunc(ifc(&nobs>0,PASS,ERROR)),
1174      +           message=All Screened Participants population count for disposition table.);
1175      +
1176      +%if &nobs = 0 %then %do;
1177      +   %let &statvar._status = ERROR;
1178      +   %goto endprogram;
1179      +%end;
1180      +
1181      +/* de-duplicate to one record per participant (ADSL is already 1 rec/subject, guard anyway) */
1182      +proc sort data=disp0 out=disp0 nodupkey;
1183      +   by subjid;
1184      +run;
1185      +
1186      +/* Formats must be compiled before the DATA step below applies them via FORMAT= */
1187      +proc format;
1188      +   value total     1 = 'Total';
1189      +   value comt01fmt 1 = 'Completed Study Drug'  2 = 'Discontinued Study Drug';
1190      +   value comsfmt   1 = 'Completed Study'       2 = 'Prematurely Discontinued Study';
1191      +run;
1192      +
1193      +data disp1;
1194      +   set disp0;
1195      +
1196      +   /* Screened - every record in this population is screened by definition */
1197      +   all_scrn = 1;
1198      +
1199      +   /* ITT/Safety/PK are character Y/N flags in ADSL - recode to 1/missing (never 0) so TABCOUNT
1200      +      shows exactly one row (n (%) where flag='Y') instead of separate rows for Y and N. */
1201      +   if upcase(ittfl) = 'Y' then ittfln = 1;
                                                                    The SAS System

1202      +   if upcase(saffl) = 'Y' then safffln = 1;
1203      +   if upcase(pkfl)  = 'Y' then pkfln = 1;
1204      +
1205      +   /* Study-drug completion status for Period 01 */
1206      +   length comt01n 8;
1207      +   if      upcase(comt01fl) = 'Y' then comt01n = 1;
1208      +   else if upcase(comt01fl) = 'N' then comt01n = 2;
1209      +
1210      +   /* Reason for premature D/C of study drug - only populated when discontinued */
1211      +   length dct01cat $40;
1212      +   if upcase(comt01fl) = 'N' then do;
1213      +      if upcase(dct01rs) = 'ADVERSE EVENT'      then dct01cat = 'Adverse Event';
1214      +      else if upcase(dct01rs) = 'LACK OF EFFICACY' then dct01cat = 'Lack of Efficacy';
1215      +   end;
1216      +
1217      +   /* Overall study completion status */
1218      +   length comsn 8;
1219      +   if      upcase(comsfl) = 'Y' then comsn = 1;
1220      +   else if upcase(comsfl) = 'N' then comsn = 2;
1221      +
1222      +   /* Reason for premature D/C of study - only populated when discontinued */
1223      +   length dcsreascat $40;
1224      +   if upcase(comsfl) = 'N' then do;
1225      +      if upcase(dcsreas) = 'DEATH'                    then dcsreascat = 'Death';
1226      +      else if upcase(dcsreas) = 'WITHDRAWAL BY SUBJECT' then dcsreascat = 'Withdrawal by Subject';
1227      +   end;
1228      +
1229      +   format trt01pn trtfmt.
1230      +          all_scrn total.
1231      +          comt01n comt01fmt.
1232      +          comsn   comsfmt.;
1233      +   /* All_scrn/ittfln/safffln/pkfln labels are blanked (not descriptive text) so TABCOUNT does
1234      +      not emit a separate header row above the n (%) detail row - see the COMBINE post-process
1235      +      step below, which supplies the real label text and puts it on the same line as n (%). */
1236      +   label all_scrn  = ' '
1237      +         ittfln    = ' '
1238      +         safffln   = ' '
1239      +         pkfln     = ' '
1240      +         comt01n   = 'Study Drug Completion Status'
1241      +         dct01cat  = 'Reason for Discontinuation of Study Drug'
1242      +         comsn     = 'Study Completion Status'
1243      +         dcsreascat= 'Reason for Discontinuation of Study';
1244      +run;
1245      +
1246      +/*------------------------------------------------------------------------------------------*
1247      + | Report generation - uses global bpgl SP macros directly (fetch/tabdesc/tabcount/tabdcat/  |
                                                                    The SAS System

1248      + | tabprep/tabdrpt/printset). ocprint=Y adds an overall (Total) column.                      |
1249      + *------------------------------------------------------------------------------------------*/
1250      +%tabdesc(data     = disp1,
1251      +         ptvar    = subjid,
1252      +         colvar   = trt01pn,
1253      +         ocprint  = Y,
1254      +         col2     = 50,
1255      +         statlen  = 3,
1256      +         numtitle = Number of &study_subject_text.s);
1257      +
1258      +%tabcount(sortord = 1, var = all_scrn, stat = N, showall = N, ptclabel=%str());
1259      +%tabcount(sortord = 2, var = ittfln,   stat = N, showall = N, ptclabel=%str());
1260      +%tabcount(sortord = 3, var = safffln,  stat = N, showall = N, ptclabel=%str());
1261      +%tabcount(sortord = 4, var = pkfln,    stat = N, showall = N, ptclabel=%str());
1262      +%tabdcat (sortord = 5, var = comt01n,  stat = N PCT, showall = Y, nomisspc = Y);
1263      +%tabcount(sortord = 6, var = dct01cat, stat = N PCT, showall = N, ptclabel=%str());
1264      +%tabdcat (sortord = 7, var = comsn,    stat = N PCT, showall = Y, nomisspc = Y);
1265      +%tabcount(sortord = 8, var = dcsreascat, stat = N PCT, showall = N, ptclabel=%str());
1266      +
1267      +/* Put the real row label back on the same line as its n (%) value (TABCOUNT's blanked-label
1268      +   detail row otherwise shows only the raw "1" it tabulated), and per the shell, the Screened
1269      +   row shows a count only in the Total column (value3) - Drug A/Drug B (value1/value2) are
1270      +   blank since every participant in this population is screened by definition. TABPREP indents
1271      +   linlabel by LEVEL*3 spaces (via %cntwrap) - TABCOUNT sets LEVEL=1 for these single-variable
1272      +   rows, so LEVEL is forced to 0 here to keep the label flush left (no leading spaces). */
1273      +data combine;
1274      +   set combine;
1275      +   length _newlbl $80;
1276      +   select (sortord);
1277      +      when (1) do; _newlbl = 'Screened'; value1 = ' '; value2 = ' '; end;
1278      +      when (2) _newlbl = 'ITT Analysis Set';
1279      +      when (3) _newlbl = 'Safety Analysis Set';
1280      +      when (4) _newlbl = 'PK Analysis Set';
1281      +      otherwise _newlbl = ' ';
1282      +   end;
1283      +   if _newlbl ne ' ' then do;
1284      +      linlabel = left(_newlbl);
1285      +      level = 0;
1286      +   end;
1287      +   drop _newlbl;
1288      +run;
1289      +
1290      +%tabprep(titlekey = &titlekey,
1291      +         outname  = &outname,
1292      +         tsource  = &tools/tnf.inc,
1293      +         vdata    = vdata);
                                                                    The SAS System

1294      +
1295      +%printset(titlekey = &titlekey,
1296      +          outname  = &outname,
1297      +          tsource  = &tools/tnf.inc,
1298      +          orient   = landscape);
1299      +
1300      +%tabdrpt(titlekey = &titlekey,
1301      +         outname  = &outname,
1302      +         cwidth   = );
1303      +
1304      +%m_val_log(titlekey=&titlekey, dsname=adsl, varname=, check=PDF generation,
1305      +           expected=&outname..pdf created, actual=see log, status=&&&statvar._status,
1306      +           message=Disposition table completed - see &outname..log for ODS/PROC PRINTTO confirmation.);
1307      +
1308      +%endprogram:
1309      +
1310      +%put NOTE: [USER] &titlekey final status = &&&statvar._status;
1311      +
1312      +%mend main;
1313      +
1314      +%main;
MPRINT(M_REQ_CHECK):  ;
MPRINT(M_VAL_LOG):   data _val_rec;
MPRINT(M_VAL_LOG):   length titlekey $16 dsname $16 varname $32 check $60 expected $100 actual $100 status $10 message $200;
MPRINT(M_VAL_LOG):   titlekey = "t-disp";
MPRINT(M_VAL_LOG):   dsname = "adsl";
MPRINT(M_VAL_LOG):   varname = "subjid";
MPRINT(M_VAL_LOG):   check = "Variable existence";
MPRINT(M_VAL_LOG):   expected = "Variable subjid present";
MPRINT(M_VAL_LOG):   actual = "FOUND";
MPRINT(M_VAL_LOG):   status = "PASS";
MPRINT(M_VAL_LOG):   message = "";
MPRINT(M_VAL_LOG):   rundttm = datetime();
MPRINT(M_VAL_LOG):   format rundttm datetime20.;
MPRINT(M_VAL_LOG):   run;

NOTE: The data set WORK._VAL_REC has 1 observations and 9 variables.
NOTE: DATA statement used (Total process time):
      real time           0.00 seconds
      cpu time            0.00 seconds
      

MPRINT(M_VAL_LOG):   proc append base=tools.val_report data=_val_rec force;
MPRINT(M_VAL_LOG):   run;

NOTE: Appending WORK._VAL_REC to TOOLS.VAL_REPORT.
                                                                    The SAS System

 
INFO: Engine's fast-append process in use.
INFO: 15:55:22 Reading DATA file, updating BASE file
INFO: Starting data set size is 7 pages
INFO: Engine's block-read method is in use.
INFO: Engine's block-write  method is in use.
INFO: Ending data set size is 7 pages, 0 added.
INFO: 00:00:00 Elapsed time
INFO: 15:55:22 Finished updating BASE file
 
NOTE: There were 1 observations read from the data set WORK._VAL_REC.
NOTE: 1 observations added.
NOTE: The data set TOOLS.VAL_REPORT has 767 observations and 9 variables.
NOTE: PROCEDURE APPEND used (Total process time):
      real time           0.07 seconds
      cpu time            0.01 seconds
      

MPRINT(M_VAL_LOG):   proc datasets library=work nolist memtype=data;
MPRINT(M_VAL_LOG):   delete _val_rec;
MPRINT(M_VAL_LOG):   quit;

NOTE: Deleting WORK._VAL_REC (memtype=DATA).
NOTE: PROCEDURE DATASETS used (Total process time):
      real time           0.00 seconds
      cpu time            0.00 seconds
      

MPRINT(M_REQ_CHECK):  ;
MPRINT(M_REQ_CHECK):  ;
MPRINT(M_VAL_LOG):   data _val_rec;
MPRINT(M_VAL_LOG):   length titlekey $16 dsname $16 varname $32 check $60 expected $100 actual $100 status $10 message $200;
MPRINT(M_VAL_LOG):   titlekey = "t-disp";
MPRINT(M_VAL_LOG):   dsname = "adsl";
MPRINT(M_VAL_LOG):   varname = "usubjid";
MPRINT(M_VAL_LOG):   check = "Variable existence";
MPRINT(M_VAL_LOG):   expected = "Variable usubjid present";
MPRINT(M_VAL_LOG):   actual = "FOUND";
MPRINT(M_VAL_LOG):   status = "PASS";
MPRINT(M_VAL_LOG):   message = "";
MPRINT(M_VAL_LOG):   rundttm = datetime();
MPRINT(M_VAL_LOG):   format rundttm datetime20.;
MPRINT(M_VAL_LOG):   run;

NOTE: The data set WORK._VAL_REC has 1 observations and 9 variables.
NOTE: DATA statement used (Total process time):
                                                                    The SAS System

      real time           0.00 seconds
      cpu time            0.00 seconds
      

MPRINT(M_VAL_LOG):   proc append base=tools.val_report data=_val_rec force;
MPRINT(M_VAL_LOG):   run;

NOTE: Appending WORK._VAL_REC to TOOLS.VAL_REPORT.
 
INFO: Engine's fast-append process in use.
INFO: 15:55:22 Reading DATA file, updating BASE file
INFO: Starting data set size is 7 pages
INFO: Engine's block-read method is in use.
INFO: Engine's block-write  method is in use.
INFO: Ending data set size is 7 pages, 0 added.
INFO: 00:00:00 Elapsed time
INFO: 15:55:22 Finished updating BASE file
 
NOTE: There were 1 observations read from the data set WORK._VAL_REC.
NOTE: 1 observations added.
NOTE: The data set TOOLS.VAL_REPORT has 768 observations and 9 variables.
NOTE: PROCEDURE APPEND used (Total process time):
      real time           0.02 seconds
      cpu time            0.00 seconds
      

MPRINT(M_VAL_LOG):   proc datasets library=work nolist memtype=data;
MPRINT(M_VAL_LOG):   delete _val_rec;
MPRINT(M_VAL_LOG):   quit;

NOTE: Deleting WORK._VAL_REC (memtype=DATA).
NOTE: PROCEDURE DATASETS used (Total process time):
      real time           0.00 seconds
      cpu time            0.00 seconds
      

MPRINT(M_REQ_CHECK):  ;
MPRINT(M_REQ_CHECK):  ;
MPRINT(M_VAL_LOG):   data _val_rec;
MPRINT(M_VAL_LOG):   length titlekey $16 dsname $16 varname $32 check $60 expected $100 actual $100 status $10 message $200;
MPRINT(M_VAL_LOG):   titlekey = "t-disp";
MPRINT(M_VAL_LOG):   dsname = "adsl";
MPRINT(M_VAL_LOG):   varname = "trt01pn";
MPRINT(M_VAL_LOG):   check = "Variable existence";
MPRINT(M_VAL_LOG):   expected = "Variable trt01pn present";
MPRINT(M_VAL_LOG):   actual = "FOUND";
                                                                    The SAS System

MPRINT(M_VAL_LOG):   status = "PASS";
MPRINT(M_VAL_LOG):   message = "";
MPRINT(M_VAL_LOG):   rundttm = datetime();
MPRINT(M_VAL_LOG):   format rundttm datetime20.;
MPRINT(M_VAL_LOG):   run;

NOTE: The data set WORK._VAL_REC has 1 observations and 9 variables.
NOTE: DATA statement used (Total process time):
      real time           0.00 seconds
      cpu time            0.00 seconds
      

MPRINT(M_VAL_LOG):   proc append base=tools.val_report data=_val_rec force;
MPRINT(M_VAL_LOG):   run;

NOTE: Appending WORK._VAL_REC to TOOLS.VAL_REPORT.
 
INFO: Engine's fast-append process in use.
INFO: 15:55:22 Reading DATA file, updating BASE file
INFO: Starting data set size is 7 pages
INFO: Engine's block-read method is in use.
INFO: Engine's block-write  method is in use.
INFO: Ending data set size is 7 pages, 0 added.
INFO: 00:00:00 Elapsed time
INFO: 15:55:22 Finished updating BASE file
 
NOTE: There were 1 observations read from the data set WORK._VAL_REC.
NOTE: 1 observations added.
NOTE: The data set TOOLS.VAL_REPORT has 769 observations and 9 variables.
NOTE: PROCEDURE APPEND used (Total process time):
      real time           0.03 seconds
      cpu time            0.00 seconds
      

MPRINT(M_VAL_LOG):   proc datasets library=work nolist memtype=data;
MPRINT(M_VAL_LOG):   delete _val_rec;
MPRINT(M_VAL_LOG):   quit;

NOTE: Deleting WORK._VAL_REC (memtype=DATA).
NOTE: PROCEDURE DATASETS used (Total process time):
      real time           0.00 seconds
      cpu time            0.00 seconds
      

MPRINT(M_REQ_CHECK):  ;
MPRINT(M_REQ_CHECK):  ;
                                                                    The SAS System

MPRINT(M_VAL_LOG):   data _val_rec;
MPRINT(M_VAL_LOG):   length titlekey $16 dsname $16 varname $32 check $60 expected $100 actual $100 status $10 message $200;
MPRINT(M_VAL_LOG):   titlekey = "t-disp";
MPRINT(M_VAL_LOG):   dsname = "adsl";
MPRINT(M_VAL_LOG):   varname = "scrnfl";
MPRINT(M_VAL_LOG):   check = "Variable existence";
MPRINT(M_VAL_LOG):   expected = "Variable scrnfl present";
MPRINT(M_VAL_LOG):   actual = "FOUND";
MPRINT(M_VAL_LOG):   status = "PASS";
MPRINT(M_VAL_LOG):   message = "";
MPRINT(M_VAL_LOG):   rundttm = datetime();
MPRINT(M_VAL_LOG):   format rundttm datetime20.;
MPRINT(M_VAL_LOG):   run;

NOTE: The data set WORK._VAL_REC has 1 observations and 9 variables.
NOTE: DATA statement used (Total process time):
      real time           0.00 seconds
      cpu time            0.00 seconds
      

MPRINT(M_VAL_LOG):   proc append base=tools.val_report data=_val_rec force;
MPRINT(M_VAL_LOG):   run;

NOTE: Appending WORK._VAL_REC to TOOLS.VAL_REPORT.
 
INFO: Engine's fast-append process in use.
INFO: 15:55:22 Reading DATA file, updating BASE file
INFO: Starting data set size is 7 pages
INFO: Engine's block-read method is in use.
INFO: Engine's block-write  method is in use.
INFO: Ending data set size is 7 pages, 0 added.
INFO: 00:00:00 Elapsed time
INFO: 15:55:22 Finished updating BASE file
 
NOTE: There were 1 observations read from the data set WORK._VAL_REC.
NOTE: 1 observations added.
NOTE: The data set TOOLS.VAL_REPORT has 770 observations and 9 variables.
NOTE: PROCEDURE APPEND used (Total process time):
      real time           0.02 seconds
      cpu time            0.00 seconds
      

MPRINT(M_VAL_LOG):   proc datasets library=work nolist memtype=data;
MPRINT(M_VAL_LOG):   delete _val_rec;
MPRINT(M_VAL_LOG):   quit;

                                                                    The SAS System

NOTE: Deleting WORK._VAL_REC (memtype=DATA).
NOTE: PROCEDURE DATASETS used (Total process time):
      real time           0.00 seconds
      cpu time            0.00 seconds
      

MPRINT(M_REQ_CHECK):  ;
MPRINT(M_REQ_CHECK):  ;
MPRINT(M_VAL_LOG):   data _val_rec;
MPRINT(M_VAL_LOG):   length titlekey $16 dsname $16 varname $32 check $60 expected $100 actual $100 status $10 message $200;
MPRINT(M_VAL_LOG):   titlekey = "t-disp";
MPRINT(M_VAL_LOG):   dsname = "adsl";
MPRINT(M_VAL_LOG):   varname = "ittfl";
MPRINT(M_VAL_LOG):   check = "Variable existence";
MPRINT(M_VAL_LOG):   expected = "Variable ittfl present";
MPRINT(M_VAL_LOG):   actual = "FOUND";
MPRINT(M_VAL_LOG):   status = "PASS";
MPRINT(M_VAL_LOG):   message = "";
MPRINT(M_VAL_LOG):   rundttm = datetime();
MPRINT(M_VAL_LOG):   format rundttm datetime20.;
MPRINT(M_VAL_LOG):   run;

NOTE: The data set WORK._VAL_REC has 1 observations and 9 variables.
NOTE: DATA statement used (Total process time):
      real time           0.00 seconds
      cpu time            0.01 seconds
      

MPRINT(M_VAL_LOG):   proc append base=tools.val_report data=_val_rec force;
MPRINT(M_VAL_LOG):   run;

NOTE: Appending WORK._VAL_REC to TOOLS.VAL_REPORT.
 
INFO: Engine's fast-append process in use.
INFO: 15:55:22 Reading DATA file, updating BASE file
INFO: Starting data set size is 7 pages
INFO: Engine's block-read method is in use.
INFO: Engine's block-write  method is in use.
INFO: Ending data set size is 7 pages, 0 added.
INFO: 00:00:00 Elapsed time
INFO: 15:55:22 Finished updating BASE file
 
NOTE: There were 1 observations read from the data set WORK._VAL_REC.
NOTE: 1 observations added.
NOTE: The data set TOOLS.VAL_REPORT has 771 observations and 9 variables.
NOTE: PROCEDURE APPEND used (Total process time):
                                                                    The SAS System

      real time           0.02 seconds
      cpu time            0.00 seconds
      

MPRINT(M_VAL_LOG):   proc datasets library=work nolist memtype=data;
MPRINT(M_VAL_LOG):   delete _val_rec;
MPRINT(M_VAL_LOG):   quit;

NOTE: Deleting WORK._VAL_REC (memtype=DATA).
NOTE: PROCEDURE DATASETS used (Total process time):
      real time           0.00 seconds
      cpu time            0.01 seconds
      

MPRINT(M_REQ_CHECK):  ;
MPRINT(M_REQ_CHECK):  ;
MPRINT(M_VAL_LOG):   data _val_rec;
MPRINT(M_VAL_LOG):   length titlekey $16 dsname $16 varname $32 check $60 expected $100 actual $100 status $10 message $200;
MPRINT(M_VAL_LOG):   titlekey = "t-disp";
MPRINT(M_VAL_LOG):   dsname = "adsl";
MPRINT(M_VAL_LOG):   varname = "saffl";
MPRINT(M_VAL_LOG):   check = "Variable existence";
MPRINT(M_VAL_LOG):   expected = "Variable saffl present";
MPRINT(M_VAL_LOG):   actual = "FOUND";
MPRINT(M_VAL_LOG):   status = "PASS";
MPRINT(M_VAL_LOG):   message = "";
MPRINT(M_VAL_LOG):   rundttm = datetime();
MPRINT(M_VAL_LOG):   format rundttm datetime20.;
MPRINT(M_VAL_LOG):   run;

NOTE: The data set WORK._VAL_REC has 1 observations and 9 variables.
NOTE: DATA statement used (Total process time):
      real time           0.00 seconds
      cpu time            0.00 seconds
      

MPRINT(M_VAL_LOG):   proc append base=tools.val_report data=_val_rec force;
MPRINT(M_VAL_LOG):   run;

NOTE: Appending WORK._VAL_REC to TOOLS.VAL_REPORT.
 
INFO: Engine's fast-append process in use.
INFO: 15:55:22 Reading DATA file, updating BASE file
INFO: Starting data set size is 7 pages
INFO: Engine's block-read method is in use.
INFO: Engine's block-write  method is in use.
                                                                    The SAS System

INFO: Ending data set size is 7 pages, 0 added.
INFO: 00:00:00 Elapsed time
INFO: 15:55:22 Finished updating BASE file
 
NOTE: There were 1 observations read from the data set WORK._VAL_REC.
NOTE: 1 observations added.
NOTE: The data set TOOLS.VAL_REPORT has 772 observations and 9 variables.
NOTE: PROCEDURE APPEND used (Total process time):
      real time           0.02 seconds
      cpu time            0.00 seconds
      

MPRINT(M_VAL_LOG):   proc datasets library=work nolist memtype=data;
MPRINT(M_VAL_LOG):   delete _val_rec;
MPRINT(M_VAL_LOG):   quit;

NOTE: Deleting WORK._VAL_REC (memtype=DATA).
NOTE: PROCEDURE DATASETS used (Total process time):
      real time           0.00 seconds
      cpu time            0.00 seconds
      

MPRINT(M_REQ_CHECK):  ;
MPRINT(M_REQ_CHECK):  ;
MPRINT(M_VAL_LOG):   data _val_rec;
MPRINT(M_VAL_LOG):   length titlekey $16 dsname $16 varname $32 check $60 expected $100 actual $100 status $10 message $200;
MPRINT(M_VAL_LOG):   titlekey = "t-disp";
MPRINT(M_VAL_LOG):   dsname = "adsl";
MPRINT(M_VAL_LOG):   varname = "pkfl";
MPRINT(M_VAL_LOG):   check = "Variable existence";
MPRINT(M_VAL_LOG):   expected = "Variable pkfl present";
MPRINT(M_VAL_LOG):   actual = "FOUND";
MPRINT(M_VAL_LOG):   status = "PASS";
MPRINT(M_VAL_LOG):   message = "";
MPRINT(M_VAL_LOG):   rundttm = datetime();
MPRINT(M_VAL_LOG):   format rundttm datetime20.;
MPRINT(M_VAL_LOG):   run;

NOTE: The data set WORK._VAL_REC has 1 observations and 9 variables.
NOTE: DATA statement used (Total process time):
      real time           0.00 seconds
      cpu time            0.00 seconds
      

MPRINT(M_VAL_LOG):   proc append base=tools.val_report data=_val_rec force;
MPRINT(M_VAL_LOG):   run;
                                                                    The SAS System


NOTE: Appending WORK._VAL_REC to TOOLS.VAL_REPORT.
 
INFO: Engine's fast-append process in use.
INFO: 15:55:22 Reading DATA file, updating BASE file
INFO: Starting data set size is 7 pages
INFO: Engine's block-read method is in use.
INFO: Engine's block-write  method is in use.
INFO: Ending data set size is 7 pages, 0 added.
INFO: 00:00:00 Elapsed time
INFO: 15:55:22 Finished updating BASE file
 
NOTE: There were 1 observations read from the data set WORK._VAL_REC.
NOTE: 1 observations added.
NOTE: The data set TOOLS.VAL_REPORT has 773 observations and 9 variables.
NOTE: PROCEDURE APPEND used (Total process time):
      real time           0.01 seconds
      cpu time            0.00 seconds
      

MPRINT(M_VAL_LOG):   proc datasets library=work nolist memtype=data;
MPRINT(M_VAL_LOG):   delete _val_rec;
MPRINT(M_VAL_LOG):   quit;

NOTE: Deleting WORK._VAL_REC (memtype=DATA).
NOTE: PROCEDURE DATASETS used (Total process time):
      real time           0.00 seconds
      cpu time            0.00 seconds
      

MPRINT(M_REQ_CHECK):  ;
MPRINT(M_REQ_CHECK):  ;
MPRINT(M_VAL_LOG):   data _val_rec;
MPRINT(M_VAL_LOG):   length titlekey $16 dsname $16 varname $32 check $60 expected $100 actual $100 status $10 message $200;
MPRINT(M_VAL_LOG):   titlekey = "t-disp";
MPRINT(M_VAL_LOG):   dsname = "adsl";
MPRINT(M_VAL_LOG):   varname = "comt01fl";
MPRINT(M_VAL_LOG):   check = "Variable existence";
MPRINT(M_VAL_LOG):   expected = "Variable comt01fl present";
MPRINT(M_VAL_LOG):   actual = "FOUND";
MPRINT(M_VAL_LOG):   status = "PASS";
MPRINT(M_VAL_LOG):   message = "";
MPRINT(M_VAL_LOG):   rundttm = datetime();
MPRINT(M_VAL_LOG):   format rundttm datetime20.;
MPRINT(M_VAL_LOG):   run;

                                                                    The SAS System

NOTE: The data set WORK._VAL_REC has 1 observations and 9 variables.
NOTE: DATA statement used (Total process time):
      real time           0.00 seconds
      cpu time            0.00 seconds
      

MPRINT(M_VAL_LOG):   proc append base=tools.val_report data=_val_rec force;
MPRINT(M_VAL_LOG):   run;

NOTE: Appending WORK._VAL_REC to TOOLS.VAL_REPORT.
 
INFO: Engine's fast-append process in use.
INFO: 15:55:22 Reading DATA file, updating BASE file
INFO: Starting data set size is 7 pages
INFO: Engine's block-read method is in use.
INFO: Engine's block-write  method is in use.
INFO: Ending data set size is 7 pages, 0 added.
INFO: 00:00:00 Elapsed time
INFO: 15:55:22 Finished updating BASE file
 
NOTE: There were 1 observations read from the data set WORK._VAL_REC.
NOTE: 1 observations added.
NOTE: The data set TOOLS.VAL_REPORT has 774 observations and 9 variables.
NOTE: PROCEDURE APPEND used (Total process time):
      real time           0.01 seconds
      cpu time            0.00 seconds
      

MPRINT(M_VAL_LOG):   proc datasets library=work nolist memtype=data;
MPRINT(M_VAL_LOG):   delete _val_rec;
MPRINT(M_VAL_LOG):   quit;

NOTE: Deleting WORK._VAL_REC (memtype=DATA).
NOTE: PROCEDURE DATASETS used (Total process time):
      real time           0.00 seconds
      cpu time            0.00 seconds
      

MPRINT(M_REQ_CHECK):  ;
MPRINT(M_REQ_CHECK):  ;
MPRINT(M_VAL_LOG):   data _val_rec;
MPRINT(M_VAL_LOG):   length titlekey $16 dsname $16 varname $32 check $60 expected $100 actual $100 status $10 message $200;
MPRINT(M_VAL_LOG):   titlekey = "t-disp";
MPRINT(M_VAL_LOG):   dsname = "adsl";
MPRINT(M_VAL_LOG):   varname = "dct01rs";
MPRINT(M_VAL_LOG):   check = "Variable existence";
                                                                    The SAS System

MPRINT(M_VAL_LOG):   expected = "Variable dct01rs present";
MPRINT(M_VAL_LOG):   actual = "FOUND";
MPRINT(M_VAL_LOG):   status = "PASS";
MPRINT(M_VAL_LOG):   message = "";
MPRINT(M_VAL_LOG):   rundttm = datetime();
MPRINT(M_VAL_LOG):   format rundttm datetime20.;
MPRINT(M_VAL_LOG):   run;

NOTE: The data set WORK._VAL_REC has 1 observations and 9 variables.
NOTE: DATA statement used (Total process time):
      real time           0.00 seconds
      cpu time            0.00 seconds
      

MPRINT(M_VAL_LOG):   proc append base=tools.val_report data=_val_rec force;
MPRINT(M_VAL_LOG):   run;

NOTE: Appending WORK._VAL_REC to TOOLS.VAL_REPORT.
 
INFO: Engine's fast-append process in use.
INFO: 15:55:22 Reading DATA file, updating BASE file
INFO: Starting data set size is 7 pages
INFO: Engine's block-read method is in use.
INFO: Engine's block-write  method is in use.
INFO: Ending data set size is 7 pages, 0 added.
INFO: 00:00:00 Elapsed time
INFO: 15:55:22 Finished updating BASE file
 
NOTE: There were 1 observations read from the data set WORK._VAL_REC.
NOTE: 1 observations added.
NOTE: The data set TOOLS.VAL_REPORT has 775 observations and 9 variables.
NOTE: PROCEDURE APPEND used (Total process time):
      real time           0.01 seconds
      cpu time            0.00 seconds
      

MPRINT(M_VAL_LOG):   proc datasets library=work nolist memtype=data;
MPRINT(M_VAL_LOG):   delete _val_rec;
MPRINT(M_VAL_LOG):   quit;

NOTE: Deleting WORK._VAL_REC (memtype=DATA).
NOTE: PROCEDURE DATASETS used (Total process time):
      real time           0.00 seconds
      cpu time            0.00 seconds
      

                                                                    The SAS System

MPRINT(M_REQ_CHECK):  ;
MPRINT(M_REQ_CHECK):  ;
MPRINT(M_VAL_LOG):   data _val_rec;
MPRINT(M_VAL_LOG):   length titlekey $16 dsname $16 varname $32 check $60 expected $100 actual $100 status $10 message $200;
MPRINT(M_VAL_LOG):   titlekey = "t-disp";
MPRINT(M_VAL_LOG):   dsname = "adsl";
MPRINT(M_VAL_LOG):   varname = "comsfl";
MPRINT(M_VAL_LOG):   check = "Variable existence";
MPRINT(M_VAL_LOG):   expected = "Variable comsfl present";
MPRINT(M_VAL_LOG):   actual = "FOUND";
MPRINT(M_VAL_LOG):   status = "PASS";
MPRINT(M_VAL_LOG):   message = "";
MPRINT(M_VAL_LOG):   rundttm = datetime();
MPRINT(M_VAL_LOG):   format rundttm datetime20.;
MPRINT(M_VAL_LOG):   run;

NOTE: The data set WORK._VAL_REC has 1 observations and 9 variables.
NOTE: DATA statement used (Total process time):
      real time           0.00 seconds
      cpu time            0.00 seconds
      

MPRINT(M_VAL_LOG):   proc append base=tools.val_report data=_val_rec force;
MPRINT(M_VAL_LOG):   run;

NOTE: Appending WORK._VAL_REC to TOOLS.VAL_REPORT.
 
INFO: Engine's fast-append process in use.
INFO: 15:55:22 Reading DATA file, updating BASE file
INFO: Starting data set size is 7 pages
INFO: Engine's block-read method is in use.
INFO: Engine's block-write  method is in use.
INFO: Ending data set size is 7 pages, 0 added.
INFO: 00:00:00 Elapsed time
INFO: 15:55:22 Finished updating BASE file
 
NOTE: There were 1 observations read from the data set WORK._VAL_REC.
NOTE: 1 observations added.
NOTE: The data set TOOLS.VAL_REPORT has 776 observations and 9 variables.
NOTE: PROCEDURE APPEND used (Total process time):
      real time           0.02 seconds
      cpu time            0.00 seconds
      

MPRINT(M_VAL_LOG):   proc datasets library=work nolist memtype=data;
MPRINT(M_VAL_LOG):   delete _val_rec;
                                                                    The SAS System

MPRINT(M_VAL_LOG):   quit;

NOTE: Deleting WORK._VAL_REC (memtype=DATA).
NOTE: PROCEDURE DATASETS used (Total process time):
      real time           0.00 seconds
      cpu time            0.00 seconds
      

MPRINT(M_REQ_CHECK):  ;
MPRINT(M_REQ_CHECK):  ;
MPRINT(M_VAL_LOG):   data _val_rec;
MPRINT(M_VAL_LOG):   length titlekey $16 dsname $16 varname $32 check $60 expected $100 actual $100 status $10 message $200;
MPRINT(M_VAL_LOG):   titlekey = "t-disp";
MPRINT(M_VAL_LOG):   dsname = "adsl";
MPRINT(M_VAL_LOG):   varname = "dcsreas";
MPRINT(M_VAL_LOG):   check = "Variable existence";
MPRINT(M_VAL_LOG):   expected = "Variable dcsreas present";
MPRINT(M_VAL_LOG):   actual = "FOUND";
MPRINT(M_VAL_LOG):   status = "PASS";
MPRINT(M_VAL_LOG):   message = "";
MPRINT(M_VAL_LOG):   rundttm = datetime();
MPRINT(M_VAL_LOG):   format rundttm datetime20.;
MPRINT(M_VAL_LOG):   run;

NOTE: The data set WORK._VAL_REC has 1 observations and 9 variables.
NOTE: DATA statement used (Total process time):
      real time           0.00 seconds
      cpu time            0.00 seconds
      

MPRINT(M_VAL_LOG):   proc append base=tools.val_report data=_val_rec force;
MPRINT(M_VAL_LOG):   run;

NOTE: Appending WORK._VAL_REC to TOOLS.VAL_REPORT.
 
INFO: Engine's fast-append process in use.
INFO: 15:55:22 Reading DATA file, updating BASE file
INFO: Starting data set size is 7 pages
INFO: Engine's block-read method is in use.
INFO: Engine's block-write  method is in use.
INFO: Ending data set size is 7 pages, 0 added.
INFO: 00:00:00 Elapsed time
INFO: 15:55:22 Finished updating BASE file
 
NOTE: There were 1 observations read from the data set WORK._VAL_REC.
NOTE: 1 observations added.
                                                                    The SAS System

NOTE: The data set TOOLS.VAL_REPORT has 777 observations and 9 variables.
NOTE: PROCEDURE APPEND used (Total process time):
      real time           0.01 seconds
      cpu time            0.00 seconds
      

MPRINT(M_VAL_LOG):   proc datasets library=work nolist memtype=data;
MPRINT(M_VAL_LOG):   delete _val_rec;
MPRINT(M_VAL_LOG):   quit;

NOTE: Deleting WORK._VAL_REC (memtype=DATA).
NOTE: PROCEDURE DATASETS used (Total process time):
      real time           0.00 seconds
      cpu time            0.01 seconds
      

MPRINT(M_REQ_CHECK):  ;
MPRINT(MAIN):  ;
MPRINT(FETCH):   proc sort data=adamdata.adsl ( where=(scrnfl = 'Y') ) out=disp0 ;
MPRINT(FETCH):   by subjid;
MPRINT(FETCH):   run;

NOTE: There were 100 observations read from the data set ADAMDATA.ADSL.
      WHERE scrnfl='Y';
NOTE: SAS sort was used.
NOTE: The data set WORK.DISP0 has 100 observations and 39 variables.
NOTE: PROCEDURE SORT used (Total process time):
      real time           0.01 seconds
      cpu time            0.00 seconds
      

MPRINT(FETCH):   options _last_ = disp0;
MPRINT(MAIN):  ;
MPRINT(MAIN):  ;
MPRINT(M_VAL_LOG):   data _val_rec;
MPRINT(M_VAL_LOG):   length titlekey $16 dsname $16 varname $32 check $60 expected $100 actual $100 status $10 message $200;
MPRINT(M_VAL_LOG):   titlekey = "t-disp";
MPRINT(M_VAL_LOG):   dsname = "adsl";
MPRINT(M_VAL_LOG):   varname = "scrnfl";
MPRINT(M_VAL_LOG):   check = "Population record count";
MPRINT(M_VAL_LOG):   expected = ">0 screened participants";
MPRINT(M_VAL_LOG):   actual = "100";
MPRINT(M_VAL_LOG):   status = "PASS";
MPRINT(M_VAL_LOG):   message = "All Screened Participants population count for disposition table.";
MPRINT(M_VAL_LOG):   rundttm = datetime();
MPRINT(M_VAL_LOG):   format rundttm datetime20.;
                                                                    The SAS System

MPRINT(M_VAL_LOG):   run;

NOTE: The data set WORK._VAL_REC has 1 observations and 9 variables.
NOTE: DATA statement used (Total process time):
      real time           0.00 seconds
      cpu time            0.01 seconds
      

MPRINT(M_VAL_LOG):   proc append base=tools.val_report data=_val_rec force;
MPRINT(M_VAL_LOG):   run;

NOTE: Appending WORK._VAL_REC to TOOLS.VAL_REPORT.
 
INFO: Engine's fast-append process in use.
INFO: 15:55:22 Reading DATA file, updating BASE file
INFO: Starting data set size is 7 pages
INFO: Engine's block-read method is in use.
INFO: Engine's block-write  method is in use.
INFO: Ending data set size is 7 pages, 0 added.
INFO: 00:00:00 Elapsed time
INFO: 15:55:22 Finished updating BASE file
 
NOTE: There were 1 observations read from the data set WORK._VAL_REC.
NOTE: 1 observations added.
NOTE: The data set TOOLS.VAL_REPORT has 778 observations and 9 variables.
NOTE: PROCEDURE APPEND used (Total process time):
      real time           0.00 seconds
      cpu time            0.00 seconds
      

MPRINT(M_VAL_LOG):   proc datasets library=work nolist memtype=data;
MPRINT(M_VAL_LOG):   delete _val_rec;
MPRINT(M_VAL_LOG):   quit;

NOTE: Deleting WORK._VAL_REC (memtype=DATA).
NOTE: PROCEDURE DATASETS used (Total process time):
      real time           0.00 seconds
      cpu time            0.00 seconds
      

MPRINT(MAIN):  ;
MPRINT(MAIN):   proc sort data=disp0 out=disp0 nodupkey;
MPRINT(MAIN):   by subjid;
MPRINT(MAIN):   run;

NOTE: There were 100 observations read from the data set WORK.DISP0.
                                                                    The SAS System

NOTE: SAS sort was used.
NOTE: 0 observations with duplicate key values were deleted.
NOTE: The data set WORK.DISP0 has 100 observations and 39 variables.
NOTE: PROCEDURE SORT used (Total process time):
      real time           0.00 seconds
      cpu time            0.00 seconds
      

MPRINT(MAIN):   proc format;
MPRINT(MAIN):   value total 1 = 'Total';
NOTE: Format TOTAL has been output.
MPRINT(MAIN):   value comt01fmt 1 = 'Completed Study Drug' 2 = 'Discontinued Study Drug';
NOTE: Format COMT01FMT has been output.
MPRINT(MAIN):   value comsfmt 1 = 'Completed Study' 2 = 'Prematurely Discontinued Study';
NOTE: Format COMSFMT has been output.
MPRINT(MAIN):   run;

NOTE: PROCEDURE FORMAT used (Total process time):
      real time           0.00 seconds
      cpu time            0.01 seconds
      

MPRINT(MAIN):   data disp1;
MPRINT(MAIN):   set disp0;
MPRINT(MAIN):   all_scrn = 1;
MPRINT(MAIN):   if upcase(ittfl) = 'Y' then ittfln = 1;
MPRINT(MAIN):   if upcase(saffl) = 'Y' then safffln = 1;
MPRINT(MAIN):   if upcase(pkfl) = 'Y' then pkfln = 1;
MPRINT(MAIN):   length comt01n 8;
MPRINT(MAIN):   if upcase(comt01fl) = 'Y' then comt01n = 1;
MPRINT(MAIN):   else if upcase(comt01fl) = 'N' then comt01n = 2;
MPRINT(MAIN):   length dct01cat $40;
MPRINT(MAIN):   if upcase(comt01fl) = 'N' then do;
MPRINT(MAIN):   if upcase(dct01rs) = 'ADVERSE EVENT' then dct01cat = 'Adverse Event';
MPRINT(MAIN):   else if upcase(dct01rs) = 'LACK OF EFFICACY' then dct01cat = 'Lack of Efficacy';
MPRINT(MAIN):   end;
MPRINT(MAIN):   length comsn 8;
MPRINT(MAIN):   if upcase(comsfl) = 'Y' then comsn = 1;
MPRINT(MAIN):   else if upcase(comsfl) = 'N' then comsn = 2;
MPRINT(MAIN):   length dcsreascat $40;
MPRINT(MAIN):   if upcase(comsfl) = 'N' then do;
MPRINT(MAIN):   if upcase(dcsreas) = 'DEATH' then dcsreascat = 'Death';
MPRINT(MAIN):   else if upcase(dcsreas) = 'WITHDRAWAL BY SUBJECT' then dcsreascat = 'Withdrawal by Subject';
MPRINT(MAIN):   end;
MPRINT(MAIN):   format trt01pn trtfmt. all_scrn total. comt01n comt01fmt. comsn comsfmt.;
MPRINT(MAIN):   label all_scrn = ' ' ittfln = ' ' safffln = ' ' pkfln = ' ' comt01n = 'Study Drug Completion Status' dct01cat = 'Reason for 
                                                                    The SAS System

Discontinuation of Study Drug' comsn = 'Study Completion Status' dcsreascat= 'Reason for Discontinuation of Study';
MPRINT(MAIN):   run;

NOTE: There were 100 observations read from the data set WORK.DISP0.
NOTE: The data set WORK.DISP1 has 100 observations and 47 variables.
NOTE: DATA statement used (Total process time):
      real time           0.01 seconds
      cpu time            0.00 seconds
      

MPRINT(TABDESC):   ** only one of &spctvar,&sdpvar,&stpvar, or &sopvar should be populated **;
MPRINT(TABDESC):   data ck_ssvars;
MPRINT(TABDESC):   sv1=0;
MPRINT(TABDESC):   sv2=0;
MPRINT(TABDESC):   sv3=0;
MPRINT(TABDESC):   sv4=0;
MPRINT(TABDESC):   all_ss=sum(sv1,sv2,sv3,sv4);
MPRINT(TABDESC):   call symput("all_ss",strip(put(all_ss,best.)));
MPRINT(TABDESC):   run;

NOTE: The data set WORK.CK_SSVARS has 1 observations and 5 variables.
NOTE: DATA statement used (Total process time):
      real time           0.00 seconds
      cpu time            0.00 seconds
      

MPRINT(TABDESC):   ***--- print all/selected columns ---***;
MPRINT(TABDESC):   ***---31may2007 VK ---***;
MPRINT(TABDESC):   ***--- create data set showing the showallcol values...21Sep2010...saw ---***;
MPRINT(TABDESC):   *----------------------------------------------------------------------------;
MPRINT(TABDESC):   * initialize the dataset that will accumulate the statistic records ;
MPRINT(TABDESC):   *----------------------------------------------------------------------------;
MPRINT(TABDESC):   data combine;
MPRINT(TABDESC):   stop;
MPRINT(TABDESC):   pval1 = .;
MPRINT(TABDESC):   pval2 = .;
MPRINT(TABDESC):   length pvalc1 pvalc2 $10;
MPRINT(TABDESC):   pvalc1='';
MPRINT(TABDESC):   pvalc2='';
MPRINT(TABDESC):   run;

NOTE: The data set WORK.COMBINE has 0 observations and 4 variables.
NOTE: DATA statement used (Total process time):
      real time           0.00 seconds
      cpu time            0.00 seconds
      
                                                                    The SAS System


MPRINT(TABDESC):   *----------------------------------------------------------------------------;
MPRINT(TABDESC):   * if > 1 byvar variable, set up individual macro vars ;
MPRINT(TABDESC):   *----------------------------------------------------------------------------;
MPRINT(TABDESC):   *----------------------------------------------------------------------------;
MPRINT(TABDESC):   * Prepare for p-value calculations ;
MPRINT(TABDESC):   * if pairwise p-values are requested, calculate how many pairs ;
MPRINT(TABDESC):   *----------------------------------------------------------------------------;
MPRINT(TABDESC):  ;
MPRINT(TABDESC):  ;
MPRINT(TABDESC):  ;
MPRINT(TABDESC):  ;
MPRINT(TABDESC):  ;
MPRINT(TABDESC):  ;
MPRINT(TABDESC):  ;
MPRINT(TABDESC):   *----------------------------------------------------------------------------;
MPRINT(TABDESC):   * Check input dataset for existence, var names, var formats and type ;
MPRINT(TABDESC):   *----------------------------------------------------------------------------;
MPRINT(TABDESC):   data _null_;
MPRINT(TABDESC):   set disp1;
MPRINT(TABDESC):   where trt01pn <=0;
MPRINT(TABDESC):   if _n_ = 1 then do;
MPRINT(TABDESC):   call symput("_errcode",'F');
MPRINT(TABDESC):   call symput("_errmsg","Column variable (in COLVAR) trt01pn contains a zero or a missing "||"value - canceling run" );
MPRINT(TABDESC):   end;
MPRINT(TABDESC):   run;

NOTE: There were 0 observations read from the data set WORK.DISP1.
      WHERE trt01pn<=0;
NOTE: DATA statement used (Total process time):
      real time           0.01 seconds
      cpu time            0.01 seconds
      

MPRINT(TABDESC):   data _null_;
MPRINT(TABDESC):   rc = exist("disp1","DATA");
MPRINT(TABDESC):   if not(rc) then do;
MPRINT(TABDESC):   call symput("_errcode",'F');
MPRINT(TABDESC):   call symput("_errmsg","Input dataset (in DATA) disp1 does not "||"exist - canceling run" );
MPRINT(TABDESC):   goto errout;
MPRINT(TABDESC):   end;
MPRINT(TABDESC):   ds = open("disp1","i");
MPRINT(TABDESC):   var = varnum(ds, "trt01pn");
MPRINT(TABDESC):   if not(var) then do;
MPRINT(TABDESC):   call symput("_errcode",'F');
MPRINT(TABDESC):   call symput("_errmsg","Column variable (in COLVAR) trt01pn does not "||"exist - canceling run" );
                                                                    The SAS System

MPRINT(TABDESC):   goto errout;
MPRINT(TABDESC):   end;
MPRINT(TABDESC):   call symput("_colvarf",varfmt(ds,var));
MPRINT(TABDESC):   *** Check population variables ***;
MPRINT(TABDESC):   *** Check stratification variables ***;
MPRINT(TABDESC):   var = varnum(ds, "subjid");
MPRINT(TABDESC):   if not(var) then do;
MPRINT(TABDESC):   call symput("_errcode",'F');
MPRINT(TABDESC):   call symput("_errmsg","Patient identifying variable (in PTVAR) subjid does not "||"exist - canceling run" );
MPRINT(TABDESC):   goto errout;
MPRINT(TABDESC):   end;
MPRINT(TABDESC):   errout: run;

NOTE: DATA statement used (Total process time):
      real time           0.00 seconds
      cpu time            0.01 seconds
      

MPRINT(TABDESC):   *----------------------------------------------------------------------------;
MPRINT(TABDESC):   * Subset the analysis file for the right sample and ;
MPRINT(TABDESC):   * perform all necessary data massage here. ;
MPRINT(TABDESC):   *----------------------------------------------------------------------------;
MPRINT(TABDESC):   data analf analfall;
MPRINT(TABDESC):   set disp1 ;
MPRINT(TABDESC):   ;
MPRINT(TABDESC):   call symput('_empty','0');
MPRINT(TABDESC):   run;

NOTE: There were 100 observations read from the data set WORK.DISP1.
NOTE: The data set WORK.ANALF has 100 observations and 47 variables.
NOTE: The data set WORK.ANALFALL has 100 observations and 47 variables.
NOTE: DATA statement used (Total process time):
      real time           0.01 seconds
      cpu time            0.00 seconds
      

MPRINT(TABDESC):   *----------------------------------------------------------------------------;
MPRINT(TABDESC):   * Find the maximum value of the column variable ;
MPRINT(TABDESC):   * Use the highest value in the data. Override with the highest value in the;
MPRINT(TABDESC):   * format if higher ;
MPRINT(TABDESC):   *----------------------------------------------------------------------------;
MPRINT(GETFMT):   data _null_;
MPRINT(GETFMT):   set sashelp.voption;
MPRINT(GETFMT):   where optname = 'FMTSEARCH';
MPRINT(GETFMT):   length fmtpath $2000;
MPRINT(GETFMT):   fmtpath = 'WORK ' || compress(setting,'()');
                                                                    The SAS System

MPRINT(GETFMT):   call symput('_fmtpath',fmtpath);
MPRINT(GETFMT):   fmtname = "TRTFMT. ";
MPRINT(GETFMT):   if substr(fmtname,1,1) = '$' then call symput("fmttype","C");
MPRINT(GETFMT):   if substr(fmtname,1,1) ^= '$' then call symput("fmttype","N");
MPRINT(GETFMT):   fmtname = compress(fmtname,'$. ');
MPRINT(GETFMT):   call symput("fmtname",fmtname);
MPRINT(GETFMT):   run;

NOTE: There were 1 observations read from the data set SASHELP.VOPTION.
      WHERE optname='FMTSEARCH';
NOTE: DATA statement used (Total process time):
      real time           0.01 seconds
      cpu time            0.00 seconds
      

MPRINT(GETFMT):   data _getfmt1;
MPRINT(GETFMT):   set sashelp.vcatalg;
MPRINT(GETFMT):   memname = upcase(memname);
MPRINT(GETFMT):   objname = upcase(objname);
MPRINT(GETFMT):   ** kdaughtry - 29Aug2008 **;
MPRINT(GETFMT):   **where memname = 'FORMATS' and trim(objname) = trim("&fmtname");
MPRINT(GETFMT):   where trim(objname) = trim("TRTFMT  ") and libname^='SASHELP' and objtype=:'FORMAT';
MPRINT(GETFMT):   **indx = indexw("%upcase( &_fmtpath)",upcase(trim(libname)));
MPRINT(GETFMT):   indx = index("WORK LIBFMT WORK",upcase(trim(libname)));
MPRINT(GETFMT):   if indx;
MPRINT(GETFMT):   run;

NOTE: There were 3 observations read from the data set SASHELP.VCATALG.
      WHERE (TRIM(objname)='TRTFMT') and (libname not = 'SASHELP') and (objtype=:'FORMAT');
NOTE: The data set WORK._GETFMT1 has 1 observations and 11 variables.
NOTE: DATA statement used (Total process time):
      real time           0.03 seconds
      cpu time            0.00 seconds
      

MPRINT(GETFMT):   proc sort data = _getfmt1;
MPRINT(GETFMT):   by indx;
MPRINT(GETFMT):   run;

NOTE: There were 1 observations read from the data set WORK._GETFMT1.
NOTE: SAS sort was used.
NOTE: The data set WORK._GETFMT1 has 1 observations and 11 variables.
NOTE: PROCEDURE SORT used (Total process time):
      real time           0.00 seconds
      cpu time            0.00 seconds
      
                                                                    The SAS System


MPRINT(GETFMT):   data _null_;
MPRINT(GETFMT):   set _getfmt1 end = eof;
MPRINT(GETFMT):   **call symput("_flib" || compress(put(_n_,best.)) , libname );
MPRINT(GETFMT):   ** kdaughtry - 29Aug2008 **;
MPRINT(GETFMT):   ** chg _flib to be libname and memname together so can handle format **;
MPRINT(GETFMT):   ** catalogs with a name other than formats **;
MPRINT(GETFMT):   call symput("_flib" || compress(put(_n_,best.)) , compress(libname) || "." || compress(memname) );
MPRINT(GETFMT):   if eof then call symput("_nlib",compress(put(_n_,best.)));
MPRINT(GETFMT):   run;

NOTE: There were 1 observations read from the data set WORK._GETFMT1.
NOTE: DATA statement used (Total process time):
      real time           0.00 seconds
      cpu time            0.00 seconds
      

MPRINT(GETFMT):   proc format library = LIBFMT.FORMATS cntlout = _getfmt2;
MPRINT(GETFMT):   run;
NOTE: PROCEDURE FORMAT used (Total process time):
      real time           0.02 seconds
      cpu time            0.01 seconds
      
NOTE: The data set WORK._GETFMT2 has 499 observations and 21 variables.

MPRINT(GETFMT):   data _tabd1;
MPRINT(GETFMT):   set _getfmt2;
MPRINT(GETFMT):   if upcase(trim(fmtname)) = trim("TRTFMT  ") and upcase(type) = "N" then do;
MPRINT(GETFMT):   start = left(start);
MPRINT(GETFMT):   output;
MPRINT(GETFMT):   call symput('_gotfmt','Y');
MPRINT(GETFMT):   end;
MPRINT(GETFMT):   run;

NOTE: There were 499 observations read from the data set WORK._GETFMT2.
NOTE: The data set WORK._TABD1 has 2 observations and 21 variables.
NOTE: DATA statement used (Total process time):
      real time           0.00 seconds
      cpu time            0.00 seconds
      

MPRINT(TABDESC):  ;
MPRINT(TABDESC):   data _tabd1_sw (keep=trt01pn);
MPRINT(TABDESC):   set _tabd1 end=eof nobs=numobs;
MPRINT(TABDESC):   *** kaling 19jun2015 nobs ***;
MPRINT(TABDESC):   trt01pn = input(left(start),best8.);
                                                                    The SAS System

MPRINT(TABDESC):   if eof then call symput('ntrt_fmt',compress(put(numobs,5.)) );
MPRINT(TABDESC):   *** kaling 19jun2015 ***;
MPRINT(TABDESC):   run;

NOTE: There were 2 observations read from the data set WORK._TABD1.
NOTE: The data set WORK._TABD1_SW has 2 observations and 1 variables.
NOTE: DATA statement used (Total process time):
      real time           0.00 seconds
      cpu time            0.00 seconds
      

MPRINT(TABDESC):   proc sort data= analf out = analfpt (keep = trt01pn subjid) nodupkey;
MPRINT(TABDESC):   by trt01pn subjid;
MPRINT(TABDESC):   run;

NOTE: There were 100 observations read from the data set WORK.ANALF.
NOTE: SAS sort was used.
NOTE: 0 observations with duplicate key values were deleted.
NOTE: The data set WORK.ANALFPT has 100 observations and 2 variables.
NOTE: PROCEDURE SORT used (Total process time):
      real time           0.02 seconds
      cpu time            0.01 seconds
      

MPRINT(TABDESC):   data analfpt;
MPRINT(TABDESC):   set analfpt;
MPRINT(TABDESC):   format trt01pn;
MPRINT(TABDESC):   run;

NOTE: There were 100 observations read from the data set WORK.ANALFPT.
NOTE: The data set WORK.ANALFPT has 100 observations and 2 variables.
NOTE: DATA statement used (Total process time):
      real time           0.00 seconds
      cpu time            0.00 seconds
      

MPRINT(TABDESC):   proc summary data=analfpt nway;
MPRINT(TABDESC):   class trt01pn;
MPRINT(TABDESC):   output out=_tabd2;
MPRINT(TABDESC):   run;

NOTE: Multiple concurrent threads will be used to summarize data.
NOTE: There were 100 observations read from the data set WORK.ANALFPT.
NOTE: The data set WORK._TABD2 has 2 observations and 3 variables.
NOTE: PROCEDURE SUMMARY used (Total process time):
      real time           0.00 seconds
                                                                    The SAS System

      cpu time            0.00 seconds
      

MPRINT(TABDESC):   data _null_;
MPRINT(TABDESC):   merge _tabd2 (in=_V)
MPRINT(TABDESC):   _tabd1_sw (in=_F) end = eof;
MPRINT(TABDESC):   BY trt01pn;
MPRINT(TABDESC):   LENGTH _A $8 _B $50;
MPRINT(TABDESC):   IF trt01pn NE _N_ THEN DO;
MPRINT(TABDESC):   _A='ER'||'ROR:';
MPRINT(TABDESC):   _B="The value "||strip(put(trt01pn,best.))||'is out of sequence.';
MPRINT(TABDESC):   PUT _A "**---------------------------------------------------------------------------------------**";
MPRINT(TABDESC):   PUT _A "The variable trt01pn and its format must contain consecutive positive integers starting from 1. " _B;
MPRINT(TABDESC):   PUT _A "**---------------------------------------------------------------------------------------**";
MPRINT(TABDESC):   ABORT;
MPRINT(TABDESC):   END;
MPRINT(TABDESC):  ;
MPRINT(TABDESC):   IF _V AND (NOT(_F)) THEN DO;
MPRINT(TABDESC):   _A='WAR'||'NING:';
MPRINT(TABDESC):   _B="You have an unformatted trt01pn value of "||strip(put(trt01pn,best.))||'.';
MPRINT(TABDESC):   PUT _A "**---------------------------------------------------------------------------------------**";
MPRINT(TABDESC):   PUT _A _B " Use the SHOWALLCOL parameter in tabdesc when you have columns you do not wish to display.";
MPRINT(TABDESC):   PUT _A "**---------------------------------------------------------------------------------------**";
MPRINT(TABDESC):   END;
MPRINT(TABDESC):   ELSE IF (NOT(_V)) AND _F THEN DO;
MPRINT(TABDESC):   _A='WAR'||'NING:';
MPRINT(TABDESC):   _B="You have a format for the value "||strip(put(trt01pn,best.))||',';
MPRINT(TABDESC):   PUT _A "**---------------------------------------------------------------------------------------**";
MPRINT(TABDESC):   PUT _A _B " but this value does not appear in the passed data.";
MPRINT(TABDESC):   PUT _A "**---------------------------------------------------------------------------------------**";
MPRINT(TABDESC):   END;
MPRINT(TABDESC):   IF NOT(EOF) THEN DO;
MPRINT(TABDESC):   IF NOT(_V) THEN DO;
MPRINT(TABDESC):   _A='WAR'||'NING:';
MPRINT(TABDESC):   _B="You have requested printing the trt01pn value of "||strip(put(trt01pn,best.))||',';
MPRINT(TABDESC):   PUT _A "**---------------------------------------------------------------------------------------**";
MPRINT(TABDESC):   PUT _A _B " but this value is not present in the passed data.";
MPRINT(TABDESC):   PUT _A "**---------------------------------------------------------------------------------------**";
MPRINT(TABDESC):   END;
MPRINT(TABDESC):   END;
MPRINT(TABDESC):  ;
MPRINT(TABDESC):   RUN;

NOTE: There were 2 observations read from the data set WORK._TABD2.
NOTE: There were 2 observations read from the data set WORK._TABD1_SW.
NOTE: DATA statement used (Total process time):
                                                                    The SAS System

      real time           0.00 seconds
      cpu time            0.01 seconds
      

MPRINT(TABDESC):   ************* kaling begin 19jun2015 ************;
MPRINT(TABDESC):   data _null_;
MPRINT(TABDESC):   if 1 eq 2 then set _tabd2 nobs=ntrt_data;
MPRINT(TABDESC):   maxcol =max(ntrt_data, 2 );
MPRINT(TABDESC):   maxcol_1=maxcol;
MPRINT(TABDESC):   maxcol_1=maxcol +1;
MPRINT(TABDESC):   call symput( 'maxcol',compress(put(maxcol ,5.)) );
MPRINT(TABDESC):   call symput('_maxcol',compress(put(maxcol_1 ,5.)) );
MPRINT(TABDESC):   stop;
MPRINT(TABDESC):   run;

NOTE: DATA statement used (Total process time):
      real time           0.00 seconds
      cpu time            0.00 seconds
      

'TOOLVER=' v4.19.01   ' MAXCOL=' 2   ' _MAXCOL= '  3
' SHOWALLCOL=' Y
'line 721 _SHOWALLCOL=' Y
MPRINT(TABDESC):   ************** kaling end 19jun2015 ************;
MPRINT(TABDESC):   data _null_;
MPRINT(TABDESC):   set _tabd2 end = eof;
MPRINT(TABDESC):   call symput("_colct" || compress(put(trt01pn,best.)) , put(_freq_,best.) );
MPRINT(TABDESC):   run;

NOTE: There were 2 observations read from the data set WORK._TABD2.
NOTE: DATA statement used (Total process time):
      real time           0.00 seconds
      cpu time            0.00 seconds
      

MPRINT(TABDESC):   *----------------------------------------------------------------------------;
MPRINT(TABDESC):   * determine total number of patients in each column and in the whole file ;
MPRINT(TABDESC):   *----------------------------------------------------------------------------;
MPRINT(TABDESC):   proc sort data= analf out = analfpt (keep = subjid) nodupkey;
MPRINT(TABDESC):   by subjid;
MPRINT(TABDESC):   run;

NOTE: There were 100 observations read from the data set WORK.ANALF.
NOTE: SAS sort was used.
NOTE: 0 observations with duplicate key values were deleted.
NOTE: The data set WORK.ANALFPT has 100 observations and 1 variables.
                                                                    The SAS System

NOTE: PROCEDURE SORT used (Total process time):
      real time           0.06 seconds
      cpu time            0.01 seconds
      

MPRINT(TABDESC):   data _null_;
MPRINT(TABDESC):   set analfpt nobs = _freq_;
MPRINT(TABDESC):   call symput("_patct", put(_freq_,best.));
MPRINT(TABDESC):   call symput("_colct3", put(_freq_,best.) );
MPRINT(TABDESC):   if _freq_ = 0 then do;
MPRINT(TABDESC):   call symput("_errcode",'F');
MPRINT(TABDESC):   call symput("_errmsg","No patients meet subset criteria - canceling run" );
MPRINT(TABDESC):   end;
MPRINT(TABDESC):   stop;
MPRINT(TABDESC):   run;

NOTE: There were 1 observations read from the data set WORK.ANALFPT.
NOTE: DATA statement used (Total process time):
      real time           0.00 seconds
      cpu time            0.00 seconds
      

MPRINT(TABDESC):   ** # of subj at top of table will not reflect subset of subjects **;
MPRINT(TABDESC):   *----------------------------------------------------------------------------;
MPRINT(TABDESC):   * Set up file with duplicate records for total column if necessary ;
MPRINT(TABDESC):   *----------------------------------------------------------------------------;
MPRINT(TABDESC):   data analf analfnot;
MPRINT(TABDESC):   set analf;
MPRINT(TABDESC):   format trt01pn;
MPRINT(TABDESC):   output analf;
MPRINT(TABDESC):   output analfnot;
MPRINT(TABDESC):   trt01pn=3;
MPRINT(TABDESC):   output analf;
MPRINT(TABDESC):   run;

NOTE: There were 100 observations read from the data set WORK.ANALF.
NOTE: The data set WORK.ANALF has 200 observations and 47 variables.
NOTE: The data set WORK.ANALFNOT has 100 observations and 47 variables.
NOTE: DATA statement used (Total process time):
      real time           0.05 seconds
      cpu time            0.00 seconds
      

MPRINT(TABDESC):   proc sort data=analf;
MPRINT(TABDESC):   by trt01pn;
MPRINT(TABDESC):   run;
                                                                    The SAS System


NOTE: There were 200 observations read from the data set WORK.ANALF.
NOTE: SAS sort was used.
NOTE: The data set WORK.ANALF has 200 observations and 47 variables.
NOTE: PROCEDURE SORT used (Total process time):
      real time           0.00 seconds
      cpu time            0.00 seconds
      

MPRINT(TABDESC):   proc sort data=analfnot;
MPRINT(TABDESC):   by trt01pn;
MPRINT(TABDESC):   run;

NOTE: There were 100 observations read from the data set WORK.ANALFNOT.
NOTE: SAS sort was used.
NOTE: The data set WORK.ANALFNOT has 100 observations and 47 variables.
NOTE: PROCEDURE SORT used (Total process time):
      real time           0.00 seconds
      cpu time            0.00 seconds
      

MPRINT(TABDESC):   data analfall;
MPRINT(TABDESC):   set analfall;
MPRINT(TABDESC):   format trt01pn;
MPRINT(TABDESC):   output analfall;
MPRINT(TABDESC):   trt01pn=3;
MPRINT(TABDESC):   output analfall;
MPRINT(TABDESC):   run;

NOTE: There were 100 observations read from the data set WORK.ANALFALL.
NOTE: The data set WORK.ANALFALL has 200 observations and 47 variables.
NOTE: DATA statement used (Total process time):
      real time           0.06 seconds
      cpu time            0.00 seconds
      

MPRINT(TABDESC):   *----------------------------------------------------------------------------;
MPRINT(TABDESC):   * determine total number of patients per &byvar value, if necessary ;
MPRINT(TABDESC):   *----------------------------------------------------------------------------;
MPRINT(TABDESC):   *----------------------------------------------------------------------------;
MPRINT(TABDESC):   * If pairwise=ALL, set to a list of all the pairs in the data ;
MPRINT(TABDESC):   *----------------------------------------------------------------------------;
MPRINT(TABPAIR):   *** change pairwise if = ALL ***;
MPRINT(TABPAIR):   *** call macro for each pair of pair_wise ***;
MPRINT(TABDESC):  ;
'TOOLVER=' v4.19.01   ' MAXCOL=' 2   ' _MAXCOL= '  3
                                                                    The SAS System

' SHOWALLCOL=' Y
'line 1269 _SHOWALLCOL=' Y
MPRINT(TABDESC):  ;
MPRINT(TABDESC):   proc datasets library = work nolist;
MPRINT(TABDESC):   *delete _tabd1 _tabd2 _tabd3 _tabd4 _tabd5 _tabd6 _tabd7;
MPRINT(TABDESC):   delete _tabd: ;
MPRINT(TABDESC):   *2016-12-29 kchan07 replace _tabd1.... _tabd7;
MPRINT(TABDESC):   quit;

NOTE: Deleting WORK._TABD1 (memtype=DATA).
NOTE: Deleting WORK._TABD1_SW (memtype=DATA).
NOTE: Deleting WORK._TABD2 (memtype=DATA).
NOTE: PROCEDURE DATASETS used (Total process time):
      real time           0.00 seconds
      cpu time            0.00 seconds
      

MPRINT(MAIN):  ;
MPRINT(TABCOUNT):   *** this logic moved to tabdesc ***;
MPRINT(TABCOUNT):  ;
MPRINT(TABCOUNT):   ** if one of subsetting vars (&_spercent, &_sdpvar, &_stpvar, &_spctvar, &_sopvar) **;
MPRINT(TABCOUNT):   ** is specified, then &denom cannot be specified **;
MPRINT(TABCOUNT):  ;
MPRINT(TABCOUNT):   *----------------------------------------------------------------------------;
MPRINT(TABCOUNT):   * Get variable attributes (type, label, format) ;
MPRINT(TABCOUNT):   * Cancel run if variable .does not. exist ;
MPRINT(TABCOUNT):   *----------------------------------------------------------------------------;
MPRINT(TABCOUNT):   data _null_;
MPRINT(TABCOUNT):   length label1 $250;
MPRINT(TABCOUNT):   ds = open("analf","i");
MPRINT(TABCOUNT):   var = varnum(ds , "all_scrn");
MPRINT(TABCOUNT):   if not(var) then do;
MPRINT(TABCOUNT):   call symput("_errcode","F");
MPRINT(TABCOUNT):   call symput("_errmsg","Patient count analysis variable all_scrn "|| '.does not.'||' exist - cancelling run' );
MPRINT(TABCOUNT):   *klc 2016-10-26;
MPRINT(TABCOUNT):   stop;
MPRINT(TABCOUNT):   end;
MPRINT(TABCOUNT):   else do;
MPRINT(TABCOUNT):   label1 = varlabel(ds,var);
MPRINT(TABCOUNT):   label1 = translate(label1,' ','~');
MPRINT(TABCOUNT):   call symput("_ptclab1",trim(label1));
MPRINT(TABCOUNT):   call symput("_ptcfmt1",varfmt(ds,var));
MPRINT(TABCOUNT):   call symput("catvfmt",varfmt(ds,var));
MPRINT(TABCOUNT):   typ = vartype(ds,var);
MPRINT(TABCOUNT):   call symput("type",typ);
MPRINT(TABCOUNT):   end;
                                                                    The SAS System

MPRINT(TABCOUNT):   run;

INFO: Character variables have defaulted to a length of 200 at the places given by: (Line):(Column). Truncation can result.
      1314:71  TYP
NOTE: DATA statement used (Total process time):
      real time           0.00 seconds
      cpu time            0.00 seconds
      

MPRINT(TABCOUNT):   *-----------------------------------------------------------;
MPRINT(TABCOUNT):   * General routine for count and percent statistics ;
MPRINT(TABCOUNT):   *-----------------------------------------------------------;
MPRINT(TABCOUNT):   *-----------------------------------------------------------;
MPRINT(TABCOUNT):   * Do count and percent once for each requested denominator;
MPRINT(TABCOUNT):   *-----------------------------------------------------------;
MPRINT(TABCOUNT):  ;
MPRINT(COUNTPCT):   proc sort data = analf out = _t1 nodupkey;
MPRINT(COUNTPCT):   by trt01pn all_scrn subjid;
MPRINT(COUNTPCT):   run;

NOTE: There were 200 observations read from the data set WORK.ANALF.
NOTE: SAS sort was used.
NOTE: 0 observations with duplicate key values were deleted.
NOTE: The data set WORK._T1 has 200 observations and 47 variables.
NOTE: PROCEDURE SORT used (Total process time):
      real time           0.03 seconds
      cpu time            0.00 seconds
      

MPRINT(COUNTPCT):   proc summary data=_t1 nway;
MPRINT(COUNTPCT):   by trt01pn all_scrn;
MPRINT(COUNTPCT):   format trt01pn all_scrn;
MPRINT(COUNTPCT):   output out=_t2;
MPRINT(COUNTPCT):   run;

NOTE: There were 200 observations read from the data set WORK._T1.
NOTE: The data set WORK._T2 has 3 observations and 4 variables.
NOTE: PROCEDURE SUMMARY used (Total process time):
      real time           0.00 seconds
      cpu time            0.01 seconds
      

MPRINT(COUNTPCT):   * proc print data = _t2 (obs=100);
MPRINT(COUNTPCT):   * title "tabcount: File _t2 after summary with denominator &countby ";
MPRINT(COUNTPCT):   * run;
MPRINT(COUNTPCT):   proc sort data = analf out = _t1 nodupkey;
                                                                    The SAS System

MPRINT(COUNTPCT):   by trt01pn subjid;
MPRINT(COUNTPCT):   run;

NOTE: There were 200 observations read from the data set WORK.ANALF.
NOTE: SAS sort was used.
NOTE: 0 observations with duplicate key values were deleted.
NOTE: The data set WORK._T1 has 200 observations and 47 variables.
NOTE: PROCEDURE SORT used (Total process time):
      real time           0.01 seconds
      cpu time            0.01 seconds
      

MPRINT(COUNTPCT):   proc summary data=_t1 nway;
MPRINT(COUNTPCT):   by trt01pn;
MPRINT(COUNTPCT):   format trt01pn;
MPRINT(COUNTPCT):   output out=_t3;
MPRINT(COUNTPCT):   run;

NOTE: There were 200 observations read from the data set WORK._T1.
NOTE: The data set WORK._T3 has 3 observations and 3 variables.
NOTE: PROCEDURE SUMMARY used (Total process time):
      real time           0.00 seconds
      cpu time            0.00 seconds
      

MPRINT(COUNTPCT):   * proc print data = _t3 (obs=100);
MPRINT(COUNTPCT):   * title "tabcount: File _t3 after summary with denominator &pctby";
MPRINT(COUNTPCT):   * run;
MPRINT(COUNTPCT):   proc sort data = _t2;
MPRINT(COUNTPCT):   by trt01pn;
MPRINT(COUNTPCT):   run;

NOTE: There were 3 observations read from the data set WORK._T2.
NOTE: SAS sort was used.
NOTE: The data set WORK._T2 has 3 observations and 4 variables.
NOTE: PROCEDURE SORT used (Total process time):
      real time           0.00 seconds
      cpu time            0.00 seconds
      

MPRINT(COUNTPCT):   data _tabc1;
MPRINT(COUNTPCT):   merge _t2(drop=_type_) _t3 (rename=(_freq_=denom));
MPRINT(COUNTPCT):   by trt01pn;
MPRINT(COUNTPCT):   **if denom > 0 then &pctvar = 100 * _freq_ / denom;
MPRINT(COUNTPCT):   if denom > 0 and _freq_>0 then pct1 = 100 * _freq_ / denom;
MPRINT(COUNTPCT):   run;
                                                                    The SAS System


NOTE: There were 3 observations read from the data set WORK._T2.
NOTE: There were 3 observations read from the data set WORK._T3.
NOTE: The data set WORK._TABC1 has 3 observations and 6 variables.
NOTE: DATA statement used (Total process time):
      real time           0.00 seconds
      cpu time            0.00 seconds
      

MPRINT(TABCOUNT):  ;
MPRINT(TABCOUNT):   proc sort data = _tabc1;
MPRINT(TABCOUNT):   by all_scrn trt01pn;
MPRINT(TABCOUNT):   run;

NOTE: There were 3 observations read from the data set WORK._TABC1.
NOTE: SAS sort was used.
NOTE: The data set WORK._TABC1 has 3 observations and 6 variables.
NOTE: PROCEDURE SORT used (Total process time):
      real time           0.00 seconds
      cpu time            0.00 seconds
      

MPRINT(TABCOUNT):   data _tabptc3;
MPRINT(TABCOUNT):   set _tabc1;
MPRINT(TABCOUNT):   run;

NOTE: There were 3 observations read from the data set WORK._TABC1.
NOTE: The data set WORK._TABPTC3 has 3 observations and 6 variables.
NOTE: DATA statement used (Total process time):
      real time           0.00 seconds
      cpu time            0.01 seconds
      

MPRINT(TABCOUNT):   * proc print data = _tabc&__I (obs=100);
MPRINT(TABCOUNT):   * title "tabcount: File _tabc&__I after summary ";
MPRINT(TABCOUNT):   * run;
MPRINT(TABCOUNT):   *----------------------------------------------------------------------------;
MPRINT(TABCOUNT):   * Get list of categories specified in the format in variable catvfmt ;
MPRINT(TABCOUNT):   * Flag to indicate if format found in macro variable _gotfmt ;
MPRINT(TABCOUNT):   * Categories in data set _tabptc4 ;
MPRINT(TABCOUNT):   *----------------------------------------------------------------------------;
MPRINT(GETFMT):   data _null_;
MPRINT(GETFMT):   set sashelp.voption;
MPRINT(GETFMT):   where optname = 'FMTSEARCH';
MPRINT(GETFMT):   length fmtpath $2000;
MPRINT(GETFMT):   fmtpath = 'WORK ' || compress(setting,'()');
                                                                    The SAS System

MPRINT(GETFMT):   call symput('_fmtpath',fmtpath);
MPRINT(GETFMT):   fmtname = "TOTAL. ";
MPRINT(GETFMT):   if substr(fmtname,1,1) = '$' then call symput("fmttype","C");
MPRINT(GETFMT):   if substr(fmtname,1,1) ^= '$' then call symput("fmttype","N");
MPRINT(GETFMT):   fmtname = compress(fmtname,'$. ');
MPRINT(GETFMT):   call symput("fmtname",fmtname);
MPRINT(GETFMT):   run;

NOTE: There were 1 observations read from the data set SASHELP.VOPTION.
      WHERE optname='FMTSEARCH';
NOTE: DATA statement used (Total process time):
      real time           0.00 seconds
      cpu time            0.00 seconds
      

MPRINT(GETFMT):   data _getfmt1;
MPRINT(GETFMT):   set sashelp.vcatalg;
MPRINT(GETFMT):   memname = upcase(memname);
MPRINT(GETFMT):   objname = upcase(objname);
MPRINT(GETFMT):   ** kdaughtry - 29Aug2008 **;
MPRINT(GETFMT):   **where memname = 'FORMATS' and trim(objname) = trim("&fmtname");
MPRINT(GETFMT):   where trim(objname) = trim("TOTAL  ") and libname^='SASHELP' and objtype=:'FORMAT';
MPRINT(GETFMT):   **indx = indexw("%upcase( &_fmtpath)",upcase(trim(libname)));
MPRINT(GETFMT):   indx = index("WORK LIBFMT WORK",upcase(trim(libname)));
MPRINT(GETFMT):   if indx;
MPRINT(GETFMT):   run;

NOTE: There were 5 observations read from the data set SASHELP.VCATALG.
      WHERE (TRIM(objname)='TOTAL') and (libname not = 'SASHELP') and (objtype=:'FORMAT');
NOTE: The data set WORK._GETFMT1 has 2 observations and 11 variables.
NOTE: DATA statement used (Total process time):
      real time           0.05 seconds
      cpu time            0.00 seconds
      

MPRINT(GETFMT):   proc sort data = _getfmt1;
MPRINT(GETFMT):   by indx;
MPRINT(GETFMT):   run;

NOTE: There were 2 observations read from the data set WORK._GETFMT1.
NOTE: SAS sort was used.
NOTE: The data set WORK._GETFMT1 has 2 observations and 11 variables.
NOTE: PROCEDURE SORT used (Total process time):
      real time           0.00 seconds
      cpu time            0.00 seconds
      
                                                                    The SAS System


MPRINT(GETFMT):   data _null_;
MPRINT(GETFMT):   set _getfmt1 end = eof;
MPRINT(GETFMT):   **call symput("_flib" || compress(put(_n_,best.)) , libname );
MPRINT(GETFMT):   ** kdaughtry - 29Aug2008 **;
MPRINT(GETFMT):   ** chg _flib to be libname and memname together so can handle format **;
MPRINT(GETFMT):   ** catalogs with a name other than formats **;
MPRINT(GETFMT):   call symput("_flib" || compress(put(_n_,best.)) , compress(libname) || "." || compress(memname) );
MPRINT(GETFMT):   if eof then call symput("_nlib",compress(put(_n_,best.)));
MPRINT(GETFMT):   run;

NOTE: There were 2 observations read from the data set WORK._GETFMT1.
NOTE: DATA statement used (Total process time):
      real time           0.00 seconds
      cpu time            0.00 seconds
      

MPRINT(GETFMT):   proc format library = WORK.FORMATS cntlout = _getfmt2;
MPRINT(GETFMT):   run;
NOTE: PROCEDURE FORMAT used (Total process time):
      real time           0.00 seconds
      cpu time            0.00 seconds
      
NOTE: The data set WORK._GETFMT2 has 5 observations and 21 variables.

MPRINT(GETFMT):   data _tabptc4;
MPRINT(GETFMT):   set _getfmt2;
MPRINT(GETFMT):   if upcase(trim(fmtname)) = trim("TOTAL  ") and upcase(type) = "N" then do;
MPRINT(GETFMT):   start = left(start);
MPRINT(GETFMT):   output;
MPRINT(GETFMT):   call symput('_gotfmt','Y');
MPRINT(GETFMT):   end;
MPRINT(GETFMT):   run;

NOTE: There were 5 observations read from the data set WORK._GETFMT2.
NOTE: The data set WORK._TABPTC4 has 1 observations and 21 variables.
NOTE: DATA statement used (Total process time):
      real time           0.00 seconds
      cpu time            0.01 seconds
      

MPRINT(TABCOUNT):  ;
MPRINT(TABCOUNT):   *---------------------------------------;
MPRINT(TABCOUNT):   * Reformat count and percent ;
MPRINT(TABCOUNT):   *---------------------------------------;
MPRINT(TABCOUNT):   data _tabptc3;
                                                                    The SAS System

MPRINT(TABCOUNT):   set _tabptc3;
MPRINT(TABCOUNT):   length linlabel $250;
MPRINT(TABCOUNT):   linlabel=left(put(all_scrn,TOTAL.));
MPRINT(TABCOUNT):   if trim(linlabel) = '.' or linlabel = ' ' then delete;
MPRINT(TABCOUNT):   run;

NOTE: There were 3 observations read from the data set WORK._TABPTC3.
NOTE: The data set WORK._TABPTC3 has 3 observations and 7 variables.
NOTE: DATA statement used (Total process time):
      real time           0.00 seconds
      cpu time            0.00 seconds
      

MPRINT(TABCOUNT):   * proc print data = _tabptc3 (obs=100);
MPRINT(TABCOUNT):   * title "tabcount: File _tabptc3 after formatting statistics ";
MPRINT(TABCOUNT):   * run;
MPRINT(TABCOUNT):   *----------------------------------------------------------------------------;
MPRINT(TABCOUNT):   * If all categories are to be shown, get the list of categories from the ;
MPRINT(TABCOUNT):   * variable format and expand the file to include all the defined categories;
MPRINT(TABCOUNT):   *----------------------------------------------------------------------------;
MPRINT(TABCOUNT):   proc sort data = _tabptc3 out = keys(keep = trt01pn ) nodupkey;
MPRINT(TABCOUNT):   by trt01pn ;
MPRINT(TABCOUNT):   run;

NOTE: There were 3 observations read from the data set WORK._TABPTC3.
NOTE: SAS sort was used.
NOTE: 0 observations with duplicate key values were deleted.
NOTE: The data set WORK.KEYS has 3 observations and 1 variables.
NOTE: PROCEDURE SORT used (Total process time):
      real time           0.00 seconds
      cpu time            0.00 seconds
      

MPRINT(TABCOUNT):   data _tabptc5 (keep = trt01pn linlabel start );
MPRINT(TABCOUNT):   length start $200;
MPRINT(TABCOUNT):   set _tabptc4;
MPRINT(TABCOUNT):   where fmtname = compress(upcase("TOTAL."),"$. ");
MPRINT(TABCOUNT):   if index("TOTAL.","$") > 0 and type = 'N' then delete;
MPRINT(TABCOUNT):   if index("TOTAL.","$") = 0 and type = 'C' then delete;
MPRINT(TABCOUNT):   length linlabel $250;
MPRINT(TABCOUNT):   linlabel = left(label);
MPRINT(TABCOUNT):   do i = 1 to _nrec;
MPRINT(TABCOUNT):   set keys point = i nobs = _nrec;
MPRINT(TABCOUNT):   output;
MPRINT(TABCOUNT):   end;
MPRINT(TABCOUNT):   run;
                                                                    The SAS System


NOTE: There were 1 observations read from the data set WORK._TABPTC4.
      WHERE fmtname='TOTAL';
NOTE: The data set WORK._TABPTC5 has 3 observations and 3 variables.
NOTE: DATA statement used (Total process time):
      real time           0.00 seconds
      cpu time            0.00 seconds
      

MPRINT(TABCOUNT):   proc sort data = _tabptc5;
MPRINT(TABCOUNT):   by trt01pn linlabel;
MPRINT(TABCOUNT):   run;

NOTE: There were 3 observations read from the data set WORK._TABPTC5.
NOTE: SAS sort was used.
NOTE: The data set WORK._TABPTC5 has 3 observations and 3 variables.
NOTE: PROCEDURE SORT used (Total process time):
      real time           0.00 seconds
      cpu time            0.00 seconds
      

MPRINT(TABCOUNT):   proc sort data = _tabptc3;
MPRINT(TABCOUNT):   by trt01pn linlabel;
MPRINT(TABCOUNT):   run;

NOTE: There were 3 observations read from the data set WORK._TABPTC3.
NOTE: SAS sort was used.
NOTE: The data set WORK._TABPTC3 has 3 observations and 7 variables.
NOTE: PROCEDURE SORT used (Total process time):
      real time           0.00 seconds
      cpu time            0.00 seconds
      

MPRINT(TABCOUNT):   data _tabptc3;
MPRINT(TABCOUNT):   merge _tabptc3 (in=in3) _tabptc5;
MPRINT(TABCOUNT):   by trt01pn linlabel;
MPRINT(TABCOUNT):   if in3;
MPRINT(TABCOUNT):   start = left(start);
MPRINT(TABCOUNT):   run;

NOTE: There were 3 observations read from the data set WORK._TABPTC3.
NOTE: There were 3 observations read from the data set WORK._TABPTC5.
NOTE: The data set WORK._TABPTC3 has 3 observations and 8 variables.
NOTE: DATA statement used (Total process time):
      real time           0.00 seconds
      cpu time            0.00 seconds
                                                                    The SAS System

      

MPRINT(TABCOUNT):   proc sort data = _tabptc3;
MPRINT(TABCOUNT):   by all_scrn start linlabel;
MPRINT(TABCOUNT):   run;

NOTE: There were 3 observations read from the data set WORK._TABPTC3.
NOTE: SAS sort was used.
NOTE: The data set WORK._TABPTC3 has 3 observations and 8 variables.
NOTE: PROCEDURE SORT used (Total process time):
      real time           0.00 seconds
      cpu time            0.00 seconds
      

MPRINT(TABCOUNT):   * proc print data = _tabptc3 (obs = 100 );
MPRINT(TABCOUNT):   * title "tabcount: File _tabptc3 after incorporating variable format ";
MPRINT(TABCOUNT):   * run;
MPRINT(TABCOUNT):   *--------------------------------------------------------------------------;
MPRINT(TABCOUNT):   * postprocess _tabptc3 to modify START variable if sortby = I and the VAR;
MPRINT(TABCOUNT):   * is numeric. This to accomodate cases where the values might be negative;
MPRINT(TABCOUNT):   *--------------------------------------------------------------------------;
MPRINT(TABCOUNT):   *----------------------------------------------------------------------------;
MPRINT(TABCOUNT):   * Transpose the formatted and unformatted statistics ;
MPRINT(TABCOUNT):   *----------------------------------------------------------------------------;
MPRINT(TABCOUNT):   data _tabptc7 (keep = all_scrn start linlabel value1 - value3 statord1 - statord1 pctx1 - pctx3);
MPRINT(TABCOUNT):   set _tabptc3;
MPRINT(TABCOUNT):   by all_scrn start linlabel notsorted;
MPRINT(TABCOUNT):   length value1- value3 $40 statord1 - statord1 $40 pctx1 - pctx3 $10 pctx_n1 - pctx_n3 8 __temp 8;
MPRINT(TABCOUNT):   *kchan07 2016-11-1;
MPRINT(TABCOUNT):   length statval $ 40;
MPRINT(TABCOUNT):   array outval {*} $ value1 - value3;
MPRINT(TABCOUNT):   array outpct {*} $ pctx1 - pctx3;
MPRINT(TABCOUNT):   array __pn {*} pctx_n1 - pctx_n3;
MPRINT(TABCOUNT):   *kchan07 2016-11-1;
MPRINT(TABCOUNT):   retain value1 - value3 totn pctx1 - pctx3;
MPRINT(TABCOUNT):   statord1 = ' ';
MPRINT(TABCOUNT):   if first.linlabel then do;
MPRINT(TABCOUNT):   totn = 0;
MPRINT(TABCOUNT):   do i = 1 to 3;
MPRINT(TABCOUNT):   outval{i} = ' ';
MPRINT(TABCOUNT):   outpct{i} = ' ';
MPRINT(TABCOUNT):   end;
MPRINT(TABCOUNT):   end;
MPRINT(TABCOUNT):   statval = ' ';
MPRINT(TABCOUNT):   if _freq_ = . then _freq_ = 0;
MPRINT(TABCOUNT):   statval = put(_freq_, 3. );
                                                                    The SAS System

MPRINT(TABCOUNT):   *if (totn=.) then totn = _freq_;
MPRINT(TABCOUNT):   *else if (_freq_>.) then totn = totn + _freq_;
MPRINT(TABCOUNT):   totn=sum(totn, _freq_);
MPRINT(TABCOUNT):   *klc 27may2015;
MPRINT(TABCOUNT):   outval{trt01pn} = statval;
MPRINT(TABCOUNT):   __pn{trt01pn} = . ;
MPRINT(TABCOUNT):   *kchan07 2016-11-1;
MPRINT(TABCOUNT):   outpct{trt01pn} = ' ';
MPRINT(TABCOUNT):   if last.linlabel then do;
MPRINT(TABCOUNT):   if "F" = "F" then statord1 = put(1000000-totn,z7.);
MPRINT(TABCOUNT):   if "F" = "A" then statord1 = ' ';
MPRINT(TABCOUNT):   if "F" = "I" then statord1 = start;
MPRINT(TABCOUNT):   if "F" = "M" then do;
MPRINT(TABCOUNT):   __temp=pctx_n1;
MPRINT(TABCOUNT):   __temp = max(of pctx_n1 - pctx_n2);
MPRINT(TABCOUNT):   statord1=compress(put(__temp,z9.5));
MPRINT(TABCOUNT):   end;
MPRINT(TABCOUNT):   output;
MPRINT(TABCOUNT):   end;
MPRINT(TABCOUNT):   run;

NOTE: There were 3 observations read from the data set WORK._TABPTC3.
NOTE: The data set WORK._TABPTC7 has 1 observations and 10 variables.
NOTE: DATA statement used (Total process time):
      real time           0.00 seconds
      cpu time            0.00 seconds
      

MPRINT(TABCOUNT):   * proc print data = _tabptc7 (obs=100);
MPRINT(TABCOUNT):   * title "tabcount: File _tabptc7 after transpose";
MPRINT(TABCOUNT):   * run;
MPRINT(TABCOUNT):   *---------------------------------------;
MPRINT(TABCOUNT):   * CHISQ, CMH, EXACT p-values ;
MPRINT(TABCOUNT):   *---------------------------------------;
MPRINT(TABCOUNT):   *----------------------------------------------------------------------------;
MPRINT(TABCOUNT):   * If overall p-values are requested, generate and add to the dataset ;
MPRINT(TABCOUNT):   *----------------------------------------------------------------------------;
MPRINT(TABCOUNT):   *----------------------------------------------------------------------------;
MPRINT(TABCOUNT):   * If pairwise p-values are requested, generate and add to the dataset ;
MPRINT(TABCOUNT):   *----------------------------------------------------------------------------;
MPRINT(TABCOUNT):   *---------------------------------------;
MPRINT(TABCOUNT):   * Get Patient With Event totals -------;
MPRINT(TABCOUNT):   *---------------------------------------;
MPRINT(TABCOUNT):   *----------------------------------------------------------------------------;
MPRINT(TABCOUNT):   * Final data massage before merging with accumulated statistics ;
MPRINT(TABCOUNT):   *----------------------------------------------------------------------------;
                                                                    The SAS System

MPRINT(TABCOUNT):   * proc print data = _tabptc7;
MPRINT(TABCOUNT):   * title "tabcount: File _tabptc7 ";
MPRINT(TABCOUNT):   * run;
MPRINT(TABCOUNT):   data _tabptc7;
MPRINT(TABCOUNT):   set _tabptc7;
MPRINT(TABCOUNT):   length statord $40;
MPRINT(TABCOUNT):   statord = ' ';
MPRINT(TABCOUNT):   sortord=1;
MPRINT(TABCOUNT):   type = "PTCT";
MPRINT(TABCOUNT):   level = 1;
MPRINT(TABCOUNT):   array vl {*} value1 - value3;
MPRINT(TABCOUNT):   if trim(start) eq '.' or start = ' ' then delete;
MPRINT(TABCOUNT):   do i = 1 to 3;
MPRINT(TABCOUNT):   if vl{i} = ' ' then do;
MPRINT(TABCOUNT):   vl{i} = put(0, 3. );
MPRINT(TABCOUNT):   end;
MPRINT(TABCOUNT):   end;
MPRINT(TABCOUNT):   drop i;
MPRINT(TABCOUNT):   length pvalc1 pvalc2 $10;
MPRINT(TABCOUNT):   pvalc1='';
MPRINT(TABCOUNT):   pvalc2='';
MPRINT(TABCOUNT):   run;

NOTE: There were 1 observations read from the data set WORK._TABPTC7.
NOTE: The data set WORK._TABPTC7 has 1 observations and 16 variables.
NOTE: DATA statement used (Total process time):
      real time           0.00 seconds
      cpu time            0.01 seconds
      

MPRINT(TABCOUNT):   data _tabptc7;
MPRINT(TABCOUNT):   set _tabptc7;
MPRINT(TABCOUNT):   format pvalc1 pvalc2;
MPRINT(TABCOUNT):   run;

NOTE: There were 1 observations read from the data set WORK._TABPTC7.
NOTE: The data set WORK._TABPTC7 has 1 observations and 16 variables.
NOTE: DATA statement used (Total process time):
      real time           0.00 seconds
      cpu time            0.00 seconds
      

MPRINT(TABCOUNT):   data combine;
MPRINT(TABCOUNT):   set combine _tabptc7;
MPRINT(TABCOUNT):   length label1 $ 250;
MPRINT(TABCOUNT):   if sortord = 1 then do;
                                                                    The SAS System

MPRINT(TABCOUNT):   if 1 = 1 then label1 = trim("") || " " || left("");
MPRINT(TABCOUNT):   if 1 > 1 then label1 = left("");
MPRINT(TABCOUNT):   if 1 < 0 then label1 = trim(label1) || ",";
MPRINT(TABCOUNT):   if 1 > 1 then label1 = "And " || left("");
MPRINT(TABCOUNT):   end;
MPRINT(TABCOUNT):   run;

NOTE: There were 0 observations read from the data set WORK.COMBINE.
NOTE: There were 1 observations read from the data set WORK._TABPTC7.
NOTE: The data set WORK.COMBINE has 1 observations and 19 variables.
NOTE: DATA statement used (Total process time):
      real time           0.00 seconds
      cpu time            0.01 seconds
      

MPRINT(TABCOUNT):   *----------------------------------------------------------------------------;
MPRINT(TABCOUNT):   * Cleanup ;
MPRINT(TABCOUNT):   *----------------------------------------------------------------------------;
MPRINT(TABCOUNT):   proc datasets library = work nolist;
MPRINT(TABCOUNT):   *delete _tabptc1 _tabptc2 _tabptc3 _tabptc4 _tabptc5 _tabptc6 _tabptc7 _tabptc8 _tabptc9;
MPRINT(TABCOUNT):   delete _tabptc: ;
MPRINT(TABCOUNT):   *2016-11-29 kchan07;
MPRINT(TABCOUNT):   quit;

NOTE: Deleting WORK._TABPTC3 (memtype=DATA).
NOTE: Deleting WORK._TABPTC4 (memtype=DATA).
NOTE: Deleting WORK._TABPTC5 (memtype=DATA).
NOTE: Deleting WORK._TABPTC7 (memtype=DATA).
NOTE: PROCEDURE DATASETS used (Total process time):
      real time           0.00 seconds
      cpu time            0.00 seconds
      

MPRINT(MAIN):  ;
MPRINT(TABCOUNT):   *** this logic moved to tabdesc ***;
MPRINT(TABCOUNT):  ;
MPRINT(TABCOUNT):   ** if one of subsetting vars (&_spercent, &_sdpvar, &_stpvar, &_spctvar, &_sopvar) **;
MPRINT(TABCOUNT):   ** is specified, then &denom cannot be specified **;
MPRINT(TABCOUNT):  ;
MPRINT(TABCOUNT):   *----------------------------------------------------------------------------;
MPRINT(TABCOUNT):   * Get variable attributes (type, label, format) ;
MPRINT(TABCOUNT):   * Cancel run if variable .does not. exist ;
MPRINT(TABCOUNT):   *----------------------------------------------------------------------------;
MPRINT(TABCOUNT):   data _null_;
MPRINT(TABCOUNT):   length label1 $250;
MPRINT(TABCOUNT):   ds = open("analf","i");
                                                                    The SAS System

MPRINT(TABCOUNT):   var = varnum(ds , "ittfln");
MPRINT(TABCOUNT):   if not(var) then do;
MPRINT(TABCOUNT):   call symput("_errcode","F");
MPRINT(TABCOUNT):   call symput("_errmsg","Patient count analysis variable ittfln "|| '.does not.'||' exist - cancelling run' );
MPRINT(TABCOUNT):   *klc 2016-10-26;
MPRINT(TABCOUNT):   stop;
MPRINT(TABCOUNT):   end;
MPRINT(TABCOUNT):   else do;
MPRINT(TABCOUNT):   label1 = varlabel(ds,var);
MPRINT(TABCOUNT):   label1 = translate(label1,' ','~');
MPRINT(TABCOUNT):   call symput("_ptclab1",trim(label1));
MPRINT(TABCOUNT):   call symput("_ptcfmt1",varfmt(ds,var));
MPRINT(TABCOUNT):   call symput("catvfmt",varfmt(ds,var));
MPRINT(TABCOUNT):   typ = vartype(ds,var);
MPRINT(TABCOUNT):   call symput("type",typ);
MPRINT(TABCOUNT):   end;
MPRINT(TABCOUNT):   run;

INFO: Character variables have defaulted to a length of 200 at the places given by: (Line):(Column). Truncation can result.
      1314:71  TYP
NOTE: DATA statement used (Total process time):
      real time           0.00 seconds
      cpu time            0.00 seconds
      

MPRINT(TABCOUNT):   *-----------------------------------------------------------;
MPRINT(TABCOUNT):   * General routine for count and percent statistics ;
MPRINT(TABCOUNT):   *-----------------------------------------------------------;
MPRINT(TABCOUNT):   *-----------------------------------------------------------;
MPRINT(TABCOUNT):   * Do count and percent once for each requested denominator;
MPRINT(TABCOUNT):   *-----------------------------------------------------------;
MPRINT(TABCOUNT):  ;
MPRINT(COUNTPCT):   proc sort data = analf out = _t1 nodupkey;
MPRINT(COUNTPCT):   by trt01pn ittfln subjid;
MPRINT(COUNTPCT):   run;

NOTE: There were 200 observations read from the data set WORK.ANALF.
NOTE: SAS sort was used.
NOTE: 0 observations with duplicate key values were deleted.
NOTE: The data set WORK._T1 has 200 observations and 47 variables.
NOTE: PROCEDURE SORT used (Total process time):
      real time           0.01 seconds
      cpu time            0.00 seconds
      

MPRINT(COUNTPCT):   proc summary data=_t1 nway;
                                                                    The SAS System

MPRINT(COUNTPCT):   by trt01pn ittfln;
MPRINT(COUNTPCT):   format trt01pn ittfln;
MPRINT(COUNTPCT):   output out=_t2;
MPRINT(COUNTPCT):   run;

NOTE: There were 200 observations read from the data set WORK._T1.
NOTE: The data set WORK._T2 has 3 observations and 4 variables.
NOTE: PROCEDURE SUMMARY used (Total process time):
      real time           0.00 seconds
      cpu time            0.00 seconds
      

MPRINT(COUNTPCT):   * proc print data = _t2 (obs=100);
MPRINT(COUNTPCT):   * title "tabcount: File _t2 after summary with denominator &countby ";
MPRINT(COUNTPCT):   * run;
MPRINT(COUNTPCT):   proc sort data = analf out = _t1 nodupkey;
MPRINT(COUNTPCT):   by trt01pn subjid;
MPRINT(COUNTPCT):   run;

NOTE: There were 200 observations read from the data set WORK.ANALF.
NOTE: SAS sort was used.
NOTE: 0 observations with duplicate key values were deleted.
NOTE: The data set WORK._T1 has 200 observations and 47 variables.
NOTE: PROCEDURE SORT used (Total process time):
      real time           0.01 seconds
      cpu time            0.01 seconds
      

MPRINT(COUNTPCT):   proc summary data=_t1 nway;
MPRINT(COUNTPCT):   by trt01pn;
MPRINT(COUNTPCT):   format trt01pn;
MPRINT(COUNTPCT):   output out=_t3;
MPRINT(COUNTPCT):   run;

NOTE: There were 200 observations read from the data set WORK._T1.
NOTE: The data set WORK._T3 has 3 observations and 3 variables.
NOTE: PROCEDURE SUMMARY used (Total process time):
      real time           0.00 seconds
      cpu time            0.00 seconds
      

MPRINT(COUNTPCT):   * proc print data = _t3 (obs=100);
MPRINT(COUNTPCT):   * title "tabcount: File _t3 after summary with denominator &pctby";
MPRINT(COUNTPCT):   * run;
MPRINT(COUNTPCT):   proc sort data = _t2;
MPRINT(COUNTPCT):   by trt01pn;
                                                                    The SAS System

MPRINT(COUNTPCT):   run;

NOTE: There were 3 observations read from the data set WORK._T2.
NOTE: SAS sort was used.
NOTE: The data set WORK._T2 has 3 observations and 4 variables.
NOTE: PROCEDURE SORT used (Total process time):
      real time           0.00 seconds
      cpu time            0.00 seconds
      

MPRINT(COUNTPCT):   data _tabc1;
MPRINT(COUNTPCT):   merge _t2(drop=_type_) _t3 (rename=(_freq_=denom));
MPRINT(COUNTPCT):   by trt01pn;
MPRINT(COUNTPCT):   **if denom > 0 then &pctvar = 100 * _freq_ / denom;
MPRINT(COUNTPCT):   if denom > 0 and _freq_>0 then pct1 = 100 * _freq_ / denom;
MPRINT(COUNTPCT):   run;

NOTE: There were 3 observations read from the data set WORK._T2.
NOTE: There were 3 observations read from the data set WORK._T3.
NOTE: The data set WORK._TABC1 has 3 observations and 6 variables.
NOTE: DATA statement used (Total process time):
      real time           0.00 seconds
      cpu time            0.01 seconds
      

MPRINT(TABCOUNT):  ;
MPRINT(TABCOUNT):   proc sort data = _tabc1;
MPRINT(TABCOUNT):   by ittfln trt01pn;
MPRINT(TABCOUNT):   run;

NOTE: There were 3 observations read from the data set WORK._TABC1.
NOTE: SAS sort was used.
NOTE: The data set WORK._TABC1 has 3 observations and 6 variables.
NOTE: PROCEDURE SORT used (Total process time):
      real time           0.00 seconds
      cpu time            0.00 seconds
      

MPRINT(TABCOUNT):   data _tabptc3;
MPRINT(TABCOUNT):   set _tabc1;
MPRINT(TABCOUNT):   run;

NOTE: There were 3 observations read from the data set WORK._TABC1.
NOTE: The data set WORK._TABPTC3 has 3 observations and 6 variables.
NOTE: DATA statement used (Total process time):
      real time           0.00 seconds
                                                                    The SAS System

      cpu time            0.00 seconds
      

MPRINT(TABCOUNT):   * proc print data = _tabc&__I (obs=100);
MPRINT(TABCOUNT):   * title "tabcount: File _tabc&__I after summary ";
MPRINT(TABCOUNT):   * run;
MPRINT(TABCOUNT):   *----------------------------------------------------------------------------;
MPRINT(TABCOUNT):   * Get list of categories specified in the format in variable catvfmt ;
MPRINT(TABCOUNT):   * Flag to indicate if format found in macro variable _gotfmt ;
MPRINT(TABCOUNT):   * Categories in data set _tabptc4 ;
MPRINT(TABCOUNT):   *----------------------------------------------------------------------------;
MPRINT(TABCOUNT):   *---------------------------------------;
MPRINT(TABCOUNT):   * Reformat count and percent ;
MPRINT(TABCOUNT):   *---------------------------------------;
MPRINT(TABCOUNT):   data _tabptc3;
MPRINT(TABCOUNT):   set _tabptc3;
MPRINT(TABCOUNT):   length linlabel $250;
MPRINT(TABCOUNT):   length start $200;
MPRINT(TABCOUNT):   start = left(ittfln);
MPRINT(TABCOUNT):   linlabel=left(ittfln);
MPRINT(TABCOUNT):   if trim(linlabel) = '.' or linlabel = ' ' then delete;
MPRINT(TABCOUNT):   run;

NOTE: Numeric values have been converted to character values at the places given by: (Line):(Column).
      1314:1   1314:1   
NOTE: There were 3 observations read from the data set WORK._TABPTC3.
NOTE: The data set WORK._TABPTC3 has 3 observations and 8 variables.
NOTE: DATA statement used (Total process time):
      real time           0.00 seconds
      cpu time            0.00 seconds
      

MPRINT(TABCOUNT):   * proc print data = _tabptc3 (obs=100);
MPRINT(TABCOUNT):   * title "tabcount: File _tabptc3 after formatting statistics ";
MPRINT(TABCOUNT):   * run;
MPRINT(TABCOUNT):   *----------------------------------------------------------------------------;
MPRINT(TABCOUNT):   * If all categories are to be shown, get the list of categories from the ;
MPRINT(TABCOUNT):   * variable format and expand the file to include all the defined categories;
MPRINT(TABCOUNT):   *----------------------------------------------------------------------------;
MPRINT(TABCOUNT):   *--------------------------------------------------------------------------;
MPRINT(TABCOUNT):   * postprocess _tabptc3 to modify START variable if sortby = I and the VAR;
MPRINT(TABCOUNT):   * is numeric. This to accomodate cases where the values might be negative;
MPRINT(TABCOUNT):   *--------------------------------------------------------------------------;
MPRINT(TABCOUNT):   *----------------------------------------------------------------------------;
MPRINT(TABCOUNT):   * Transpose the formatted and unformatted statistics ;
MPRINT(TABCOUNT):   *----------------------------------------------------------------------------;
                                                                    The SAS System

MPRINT(TABCOUNT):   data _tabptc7 (keep = ittfln start linlabel value1 - value3 statord1 - statord1 pctx1 - pctx3);
MPRINT(TABCOUNT):   set _tabptc3;
MPRINT(TABCOUNT):   by ittfln start linlabel notsorted;
MPRINT(TABCOUNT):   length value1- value3 $40 statord1 - statord1 $40 pctx1 - pctx3 $10 pctx_n1 - pctx_n3 8 __temp 8;
MPRINT(TABCOUNT):   *kchan07 2016-11-1;
MPRINT(TABCOUNT):   length statval $ 40;
MPRINT(TABCOUNT):   array outval {*} $ value1 - value3;
MPRINT(TABCOUNT):   array outpct {*} $ pctx1 - pctx3;
MPRINT(TABCOUNT):   array __pn {*} pctx_n1 - pctx_n3;
MPRINT(TABCOUNT):   *kchan07 2016-11-1;
MPRINT(TABCOUNT):   retain value1 - value3 totn pctx1 - pctx3;
MPRINT(TABCOUNT):   statord1 = ' ';
MPRINT(TABCOUNT):   if first.linlabel then do;
MPRINT(TABCOUNT):   totn = 0;
MPRINT(TABCOUNT):   do i = 1 to 3;
MPRINT(TABCOUNT):   outval{i} = ' ';
MPRINT(TABCOUNT):   outpct{i} = ' ';
MPRINT(TABCOUNT):   end;
MPRINT(TABCOUNT):   end;
MPRINT(TABCOUNT):   statval = ' ';
MPRINT(TABCOUNT):   if _freq_ = . then _freq_ = 0;
MPRINT(TABCOUNT):   statval = put(_freq_, 3. );
MPRINT(TABCOUNT):   *if (totn=.) then totn = _freq_;
MPRINT(TABCOUNT):   *else if (_freq_>.) then totn = totn + _freq_;
MPRINT(TABCOUNT):   totn=sum(totn, _freq_);
MPRINT(TABCOUNT):   *klc 27may2015;
MPRINT(TABCOUNT):   outval{trt01pn} = statval;
MPRINT(TABCOUNT):   __pn{trt01pn} = . ;
MPRINT(TABCOUNT):   *kchan07 2016-11-1;
MPRINT(TABCOUNT):   outpct{trt01pn} = ' ';
MPRINT(TABCOUNT):   if last.linlabel then do;
MPRINT(TABCOUNT):   if "F" = "F" then statord1 = put(1000000-totn,z7.);
MPRINT(TABCOUNT):   if "F" = "A" then statord1 = ' ';
MPRINT(TABCOUNT):   if "F" = "I" then statord1 = start;
MPRINT(TABCOUNT):   if "F" = "M" then do;
MPRINT(TABCOUNT):   __temp=pctx_n1;
MPRINT(TABCOUNT):   __temp = max(of pctx_n1 - pctx_n2);
MPRINT(TABCOUNT):   statord1=compress(put(__temp,z9.5));
MPRINT(TABCOUNT):   end;
MPRINT(TABCOUNT):   output;
MPRINT(TABCOUNT):   end;
MPRINT(TABCOUNT):   run;

NOTE: There were 3 observations read from the data set WORK._TABPTC3.
NOTE: The data set WORK._TABPTC7 has 1 observations and 10 variables.
NOTE: DATA statement used (Total process time):
                                                                    The SAS System

      real time           0.00 seconds
      cpu time            0.00 seconds
      

MPRINT(TABCOUNT):   * proc print data = _tabptc7 (obs=100);
MPRINT(TABCOUNT):   * title "tabcount: File _tabptc7 after transpose";
MPRINT(TABCOUNT):   * run;
MPRINT(TABCOUNT):   *---------------------------------------;
MPRINT(TABCOUNT):   * CHISQ, CMH, EXACT p-values ;
MPRINT(TABCOUNT):   *---------------------------------------;
MPRINT(TABCOUNT):   *----------------------------------------------------------------------------;
MPRINT(TABCOUNT):   * If overall p-values are requested, generate and add to the dataset ;
MPRINT(TABCOUNT):   *----------------------------------------------------------------------------;
MPRINT(TABCOUNT):   *----------------------------------------------------------------------------;
MPRINT(TABCOUNT):   * If pairwise p-values are requested, generate and add to the dataset ;
MPRINT(TABCOUNT):   *----------------------------------------------------------------------------;
MPRINT(TABCOUNT):   *---------------------------------------;
MPRINT(TABCOUNT):   * Get Patient With Event totals -------;
MPRINT(TABCOUNT):   *---------------------------------------;
MPRINT(TABCOUNT):   *----------------------------------------------------------------------------;
MPRINT(TABCOUNT):   * Final data massage before merging with accumulated statistics ;
MPRINT(TABCOUNT):   *----------------------------------------------------------------------------;
MPRINT(TABCOUNT):   * proc print data = _tabptc7;
MPRINT(TABCOUNT):   * title "tabcount: File _tabptc7 ";
MPRINT(TABCOUNT):   * run;
MPRINT(TABCOUNT):   data _tabptc7;
MPRINT(TABCOUNT):   set _tabptc7;
MPRINT(TABCOUNT):   length statord $40;
MPRINT(TABCOUNT):   statord = ' ';
MPRINT(TABCOUNT):   sortord=2;
MPRINT(TABCOUNT):   type = "PTCT";
MPRINT(TABCOUNT):   level = 1;
MPRINT(TABCOUNT):   array vl {*} value1 - value3;
MPRINT(TABCOUNT):   if trim(start) eq '.' or start = ' ' then delete;
MPRINT(TABCOUNT):   do i = 1 to 3;
MPRINT(TABCOUNT):   if vl{i} = ' ' then do;
MPRINT(TABCOUNT):   vl{i} = put(0, 3. );
MPRINT(TABCOUNT):   end;
MPRINT(TABCOUNT):   end;
MPRINT(TABCOUNT):   drop i;
MPRINT(TABCOUNT):   length pvalc1 pvalc2 $10;
MPRINT(TABCOUNT):   pvalc1='';
MPRINT(TABCOUNT):   pvalc2='';
MPRINT(TABCOUNT):   run;

NOTE: There were 1 observations read from the data set WORK._TABPTC7.
                                                                    The SAS System

NOTE: The data set WORK._TABPTC7 has 1 observations and 16 variables.
NOTE: DATA statement used (Total process time):
      real time           0.00 seconds
      cpu time            0.01 seconds
      

MPRINT(TABCOUNT):   data _tabptc7;
MPRINT(TABCOUNT):   set _tabptc7;
MPRINT(TABCOUNT):   format pvalc1 pvalc2;
MPRINT(TABCOUNT):   run;

NOTE: There were 1 observations read from the data set WORK._TABPTC7.
NOTE: The data set WORK._TABPTC7 has 1 observations and 16 variables.
NOTE: DATA statement used (Total process time):
      real time           0.00 seconds
      cpu time            0.00 seconds
      

MPRINT(TABCOUNT):   data combine;
MPRINT(TABCOUNT):   set combine _tabptc7;
MPRINT(TABCOUNT):   length label1 $ 250;
MPRINT(TABCOUNT):   if sortord = 2 then do;
MPRINT(TABCOUNT):   if 1 = 1 then label1 = trim("") || " " || left("");
MPRINT(TABCOUNT):   if 1 > 1 then label1 = left("");
MPRINT(TABCOUNT):   if 1 < 0 then label1 = trim(label1) || ",";
MPRINT(TABCOUNT):   if 1 > 1 then label1 = "And " || left("");
MPRINT(TABCOUNT):   end;
MPRINT(TABCOUNT):   run;

NOTE: There were 1 observations read from the data set WORK.COMBINE.
NOTE: There were 1 observations read from the data set WORK._TABPTC7.
NOTE: The data set WORK.COMBINE has 2 observations and 20 variables.
NOTE: DATA statement used (Total process time):
      real time           0.00 seconds
      cpu time            0.00 seconds
      

MPRINT(TABCOUNT):   *----------------------------------------------------------------------------;
MPRINT(TABCOUNT):   * Cleanup ;
MPRINT(TABCOUNT):   *----------------------------------------------------------------------------;
MPRINT(TABCOUNT):   proc datasets library = work nolist;
MPRINT(TABCOUNT):   *delete _tabptc1 _tabptc2 _tabptc3 _tabptc4 _tabptc5 _tabptc6 _tabptc7 _tabptc8 _tabptc9;
MPRINT(TABCOUNT):   delete _tabptc: ;
MPRINT(TABCOUNT):   *2016-11-29 kchan07;
MPRINT(TABCOUNT):   quit;

                                                                    The SAS System

NOTE: Deleting WORK._TABPTC3 (memtype=DATA).
NOTE: Deleting WORK._TABPTC7 (memtype=DATA).
NOTE: PROCEDURE DATASETS used (Total process time):
      real time           0.00 seconds
      cpu time            0.00 seconds
      

MPRINT(MAIN):  ;
MPRINT(TABCOUNT):   *** this logic moved to tabdesc ***;
MPRINT(TABCOUNT):  ;
MPRINT(TABCOUNT):   ** if one of subsetting vars (&_spercent, &_sdpvar, &_stpvar, &_spctvar, &_sopvar) **;
MPRINT(TABCOUNT):   ** is specified, then &denom cannot be specified **;
MPRINT(TABCOUNT):  ;
MPRINT(TABCOUNT):   *----------------------------------------------------------------------------;
MPRINT(TABCOUNT):   * Get variable attributes (type, label, format) ;
MPRINT(TABCOUNT):   * Cancel run if variable .does not. exist ;
MPRINT(TABCOUNT):   *----------------------------------------------------------------------------;
MPRINT(TABCOUNT):   data _null_;
MPRINT(TABCOUNT):   length label1 $250;
MPRINT(TABCOUNT):   ds = open("analf","i");
MPRINT(TABCOUNT):   var = varnum(ds , "safffln");
MPRINT(TABCOUNT):   if not(var) then do;
MPRINT(TABCOUNT):   call symput("_errcode","F");
MPRINT(TABCOUNT):   call symput("_errmsg","Patient count analysis variable safffln "|| '.does not.'||' exist - cancelling run' );
MPRINT(TABCOUNT):   *klc 2016-10-26;
MPRINT(TABCOUNT):   stop;
MPRINT(TABCOUNT):   end;
MPRINT(TABCOUNT):   else do;
MPRINT(TABCOUNT):   label1 = varlabel(ds,var);
MPRINT(TABCOUNT):   label1 = translate(label1,' ','~');
MPRINT(TABCOUNT):   call symput("_ptclab1",trim(label1));
MPRINT(TABCOUNT):   call symput("_ptcfmt1",varfmt(ds,var));
MPRINT(TABCOUNT):   call symput("catvfmt",varfmt(ds,var));
MPRINT(TABCOUNT):   typ = vartype(ds,var);
MPRINT(TABCOUNT):   call symput("type",typ);
MPRINT(TABCOUNT):   end;
MPRINT(TABCOUNT):   run;

INFO: Character variables have defaulted to a length of 200 at the places given by: (Line):(Column). Truncation can result.
      1314:71  TYP
NOTE: DATA statement used (Total process time):
      real time           0.00 seconds
      cpu time            0.01 seconds
      

MPRINT(TABCOUNT):   *-----------------------------------------------------------;
                                                                    The SAS System

MPRINT(TABCOUNT):   * General routine for count and percent statistics ;
MPRINT(TABCOUNT):   *-----------------------------------------------------------;
MPRINT(TABCOUNT):   *-----------------------------------------------------------;
MPRINT(TABCOUNT):   * Do count and percent once for each requested denominator;
MPRINT(TABCOUNT):   *-----------------------------------------------------------;
MPRINT(TABCOUNT):  ;
MPRINT(COUNTPCT):   proc sort data = analf out = _t1 nodupkey;
MPRINT(COUNTPCT):   by trt01pn safffln subjid;
MPRINT(COUNTPCT):   run;

NOTE: There were 200 observations read from the data set WORK.ANALF.
NOTE: SAS sort was used.
NOTE: 0 observations with duplicate key values were deleted.
NOTE: The data set WORK._T1 has 200 observations and 47 variables.
NOTE: PROCEDURE SORT used (Total process time):
      real time           0.01 seconds
      cpu time            0.00 seconds
      

MPRINT(COUNTPCT):   proc summary data=_t1 nway;
MPRINT(COUNTPCT):   by trt01pn safffln;
MPRINT(COUNTPCT):   format trt01pn safffln;
MPRINT(COUNTPCT):   output out=_t2;
MPRINT(COUNTPCT):   run;

NOTE: There were 200 observations read from the data set WORK._T1.
NOTE: The data set WORK._T2 has 3 observations and 4 variables.
NOTE: PROCEDURE SUMMARY used (Total process time):
      real time           0.00 seconds
      cpu time            0.00 seconds
      

MPRINT(COUNTPCT):   * proc print data = _t2 (obs=100);
MPRINT(COUNTPCT):   * title "tabcount: File _t2 after summary with denominator &countby ";
MPRINT(COUNTPCT):   * run;
MPRINT(COUNTPCT):   proc sort data = analf out = _t1 nodupkey;
MPRINT(COUNTPCT):   by trt01pn subjid;
MPRINT(COUNTPCT):   run;

NOTE: There were 200 observations read from the data set WORK.ANALF.
NOTE: SAS sort was used.
NOTE: 0 observations with duplicate key values were deleted.
NOTE: The data set WORK._T1 has 200 observations and 47 variables.
NOTE: PROCEDURE SORT used (Total process time):
      real time           0.03 seconds
      cpu time            0.01 seconds
                                                                    The SAS System

      

MPRINT(COUNTPCT):   proc summary data=_t1 nway;
MPRINT(COUNTPCT):   by trt01pn;
MPRINT(COUNTPCT):   format trt01pn;
MPRINT(COUNTPCT):   output out=_t3;
MPRINT(COUNTPCT):   run;

NOTE: There were 200 observations read from the data set WORK._T1.
NOTE: The data set WORK._T3 has 3 observations and 3 variables.
NOTE: PROCEDURE SUMMARY used (Total process time):
      real time           0.00 seconds
      cpu time            0.00 seconds
      

MPRINT(COUNTPCT):   * proc print data = _t3 (obs=100);
MPRINT(COUNTPCT):   * title "tabcount: File _t3 after summary with denominator &pctby";
MPRINT(COUNTPCT):   * run;
MPRINT(COUNTPCT):   proc sort data = _t2;
MPRINT(COUNTPCT):   by trt01pn;
MPRINT(COUNTPCT):   run;

NOTE: There were 3 observations read from the data set WORK._T2.
NOTE: SAS sort was used.
NOTE: The data set WORK._T2 has 3 observations and 4 variables.
NOTE: PROCEDURE SORT used (Total process time):
      real time           0.00 seconds
      cpu time            0.00 seconds
      

MPRINT(COUNTPCT):   data _tabc1;
MPRINT(COUNTPCT):   merge _t2(drop=_type_) _t3 (rename=(_freq_=denom));
MPRINT(COUNTPCT):   by trt01pn;
MPRINT(COUNTPCT):   **if denom > 0 then &pctvar = 100 * _freq_ / denom;
MPRINT(COUNTPCT):   if denom > 0 and _freq_>0 then pct1 = 100 * _freq_ / denom;
MPRINT(COUNTPCT):   run;

NOTE: There were 3 observations read from the data set WORK._T2.
NOTE: There were 3 observations read from the data set WORK._T3.
NOTE: The data set WORK._TABC1 has 3 observations and 6 variables.
NOTE: DATA statement used (Total process time):
      real time           0.00 seconds
      cpu time            0.00 seconds
      

MPRINT(TABCOUNT):  ;
                                                                    The SAS System

MPRINT(TABCOUNT):   proc sort data = _tabc1;
MPRINT(TABCOUNT):   by safffln trt01pn;
MPRINT(TABCOUNT):   run;

NOTE: There were 3 observations read from the data set WORK._TABC1.
NOTE: SAS sort was used.
NOTE: The data set WORK._TABC1 has 3 observations and 6 variables.
NOTE: PROCEDURE SORT used (Total process time):
      real time           0.00 seconds
      cpu time            0.00 seconds
      

MPRINT(TABCOUNT):   data _tabptc3;
MPRINT(TABCOUNT):   set _tabc1;
MPRINT(TABCOUNT):   run;

NOTE: There were 3 observations read from the data set WORK._TABC1.
NOTE: The data set WORK._TABPTC3 has 3 observations and 6 variables.
NOTE: DATA statement used (Total process time):
      real time           0.00 seconds
      cpu time            0.00 seconds
      

MPRINT(TABCOUNT):   * proc print data = _tabc&__I (obs=100);
MPRINT(TABCOUNT):   * title "tabcount: File _tabc&__I after summary ";
MPRINT(TABCOUNT):   * run;
MPRINT(TABCOUNT):   *----------------------------------------------------------------------------;
MPRINT(TABCOUNT):   * Get list of categories specified in the format in variable catvfmt ;
MPRINT(TABCOUNT):   * Flag to indicate if format found in macro variable _gotfmt ;
MPRINT(TABCOUNT):   * Categories in data set _tabptc4 ;
MPRINT(TABCOUNT):   *----------------------------------------------------------------------------;
MPRINT(TABCOUNT):   *---------------------------------------;
MPRINT(TABCOUNT):   * Reformat count and percent ;
MPRINT(TABCOUNT):   *---------------------------------------;
MPRINT(TABCOUNT):   data _tabptc3;
MPRINT(TABCOUNT):   set _tabptc3;
MPRINT(TABCOUNT):   length linlabel $250;
MPRINT(TABCOUNT):   length start $200;
MPRINT(TABCOUNT):   start = left(safffln);
MPRINT(TABCOUNT):   linlabel=left(safffln);
MPRINT(TABCOUNT):   if trim(linlabel) = '.' or linlabel = ' ' then delete;
MPRINT(TABCOUNT):   run;

NOTE: Numeric values have been converted to character values at the places given by: (Line):(Column).
      1314:1   1314:1   
NOTE: There were 3 observations read from the data set WORK._TABPTC3.
                                                                    The SAS System

NOTE: The data set WORK._TABPTC3 has 3 observations and 8 variables.
NOTE: DATA statement used (Total process time):
      real time           0.00 seconds
      cpu time            0.00 seconds
      

MPRINT(TABCOUNT):   * proc print data = _tabptc3 (obs=100);
MPRINT(TABCOUNT):   * title "tabcount: File _tabptc3 after formatting statistics ";
MPRINT(TABCOUNT):   * run;
MPRINT(TABCOUNT):   *----------------------------------------------------------------------------;
MPRINT(TABCOUNT):   * If all categories are to be shown, get the list of categories from the ;
MPRINT(TABCOUNT):   * variable format and expand the file to include all the defined categories;
MPRINT(TABCOUNT):   *----------------------------------------------------------------------------;
MPRINT(TABCOUNT):   *--------------------------------------------------------------------------;
MPRINT(TABCOUNT):   * postprocess _tabptc3 to modify START variable if sortby = I and the VAR;
MPRINT(TABCOUNT):   * is numeric. This to accomodate cases where the values might be negative;
MPRINT(TABCOUNT):   *--------------------------------------------------------------------------;
MPRINT(TABCOUNT):   *----------------------------------------------------------------------------;
MPRINT(TABCOUNT):   * Transpose the formatted and unformatted statistics ;
MPRINT(TABCOUNT):   *----------------------------------------------------------------------------;
MPRINT(TABCOUNT):   data _tabptc7 (keep = safffln start linlabel value1 - value3 statord1 - statord1 pctx1 - pctx3);
MPRINT(TABCOUNT):   set _tabptc3;
MPRINT(TABCOUNT):   by safffln start linlabel notsorted;
MPRINT(TABCOUNT):   length value1- value3 $40 statord1 - statord1 $40 pctx1 - pctx3 $10 pctx_n1 - pctx_n3 8 __temp 8;
MPRINT(TABCOUNT):   *kchan07 2016-11-1;
MPRINT(TABCOUNT):   length statval $ 40;
MPRINT(TABCOUNT):   array outval {*} $ value1 - value3;
MPRINT(TABCOUNT):   array outpct {*} $ pctx1 - pctx3;
MPRINT(TABCOUNT):   array __pn {*} pctx_n1 - pctx_n3;
MPRINT(TABCOUNT):   *kchan07 2016-11-1;
MPRINT(TABCOUNT):   retain value1 - value3 totn pctx1 - pctx3;
MPRINT(TABCOUNT):   statord1 = ' ';
MPRINT(TABCOUNT):   if first.linlabel then do;
MPRINT(TABCOUNT):   totn = 0;
MPRINT(TABCOUNT):   do i = 1 to 3;
MPRINT(TABCOUNT):   outval{i} = ' ';
MPRINT(TABCOUNT):   outpct{i} = ' ';
MPRINT(TABCOUNT):   end;
MPRINT(TABCOUNT):   end;
MPRINT(TABCOUNT):   statval = ' ';
MPRINT(TABCOUNT):   if _freq_ = . then _freq_ = 0;
MPRINT(TABCOUNT):   statval = put(_freq_, 3. );
MPRINT(TABCOUNT):   *if (totn=.) then totn = _freq_;
MPRINT(TABCOUNT):   *else if (_freq_>.) then totn = totn + _freq_;
MPRINT(TABCOUNT):   totn=sum(totn, _freq_);
MPRINT(TABCOUNT):   *klc 27may2015;
                                                                    The SAS System

MPRINT(TABCOUNT):   outval{trt01pn} = statval;
MPRINT(TABCOUNT):   __pn{trt01pn} = . ;
MPRINT(TABCOUNT):   *kchan07 2016-11-1;
MPRINT(TABCOUNT):   outpct{trt01pn} = ' ';
MPRINT(TABCOUNT):   if last.linlabel then do;
MPRINT(TABCOUNT):   if "F" = "F" then statord1 = put(1000000-totn,z7.);
MPRINT(TABCOUNT):   if "F" = "A" then statord1 = ' ';
MPRINT(TABCOUNT):   if "F" = "I" then statord1 = start;
MPRINT(TABCOUNT):   if "F" = "M" then do;
MPRINT(TABCOUNT):   __temp=pctx_n1;
MPRINT(TABCOUNT):   __temp = max(of pctx_n1 - pctx_n2);
MPRINT(TABCOUNT):   statord1=compress(put(__temp,z9.5));
MPRINT(TABCOUNT):   end;
MPRINT(TABCOUNT):   output;
MPRINT(TABCOUNT):   end;
MPRINT(TABCOUNT):   run;

NOTE: There were 3 observations read from the data set WORK._TABPTC3.
NOTE: The data set WORK._TABPTC7 has 1 observations and 10 variables.
NOTE: DATA statement used (Total process time):
      real time           0.00 seconds
      cpu time            0.00 seconds
      

MPRINT(TABCOUNT):   * proc print data = _tabptc7 (obs=100);
MPRINT(TABCOUNT):   * title "tabcount: File _tabptc7 after transpose";
MPRINT(TABCOUNT):   * run;
MPRINT(TABCOUNT):   *---------------------------------------;
MPRINT(TABCOUNT):   * CHISQ, CMH, EXACT p-values ;
MPRINT(TABCOUNT):   *---------------------------------------;
MPRINT(TABCOUNT):   *----------------------------------------------------------------------------;
MPRINT(TABCOUNT):   * If overall p-values are requested, generate and add to the dataset ;
MPRINT(TABCOUNT):   *----------------------------------------------------------------------------;
MPRINT(TABCOUNT):   *----------------------------------------------------------------------------;
MPRINT(TABCOUNT):   * If pairwise p-values are requested, generate and add to the dataset ;
MPRINT(TABCOUNT):   *----------------------------------------------------------------------------;
MPRINT(TABCOUNT):   *---------------------------------------;
MPRINT(TABCOUNT):   * Get Patient With Event totals -------;
MPRINT(TABCOUNT):   *---------------------------------------;
MPRINT(TABCOUNT):   *----------------------------------------------------------------------------;
MPRINT(TABCOUNT):   * Final data massage before merging with accumulated statistics ;
MPRINT(TABCOUNT):   *----------------------------------------------------------------------------;
MPRINT(TABCOUNT):   * proc print data = _tabptc7;
MPRINT(TABCOUNT):   * title "tabcount: File _tabptc7 ";
MPRINT(TABCOUNT):   * run;
MPRINT(TABCOUNT):   data _tabptc7;
                                                                    The SAS System

MPRINT(TABCOUNT):   set _tabptc7;
MPRINT(TABCOUNT):   length statord $40;
MPRINT(TABCOUNT):   statord = ' ';
MPRINT(TABCOUNT):   sortord=3;
MPRINT(TABCOUNT):   type = "PTCT";
MPRINT(TABCOUNT):   level = 1;
MPRINT(TABCOUNT):   array vl {*} value1 - value3;
MPRINT(TABCOUNT):   if trim(start) eq '.' or start = ' ' then delete;
MPRINT(TABCOUNT):   do i = 1 to 3;
MPRINT(TABCOUNT):   if vl{i} = ' ' then do;
MPRINT(TABCOUNT):   vl{i} = put(0, 3. );
MPRINT(TABCOUNT):   end;
MPRINT(TABCOUNT):   end;
MPRINT(TABCOUNT):   drop i;
MPRINT(TABCOUNT):   length pvalc1 pvalc2 $10;
MPRINT(TABCOUNT):   pvalc1='';
MPRINT(TABCOUNT):   pvalc2='';
MPRINT(TABCOUNT):   run;

NOTE: There were 1 observations read from the data set WORK._TABPTC7.
NOTE: The data set WORK._TABPTC7 has 1 observations and 16 variables.
NOTE: DATA statement used (Total process time):
      real time           0.00 seconds
      cpu time            0.00 seconds
      

MPRINT(TABCOUNT):   data _tabptc7;
MPRINT(TABCOUNT):   set _tabptc7;
MPRINT(TABCOUNT):   format pvalc1 pvalc2;
MPRINT(TABCOUNT):   run;

NOTE: There were 1 observations read from the data set WORK._TABPTC7.
NOTE: The data set WORK._TABPTC7 has 1 observations and 16 variables.
NOTE: DATA statement used (Total process time):
      real time           0.00 seconds
      cpu time            0.00 seconds
      

MPRINT(TABCOUNT):   data combine;
MPRINT(TABCOUNT):   set combine _tabptc7;
MPRINT(TABCOUNT):   length label1 $ 250;
MPRINT(TABCOUNT):   if sortord = 3 then do;
MPRINT(TABCOUNT):   if 1 = 1 then label1 = trim("") || " " || left("");
MPRINT(TABCOUNT):   if 1 > 1 then label1 = left("");
MPRINT(TABCOUNT):   if 1 < 0 then label1 = trim(label1) || ",";
MPRINT(TABCOUNT):   if 1 > 1 then label1 = "And " || left("");
                                                                    The SAS System

MPRINT(TABCOUNT):   end;
MPRINT(TABCOUNT):   run;

NOTE: There were 2 observations read from the data set WORK.COMBINE.
NOTE: There were 1 observations read from the data set WORK._TABPTC7.
NOTE: The data set WORK.COMBINE has 3 observations and 21 variables.
NOTE: DATA statement used (Total process time):
      real time           0.00 seconds
      cpu time            0.00 seconds
      

MPRINT(TABCOUNT):   *----------------------------------------------------------------------------;
MPRINT(TABCOUNT):   * Cleanup ;
MPRINT(TABCOUNT):   *----------------------------------------------------------------------------;
MPRINT(TABCOUNT):   proc datasets library = work nolist;
MPRINT(TABCOUNT):   *delete _tabptc1 _tabptc2 _tabptc3 _tabptc4 _tabptc5 _tabptc6 _tabptc7 _tabptc8 _tabptc9;
MPRINT(TABCOUNT):   delete _tabptc: ;
MPRINT(TABCOUNT):   *2016-11-29 kchan07;
MPRINT(TABCOUNT):   quit;

NOTE: Deleting WORK._TABPTC3 (memtype=DATA).
NOTE: Deleting WORK._TABPTC7 (memtype=DATA).
NOTE: PROCEDURE DATASETS used (Total process time):
      real time           0.00 seconds
      cpu time            0.00 seconds
      

MPRINT(MAIN):  ;
MPRINT(TABCOUNT):   *** this logic moved to tabdesc ***;
MPRINT(TABCOUNT):  ;
MPRINT(TABCOUNT):   ** if one of subsetting vars (&_spercent, &_sdpvar, &_stpvar, &_spctvar, &_sopvar) **;
MPRINT(TABCOUNT):   ** is specified, then &denom cannot be specified **;
MPRINT(TABCOUNT):  ;
MPRINT(TABCOUNT):   *----------------------------------------------------------------------------;
MPRINT(TABCOUNT):   * Get variable attributes (type, label, format) ;
MPRINT(TABCOUNT):   * Cancel run if variable .does not. exist ;
MPRINT(TABCOUNT):   *----------------------------------------------------------------------------;
MPRINT(TABCOUNT):   data _null_;
MPRINT(TABCOUNT):   length label1 $250;
MPRINT(TABCOUNT):   ds = open("analf","i");
MPRINT(TABCOUNT):   var = varnum(ds , "pkfln");
MPRINT(TABCOUNT):   if not(var) then do;
MPRINT(TABCOUNT):   call symput("_errcode","F");
MPRINT(TABCOUNT):   call symput("_errmsg","Patient count analysis variable pkfln "|| '.does not.'||' exist - cancelling run' );
MPRINT(TABCOUNT):   *klc 2016-10-26;
MPRINT(TABCOUNT):   stop;
                                                                    The SAS System

MPRINT(TABCOUNT):   end;
MPRINT(TABCOUNT):   else do;
MPRINT(TABCOUNT):   label1 = varlabel(ds,var);
MPRINT(TABCOUNT):   label1 = translate(label1,' ','~');
MPRINT(TABCOUNT):   call symput("_ptclab1",trim(label1));
MPRINT(TABCOUNT):   call symput("_ptcfmt1",varfmt(ds,var));
MPRINT(TABCOUNT):   call symput("catvfmt",varfmt(ds,var));
MPRINT(TABCOUNT):   typ = vartype(ds,var);
MPRINT(TABCOUNT):   call symput("type",typ);
MPRINT(TABCOUNT):   end;
MPRINT(TABCOUNT):   run;

INFO: Character variables have defaulted to a length of 200 at the places given by: (Line):(Column). Truncation can result.
      1314:71  TYP
NOTE: DATA statement used (Total process time):
      real time           0.00 seconds
      cpu time            0.01 seconds
      

MPRINT(TABCOUNT):   *-----------------------------------------------------------;
MPRINT(TABCOUNT):   * General routine for count and percent statistics ;
MPRINT(TABCOUNT):   *-----------------------------------------------------------;
MPRINT(TABCOUNT):   *-----------------------------------------------------------;
MPRINT(TABCOUNT):   * Do count and percent once for each requested denominator;
MPRINT(TABCOUNT):   *-----------------------------------------------------------;
MPRINT(TABCOUNT):  ;
MPRINT(COUNTPCT):   proc sort data = analf out = _t1 nodupkey;
MPRINT(COUNTPCT):   by trt01pn pkfln subjid;
MPRINT(COUNTPCT):   run;

NOTE: There were 200 observations read from the data set WORK.ANALF.
NOTE: SAS sort was used.
NOTE: 0 observations with duplicate key values were deleted.
NOTE: The data set WORK._T1 has 200 observations and 47 variables.
NOTE: PROCEDURE SORT used (Total process time):
      real time           0.01 seconds
      cpu time            0.00 seconds
      

MPRINT(COUNTPCT):   proc summary data=_t1 nway;
MPRINT(COUNTPCT):   by trt01pn pkfln;
MPRINT(COUNTPCT):   format trt01pn pkfln;
MPRINT(COUNTPCT):   output out=_t2;
MPRINT(COUNTPCT):   run;

NOTE: There were 200 observations read from the data set WORK._T1.
                                                                    The SAS System

NOTE: The data set WORK._T2 has 3 observations and 4 variables.
NOTE: PROCEDURE SUMMARY used (Total process time):
      real time           0.00 seconds
      cpu time            0.00 seconds
      

MPRINT(COUNTPCT):   * proc print data = _t2 (obs=100);
MPRINT(COUNTPCT):   * title "tabcount: File _t2 after summary with denominator &countby ";
MPRINT(COUNTPCT):   * run;
MPRINT(COUNTPCT):   proc sort data = analf out = _t1 nodupkey;
MPRINT(COUNTPCT):   by trt01pn subjid;
MPRINT(COUNTPCT):   run;

NOTE: There were 200 observations read from the data set WORK.ANALF.
NOTE: SAS sort was used.
NOTE: 0 observations with duplicate key values were deleted.
NOTE: The data set WORK._T1 has 200 observations and 47 variables.
NOTE: PROCEDURE SORT used (Total process time):
      real time           0.02 seconds
      cpu time            0.00 seconds
      

MPRINT(COUNTPCT):   proc summary data=_t1 nway;
MPRINT(COUNTPCT):   by trt01pn;
MPRINT(COUNTPCT):   format trt01pn;
MPRINT(COUNTPCT):   output out=_t3;
MPRINT(COUNTPCT):   run;

NOTE: There were 200 observations read from the data set WORK._T1.
NOTE: The data set WORK._T3 has 3 observations and 3 variables.
NOTE: PROCEDURE SUMMARY used (Total process time):
      real time           0.00 seconds
      cpu time            0.00 seconds
      

MPRINT(COUNTPCT):   * proc print data = _t3 (obs=100);
MPRINT(COUNTPCT):   * title "tabcount: File _t3 after summary with denominator &pctby";
MPRINT(COUNTPCT):   * run;
MPRINT(COUNTPCT):   proc sort data = _t2;
MPRINT(COUNTPCT):   by trt01pn;
MPRINT(COUNTPCT):   run;

NOTE: There were 3 observations read from the data set WORK._T2.
NOTE: SAS sort was used.
NOTE: The data set WORK._T2 has 3 observations and 4 variables.
NOTE: PROCEDURE SORT used (Total process time):
                                                                    The SAS System

      real time           0.00 seconds
      cpu time            0.00 seconds
      

MPRINT(COUNTPCT):   data _tabc1;
MPRINT(COUNTPCT):   merge _t2(drop=_type_) _t3 (rename=(_freq_=denom));
MPRINT(COUNTPCT):   by trt01pn;
MPRINT(COUNTPCT):   **if denom > 0 then &pctvar = 100 * _freq_ / denom;
MPRINT(COUNTPCT):   if denom > 0 and _freq_>0 then pct1 = 100 * _freq_ / denom;
MPRINT(COUNTPCT):   run;

NOTE: There were 3 observations read from the data set WORK._T2.
NOTE: There were 3 observations read from the data set WORK._T3.
NOTE: The data set WORK._TABC1 has 3 observations and 6 variables.
NOTE: DATA statement used (Total process time):
      real time           0.00 seconds
      cpu time            0.00 seconds
      

MPRINT(TABCOUNT):  ;
MPRINT(TABCOUNT):   proc sort data = _tabc1;
MPRINT(TABCOUNT):   by pkfln trt01pn;
MPRINT(TABCOUNT):   run;

NOTE: There were 3 observations read from the data set WORK._TABC1.
NOTE: SAS sort was used.
NOTE: The data set WORK._TABC1 has 3 observations and 6 variables.
NOTE: PROCEDURE SORT used (Total process time):
      real time           0.00 seconds
      cpu time            0.00 seconds
      

MPRINT(TABCOUNT):   data _tabptc3;
MPRINT(TABCOUNT):   set _tabc1;
MPRINT(TABCOUNT):   run;

NOTE: There were 3 observations read from the data set WORK._TABC1.
NOTE: The data set WORK._TABPTC3 has 3 observations and 6 variables.
NOTE: DATA statement used (Total process time):
      real time           0.00 seconds
      cpu time            0.00 seconds
      

MPRINT(TABCOUNT):   * proc print data = _tabc&__I (obs=100);
MPRINT(TABCOUNT):   * title "tabcount: File _tabc&__I after summary ";
MPRINT(TABCOUNT):   * run;
                                                                    The SAS System

MPRINT(TABCOUNT):   *----------------------------------------------------------------------------;
MPRINT(TABCOUNT):   * Get list of categories specified in the format in variable catvfmt ;
MPRINT(TABCOUNT):   * Flag to indicate if format found in macro variable _gotfmt ;
MPRINT(TABCOUNT):   * Categories in data set _tabptc4 ;
MPRINT(TABCOUNT):   *----------------------------------------------------------------------------;
MPRINT(TABCOUNT):   *---------------------------------------;
MPRINT(TABCOUNT):   * Reformat count and percent ;
MPRINT(TABCOUNT):   *---------------------------------------;
MPRINT(TABCOUNT):   data _tabptc3;
MPRINT(TABCOUNT):   set _tabptc3;
MPRINT(TABCOUNT):   length linlabel $250;
MPRINT(TABCOUNT):   length start $200;
MPRINT(TABCOUNT):   start = left(pkfln);
MPRINT(TABCOUNT):   linlabel=left(pkfln);
MPRINT(TABCOUNT):   if trim(linlabel) = '.' or linlabel = ' ' then delete;
MPRINT(TABCOUNT):   run;

NOTE: Numeric values have been converted to character values at the places given by: (Line):(Column).
      1314:1   1314:1   
NOTE: There were 3 observations read from the data set WORK._TABPTC3.
NOTE: The data set WORK._TABPTC3 has 3 observations and 8 variables.
NOTE: DATA statement used (Total process time):
      real time           0.00 seconds
      cpu time            0.01 seconds
      

MPRINT(TABCOUNT):   * proc print data = _tabptc3 (obs=100);
MPRINT(TABCOUNT):   * title "tabcount: File _tabptc3 after formatting statistics ";
MPRINT(TABCOUNT):   * run;
MPRINT(TABCOUNT):   *----------------------------------------------------------------------------;
MPRINT(TABCOUNT):   * If all categories are to be shown, get the list of categories from the ;
MPRINT(TABCOUNT):   * variable format and expand the file to include all the defined categories;
MPRINT(TABCOUNT):   *----------------------------------------------------------------------------;
MPRINT(TABCOUNT):   *--------------------------------------------------------------------------;
MPRINT(TABCOUNT):   * postprocess _tabptc3 to modify START variable if sortby = I and the VAR;
MPRINT(TABCOUNT):   * is numeric. This to accomodate cases where the values might be negative;
MPRINT(TABCOUNT):   *--------------------------------------------------------------------------;
MPRINT(TABCOUNT):   *----------------------------------------------------------------------------;
MPRINT(TABCOUNT):   * Transpose the formatted and unformatted statistics ;
MPRINT(TABCOUNT):   *----------------------------------------------------------------------------;
MPRINT(TABCOUNT):   data _tabptc7 (keep = pkfln start linlabel value1 - value3 statord1 - statord1 pctx1 - pctx3);
MPRINT(TABCOUNT):   set _tabptc3;
MPRINT(TABCOUNT):   by pkfln start linlabel notsorted;
MPRINT(TABCOUNT):   length value1- value3 $40 statord1 - statord1 $40 pctx1 - pctx3 $10 pctx_n1 - pctx_n3 8 __temp 8;
MPRINT(TABCOUNT):   *kchan07 2016-11-1;
MPRINT(TABCOUNT):   length statval $ 40;
                                                                    The SAS System

MPRINT(TABCOUNT):   array outval {*} $ value1 - value3;
MPRINT(TABCOUNT):   array outpct {*} $ pctx1 - pctx3;
MPRINT(TABCOUNT):   array __pn {*} pctx_n1 - pctx_n3;
MPRINT(TABCOUNT):   *kchan07 2016-11-1;
MPRINT(TABCOUNT):   retain value1 - value3 totn pctx1 - pctx3;
MPRINT(TABCOUNT):   statord1 = ' ';
MPRINT(TABCOUNT):   if first.linlabel then do;
MPRINT(TABCOUNT):   totn = 0;
MPRINT(TABCOUNT):   do i = 1 to 3;
MPRINT(TABCOUNT):   outval{i} = ' ';
MPRINT(TABCOUNT):   outpct{i} = ' ';
MPRINT(TABCOUNT):   end;
MPRINT(TABCOUNT):   end;
MPRINT(TABCOUNT):   statval = ' ';
MPRINT(TABCOUNT):   if _freq_ = . then _freq_ = 0;
MPRINT(TABCOUNT):   statval = put(_freq_, 3. );
MPRINT(TABCOUNT):   *if (totn=.) then totn = _freq_;
MPRINT(TABCOUNT):   *else if (_freq_>.) then totn = totn + _freq_;
MPRINT(TABCOUNT):   totn=sum(totn, _freq_);
MPRINT(TABCOUNT):   *klc 27may2015;
MPRINT(TABCOUNT):   outval{trt01pn} = statval;
MPRINT(TABCOUNT):   __pn{trt01pn} = . ;
MPRINT(TABCOUNT):   *kchan07 2016-11-1;
MPRINT(TABCOUNT):   outpct{trt01pn} = ' ';
MPRINT(TABCOUNT):   if last.linlabel then do;
MPRINT(TABCOUNT):   if "F" = "F" then statord1 = put(1000000-totn,z7.);
MPRINT(TABCOUNT):   if "F" = "A" then statord1 = ' ';
MPRINT(TABCOUNT):   if "F" = "I" then statord1 = start;
MPRINT(TABCOUNT):   if "F" = "M" then do;
MPRINT(TABCOUNT):   __temp=pctx_n1;
MPRINT(TABCOUNT):   __temp = max(of pctx_n1 - pctx_n2);
MPRINT(TABCOUNT):   statord1=compress(put(__temp,z9.5));
MPRINT(TABCOUNT):   end;
MPRINT(TABCOUNT):   output;
MPRINT(TABCOUNT):   end;
MPRINT(TABCOUNT):   run;

NOTE: There were 3 observations read from the data set WORK._TABPTC3.
NOTE: The data set WORK._TABPTC7 has 1 observations and 10 variables.
NOTE: DATA statement used (Total process time):
      real time           0.00 seconds
      cpu time            0.00 seconds
      

MPRINT(TABCOUNT):   * proc print data = _tabptc7 (obs=100);
MPRINT(TABCOUNT):   * title "tabcount: File _tabptc7 after transpose";
                                                                    The SAS System

MPRINT(TABCOUNT):   * run;
MPRINT(TABCOUNT):   *---------------------------------------;
MPRINT(TABCOUNT):   * CHISQ, CMH, EXACT p-values ;
MPRINT(TABCOUNT):   *---------------------------------------;
MPRINT(TABCOUNT):   *----------------------------------------------------------------------------;
MPRINT(TABCOUNT):   * If overall p-values are requested, generate and add to the dataset ;
MPRINT(TABCOUNT):   *----------------------------------------------------------------------------;
MPRINT(TABCOUNT):   *----------------------------------------------------------------------------;
MPRINT(TABCOUNT):   * If pairwise p-values are requested, generate and add to the dataset ;
MPRINT(TABCOUNT):   *----------------------------------------------------------------------------;
MPRINT(TABCOUNT):   *---------------------------------------;
MPRINT(TABCOUNT):   * Get Patient With Event totals -------;
MPRINT(TABCOUNT):   *---------------------------------------;
MPRINT(TABCOUNT):   *----------------------------------------------------------------------------;
MPRINT(TABCOUNT):   * Final data massage before merging with accumulated statistics ;
MPRINT(TABCOUNT):   *----------------------------------------------------------------------------;
MPRINT(TABCOUNT):   * proc print data = _tabptc7;
MPRINT(TABCOUNT):   * title "tabcount: File _tabptc7 ";
MPRINT(TABCOUNT):   * run;
MPRINT(TABCOUNT):   data _tabptc7;
MPRINT(TABCOUNT):   set _tabptc7;
MPRINT(TABCOUNT):   length statord $40;
MPRINT(TABCOUNT):   statord = ' ';
MPRINT(TABCOUNT):   sortord=4;
MPRINT(TABCOUNT):   type = "PTCT";
MPRINT(TABCOUNT):   level = 1;
MPRINT(TABCOUNT):   array vl {*} value1 - value3;
MPRINT(TABCOUNT):   if trim(start) eq '.' or start = ' ' then delete;
MPRINT(TABCOUNT):   do i = 1 to 3;
MPRINT(TABCOUNT):   if vl{i} = ' ' then do;
MPRINT(TABCOUNT):   vl{i} = put(0, 3. );
MPRINT(TABCOUNT):   end;
MPRINT(TABCOUNT):   end;
MPRINT(TABCOUNT):   drop i;
MPRINT(TABCOUNT):   length pvalc1 pvalc2 $10;
MPRINT(TABCOUNT):   pvalc1='';
MPRINT(TABCOUNT):   pvalc2='';
MPRINT(TABCOUNT):   run;

NOTE: There were 1 observations read from the data set WORK._TABPTC7.
NOTE: The data set WORK._TABPTC7 has 1 observations and 16 variables.
NOTE: DATA statement used (Total process time):
      real time           0.00 seconds
      cpu time            0.00 seconds
      

                                                                    The SAS System

MPRINT(TABCOUNT):   data _tabptc7;
MPRINT(TABCOUNT):   set _tabptc7;
MPRINT(TABCOUNT):   format pvalc1 pvalc2;
MPRINT(TABCOUNT):   run;

NOTE: There were 1 observations read from the data set WORK._TABPTC7.
NOTE: The data set WORK._TABPTC7 has 1 observations and 16 variables.
NOTE: DATA statement used (Total process time):
      real time           0.00 seconds
      cpu time            0.00 seconds
      

MPRINT(TABCOUNT):   data combine;
MPRINT(TABCOUNT):   set combine _tabptc7;
MPRINT(TABCOUNT):   length label1 $ 250;
MPRINT(TABCOUNT):   if sortord = 4 then do;
MPRINT(TABCOUNT):   if 1 = 1 then label1 = trim("") || " " || left("");
MPRINT(TABCOUNT):   if 1 > 1 then label1 = left("");
MPRINT(TABCOUNT):   if 1 < 0 then label1 = trim(label1) || ",";
MPRINT(TABCOUNT):   if 1 > 1 then label1 = "And " || left("");
MPRINT(TABCOUNT):   end;
MPRINT(TABCOUNT):   run;

NOTE: There were 3 observations read from the data set WORK.COMBINE.
NOTE: There were 1 observations read from the data set WORK._TABPTC7.
NOTE: The data set WORK.COMBINE has 4 observations and 22 variables.
NOTE: DATA statement used (Total process time):
      real time           0.00 seconds
      cpu time            0.00 seconds
      

MPRINT(TABCOUNT):   *----------------------------------------------------------------------------;
MPRINT(TABCOUNT):   * Cleanup ;
MPRINT(TABCOUNT):   *----------------------------------------------------------------------------;
MPRINT(TABCOUNT):   proc datasets library = work nolist;
MPRINT(TABCOUNT):   *delete _tabptc1 _tabptc2 _tabptc3 _tabptc4 _tabptc5 _tabptc6 _tabptc7 _tabptc8 _tabptc9;
MPRINT(TABCOUNT):   delete _tabptc: ;
MPRINT(TABCOUNT):   *2016-11-29 kchan07;
MPRINT(TABCOUNT):   quit;

NOTE: Deleting WORK._TABPTC3 (memtype=DATA).
NOTE: Deleting WORK._TABPTC7 (memtype=DATA).
NOTE: PROCEDURE DATASETS used (Total process time):
      real time           0.00 seconds
      cpu time            0.00 seconds
      
                                                                    The SAS System


MPRINT(MAIN):  ;
MPRINT(TABDCAT):   *-----------------------------------------------------------------------------------------------* | Definition of internal macros 
| *-----------------------------------------------------------------------------------------------*;
MPRINT(TABDCAT):   *------------------------------------------------------------------------;
MPRINT(TABDCAT):   * macro tab_sam_hp ;
MPRINT(TABDCAT):   * Calculate Stratum-Adjusted Mantel-Haenszel Proportion ;
MPRINT(TABDCAT):   *------------------------------------------------------------------------;
MPRINT(TABDCAT):   *------------------------------------------------------------------------;
MPRINT(TABDCAT):   * macro ciexact ;
MPRINT(TABDCAT):   * Calculate Confidence intervals using exact method - VK 15AUG2007;
MPRINT(TABDCAT):   *------------------------------------------------------------------------;
MPRINT(TABDCAT):   *----------------------------------------------------------------------------;
MPRINT(TABDCAT):   * macro ciprep ;
MPRINT(TABDCAT):   * Prepare file for CI calculation ;
MPRINT(TABDCAT):   *----------------------------------------------------------------------------;
MPRINT(TABDCAT):   *----------------------------------------------------------------------------;
MPRINT(TABDCAT):   * macro ciprop ;
MPRINT(TABDCAT):   * Do CI calculation ;
MPRINT(TABDCAT):   *----------------------------------------------------------------------------;
MPRINT(TABDCAT):   *----------------------------------------------------------------------------;
MPRINT(TABDCAT):   * macro rratio ;
MPRINT(TABDCAT):   * Do risk ratio calculations ;
MPRINT(TABDCAT):   *----------------------------------------------------------------------------;
MPRINT(TABDCAT):   *----------------------------------------------------------------------------;
MPRINT(TABDCAT):   * macro rrcalc ;
MPRINT(TABDCAT):   * Do risk ratio calculations for each selected pair ;
MPRINT(TABDCAT):   *----------------------------------------------------------------------------;
MPRINT(TABDCAT):   *------------------------------------------------------------------;
MPRINT(TABDCAT):   * macro pval ;
MPRINT(TABDCAT):   * p-value calculation ;
MPRINT(TABDCAT):   *------------------------------------------------------------------;
MPRINT(TABDCAT):   *-----------------------------------------------------------------------------------------------------------* | End of internal 
macro definition and beginning of tabdcat main section | 
*-----------------------------------------------------------------------------------------------------------*;
MPRINT(TABDCAT):   *** use default risktype if no local override ***;
MPRINT(TABDCAT):  ;
MPRINT(TABDCAT):   **************************************************;
MPRINT(TABDCAT):   *** modify stratification locally if requested ***;
MPRINT(TABDCAT):   **************************************************;
MPRINT(TABDCAT):   *----------------------------------------------------------------------------;
MPRINT(TABDCAT):   * Get analysis variable attributes (type, label, format) ;
MPRINT(TABDCAT):   * Cancel run if variable .does not. exist ;
MPRINT(TABDCAT):   *----------------------------------------------------------------------------;
MPRINT(TABDCAT):   data _null_;
MPRINT(TABDCAT):   length label1 label2 $250;
                                                                    The SAS System

MPRINT(TABDCAT):   ds = open("analf","i");
MPRINT(TABDCAT):   var = varnum(ds , "comt01n");
MPRINT(TABDCAT):   if not(var) then do;
MPRINT(TABDCAT):   call symput("_errcode","F");
MPRINT(TABDCAT):   call symput("_errmsg","Categorical analysis variable comt01n .does not. exist - canceling run" );
MPRINT(TABDCAT):   end;
MPRINT(TABDCAT):   else do;
MPRINT(TABDCAT):   call symput("catvfmt",varfmt(ds,var));
MPRINT(TABDCAT):   label1 = varlabel(ds,var);
MPRINT(TABDCAT):   if index(label1,'~') > 0 then do;
MPRINT(TABDCAT):   label2 = scan(label1,2,'~');
MPRINT(TABDCAT):   label1 = scan(label1,1,'~');
MPRINT(TABDCAT):   end;
MPRINT(TABDCAT):   call symput("label1",label1);
MPRINT(TABDCAT):   call symput("label2",label2);
MPRINT(TABDCAT):   typ = vartype(ds,var);
MPRINT(TABDCAT):   call symput("type",typ);
MPRINT(TABDCAT):   end;
MPRINT(TABDCAT):   run;

INFO: Character variables have defaulted to a length of 200 at the places given by: (Line):(Column). Truncation can result.
      1314:194 TYP
NOTE: DATA statement used (Total process time):
      real time           0.00 seconds
      cpu time            0.00 seconds
      

MPRINT(TABDCAT):   *****************************************;
MPRINT(TABDCAT):   *** crate template of categories that ***;
MPRINT(TABDCAT):   *** would appear in output. ***;
MPRINT(TABDCAT):   *****************************************;
MPRINT(TABDCAT):   proc sort data = analf out=col (keep= trt01pn) nodupkey;
MPRINT(TABDCAT):   by trt01pn;
MPRINT(TABDCAT):   run;

NOTE: There were 200 observations read from the data set WORK.ANALF.
NOTE: SAS sort was used.
NOTE: 197 observations with duplicate key values were deleted.
NOTE: The data set WORK.COL has 3 observations and 1 variables.
NOTE: PROCEDURE SORT used (Total process time):
      real time           0.06 seconds
      cpu time            0.00 seconds
      

MPRINT(TABDCAT):   ********************************************************************************;
MPRINT(TABDCAT):   *** 1) If there is no format assigned to analysis variabe then ***;
                                                                    The SAS System

MPRINT(TABDCAT):   *** create template based on data and will alsways incluse missing as a cat. ***;
MPRINT(TABDCAT):   ********************************************************************************;
MPRINT(TABDCAT):   ********************************************************************;
MPRINT(TABDCAT):   *** 2) If there is format assigned to analysis variabe then ***;
MPRINT(TABDCAT):   *** create template based on format (and data, if showall=Y) and ***;
MPRINT(TABDCAT):   *** whether to incluse missing as a cat. ***;
MPRINT(TABDCAT):   ********************************************************************;
MPRINT(TABDCAT):   ** this proc summary is to determine numerator - if need only formatted values or not **;
MPRINT(TABDCAT):   proc summary nway data=analf n completetypes noprint;
MPRINT(TABDCAT):   where comt01n ne .;
MPRINT(TABDCAT):   class comt01n / preloadfmt ;
MPRINT(TABDCAT):   output out=_catnumer (keep=comt01n rename=(comt01n=comt01n));
MPRINT(TABDCAT):   run;

NOTE: Multiple concurrent threads will be used to summarize data.
NOTE: There were 200 observations read from the data set WORK.ANALF.
      WHERE comt01n not = .;
NOTE: The data set WORK._CATNUMER has 2 observations and 1 variables.
NOTE: PROCEDURE SUMMARY used (Total process time):
      real time           0.04 seconds
      cpu time            0.01 seconds
      

MPRINT(TABDCAT):   ** this proc summary is to determine denominator - all non-missing values **;
MPRINT(TABDCAT):   proc summary nway data=analf n completetypes noprint;
MPRINT(TABDCAT):   where comt01n ne .;
MPRINT(TABDCAT):   class comt01n / preloadfmt;
MPRINT(TABDCAT):   output out=_cat (keep=comt01n rename=(comt01n=comt01n));
MPRINT(TABDCAT):   run;

NOTE: Multiple concurrent threads will be used to summarize data.
NOTE: There were 200 observations read from the data set WORK.ANALF.
      WHERE comt01n not = .;
NOTE: The data set WORK._CAT has 2 observations and 1 variables.
NOTE: PROCEDURE SUMMARY used (Total process time):
      real time           0.03 seconds
      cpu time            0.00 seconds
      

MPRINT(TABDCAT):   proc sort data=_cat;
MPRINT(TABDCAT):   by comt01n;
MPRINT(TABDCAT):   run;

NOTE: There were 2 observations read from the data set WORK._CAT.
NOTE: SAS sort was used.
NOTE: The data set WORK._CAT has 2 observations and 1 variables.
                                                                    The SAS System

NOTE: PROCEDURE SORT used (Total process time):
      real time           0.00 seconds
      cpu time            0.00 seconds
      

MPRINT(TABDCAT):   *** then output the template ***;
MPRINT(TABDCAT):   data _cat;
MPRINT(TABDCAT):   set col end=eof;
MPRINT(TABDCAT):   do i = 1 to x;
MPRINT(TABDCAT):   set _cat nobs=x point=i;
MPRINT(TABDCAT):   output;
MPRINT(TABDCAT):   end;
MPRINT(TABDCAT):   run;

NOTE: There were 3 observations read from the data set WORK.COL.
NOTE: The data set WORK._CAT has 6 observations and 2 variables.
NOTE: DATA statement used (Total process time):
      real time           0.01 seconds
      cpu time            0.00 seconds
      

MPRINT(TABDCAT):   *** make sure missing value is in the template ***;
MPRINT(TABDCAT):   proc sort data=_cat;
MPRINT(TABDCAT):   by trt01pn;
MPRINT(TABDCAT):   run;

NOTE: There were 6 observations read from the data set WORK._CAT.
NOTE: SAS sort was used.
NOTE: The data set WORK._CAT has 6 observations and 2 variables.
NOTE: PROCEDURE SORT used (Total process time):
      real time           0.00 seconds
      cpu time            0.00 seconds
      

MPRINT(TABDCAT):   data _cat;
MPRINT(TABDCAT):   set _cat;
MPRINT(TABDCAT):   by trt01pn;
MPRINT(TABDCAT):   output;
MPRINT(TABDCAT):   if first.trt01pn and comt01n ne . then do;
MPRINT(TABDCAT):   comt01n = .;
MPRINT(TABDCAT):   output;
MPRINT(TABDCAT):   end;
MPRINT(TABDCAT):   run;

NOTE: There were 6 observations read from the data set WORK._CAT.
NOTE: The data set WORK._CAT has 9 observations and 2 variables.
                                                                    The SAS System

NOTE: DATA statement used (Total process time):
      real time           0.00 seconds
      cpu time            0.01 seconds
      

MPRINT(TABDCAT):   *** out option value into template ***;
MPRINT(TABDCAT):   data _cat;
MPRINT(TABDCAT):   set _cat;
MPRINT(TABDCAT):   if comt01n=. then do;
MPRINT(TABDCAT):   nomisspc="Y";
MPRINT(TABDCAT):   misspct ="N";
MPRINT(TABDCAT):   misspval="N";
MPRINT(TABDCAT):   end;
MPRINT(TABDCAT):   run;

NOTE: There were 9 observations read from the data set WORK._CAT.
NOTE: The data set WORK._CAT has 9 observations and 5 variables.
NOTE: DATA statement used (Total process time):
      real time           0.00 seconds
      cpu time            0.00 seconds
      

MPRINT(TABDCAT):   proc sort;
MPRINT(TABDCAT):   by trt01pn comt01n;
MPRINT(TABDCAT):   run;

NOTE: There were 9 observations read from the data set WORK._CAT.
NOTE: SAS sort was used.
NOTE: The data set WORK._CAT has 9 observations and 5 variables.
NOTE: PROCEDURE SORT used (Total process time):
      real time           0.00 seconds
      cpu time            0.00 seconds
      

MPRINT(TABDCAT):   * proc print data=_cat;
MPRINT(TABDCAT):   * title 'Cat. template';
MPRINT(TABDCAT):   * run;
MPRINT(TABDCAT):   *-------------------------;
MPRINT(TABDCAT):   * Count all data ;
MPRINT(TABDCAT):   *-------------------------;
MPRINT(TABDCAT):   proc sort data = analf out = _tabcat1;
MPRINT(TABDCAT):   by trt01pn comt01n;
MPRINT(TABDCAT):   run;

NOTE: There were 200 observations read from the data set WORK.ANALF.
NOTE: SAS sort was used.
                                                                    The SAS System

NOTE: The data set WORK._TABCAT1 has 200 observations and 47 variables.
NOTE: PROCEDURE SORT used (Total process time):
      real time           0.00 seconds
      cpu time            0.00 seconds
      

MPRINT(TABDCAT):   proc freq data=_tabcat1 noprint;
MPRINT(TABDCAT):   by trt01pn;
MPRINT(TABDCAT):   tables comt01n / missing out=_tabcat3 (drop=percent);
MPRINT(TABDCAT):   * title "Macro tabdcat: File _tabcat3 after first freq ";
MPRINT(TABDCAT):   run;

NOTE: There were 200 observations read from the data set WORK._TABCAT1.
NOTE: The data set WORK._TABCAT3 has 6 observations and 3 variables.
NOTE: PROCEDURE FREQ used (Total process time):
      real time           0.00 seconds
      cpu time            0.00 seconds
      

MPRINT(TABDCAT):   ****************************************;
MPRINT(TABDCAT):   *** merge with _cat to expand levels ***;
MPRINT(TABDCAT):   ****************************************;
MPRINT(TABDCAT):   data _tabcat3;
MPRINT(TABDCAT):   merge _tabcat3 (in=int) _cat (in=ins);
MPRINT(TABDCAT):   by trt01pn comt01n;
MPRINT(TABDCAT):   if ins;
MPRINT(TABDCAT):   if not int then count = 0;
MPRINT(TABDCAT):   run;

NOTE: There were 6 observations read from the data set WORK._TABCAT3.
NOTE: There were 9 observations read from the data set WORK._CAT.
NOTE: The data set WORK._TABCAT3 has 9 observations and 6 variables.
NOTE: DATA statement used (Total process time):
      real time           0.00 seconds
      cpu time            0.00 seconds
      

MPRINT(TABDCAT):   * proc print;
MPRINT(TABDCAT):   * title "Macro tabdcat: File _tabcat3 after expanding categories";
MPRINT(TABDCAT):   * run;
MPRINT(TABDCAT):   *-----------------------------------------------------------;
MPRINT(TABDCAT):   * Get column totals for denominator ;
MPRINT(TABDCAT):   * If needed to, change the denominator base on denom option;
MPRINT(TABDCAT):   * then calculate percent from count and coldenom ;
MPRINT(TABDCAT):   *-----------------------------------------------------------;
MPRINT(TABDCAT):   proc summary nway data=_tabcat3 noprint;
                                                                    The SAS System

MPRINT(TABDCAT):   where nomisspc ne 'Y';
MPRINT(TABDCAT):   class trt01pn;
MPRINT(TABDCAT):   var count;
MPRINT(TABDCAT):   output out=_tabcat3b(keep= trt01pn coldenom) sum=coldenom;
MPRINT(TABDCAT):   run;

NOTE: Multiple concurrent threads will be used to summarize data.
NOTE: There were 6 observations read from the data set WORK._TABCAT3.
      WHERE nomisspc not = 'Y';
NOTE: The data set WORK._TABCAT3B has 3 observations and 2 variables.
NOTE: PROCEDURE SUMMARY used (Total process time):
      real time           0.00 seconds
      cpu time            0.01 seconds
      

MPRINT(TABDCAT):   data _tabcat3;
MPRINT(TABDCAT):   merge _tabcat3 (in=in3) _tabcat3b (in=inb) ;
MPRINT(TABDCAT):   by trt01pn;
MPRINT(TABDCAT):   if in3;
MPRINT(TABDCAT):   if not inb then coldenom = 0;
MPRINT(TABDCAT):   ** kdaughtry - 09Sep2008 **;
MPRINT(TABDCAT):   **if coldenom ne 0 and .<count<=coldenom then percent = count / coldenom * 100;
MPRINT(TABDCAT):   if count>0 and coldenom ne 0 and .<count<=coldenom then percent = count / coldenom * 100;
MPRINT(TABDCAT):   run;

NOTE: There were 9 observations read from the data set WORK._TABCAT3.
NOTE: There were 3 observations read from the data set WORK._TABCAT3B.
NOTE: The data set WORK._TABCAT3 has 9 observations and 8 variables.
NOTE: DATA statement used (Total process time):
      real time           0.00 seconds
      cpu time            0.00 seconds
      

MPRINT(TABDCAT):   proc sort data=_tabcat3;
MPRINT(TABDCAT):   by comt01n;
MPRINT(TABDCAT):   run;

NOTE: There were 9 observations read from the data set WORK._TABCAT3.
NOTE: SAS sort was used.
NOTE: The data set WORK._TABCAT3 has 9 observations and 8 variables.
NOTE: PROCEDURE SORT used (Total process time):
      real time           0.00 seconds
      cpu time            0.00 seconds
      

MPRINT(TABDCAT):   proc sort data=_catnumer;
                                                                    The SAS System

MPRINT(TABDCAT):   by comt01n;
MPRINT(TABDCAT):   run;

NOTE: There were 2 observations read from the data set WORK._CATNUMER.
NOTE: SAS sort was used.
NOTE: The data set WORK._CATNUMER has 2 observations and 1 variables.
NOTE: PROCEDURE SORT used (Total process time):
      real time           0.00 seconds
      cpu time            0.01 seconds
      

MPRINT(TABDCAT):   ** only keep &var values from _catnumer dataset since this ds **;
MPRINT(TABDCAT):   ** only contains formatted values of &var **;
MPRINT(TABDCAT):   data _tabcat3;
MPRINT(TABDCAT):   merge _tabcat3 _catnumer (in=inn);
MPRINT(TABDCAT):   by comt01n;
MPRINT(TABDCAT):   if inn or comt01n=.;
MPRINT(TABDCAT):   run;

NOTE: There were 9 observations read from the data set WORK._TABCAT3.
NOTE: There were 2 observations read from the data set WORK._CATNUMER.
NOTE: The data set WORK._TABCAT3 has 9 observations and 8 variables.
NOTE: DATA statement used (Total process time):
      real time           0.00 seconds
      cpu time            0.00 seconds
      

MPRINT(TABDCAT):   proc sort data=_tabcat3;
MPRINT(TABDCAT):   by trt01pn;
MPRINT(TABDCAT):   run;

NOTE: There were 9 observations read from the data set WORK._TABCAT3.
NOTE: SAS sort was used.
NOTE: The data set WORK._TABCAT3 has 9 observations and 8 variables.
NOTE: PROCEDURE SORT used (Total process time):
      real time           0.00 seconds
      cpu time            0.00 seconds
      

MPRINT(TABDCAT):   * proc print data = _tabcat3 (obs=100);
MPRINT(TABDCAT):   * title "Macro tabdcat: File _tabcat3 after calc deniminator";
MPRINT(TABDCAT):   * run;
MPRINT(TABDCAT):   *----------------------------------------;
MPRINT(TABDCAT):   * Percents without missing ;
MPRINT(TABDCAT):   * numbers in denominator ;
MPRINT(TABDCAT):   *----------------------------------------;
                                                                    The SAS System

MPRINT(TABDCAT):   *** Total patient count variable, used for calculating cell percents ***;
MPRINT(TABDCAT):   **********************************************************************;
MPRINT(TABDCAT):   *** Recalculate the counts without the missings ***;
MPRINT(TABDCAT):   *** if MISSPCT requested (print missings as a category) ***;
MPRINT(TABDCAT):   *** and NOMISSPC requested (do not use missings in the denominator ***;
MPRINT(TABDCAT):   **********************************************************************;
MPRINT(TABDCAT):   ***************************************************************************;
MPRINT(TABDCAT):   *** test: if n = 100 pct for any subgroup and then skip the calculation ***;
MPRINT(TABDCAT):   *** for cilevelw ***;
MPRINT(TABDCAT):   ***************************************************************************;
MPRINT(TABDCAT):   ******************************************;
MPRINT(TABDCAT):   *** put together the display data set ***;
MPRINT(TABDCAT):   ******************************************;
MPRINT(TABDCAT):   data _tabcat4;
MPRINT(TABDCAT):   length statval statval2 statval3 $40 start $200 linlabel $250;
MPRINT(TABDCAT):   set _tabcat3;
MPRINT(TABDCAT):   by trt01pn;
MPRINT(TABDCAT):   array tmpvarn len;
MPRINT(TABDCAT):   array tmpvarc $ statval statval2 statval3 linlabel;
MPRINT(TABDCAT):   retain totcount;
MPRINT(TABDCAT):   if first.trt01pn then totcount = 0;
MPRINT(TABDCAT):   if nomisspc^='Y' then totcount + count;
MPRINT(TABDCAT):   start = left(put(comt01n,best.));
MPRINT(TABDCAT):   linlabel = left(put(comt01n,COMT01FMT.));
MPRINT(TABDCAT):   if trim(linlabel) = '.' or linlabel = ' ' then linlabel = '- Missing -';
MPRINT(TABDCAT):   pct = percent;
MPRINT(TABDCAT):   *** NOMISSPC=Y only calculate cellpct if pct is not missing ***;
MPRINT(TABDCAT):   if (pct ne .) then cellpct = 100*(count/100);
MPRINT(TABDCAT):   else cellpct = .;
MPRINT(TABDCAT):   statval = ' ';
MPRINT(TABDCAT):   statval = put(count, 3. );
MPRINT(TABDCAT):   *** If coldenom requested, show N as N/COLUMN TOTAL ***;
MPRINT(TABDCAT):   len = length(statval);
MPRINT(TABDCAT):   *** NOMISSPC=Y only format the nonmissings ***;
MPRINT(TABDCAT):   if (pct ne .) then do;
MPRINT(TABDCAT):   *** Display "0" or "0.0" as "<1" or "<0.1" ***;
MPRINT(TABDCAT):   drop tmppct;
MPRINT(TABDCAT):   tmppct = 10**-1;
MPRINT(TABDCAT):   *** Normal case = percent=0 or is >= threshold ***;
MPRINT(TABDCAT):   if(pct eq 0 or pct>=tmppct) then statval = substr(statval,1,len) || " (" || put(pct,5.1) || "%)";
MPRINT(TABDCAT):   *** Number between 0 and lowest displayable value ***;
MPRINT(TABDCAT):   else statval = substr(statval,1,len) || " ( <" || put(tmppct,3.1) || "%)";
MPRINT(TABDCAT):   end;
MPRINT(TABDCAT):   if misspct ='N' then delete;
MPRINT(TABDCAT):   * delete missing cat if not used in rpt;
MPRINT(TABDCAT):   * if nomisspc='Y' then delete;
                                                                    The SAS System

MPRINT(TABDCAT):   * delete missing cat if not part of calculations;
MPRINT(TABDCAT):   drop len comt01n misspct;
MPRINT(TABDCAT):   run;

NOTE: There were 9 observations read from the data set WORK._TABCAT3.
NOTE: The data set WORK._TABCAT4 has 6 observations and 14 variables.
NOTE: DATA statement used (Total process time):
      real time           0.01 seconds
      cpu time            0.00 seconds
      

MPRINT(TABDCAT):   * proc print data=_tabcat4;
MPRINT(TABDCAT):   * title "Macro tabdcat: File _tabcat4 after formating statistics ";
MPRINT(TABDCAT):   * run;
MPRINT(TABDCAT):   proc sort data=_tabcat4;
MPRINT(TABDCAT):   by start linlabel;
MPRINT(TABDCAT):   run;

NOTE: There were 6 observations read from the data set WORK._TABCAT4.
NOTE: SAS sort was used.
NOTE: The data set WORK._TABCAT4 has 6 observations and 14 variables.
NOTE: PROCEDURE SORT used (Total process time):
      real time           0.00 seconds
      cpu time            0.00 seconds
      

MPRINT(TABDCAT):   *----------------------------------------------------------------------------;
MPRINT(TABDCAT):   * Transpose the formatted and unformatted statistics ;
MPRINT(TABDCAT):   *----------------------------------------------------------------------------;
MPRINT(TABDCAT):   proc transpose data=_tabcat4 prefix=value out=_tabcat7;
MPRINT(TABDCAT):   var statval;
MPRINT(TABDCAT):   by start linlabel;
MPRINT(TABDCAT):   id trt01pn;
MPRINT(TABDCAT):   where trt01pn is not null;
MPRINT(TABDCAT):   run;

NOTE: There were 6 observations read from the data set WORK._TABCAT4.
      WHERE trt01pn is not null;
NOTE: The data set WORK._TABCAT7 has 2 observations and 6 variables.
NOTE: PROCEDURE TRANSPOSE used (Total process time):
      real time           0.00 seconds
      cpu time            0.01 seconds
      

MPRINT(TABDCAT):   * proc print data = _tabcat7 (obs=100);
MPRINT(TABDCAT):   * title "File _tabcat7 after transpose";
                                                                    The SAS System

MPRINT(TABDCAT):   * run;
MPRINT(TABDCAT):   *----------------------------------------------------------------------------;
MPRINT(TABDCAT):   * Calculate confidence intervals if requested ;
MPRINT(TABDCAT):   * Redo proc freq, this time with the stratification vars, and run thru ;
MPRINT(TABDCAT):   * stratified CI formula. Output is one record per analysis var value per ;
MPRINT(TABDCAT):   * byvar value ;
MPRINT(TABDCAT):   *----------------------------------------------------------------------------;
MPRINT(TABDCAT):   *----------------------------------------------------------------------------;
MPRINT(TABDCAT):   * Calculate risk ratio if requested ;
MPRINT(TABDCAT):   * Redo proc freq, not using stratification or missing parameters, and call ;
MPRINT(TABDCAT):   * RR formula. Output is one record per analysis var per byvar value ;
MPRINT(TABDCAT):   *----------------------------------------------------------------------------;
MPRINT(TABDCAT):   *---------------------------------------;
MPRINT(TABDCAT):   * CHISQ, CMH, EXACT p-values ;
MPRINT(TABDCAT):   *---------------------------------------;
MPRINT(TABDCAT):   *---------------------------------------------------;
MPRINT(TABDCAT):   * Standard (statified) categorical p-values ;
MPRINT(TABDCAT):   *---------------------------------------------------;
MPRINT(TABDCAT):   proc sort data = analfnot out = _tabcat2;
MPRINT(TABDCAT):   by trt01pn comt01n;
MPRINT(TABDCAT):   run;

NOTE: There were 100 observations read from the data set WORK.ANALFNOT.
NOTE: SAS sort was used.
NOTE: The data set WORK._TABCAT2 has 100 observations and 47 variables.
NOTE: PROCEDURE SORT used (Total process time):
      real time           0.00 seconds
      cpu time            0.00 seconds
      

MPRINT(TABDCAT):   *----------------------------------------------------------------------------;
MPRINT(TABDCAT):   * If pairwise p-values are requested, generate and add to the dataset ;
MPRINT(TABDCAT):   *----------------------------------------------------------------------------;
MPRINT(TABDCAT):   *----------------------------------------------------------------------------;
MPRINT(TABDCAT):   * Final data massage before merging with accumulated statistics ;
MPRINT(TABDCAT):   *----------------------------------------------------------------------------;
MPRINT(TABDCAT):   * proc print data = _tabcat7;
MPRINT(TABDCAT):   * title "File _tabcat7 ";
MPRINT(TABDCAT):   * run;
MPRINT(TABDCAT):   data _tabcat7;
MPRINT(TABDCAT):   length label1 label2 $ 250 statord value1 - value3 $40;
MPRINT(TABDCAT):   set _tabcat7;
MPRINT(TABDCAT):   sortord=5;
MPRINT(TABDCAT):   label1="Study Drug Completion Status                                                                                               
                                                                                                                               ";
MPRINT(TABDCAT):   label2="                                                                                                                           
                                                                    The SAS System

                                                                                                                               ";
MPRINT(TABDCAT):   type = "CAT ";
MPRINT(TABDCAT):   statord = left(start);
MPRINT(TABDCAT):   array vl {*} value1 - value3;
MPRINT(TABDCAT):   if trim(start) eq '.' or start = ' ' then delete;
MPRINT(TABDCAT):   if trim(linlabel) = '- Missing -' then statord = '999999999';
MPRINT(TABDCAT):   vct = 0;
MPRINT(TABDCAT):   do i = 1 to 3;
MPRINT(TABDCAT):   if vl{i} = ' ' and substr(linlabel,1,10) ^= 'Risk Ratio' then do;
MPRINT(TABDCAT):   vl{i} = put(0, 3. );
MPRINT(TABDCAT):   len = length(vl{i});
MPRINT(TABDCAT):   * vl{i} = substr(vl{i},1,len) || " (" || put(0,&pctfmt) || "%)";
MPRINT(TABDCAT):   if "Y" = 'Y' and statord = '999999999' then do;
MPRINT(TABDCAT):   vl{i} = put(0, 3. );
MPRINT(TABDCAT):   end;
MPRINT(TABDCAT):   end;
MPRINT(TABDCAT):   *** Reset intentionally set "No CI" back to blank ***;
MPRINT(TABDCAT):   *** if all blank then delete ***;
MPRINT(TABDCAT):   if vl{i} = "No CI" then do;
MPRINT(TABDCAT):   vl{i} = " ";
MPRINT(TABDCAT):   vct + 1;
MPRINT(TABDCAT):   end;
MPRINT(TABDCAT):   end;
MPRINT(TABDCAT):   if vct = 3 then delete;
MPRINT(TABDCAT):   drop i vct len ;
MPRINT(TABDCAT):   * &var;
MPRINT(TABDCAT):   run;

NOTE: There were 2 observations read from the data set WORK._TABCAT7.
NOTE: The data set WORK._TABCAT7 has 2 observations and 11 variables.
NOTE: DATA statement used (Total process time):
      real time           0.00 seconds
      cpu time            0.01 seconds
      

MPRINT(TABDCAT):   data combine;
MPRINT(TABDCAT):   set combine _tabcat7;
MPRINT(TABDCAT):   format pvalc1 pvalc2;
MPRINT(TABDCAT):   run;

NOTE: There were 4 observations read from the data set WORK.COMBINE.
NOTE: There were 2 observations read from the data set WORK._TABCAT7.
NOTE: The data set WORK.COMBINE has 6 observations and 24 variables.
NOTE: DATA statement used (Total process time):
      real time           0.00 seconds
      cpu time            0.00 seconds
                                                                    The SAS System

      

MPRINT(TABDCAT):   ***--- End of EXACT CI ---***;
MPRINT(TABDCAT):   * proc print data = combine;
MPRINT(TABDCAT):   * title 'File combine after %tabdcat call';
MPRINT(TABDCAT):   * run;
MPRINT(TABDCAT):   *----------------------------------------------------------------------------;
MPRINT(TABDCAT):   * Cleanup ;
MPRINT(TABDCAT):   *----------------------------------------------------------------------------;
MPRINT(TABDCAT):   proc datasets library = work nolist;
MPRINT(TABDCAT):   delete _tabcat:;
MPRINT(TABDCAT):   quit;

NOTE: Deleting WORK._TABCAT1 (memtype=DATA).
NOTE: Deleting WORK._TABCAT2 (memtype=DATA).
NOTE: Deleting WORK._TABCAT3 (memtype=DATA).
NOTE: Deleting WORK._TABCAT3B (memtype=DATA).
NOTE: Deleting WORK._TABCAT4 (memtype=DATA).
NOTE: Deleting WORK._TABCAT7 (memtype=DATA).
NOTE: PROCEDURE DATASETS used (Total process time):
      real time           0.00 seconds
      cpu time            0.00 seconds
      

MPRINT(MAIN):  ;
MPRINT(TABCOUNT):   *** this logic moved to tabdesc ***;
MPRINT(TABCOUNT):  ;
MPRINT(TABCOUNT):   ** if one of subsetting vars (&_spercent, &_sdpvar, &_stpvar, &_spctvar, &_sopvar) **;
MPRINT(TABCOUNT):   ** is specified, then &denom cannot be specified **;
MPRINT(TABCOUNT):  ;
MPRINT(TABCOUNT):   *----------------------------------------------------------------------------;
MPRINT(TABCOUNT):   * Get variable attributes (type, label, format) ;
MPRINT(TABCOUNT):   * Cancel run if variable .does not. exist ;
MPRINT(TABCOUNT):   *----------------------------------------------------------------------------;
MPRINT(TABCOUNT):   data _null_;
MPRINT(TABCOUNT):   length label1 $250;
MPRINT(TABCOUNT):   ds = open("analf","i");
MPRINT(TABCOUNT):   var = varnum(ds , "dct01cat");
MPRINT(TABCOUNT):   if not(var) then do;
MPRINT(TABCOUNT):   call symput("_errcode","F");
MPRINT(TABCOUNT):   call symput("_errmsg","Patient count analysis variable dct01cat "|| '.does not.'||' exist - cancelling run' );
MPRINT(TABCOUNT):   *klc 2016-10-26;
MPRINT(TABCOUNT):   stop;
MPRINT(TABCOUNT):   end;
MPRINT(TABCOUNT):   else do;
MPRINT(TABCOUNT):   label1 = varlabel(ds,var);
                                                                    The SAS System

MPRINT(TABCOUNT):   label1 = translate(label1,' ','~');
MPRINT(TABCOUNT):   call symput("_ptclab1",trim(label1));
MPRINT(TABCOUNT):   call symput("_ptcfmt1",varfmt(ds,var));
MPRINT(TABCOUNT):   call symput("catvfmt",varfmt(ds,var));
MPRINT(TABCOUNT):   typ = vartype(ds,var);
MPRINT(TABCOUNT):   call symput("type",typ);
MPRINT(TABCOUNT):   end;
MPRINT(TABCOUNT):   run;

INFO: Character variables have defaulted to a length of 200 at the places given by: (Line):(Column). Truncation can result.
      1314:71  TYP
NOTE: DATA statement used (Total process time):
      real time           0.00 seconds
      cpu time            0.00 seconds
      

MPRINT(TABCOUNT):   *-----------------------------------------------------------;
MPRINT(TABCOUNT):   * General routine for count and percent statistics ;
MPRINT(TABCOUNT):   *-----------------------------------------------------------;
MPRINT(TABCOUNT):   *-----------------------------------------------------------;
MPRINT(TABCOUNT):   * Do count and percent once for each requested denominator;
MPRINT(TABCOUNT):   *-----------------------------------------------------------;
MPRINT(TABCOUNT):  ;
MPRINT(COUNTPCT):   proc sort data = analf out = _t1 nodupkey;
MPRINT(COUNTPCT):   by trt01pn dct01cat subjid;
MPRINT(COUNTPCT):   run;

NOTE: There were 200 observations read from the data set WORK.ANALF.
NOTE: SAS sort was used.
NOTE: 0 observations with duplicate key values were deleted.
NOTE: The data set WORK._T1 has 200 observations and 47 variables.
NOTE: PROCEDURE SORT used (Total process time):
      real time           0.01 seconds
      cpu time            0.00 seconds
      

MPRINT(COUNTPCT):   proc summary data=_t1 nway;
MPRINT(COUNTPCT):   by trt01pn dct01cat;
MPRINT(COUNTPCT):   format trt01pn dct01cat;
MPRINT(COUNTPCT):   output out=_t2;
MPRINT(COUNTPCT):   run;

NOTE: There were 200 observations read from the data set WORK._T1.
NOTE: The data set WORK._T2 has 9 observations and 4 variables.
NOTE: PROCEDURE SUMMARY used (Total process time):
      real time           0.00 seconds
                                                                    The SAS System

      cpu time            0.00 seconds
      

MPRINT(COUNTPCT):   * proc print data = _t2 (obs=100);
MPRINT(COUNTPCT):   * title "tabcount: File _t2 after summary with denominator &countby ";
MPRINT(COUNTPCT):   * run;
MPRINT(COUNTPCT):   proc sort data = analf out = _t1 nodupkey;
MPRINT(COUNTPCT):   by trt01pn subjid;
MPRINT(COUNTPCT):   run;

NOTE: There were 200 observations read from the data set WORK.ANALF.
NOTE: SAS sort was used.
NOTE: 0 observations with duplicate key values were deleted.
NOTE: The data set WORK._T1 has 200 observations and 47 variables.
NOTE: PROCEDURE SORT used (Total process time):
      real time           0.01 seconds
      cpu time            0.02 seconds
      

MPRINT(COUNTPCT):   proc summary data=_t1 nway;
MPRINT(COUNTPCT):   by trt01pn;
MPRINT(COUNTPCT):   format trt01pn;
MPRINT(COUNTPCT):   output out=_t3;
MPRINT(COUNTPCT):   run;

NOTE: There were 200 observations read from the data set WORK._T1.
NOTE: The data set WORK._T3 has 3 observations and 3 variables.
NOTE: PROCEDURE SUMMARY used (Total process time):
      real time           0.00 seconds
      cpu time            0.00 seconds
      

MPRINT(COUNTPCT):   * proc print data = _t3 (obs=100);
MPRINT(COUNTPCT):   * title "tabcount: File _t3 after summary with denominator &pctby";
MPRINT(COUNTPCT):   * run;
MPRINT(COUNTPCT):   proc sort data = _t2;
MPRINT(COUNTPCT):   by trt01pn;
MPRINT(COUNTPCT):   run;

NOTE: There were 9 observations read from the data set WORK._T2.
NOTE: SAS sort was used.
NOTE: The data set WORK._T2 has 9 observations and 4 variables.
NOTE: PROCEDURE SORT used (Total process time):
      real time           0.00 seconds
      cpu time            0.00 seconds
      
                                                                    The SAS System


MPRINT(COUNTPCT):   data _tabc1;
MPRINT(COUNTPCT):   merge _t2(drop=_type_) _t3 (rename=(_freq_=denom));
MPRINT(COUNTPCT):   by trt01pn;
MPRINT(COUNTPCT):   **if denom > 0 then &pctvar = 100 * _freq_ / denom;
MPRINT(COUNTPCT):   if denom > 0 and _freq_>0 then pct1 = 100 * _freq_ / denom;
MPRINT(COUNTPCT):   run;

NOTE: There were 9 observations read from the data set WORK._T2.
NOTE: There were 3 observations read from the data set WORK._T3.
NOTE: The data set WORK._TABC1 has 9 observations and 6 variables.
NOTE: DATA statement used (Total process time):
      real time           0.00 seconds
      cpu time            0.00 seconds
      

MPRINT(TABCOUNT):  ;
MPRINT(TABCOUNT):   proc sort data = _tabc1;
MPRINT(TABCOUNT):   by dct01cat trt01pn;
MPRINT(TABCOUNT):   run;

NOTE: There were 9 observations read from the data set WORK._TABC1.
NOTE: SAS sort was used.
NOTE: The data set WORK._TABC1 has 9 observations and 6 variables.
NOTE: PROCEDURE SORT used (Total process time):
      real time           0.00 seconds
      cpu time            0.00 seconds
      

MPRINT(TABCOUNT):   data _tabptc3;
MPRINT(TABCOUNT):   set _tabc1;
MPRINT(TABCOUNT):   run;

NOTE: There were 9 observations read from the data set WORK._TABC1.
NOTE: The data set WORK._TABPTC3 has 9 observations and 6 variables.
NOTE: DATA statement used (Total process time):
      real time           0.00 seconds
      cpu time            0.00 seconds
      

MPRINT(TABCOUNT):   * proc print data = _tabc&__I (obs=100);
MPRINT(TABCOUNT):   * title "tabcount: File _tabc&__I after summary ";
MPRINT(TABCOUNT):   * run;
MPRINT(TABCOUNT):   *----------------------------------------------------------------------------;
MPRINT(TABCOUNT):   * Get list of categories specified in the format in variable catvfmt ;
MPRINT(TABCOUNT):   * Flag to indicate if format found in macro variable _gotfmt ;
                                                                    The SAS System

MPRINT(TABCOUNT):   * Categories in data set _tabptc4 ;
MPRINT(TABCOUNT):   *----------------------------------------------------------------------------;
MPRINT(TABCOUNT):   *---------------------------------------;
MPRINT(TABCOUNT):   * Reformat count and percent ;
MPRINT(TABCOUNT):   *---------------------------------------;
MPRINT(TABCOUNT):   data _tabptc3;
MPRINT(TABCOUNT):   set _tabptc3;
MPRINT(TABCOUNT):   length linlabel $250;
MPRINT(TABCOUNT):   length start $200;
MPRINT(TABCOUNT):   start = left(dct01cat);
MPRINT(TABCOUNT):   linlabel=left(dct01cat);
MPRINT(TABCOUNT):   if trim(linlabel) = '.' or linlabel = ' ' then delete;
MPRINT(TABCOUNT):   run;

NOTE: There were 9 observations read from the data set WORK._TABPTC3.
NOTE: The data set WORK._TABPTC3 has 6 observations and 8 variables.
NOTE: DATA statement used (Total process time):
      real time           0.00 seconds
      cpu time            0.00 seconds
      

MPRINT(TABCOUNT):   * proc print data = _tabptc3 (obs=100);
MPRINT(TABCOUNT):   * title "tabcount: File _tabptc3 after formatting statistics ";
MPRINT(TABCOUNT):   * run;
MPRINT(TABCOUNT):   *----------------------------------------------------------------------------;
MPRINT(TABCOUNT):   * If all categories are to be shown, get the list of categories from the ;
MPRINT(TABCOUNT):   * variable format and expand the file to include all the defined categories;
MPRINT(TABCOUNT):   *----------------------------------------------------------------------------;
MPRINT(TABCOUNT):   *--------------------------------------------------------------------------;
MPRINT(TABCOUNT):   * postprocess _tabptc3 to modify START variable if sortby = I and the VAR;
MPRINT(TABCOUNT):   * is numeric. This to accomodate cases where the values might be negative;
MPRINT(TABCOUNT):   *--------------------------------------------------------------------------;
MPRINT(TABCOUNT):   *----------------------------------------------------------------------------;
MPRINT(TABCOUNT):   * Transpose the formatted and unformatted statistics ;
MPRINT(TABCOUNT):   *----------------------------------------------------------------------------;
MPRINT(TABCOUNT):   data _tabptc7 (keep = dct01cat start linlabel value1 - value3 statord1 - statord1 pctx1 - pctx3);
MPRINT(TABCOUNT):   set _tabptc3;
MPRINT(TABCOUNT):   by dct01cat start linlabel notsorted;
MPRINT(TABCOUNT):   length value1- value3 $40 statord1 - statord1 $40 pctx1 - pctx3 $10 pctx_n1 - pctx_n3 8 __temp 8;
MPRINT(TABCOUNT):   *kchan07 2016-11-1;
MPRINT(TABCOUNT):   length statval $ 40;
MPRINT(TABCOUNT):   array outval {*} $ value1 - value3;
MPRINT(TABCOUNT):   array outpct {*} $ pctx1 - pctx3;
MPRINT(TABCOUNT):   array __pn {*} pctx_n1 - pctx_n3;
MPRINT(TABCOUNT):   *kchan07 2016-11-1;
MPRINT(TABCOUNT):   retain value1 - value3 totn pctx1 - pctx3;
                                                                    The SAS System

MPRINT(TABCOUNT):   statord1 = ' ';
MPRINT(TABCOUNT):   if first.linlabel then do;
MPRINT(TABCOUNT):   totn = 0;
MPRINT(TABCOUNT):   do i = 1 to 3;
MPRINT(TABCOUNT):   outval{i} = ' ';
MPRINT(TABCOUNT):   outpct{i} = ' ';
MPRINT(TABCOUNT):   end;
MPRINT(TABCOUNT):   end;
MPRINT(TABCOUNT):   statval = ' ';
MPRINT(TABCOUNT):   if _freq_ = . then _freq_ = 0;
MPRINT(TABCOUNT):   statval = put(_freq_, 3. );
MPRINT(TABCOUNT):   len = length(statval);
MPRINT(TABCOUNT):   *if pct&__I = . then do;
MPRINT(TABCOUNT):   ** kdaughtry 07Oct08 - if count=0, then pct=0 **;
MPRINT(TABCOUNT):   *pct&__I = 0;
MPRINT(TABCOUNT):   *percent = 0;
MPRINT(TABCOUNT):   *end;
MPRINT(TABCOUNT):   if 0 < pct1 < 0.1 then do;
MPRINT(TABCOUNT):   statval = substr(statval,1,len) || " ( <0.1%)";
MPRINT(TABCOUNT):   percent = pct1;
MPRINT(TABCOUNT):   end;
MPRINT(TABCOUNT):   else do;
MPRINT(TABCOUNT):   if pct1 ne . then percent = round(pct1,0.1);
MPRINT(TABCOUNT):   if percent>0 then statval = substr(statval,1,len) || " (" || put(percent,5.1) || "%)";
MPRINT(TABCOUNT):   else statval= substr(statval,1,len);
MPRINT(TABCOUNT):   end;
MPRINT(TABCOUNT):   drop len;
MPRINT(TABCOUNT):   *if (totn=.) then totn = _freq_;
MPRINT(TABCOUNT):   *else if (_freq_>.) then totn = totn + _freq_;
MPRINT(TABCOUNT):   totn=sum(totn, _freq_);
MPRINT(TABCOUNT):   *klc 27may2015;
MPRINT(TABCOUNT):   outval{trt01pn} = statval;
MPRINT(TABCOUNT):   __pn{trt01pn} = percent;
MPRINT(TABCOUNT):   *kchan07 2016-11-1;
MPRINT(TABCOUNT):   outpct{trt01pn} = compress(put(percent,best.));
MPRINT(TABCOUNT):   if last.linlabel then do;
MPRINT(TABCOUNT):   if "F" = "F" then statord1 = put(1000000-totn,z7.);
MPRINT(TABCOUNT):   if "F" = "A" then statord1 = ' ';
MPRINT(TABCOUNT):   if "F" = "I" then statord1 = start;
MPRINT(TABCOUNT):   if "F" = "M" then do;
MPRINT(TABCOUNT):   __temp=pctx_n1;
MPRINT(TABCOUNT):   __temp = max(of pctx_n1 - pctx_n2);
MPRINT(TABCOUNT):   statord1=compress(put(__temp,z9.5));
MPRINT(TABCOUNT):   end;
MPRINT(TABCOUNT):   if "F" = "T" then statord1 = put(percent,6.2);
MPRINT(TABCOUNT):   output;
                                                                    The SAS System

MPRINT(TABCOUNT):   end;
MPRINT(TABCOUNT):   run;

NOTE: There were 6 observations read from the data set WORK._TABPTC3.
NOTE: The data set WORK._TABPTC7 has 2 observations and 10 variables.
NOTE: DATA statement used (Total process time):
      real time           0.00 seconds
      cpu time            0.01 seconds
      

MPRINT(TABCOUNT):   * proc print data = _tabptc7 (obs=100);
MPRINT(TABCOUNT):   * title "tabcount: File _tabptc7 after transpose";
MPRINT(TABCOUNT):   * run;
MPRINT(TABCOUNT):   *---------------------------------------;
MPRINT(TABCOUNT):   * CHISQ, CMH, EXACT p-values ;
MPRINT(TABCOUNT):   *---------------------------------------;
MPRINT(TABCOUNT):   *----------------------------------------------------------------------------;
MPRINT(TABCOUNT):   * If overall p-values are requested, generate and add to the dataset ;
MPRINT(TABCOUNT):   *----------------------------------------------------------------------------;
MPRINT(TABCOUNT):   *----------------------------------------------------------------------------;
MPRINT(TABCOUNT):   * If pairwise p-values are requested, generate and add to the dataset ;
MPRINT(TABCOUNT):   *----------------------------------------------------------------------------;
MPRINT(TABCOUNT):   *---------------------------------------;
MPRINT(TABCOUNT):   * Get Patient With Event totals -------;
MPRINT(TABCOUNT):   *---------------------------------------;
MPRINT(TABCOUNT):   *----------------------------------------------------------------------------;
MPRINT(TABCOUNT):   * Final data massage before merging with accumulated statistics ;
MPRINT(TABCOUNT):   *----------------------------------------------------------------------------;
MPRINT(TABCOUNT):   * proc print data = _tabptc7;
MPRINT(TABCOUNT):   * title "tabcount: File _tabptc7 ";
MPRINT(TABCOUNT):   * run;
MPRINT(TABCOUNT):   data _tabptc7;
MPRINT(TABCOUNT):   set _tabptc7;
MPRINT(TABCOUNT):   length statord $40;
MPRINT(TABCOUNT):   statord = ' ';
MPRINT(TABCOUNT):   sortord=6;
MPRINT(TABCOUNT):   type = "PTCT";
MPRINT(TABCOUNT):   level = 1;
MPRINT(TABCOUNT):   array vl {*} value1 - value3;
MPRINT(TABCOUNT):   if trim(start) eq '.' or start = ' ' then delete;
MPRINT(TABCOUNT):   do i = 1 to 3;
MPRINT(TABCOUNT):   if vl{i} = ' ' then do;
MPRINT(TABCOUNT):   vl{i} = put(0, 3. );
MPRINT(TABCOUNT):   len = length(vl{i});
MPRINT(TABCOUNT):   **vl{i} = substr(vl{i},1,len) || " (" || put(0,&pctfmt) || "%)";
MPRINT(TABCOUNT):   vl{i} = substr(vl{i},1,len);
                                                                    The SAS System

MPRINT(TABCOUNT):   drop len;
MPRINT(TABCOUNT):   end;
MPRINT(TABCOUNT):   end;
MPRINT(TABCOUNT):   drop i;
MPRINT(TABCOUNT):   length pvalc1 pvalc2 $10;
MPRINT(TABCOUNT):   pvalc1='';
MPRINT(TABCOUNT):   pvalc2='';
MPRINT(TABCOUNT):   run;

NOTE: There were 2 observations read from the data set WORK._TABPTC7.
NOTE: The data set WORK._TABPTC7 has 2 observations and 16 variables.
NOTE: DATA statement used (Total process time):
      real time           0.00 seconds
      cpu time            0.00 seconds
      

MPRINT(TABCOUNT):   data _tabptc7;
MPRINT(TABCOUNT):   set _tabptc7;
MPRINT(TABCOUNT):   format pvalc1 pvalc2;
MPRINT(TABCOUNT):   run;

NOTE: There were 2 observations read from the data set WORK._TABPTC7.
NOTE: The data set WORK._TABPTC7 has 2 observations and 16 variables.
NOTE: DATA statement used (Total process time):
      real time           0.00 seconds
      cpu time            0.00 seconds
      

MPRINT(TABCOUNT):   data combine;
MPRINT(TABCOUNT):   set combine _tabptc7;
MPRINT(TABCOUNT):   length label1 $ 250;
MPRINT(TABCOUNT):   if sortord = 6 then do;
MPRINT(TABCOUNT):   if 1 = 1 then label1 = trim("") || " " || left("Reason for Discontinuation of Study Drug");
MPRINT(TABCOUNT):   if 1 > 1 then label1 = left("Reason for Discontinuation of Study Drug");
MPRINT(TABCOUNT):   if 1 < 0 then label1 = trim(label1) || ",";
MPRINT(TABCOUNT):   if 1 > 1 then label1 = "And " || left("Reason for Discontinuation of Study Drug");
MPRINT(TABCOUNT):   end;
MPRINT(TABCOUNT):   run;

NOTE: There were 6 observations read from the data set WORK.COMBINE.
NOTE: There were 2 observations read from the data set WORK._TABPTC7.
NOTE: The data set WORK.COMBINE has 8 observations and 25 variables.
NOTE: DATA statement used (Total process time):
      real time           0.00 seconds
      cpu time            0.00 seconds
      
                                                                    The SAS System


MPRINT(TABCOUNT):   *----------------------------------------------------------------------------;
MPRINT(TABCOUNT):   * Cleanup ;
MPRINT(TABCOUNT):   *----------------------------------------------------------------------------;
MPRINT(TABCOUNT):   proc datasets library = work nolist;
MPRINT(TABCOUNT):   *delete _tabptc1 _tabptc2 _tabptc3 _tabptc4 _tabptc5 _tabptc6 _tabptc7 _tabptc8 _tabptc9;
MPRINT(TABCOUNT):   delete _tabptc: ;
MPRINT(TABCOUNT):   *2016-11-29 kchan07;
MPRINT(TABCOUNT):   quit;

NOTE: Deleting WORK._TABPTC3 (memtype=DATA).
NOTE: Deleting WORK._TABPTC7 (memtype=DATA).
NOTE: PROCEDURE DATASETS used (Total process time):
      real time           0.00 seconds
      cpu time            0.00 seconds
      

MPRINT(MAIN):  ;
MPRINT(TABDCAT):   *-----------------------------------------------------------------------------------------------* | Definition of internal macros 
| *-----------------------------------------------------------------------------------------------*;
MPRINT(TABDCAT):   *------------------------------------------------------------------------;
MPRINT(TABDCAT):   * macro tab_sam_hp ;
MPRINT(TABDCAT):   * Calculate Stratum-Adjusted Mantel-Haenszel Proportion ;
MPRINT(TABDCAT):   *------------------------------------------------------------------------;
MPRINT(TABDCAT):   *------------------------------------------------------------------------;
MPRINT(TABDCAT):   * macro ciexact ;
MPRINT(TABDCAT):   * Calculate Confidence intervals using exact method - VK 15AUG2007;
MPRINT(TABDCAT):   *------------------------------------------------------------------------;
MPRINT(TABDCAT):   *----------------------------------------------------------------------------;
MPRINT(TABDCAT):   * macro ciprep ;
MPRINT(TABDCAT):   * Prepare file for CI calculation ;
MPRINT(TABDCAT):   *----------------------------------------------------------------------------;
MPRINT(TABDCAT):   *----------------------------------------------------------------------------;
MPRINT(TABDCAT):   * macro ciprop ;
MPRINT(TABDCAT):   * Do CI calculation ;
MPRINT(TABDCAT):   *----------------------------------------------------------------------------;
MPRINT(TABDCAT):   *----------------------------------------------------------------------------;
MPRINT(TABDCAT):   * macro rratio ;
MPRINT(TABDCAT):   * Do risk ratio calculations ;
MPRINT(TABDCAT):   *----------------------------------------------------------------------------;
MPRINT(TABDCAT):   *----------------------------------------------------------------------------;
MPRINT(TABDCAT):   * macro rrcalc ;
MPRINT(TABDCAT):   * Do risk ratio calculations for each selected pair ;
MPRINT(TABDCAT):   *----------------------------------------------------------------------------;
MPRINT(TABDCAT):   *------------------------------------------------------------------;
MPRINT(TABDCAT):   * macro pval ;
                                                                    The SAS System

MPRINT(TABDCAT):   * p-value calculation ;
MPRINT(TABDCAT):   *------------------------------------------------------------------;
MPRINT(TABDCAT):   *-----------------------------------------------------------------------------------------------------------* | End of internal 
macro definition and beginning of tabdcat main section | 
*-----------------------------------------------------------------------------------------------------------*;
MPRINT(TABDCAT):   *** use default risktype if no local override ***;
MPRINT(TABDCAT):  ;
MPRINT(TABDCAT):   **************************************************;
MPRINT(TABDCAT):   *** modify stratification locally if requested ***;
MPRINT(TABDCAT):   **************************************************;
MPRINT(TABDCAT):   *----------------------------------------------------------------------------;
MPRINT(TABDCAT):   * Get analysis variable attributes (type, label, format) ;
MPRINT(TABDCAT):   * Cancel run if variable .does not. exist ;
MPRINT(TABDCAT):   *----------------------------------------------------------------------------;
MPRINT(TABDCAT):   data _null_;
MPRINT(TABDCAT):   length label1 label2 $250;
MPRINT(TABDCAT):   ds = open("analf","i");
MPRINT(TABDCAT):   var = varnum(ds , "comsn");
MPRINT(TABDCAT):   if not(var) then do;
MPRINT(TABDCAT):   call symput("_errcode","F");
MPRINT(TABDCAT):   call symput("_errmsg","Categorical analysis variable comsn .does not. exist - canceling run" );
MPRINT(TABDCAT):   end;
MPRINT(TABDCAT):   else do;
MPRINT(TABDCAT):   call symput("catvfmt",varfmt(ds,var));
MPRINT(TABDCAT):   label1 = varlabel(ds,var);
MPRINT(TABDCAT):   if index(label1,'~') > 0 then do;
MPRINT(TABDCAT):   label2 = scan(label1,2,'~');
MPRINT(TABDCAT):   label1 = scan(label1,1,'~');
MPRINT(TABDCAT):   end;
MPRINT(TABDCAT):   call symput("label1",label1);
MPRINT(TABDCAT):   call symput("label2",label2);
MPRINT(TABDCAT):   typ = vartype(ds,var);
MPRINT(TABDCAT):   call symput("type",typ);
MPRINT(TABDCAT):   end;
MPRINT(TABDCAT):   run;

INFO: Character variables have defaulted to a length of 200 at the places given by: (Line):(Column). Truncation can result.
      1314:194 TYP
NOTE: DATA statement used (Total process time):
      real time           0.00 seconds
      cpu time            0.00 seconds
      

MPRINT(TABDCAT):   *****************************************;
MPRINT(TABDCAT):   *** crate template of categories that ***;
MPRINT(TABDCAT):   *** would appear in output. ***;
                                                                    The SAS System

MPRINT(TABDCAT):   *****************************************;
MPRINT(TABDCAT):   proc sort data = analf out=col (keep= trt01pn) nodupkey;
MPRINT(TABDCAT):   by trt01pn;
MPRINT(TABDCAT):   run;

NOTE: There were 200 observations read from the data set WORK.ANALF.
NOTE: SAS sort was used.
NOTE: 197 observations with duplicate key values were deleted.
NOTE: The data set WORK.COL has 3 observations and 1 variables.
NOTE: PROCEDURE SORT used (Total process time):
      real time           0.01 seconds
      cpu time            0.00 seconds
      

MPRINT(TABDCAT):   ********************************************************************************;
MPRINT(TABDCAT):   *** 1) If there is no format assigned to analysis variabe then ***;
MPRINT(TABDCAT):   *** create template based on data and will alsways incluse missing as a cat. ***;
MPRINT(TABDCAT):   ********************************************************************************;
MPRINT(TABDCAT):   ********************************************************************;
MPRINT(TABDCAT):   *** 2) If there is format assigned to analysis variabe then ***;
MPRINT(TABDCAT):   *** create template based on format (and data, if showall=Y) and ***;
MPRINT(TABDCAT):   *** whether to incluse missing as a cat. ***;
MPRINT(TABDCAT):   ********************************************************************;
MPRINT(TABDCAT):   ** this proc summary is to determine numerator - if need only formatted values or not **;
MPRINT(TABDCAT):   proc summary nway data=analf n completetypes noprint;
MPRINT(TABDCAT):   where comsn ne .;
MPRINT(TABDCAT):   class comsn / preloadfmt ;
MPRINT(TABDCAT):   output out=_catnumer (keep=comsn rename=(comsn=comsn));
MPRINT(TABDCAT):   run;

NOTE: Multiple concurrent threads will be used to summarize data.
NOTE: There were 200 observations read from the data set WORK.ANALF.
      WHERE comsn not = .;
NOTE: The data set WORK._CATNUMER has 2 observations and 1 variables.
NOTE: PROCEDURE SUMMARY used (Total process time):
      real time           0.01 seconds
      cpu time            0.01 seconds
      

MPRINT(TABDCAT):   ** this proc summary is to determine denominator - all non-missing values **;
MPRINT(TABDCAT):   proc summary nway data=analf n completetypes noprint;
MPRINT(TABDCAT):   where comsn ne .;
MPRINT(TABDCAT):   class comsn / preloadfmt;
MPRINT(TABDCAT):   output out=_cat (keep=comsn rename=(comsn=comsn));
MPRINT(TABDCAT):   run;

                                                                    The SAS System

NOTE: Multiple concurrent threads will be used to summarize data.
NOTE: There were 200 observations read from the data set WORK.ANALF.
      WHERE comsn not = .;
NOTE: The data set WORK._CAT has 2 observations and 1 variables.
NOTE: PROCEDURE SUMMARY used (Total process time):
      real time           0.01 seconds
      cpu time            0.01 seconds
      

MPRINT(TABDCAT):   proc sort data=_cat;
MPRINT(TABDCAT):   by comsn;
MPRINT(TABDCAT):   run;

NOTE: There were 2 observations read from the data set WORK._CAT.
NOTE: SAS sort was used.
NOTE: The data set WORK._CAT has 2 observations and 1 variables.
NOTE: PROCEDURE SORT used (Total process time):
      real time           0.00 seconds
      cpu time            0.00 seconds
      

MPRINT(TABDCAT):   *** then output the template ***;
MPRINT(TABDCAT):   data _cat;
MPRINT(TABDCAT):   set col end=eof;
MPRINT(TABDCAT):   do i = 1 to x;
MPRINT(TABDCAT):   set _cat nobs=x point=i;
MPRINT(TABDCAT):   output;
MPRINT(TABDCAT):   end;
MPRINT(TABDCAT):   run;

NOTE: There were 3 observations read from the data set WORK.COL.
NOTE: The data set WORK._CAT has 6 observations and 2 variables.
NOTE: DATA statement used (Total process time):
      real time           0.00 seconds
      cpu time            0.00 seconds
      

MPRINT(TABDCAT):   *** make sure missing value is in the template ***;
MPRINT(TABDCAT):   proc sort data=_cat;
MPRINT(TABDCAT):   by trt01pn;
MPRINT(TABDCAT):   run;

NOTE: There were 6 observations read from the data set WORK._CAT.
NOTE: SAS sort was used.
NOTE: The data set WORK._CAT has 6 observations and 2 variables.
NOTE: PROCEDURE SORT used (Total process time):
                                                                    The SAS System

      real time           0.00 seconds
      cpu time            0.00 seconds
      

MPRINT(TABDCAT):   data _cat;
MPRINT(TABDCAT):   set _cat;
MPRINT(TABDCAT):   by trt01pn;
MPRINT(TABDCAT):   output;
MPRINT(TABDCAT):   if first.trt01pn and comsn ne . then do;
MPRINT(TABDCAT):   comsn = .;
MPRINT(TABDCAT):   output;
MPRINT(TABDCAT):   end;
MPRINT(TABDCAT):   run;

NOTE: There were 6 observations read from the data set WORK._CAT.
NOTE: The data set WORK._CAT has 9 observations and 2 variables.
NOTE: DATA statement used (Total process time):
      real time           0.00 seconds
      cpu time            0.00 seconds
      

MPRINT(TABDCAT):   *** out option value into template ***;
MPRINT(TABDCAT):   data _cat;
MPRINT(TABDCAT):   set _cat;
MPRINT(TABDCAT):   if comsn=. then do;
MPRINT(TABDCAT):   nomisspc="Y";
MPRINT(TABDCAT):   misspct ="N";
MPRINT(TABDCAT):   misspval="N";
MPRINT(TABDCAT):   end;
MPRINT(TABDCAT):   run;

NOTE: There were 9 observations read from the data set WORK._CAT.
NOTE: The data set WORK._CAT has 9 observations and 5 variables.
NOTE: DATA statement used (Total process time):
      real time           0.00 seconds
      cpu time            0.00 seconds
      

MPRINT(TABDCAT):   proc sort;
MPRINT(TABDCAT):   by trt01pn comsn;
MPRINT(TABDCAT):   run;

NOTE: There were 9 observations read from the data set WORK._CAT.
NOTE: SAS sort was used.
NOTE: The data set WORK._CAT has 9 observations and 5 variables.
NOTE: PROCEDURE SORT used (Total process time):
                                                                    The SAS System

      real time           0.00 seconds
      cpu time            0.00 seconds
      

MPRINT(TABDCAT):   * proc print data=_cat;
MPRINT(TABDCAT):   * title 'Cat. template';
MPRINT(TABDCAT):   * run;
MPRINT(TABDCAT):   *-------------------------;
MPRINT(TABDCAT):   * Count all data ;
MPRINT(TABDCAT):   *-------------------------;
MPRINT(TABDCAT):   proc sort data = analf out = _tabcat1;
MPRINT(TABDCAT):   by trt01pn comsn;
MPRINT(TABDCAT):   run;

NOTE: There were 200 observations read from the data set WORK.ANALF.
NOTE: SAS sort was used.
NOTE: The data set WORK._TABCAT1 has 200 observations and 47 variables.
NOTE: PROCEDURE SORT used (Total process time):
      real time           0.00 seconds
      cpu time            0.01 seconds
      

MPRINT(TABDCAT):   proc freq data=_tabcat1 noprint;
MPRINT(TABDCAT):   by trt01pn;
MPRINT(TABDCAT):   tables comsn / missing out=_tabcat3 (drop=percent);
MPRINT(TABDCAT):   * title "Macro tabdcat: File _tabcat3 after first freq ";
MPRINT(TABDCAT):   run;

NOTE: There were 200 observations read from the data set WORK._TABCAT1.
NOTE: The data set WORK._TABCAT3 has 6 observations and 3 variables.
NOTE: PROCEDURE FREQ used (Total process time):
      real time           0.00 seconds
      cpu time            0.00 seconds
      

MPRINT(TABDCAT):   ****************************************;
MPRINT(TABDCAT):   *** merge with _cat to expand levels ***;
MPRINT(TABDCAT):   ****************************************;
MPRINT(TABDCAT):   data _tabcat3;
MPRINT(TABDCAT):   merge _tabcat3 (in=int) _cat (in=ins);
MPRINT(TABDCAT):   by trt01pn comsn;
MPRINT(TABDCAT):   if ins;
MPRINT(TABDCAT):   if not int then count = 0;
MPRINT(TABDCAT):   run;

NOTE: There were 6 observations read from the data set WORK._TABCAT3.
                                                                    The SAS System

NOTE: There were 9 observations read from the data set WORK._CAT.
NOTE: The data set WORK._TABCAT3 has 9 observations and 6 variables.
NOTE: DATA statement used (Total process time):
      real time           0.00 seconds
      cpu time            0.00 seconds
      

MPRINT(TABDCAT):   * proc print;
MPRINT(TABDCAT):   * title "Macro tabdcat: File _tabcat3 after expanding categories";
MPRINT(TABDCAT):   * run;
MPRINT(TABDCAT):   *-----------------------------------------------------------;
MPRINT(TABDCAT):   * Get column totals for denominator ;
MPRINT(TABDCAT):   * If needed to, change the denominator base on denom option;
MPRINT(TABDCAT):   * then calculate percent from count and coldenom ;
MPRINT(TABDCAT):   *-----------------------------------------------------------;
MPRINT(TABDCAT):   proc summary nway data=_tabcat3 noprint;
MPRINT(TABDCAT):   where nomisspc ne 'Y';
MPRINT(TABDCAT):   class trt01pn;
MPRINT(TABDCAT):   var count;
MPRINT(TABDCAT):   output out=_tabcat3b(keep= trt01pn coldenom) sum=coldenom;
MPRINT(TABDCAT):   run;

NOTE: Multiple concurrent threads will be used to summarize data.
NOTE: There were 6 observations read from the data set WORK._TABCAT3.
      WHERE nomisspc not = 'Y';
NOTE: The data set WORK._TABCAT3B has 3 observations and 2 variables.
NOTE: PROCEDURE SUMMARY used (Total process time):
      real time           0.00 seconds
      cpu time            0.01 seconds
      

MPRINT(TABDCAT):   data _tabcat3;
MPRINT(TABDCAT):   merge _tabcat3 (in=in3) _tabcat3b (in=inb) ;
MPRINT(TABDCAT):   by trt01pn;
MPRINT(TABDCAT):   if in3;
MPRINT(TABDCAT):   if not inb then coldenom = 0;
MPRINT(TABDCAT):   ** kdaughtry - 09Sep2008 **;
MPRINT(TABDCAT):   **if coldenom ne 0 and .<count<=coldenom then percent = count / coldenom * 100;
MPRINT(TABDCAT):   if count>0 and coldenom ne 0 and .<count<=coldenom then percent = count / coldenom * 100;
MPRINT(TABDCAT):   run;

NOTE: There were 9 observations read from the data set WORK._TABCAT3.
NOTE: There were 3 observations read from the data set WORK._TABCAT3B.
NOTE: The data set WORK._TABCAT3 has 9 observations and 8 variables.
NOTE: DATA statement used (Total process time):
      real time           0.00 seconds
                                                                    The SAS System

      cpu time            0.00 seconds
      

MPRINT(TABDCAT):   proc sort data=_tabcat3;
MPRINT(TABDCAT):   by comsn;
MPRINT(TABDCAT):   run;

NOTE: There were 9 observations read from the data set WORK._TABCAT3.
NOTE: SAS sort was used.
NOTE: The data set WORK._TABCAT3 has 9 observations and 8 variables.
NOTE: PROCEDURE SORT used (Total process time):
      real time           0.00 seconds
      cpu time            0.00 seconds
      

MPRINT(TABDCAT):   proc sort data=_catnumer;
MPRINT(TABDCAT):   by comsn;
MPRINT(TABDCAT):   run;

NOTE: There were 2 observations read from the data set WORK._CATNUMER.
NOTE: SAS sort was used.
NOTE: The data set WORK._CATNUMER has 2 observations and 1 variables.
NOTE: PROCEDURE SORT used (Total process time):
      real time           0.00 seconds
      cpu time            0.00 seconds
      

MPRINT(TABDCAT):   ** only keep &var values from _catnumer dataset since this ds **;
MPRINT(TABDCAT):   ** only contains formatted values of &var **;
MPRINT(TABDCAT):   data _tabcat3;
MPRINT(TABDCAT):   merge _tabcat3 _catnumer (in=inn);
MPRINT(TABDCAT):   by comsn;
MPRINT(TABDCAT):   if inn or comsn=.;
MPRINT(TABDCAT):   run;

NOTE: There were 9 observations read from the data set WORK._TABCAT3.
NOTE: There were 2 observations read from the data set WORK._CATNUMER.
NOTE: The data set WORK._TABCAT3 has 9 observations and 8 variables.
NOTE: DATA statement used (Total process time):
      real time           0.00 seconds
      cpu time            0.00 seconds
      

MPRINT(TABDCAT):   proc sort data=_tabcat3;
MPRINT(TABDCAT):   by trt01pn;
MPRINT(TABDCAT):   run;
                                                                    The SAS System


NOTE: There were 9 observations read from the data set WORK._TABCAT3.
NOTE: SAS sort was used.
NOTE: The data set WORK._TABCAT3 has 9 observations and 8 variables.
NOTE: PROCEDURE SORT used (Total process time):
      real time           0.00 seconds
      cpu time            0.00 seconds
      

MPRINT(TABDCAT):   * proc print data = _tabcat3 (obs=100);
MPRINT(TABDCAT):   * title "Macro tabdcat: File _tabcat3 after calc deniminator";
MPRINT(TABDCAT):   * run;
MPRINT(TABDCAT):   *----------------------------------------;
MPRINT(TABDCAT):   * Percents without missing ;
MPRINT(TABDCAT):   * numbers in denominator ;
MPRINT(TABDCAT):   *----------------------------------------;
MPRINT(TABDCAT):   *** Total patient count variable, used for calculating cell percents ***;
MPRINT(TABDCAT):   **********************************************************************;
MPRINT(TABDCAT):   *** Recalculate the counts without the missings ***;
MPRINT(TABDCAT):   *** if MISSPCT requested (print missings as a category) ***;
MPRINT(TABDCAT):   *** and NOMISSPC requested (do not use missings in the denominator ***;
MPRINT(TABDCAT):   **********************************************************************;
MPRINT(TABDCAT):   ***************************************************************************;
MPRINT(TABDCAT):   *** test: if n = 100 pct for any subgroup and then skip the calculation ***;
MPRINT(TABDCAT):   *** for cilevelw ***;
MPRINT(TABDCAT):   ***************************************************************************;
MPRINT(TABDCAT):   ******************************************;
MPRINT(TABDCAT):   *** put together the display data set ***;
MPRINT(TABDCAT):   ******************************************;
MPRINT(TABDCAT):   data _tabcat4;
MPRINT(TABDCAT):   length statval statval2 statval3 $40 start $200 linlabel $250;
MPRINT(TABDCAT):   set _tabcat3;
MPRINT(TABDCAT):   by trt01pn;
MPRINT(TABDCAT):   array tmpvarn len;
MPRINT(TABDCAT):   array tmpvarc $ statval statval2 statval3 linlabel;
MPRINT(TABDCAT):   retain totcount;
MPRINT(TABDCAT):   if first.trt01pn then totcount = 0;
MPRINT(TABDCAT):   if nomisspc^='Y' then totcount + count;
MPRINT(TABDCAT):   start = left(put(comsn,best.));
MPRINT(TABDCAT):   linlabel = left(put(comsn,COMSFMT.));
MPRINT(TABDCAT):   if trim(linlabel) = '.' or linlabel = ' ' then linlabel = '- Missing -';
MPRINT(TABDCAT):   pct = percent;
MPRINT(TABDCAT):   *** NOMISSPC=Y only calculate cellpct if pct is not missing ***;
MPRINT(TABDCAT):   if (pct ne .) then cellpct = 100*(count/100);
MPRINT(TABDCAT):   else cellpct = .;
MPRINT(TABDCAT):   statval = ' ';
                                                                    The SAS System

MPRINT(TABDCAT):   statval = put(count, 3. );
MPRINT(TABDCAT):   *** If coldenom requested, show N as N/COLUMN TOTAL ***;
MPRINT(TABDCAT):   len = length(statval);
MPRINT(TABDCAT):   *** NOMISSPC=Y only format the nonmissings ***;
MPRINT(TABDCAT):   if (pct ne .) then do;
MPRINT(TABDCAT):   *** Display "0" or "0.0" as "<1" or "<0.1" ***;
MPRINT(TABDCAT):   drop tmppct;
MPRINT(TABDCAT):   tmppct = 10**-1;
MPRINT(TABDCAT):   *** Normal case = percent=0 or is >= threshold ***;
MPRINT(TABDCAT):   if(pct eq 0 or pct>=tmppct) then statval = substr(statval,1,len) || " (" || put(pct,5.1) || "%)";
MPRINT(TABDCAT):   *** Number between 0 and lowest displayable value ***;
MPRINT(TABDCAT):   else statval = substr(statval,1,len) || " ( <" || put(tmppct,3.1) || "%)";
MPRINT(TABDCAT):   end;
MPRINT(TABDCAT):   if misspct ='N' then delete;
MPRINT(TABDCAT):   * delete missing cat if not used in rpt;
MPRINT(TABDCAT):   * if nomisspc='Y' then delete;
MPRINT(TABDCAT):   * delete missing cat if not part of calculations;
MPRINT(TABDCAT):   drop len comsn misspct;
MPRINT(TABDCAT):   run;

NOTE: There were 9 observations read from the data set WORK._TABCAT3.
NOTE: The data set WORK._TABCAT4 has 6 observations and 14 variables.
NOTE: DATA statement used (Total process time):
      real time           0.02 seconds
      cpu time            0.01 seconds
      

MPRINT(TABDCAT):   * proc print data=_tabcat4;
MPRINT(TABDCAT):   * title "Macro tabdcat: File _tabcat4 after formating statistics ";
MPRINT(TABDCAT):   * run;
MPRINT(TABDCAT):   proc sort data=_tabcat4;
MPRINT(TABDCAT):   by start linlabel;
MPRINT(TABDCAT):   run;

NOTE: There were 6 observations read from the data set WORK._TABCAT4.
NOTE: SAS sort was used.
NOTE: The data set WORK._TABCAT4 has 6 observations and 14 variables.
NOTE: PROCEDURE SORT used (Total process time):
      real time           0.00 seconds
      cpu time            0.00 seconds
      

MPRINT(TABDCAT):   *----------------------------------------------------------------------------;
MPRINT(TABDCAT):   * Transpose the formatted and unformatted statistics ;
MPRINT(TABDCAT):   *----------------------------------------------------------------------------;
MPRINT(TABDCAT):   proc transpose data=_tabcat4 prefix=value out=_tabcat7;
                                                                    The SAS System

MPRINT(TABDCAT):   var statval;
MPRINT(TABDCAT):   by start linlabel;
MPRINT(TABDCAT):   id trt01pn;
MPRINT(TABDCAT):   where trt01pn is not null;
MPRINT(TABDCAT):   run;

NOTE: There were 6 observations read from the data set WORK._TABCAT4.
      WHERE trt01pn is not null;
NOTE: The data set WORK._TABCAT7 has 2 observations and 6 variables.
NOTE: PROCEDURE TRANSPOSE used (Total process time):
      real time           0.00 seconds
      cpu time            0.00 seconds
      

MPRINT(TABDCAT):   * proc print data = _tabcat7 (obs=100);
MPRINT(TABDCAT):   * title "File _tabcat7 after transpose";
MPRINT(TABDCAT):   * run;
MPRINT(TABDCAT):   *----------------------------------------------------------------------------;
MPRINT(TABDCAT):   * Calculate confidence intervals if requested ;
MPRINT(TABDCAT):   * Redo proc freq, this time with the stratification vars, and run thru ;
MPRINT(TABDCAT):   * stratified CI formula. Output is one record per analysis var value per ;
MPRINT(TABDCAT):   * byvar value ;
MPRINT(TABDCAT):   *----------------------------------------------------------------------------;
MPRINT(TABDCAT):   *----------------------------------------------------------------------------;
MPRINT(TABDCAT):   * Calculate risk ratio if requested ;
MPRINT(TABDCAT):   * Redo proc freq, not using stratification or missing parameters, and call ;
MPRINT(TABDCAT):   * RR formula. Output is one record per analysis var per byvar value ;
MPRINT(TABDCAT):   *----------------------------------------------------------------------------;
MPRINT(TABDCAT):   *---------------------------------------;
MPRINT(TABDCAT):   * CHISQ, CMH, EXACT p-values ;
MPRINT(TABDCAT):   *---------------------------------------;
MPRINT(TABDCAT):   *---------------------------------------------------;
MPRINT(TABDCAT):   * Standard (statified) categorical p-values ;
MPRINT(TABDCAT):   *---------------------------------------------------;
MPRINT(TABDCAT):   proc sort data = analfnot out = _tabcat2;
MPRINT(TABDCAT):   by trt01pn comsn;
MPRINT(TABDCAT):   run;

NOTE: There were 100 observations read from the data set WORK.ANALFNOT.
NOTE: SAS sort was used.
NOTE: The data set WORK._TABCAT2 has 100 observations and 47 variables.
NOTE: PROCEDURE SORT used (Total process time):
      real time           0.00 seconds
      cpu time            0.00 seconds
      

                                                                    The SAS System

MPRINT(TABDCAT):   *----------------------------------------------------------------------------;
MPRINT(TABDCAT):   * If pairwise p-values are requested, generate and add to the dataset ;
MPRINT(TABDCAT):   *----------------------------------------------------------------------------;
MPRINT(TABDCAT):   *----------------------------------------------------------------------------;
MPRINT(TABDCAT):   * Final data massage before merging with accumulated statistics ;
MPRINT(TABDCAT):   *----------------------------------------------------------------------------;
MPRINT(TABDCAT):   * proc print data = _tabcat7;
MPRINT(TABDCAT):   * title "File _tabcat7 ";
MPRINT(TABDCAT):   * run;
MPRINT(TABDCAT):   data _tabcat7;
MPRINT(TABDCAT):   length label1 label2 $ 250 statord value1 - value3 $40;
MPRINT(TABDCAT):   set _tabcat7;
MPRINT(TABDCAT):   sortord=7;
MPRINT(TABDCAT):   label1="Study Completion Status                                                                                                    
                                                                                                                               ";
MPRINT(TABDCAT):   label2="                                                                                                                           
                                                                                                                               ";
MPRINT(TABDCAT):   type = "CAT ";
MPRINT(TABDCAT):   statord = left(start);
MPRINT(TABDCAT):   array vl {*} value1 - value3;
MPRINT(TABDCAT):   if trim(start) eq '.' or start = ' ' then delete;
MPRINT(TABDCAT):   if trim(linlabel) = '- Missing -' then statord = '999999999';
MPRINT(TABDCAT):   vct = 0;
MPRINT(TABDCAT):   do i = 1 to 3;
MPRINT(TABDCAT):   if vl{i} = ' ' and substr(linlabel,1,10) ^= 'Risk Ratio' then do;
MPRINT(TABDCAT):   vl{i} = put(0, 3. );
MPRINT(TABDCAT):   len = length(vl{i});
MPRINT(TABDCAT):   * vl{i} = substr(vl{i},1,len) || " (" || put(0,&pctfmt) || "%)";
MPRINT(TABDCAT):   if "Y" = 'Y' and statord = '999999999' then do;
MPRINT(TABDCAT):   vl{i} = put(0, 3. );
MPRINT(TABDCAT):   end;
MPRINT(TABDCAT):   end;
MPRINT(TABDCAT):   *** Reset intentionally set "No CI" back to blank ***;
MPRINT(TABDCAT):   *** if all blank then delete ***;
MPRINT(TABDCAT):   if vl{i} = "No CI" then do;
MPRINT(TABDCAT):   vl{i} = " ";
MPRINT(TABDCAT):   vct + 1;
MPRINT(TABDCAT):   end;
MPRINT(TABDCAT):   end;
MPRINT(TABDCAT):   if vct = 3 then delete;
MPRINT(TABDCAT):   drop i vct len ;
MPRINT(TABDCAT):   * &var;
MPRINT(TABDCAT):   run;

NOTE: There were 2 observations read from the data set WORK._TABCAT7.
NOTE: The data set WORK._TABCAT7 has 2 observations and 11 variables.
                                                                    The SAS System

NOTE: DATA statement used (Total process time):
      real time           0.00 seconds
      cpu time            0.00 seconds
      

MPRINT(TABDCAT):   data combine;
MPRINT(TABDCAT):   set combine _tabcat7;
MPRINT(TABDCAT):   format pvalc1 pvalc2;
MPRINT(TABDCAT):   run;

NOTE: There were 8 observations read from the data set WORK.COMBINE.
NOTE: There were 2 observations read from the data set WORK._TABCAT7.
NOTE: The data set WORK.COMBINE has 10 observations and 25 variables.
NOTE: DATA statement used (Total process time):
      real time           0.00 seconds
      cpu time            0.00 seconds
      

MPRINT(TABDCAT):   ***--- End of EXACT CI ---***;
MPRINT(TABDCAT):   * proc print data = combine;
MPRINT(TABDCAT):   * title 'File combine after %tabdcat call';
MPRINT(TABDCAT):   * run;
MPRINT(TABDCAT):   *----------------------------------------------------------------------------;
MPRINT(TABDCAT):   * Cleanup ;
MPRINT(TABDCAT):   *----------------------------------------------------------------------------;
MPRINT(TABDCAT):   proc datasets library = work nolist;
MPRINT(TABDCAT):   delete _tabcat:;
MPRINT(TABDCAT):   quit;

NOTE: Deleting WORK._TABCAT1 (memtype=DATA).
NOTE: Deleting WORK._TABCAT2 (memtype=DATA).
NOTE: Deleting WORK._TABCAT3 (memtype=DATA).
NOTE: Deleting WORK._TABCAT3B (memtype=DATA).
NOTE: Deleting WORK._TABCAT4 (memtype=DATA).
NOTE: Deleting WORK._TABCAT7 (memtype=DATA).
NOTE: PROCEDURE DATASETS used (Total process time):
      real time           0.00 seconds
      cpu time            0.00 seconds
      

MPRINT(MAIN):  ;
MPRINT(TABCOUNT):   *** this logic moved to tabdesc ***;
MPRINT(TABCOUNT):  ;
MPRINT(TABCOUNT):   ** if one of subsetting vars (&_spercent, &_sdpvar, &_stpvar, &_spctvar, &_sopvar) **;
MPRINT(TABCOUNT):   ** is specified, then &denom cannot be specified **;
MPRINT(TABCOUNT):  ;
                                                                    The SAS System

MPRINT(TABCOUNT):   *----------------------------------------------------------------------------;
MPRINT(TABCOUNT):   * Get variable attributes (type, label, format) ;
MPRINT(TABCOUNT):   * Cancel run if variable .does not. exist ;
MPRINT(TABCOUNT):   *----------------------------------------------------------------------------;
MPRINT(TABCOUNT):   data _null_;
MPRINT(TABCOUNT):   length label1 $250;
MPRINT(TABCOUNT):   ds = open("analf","i");
MPRINT(TABCOUNT):   var = varnum(ds , "dcsreascat");
MPRINT(TABCOUNT):   if not(var) then do;
MPRINT(TABCOUNT):   call symput("_errcode","F");
MPRINT(TABCOUNT):   call symput("_errmsg","Patient count analysis variable dcsreascat "|| '.does not.'||' exist - cancelling run' );
MPRINT(TABCOUNT):   *klc 2016-10-26;
MPRINT(TABCOUNT):   stop;
MPRINT(TABCOUNT):   end;
MPRINT(TABCOUNT):   else do;
MPRINT(TABCOUNT):   label1 = varlabel(ds,var);
MPRINT(TABCOUNT):   label1 = translate(label1,' ','~');
MPRINT(TABCOUNT):   call symput("_ptclab1",trim(label1));
MPRINT(TABCOUNT):   call symput("_ptcfmt1",varfmt(ds,var));
MPRINT(TABCOUNT):   call symput("catvfmt",varfmt(ds,var));
MPRINT(TABCOUNT):   typ = vartype(ds,var);
MPRINT(TABCOUNT):   call symput("type",typ);
MPRINT(TABCOUNT):   end;
MPRINT(TABCOUNT):   run;

INFO: Character variables have defaulted to a length of 200 at the places given by: (Line):(Column). Truncation can result.
      1314:71  TYP
NOTE: DATA statement used (Total process time):
      real time           0.00 seconds
      cpu time            0.01 seconds
      

MPRINT(TABCOUNT):   *-----------------------------------------------------------;
MPRINT(TABCOUNT):   * General routine for count and percent statistics ;
MPRINT(TABCOUNT):   *-----------------------------------------------------------;
MPRINT(TABCOUNT):   *-----------------------------------------------------------;
MPRINT(TABCOUNT):   * Do count and percent once for each requested denominator;
MPRINT(TABCOUNT):   *-----------------------------------------------------------;
MPRINT(TABCOUNT):  ;
MPRINT(COUNTPCT):   proc sort data = analf out = _t1 nodupkey;
MPRINT(COUNTPCT):   by trt01pn dcsreascat subjid;
MPRINT(COUNTPCT):   run;

NOTE: There were 200 observations read from the data set WORK.ANALF.
NOTE: SAS sort was used.
NOTE: 0 observations with duplicate key values were deleted.
                                                                    The SAS System

NOTE: The data set WORK._T1 has 200 observations and 47 variables.
NOTE: PROCEDURE SORT used (Total process time):
      real time           0.03 seconds
      cpu time            0.01 seconds
      

MPRINT(COUNTPCT):   proc summary data=_t1 nway;
MPRINT(COUNTPCT):   by trt01pn dcsreascat;
MPRINT(COUNTPCT):   format trt01pn dcsreascat;
MPRINT(COUNTPCT):   output out=_t2;
MPRINT(COUNTPCT):   run;

NOTE: There were 200 observations read from the data set WORK._T1.
NOTE: The data set WORK._T2 has 9 observations and 4 variables.
NOTE: PROCEDURE SUMMARY used (Total process time):
      real time           0.00 seconds
      cpu time            0.00 seconds
      

MPRINT(COUNTPCT):   * proc print data = _t2 (obs=100);
MPRINT(COUNTPCT):   * title "tabcount: File _t2 after summary with denominator &countby ";
MPRINT(COUNTPCT):   * run;
MPRINT(COUNTPCT):   proc sort data = analf out = _t1 nodupkey;
MPRINT(COUNTPCT):   by trt01pn subjid;
MPRINT(COUNTPCT):   run;

NOTE: There were 200 observations read from the data set WORK.ANALF.
NOTE: SAS sort was used.
NOTE: 0 observations with duplicate key values were deleted.
NOTE: The data set WORK._T1 has 200 observations and 47 variables.
NOTE: PROCEDURE SORT used (Total process time):
      real time           0.02 seconds
      cpu time            0.00 seconds
      

MPRINT(COUNTPCT):   proc summary data=_t1 nway;
MPRINT(COUNTPCT):   by trt01pn;
MPRINT(COUNTPCT):   format trt01pn;
MPRINT(COUNTPCT):   output out=_t3;
MPRINT(COUNTPCT):   run;

NOTE: There were 200 observations read from the data set WORK._T1.
NOTE: The data set WORK._T3 has 3 observations and 3 variables.
NOTE: PROCEDURE SUMMARY used (Total process time):
      real time           0.00 seconds
      cpu time            0.00 seconds
                                                                    The SAS System

      

MPRINT(COUNTPCT):   * proc print data = _t3 (obs=100);
MPRINT(COUNTPCT):   * title "tabcount: File _t3 after summary with denominator &pctby";
MPRINT(COUNTPCT):   * run;
MPRINT(COUNTPCT):   proc sort data = _t2;
MPRINT(COUNTPCT):   by trt01pn;
MPRINT(COUNTPCT):   run;

NOTE: There were 9 observations read from the data set WORK._T2.
NOTE: SAS sort was used.
NOTE: The data set WORK._T2 has 9 observations and 4 variables.
NOTE: PROCEDURE SORT used (Total process time):
      real time           0.00 seconds
      cpu time            0.00 seconds
      

MPRINT(COUNTPCT):   data _tabc1;
MPRINT(COUNTPCT):   merge _t2(drop=_type_) _t3 (rename=(_freq_=denom));
MPRINT(COUNTPCT):   by trt01pn;
MPRINT(COUNTPCT):   **if denom > 0 then &pctvar = 100 * _freq_ / denom;
MPRINT(COUNTPCT):   if denom > 0 and _freq_>0 then pct1 = 100 * _freq_ / denom;
MPRINT(COUNTPCT):   run;

NOTE: There were 9 observations read from the data set WORK._T2.
NOTE: There were 3 observations read from the data set WORK._T3.
NOTE: The data set WORK._TABC1 has 9 observations and 6 variables.
NOTE: DATA statement used (Total process time):
      real time           0.00 seconds
      cpu time            0.00 seconds
      

MPRINT(TABCOUNT):  ;
MPRINT(TABCOUNT):   proc sort data = _tabc1;
MPRINT(TABCOUNT):   by dcsreascat trt01pn;
MPRINT(TABCOUNT):   run;

NOTE: There were 9 observations read from the data set WORK._TABC1.
NOTE: SAS sort was used.
NOTE: The data set WORK._TABC1 has 9 observations and 6 variables.
NOTE: PROCEDURE SORT used (Total process time):
      real time           0.00 seconds
      cpu time            0.00 seconds
      

MPRINT(TABCOUNT):   data _tabptc3;
                                                                    The SAS System

MPRINT(TABCOUNT):   set _tabc1;
MPRINT(TABCOUNT):   run;

NOTE: There were 9 observations read from the data set WORK._TABC1.
NOTE: The data set WORK._TABPTC3 has 9 observations and 6 variables.
NOTE: DATA statement used (Total process time):
      real time           0.00 seconds
      cpu time            0.00 seconds
      

MPRINT(TABCOUNT):   * proc print data = _tabc&__I (obs=100);
MPRINT(TABCOUNT):   * title "tabcount: File _tabc&__I after summary ";
MPRINT(TABCOUNT):   * run;
MPRINT(TABCOUNT):   *----------------------------------------------------------------------------;
MPRINT(TABCOUNT):   * Get list of categories specified in the format in variable catvfmt ;
MPRINT(TABCOUNT):   * Flag to indicate if format found in macro variable _gotfmt ;
MPRINT(TABCOUNT):   * Categories in data set _tabptc4 ;
MPRINT(TABCOUNT):   *----------------------------------------------------------------------------;
MPRINT(TABCOUNT):   *---------------------------------------;
MPRINT(TABCOUNT):   * Reformat count and percent ;
MPRINT(TABCOUNT):   *---------------------------------------;
MPRINT(TABCOUNT):   data _tabptc3;
MPRINT(TABCOUNT):   set _tabptc3;
MPRINT(TABCOUNT):   length linlabel $250;
MPRINT(TABCOUNT):   length start $200;
MPRINT(TABCOUNT):   start = left(dcsreascat);
MPRINT(TABCOUNT):   linlabel=left(dcsreascat);
MPRINT(TABCOUNT):   if trim(linlabel) = '.' or linlabel = ' ' then delete;
MPRINT(TABCOUNT):   run;

NOTE: There were 9 observations read from the data set WORK._TABPTC3.
NOTE: The data set WORK._TABPTC3 has 6 observations and 8 variables.
NOTE: DATA statement used (Total process time):
      real time           0.00 seconds
      cpu time            0.01 seconds
      

MPRINT(TABCOUNT):   * proc print data = _tabptc3 (obs=100);
MPRINT(TABCOUNT):   * title "tabcount: File _tabptc3 after formatting statistics ";
MPRINT(TABCOUNT):   * run;
MPRINT(TABCOUNT):   *----------------------------------------------------------------------------;
MPRINT(TABCOUNT):   * If all categories are to be shown, get the list of categories from the ;
MPRINT(TABCOUNT):   * variable format and expand the file to include all the defined categories;
MPRINT(TABCOUNT):   *----------------------------------------------------------------------------;
MPRINT(TABCOUNT):   *--------------------------------------------------------------------------;
MPRINT(TABCOUNT):   * postprocess _tabptc3 to modify START variable if sortby = I and the VAR;
                                                                    The SAS System

MPRINT(TABCOUNT):   * is numeric. This to accomodate cases where the values might be negative;
MPRINT(TABCOUNT):   *--------------------------------------------------------------------------;
MPRINT(TABCOUNT):   *----------------------------------------------------------------------------;
MPRINT(TABCOUNT):   * Transpose the formatted and unformatted statistics ;
MPRINT(TABCOUNT):   *----------------------------------------------------------------------------;
MPRINT(TABCOUNT):   data _tabptc7 (keep = dcsreascat start linlabel value1 - value3 statord1 - statord1 pctx1 - pctx3);
MPRINT(TABCOUNT):   set _tabptc3;
MPRINT(TABCOUNT):   by dcsreascat start linlabel notsorted;
MPRINT(TABCOUNT):   length value1- value3 $40 statord1 - statord1 $40 pctx1 - pctx3 $10 pctx_n1 - pctx_n3 8 __temp 8;
MPRINT(TABCOUNT):   *kchan07 2016-11-1;
MPRINT(TABCOUNT):   length statval $ 40;
MPRINT(TABCOUNT):   array outval {*} $ value1 - value3;
MPRINT(TABCOUNT):   array outpct {*} $ pctx1 - pctx3;
MPRINT(TABCOUNT):   array __pn {*} pctx_n1 - pctx_n3;
MPRINT(TABCOUNT):   *kchan07 2016-11-1;
MPRINT(TABCOUNT):   retain value1 - value3 totn pctx1 - pctx3;
MPRINT(TABCOUNT):   statord1 = ' ';
MPRINT(TABCOUNT):   if first.linlabel then do;
MPRINT(TABCOUNT):   totn = 0;
MPRINT(TABCOUNT):   do i = 1 to 3;
MPRINT(TABCOUNT):   outval{i} = ' ';
MPRINT(TABCOUNT):   outpct{i} = ' ';
MPRINT(TABCOUNT):   end;
MPRINT(TABCOUNT):   end;
MPRINT(TABCOUNT):   statval = ' ';
MPRINT(TABCOUNT):   if _freq_ = . then _freq_ = 0;
MPRINT(TABCOUNT):   statval = put(_freq_, 3. );
MPRINT(TABCOUNT):   len = length(statval);
MPRINT(TABCOUNT):   *if pct&__I = . then do;
MPRINT(TABCOUNT):   ** kdaughtry 07Oct08 - if count=0, then pct=0 **;
MPRINT(TABCOUNT):   *pct&__I = 0;
MPRINT(TABCOUNT):   *percent = 0;
MPRINT(TABCOUNT):   *end;
MPRINT(TABCOUNT):   if 0 < pct1 < 0.1 then do;
MPRINT(TABCOUNT):   statval = substr(statval,1,len) || " ( <0.1%)";
MPRINT(TABCOUNT):   percent = pct1;
MPRINT(TABCOUNT):   end;
MPRINT(TABCOUNT):   else do;
MPRINT(TABCOUNT):   if pct1 ne . then percent = round(pct1,0.1);
MPRINT(TABCOUNT):   if percent>0 then statval = substr(statval,1,len) || " (" || put(percent,5.1) || "%)";
MPRINT(TABCOUNT):   else statval= substr(statval,1,len);
MPRINT(TABCOUNT):   end;
MPRINT(TABCOUNT):   drop len;
MPRINT(TABCOUNT):   *if (totn=.) then totn = _freq_;
MPRINT(TABCOUNT):   *else if (_freq_>.) then totn = totn + _freq_;
MPRINT(TABCOUNT):   totn=sum(totn, _freq_);
                                                                    The SAS System

MPRINT(TABCOUNT):   *klc 27may2015;
MPRINT(TABCOUNT):   outval{trt01pn} = statval;
MPRINT(TABCOUNT):   __pn{trt01pn} = percent;
MPRINT(TABCOUNT):   *kchan07 2016-11-1;
MPRINT(TABCOUNT):   outpct{trt01pn} = compress(put(percent,best.));
MPRINT(TABCOUNT):   if last.linlabel then do;
MPRINT(TABCOUNT):   if "F" = "F" then statord1 = put(1000000-totn,z7.);
MPRINT(TABCOUNT):   if "F" = "A" then statord1 = ' ';
MPRINT(TABCOUNT):   if "F" = "I" then statord1 = start;
MPRINT(TABCOUNT):   if "F" = "M" then do;
MPRINT(TABCOUNT):   __temp=pctx_n1;
MPRINT(TABCOUNT):   __temp = max(of pctx_n1 - pctx_n2);
MPRINT(TABCOUNT):   statord1=compress(put(__temp,z9.5));
MPRINT(TABCOUNT):   end;
MPRINT(TABCOUNT):   if "F" = "T" then statord1 = put(percent,6.2);
MPRINT(TABCOUNT):   output;
MPRINT(TABCOUNT):   end;
MPRINT(TABCOUNT):   run;

NOTE: There were 6 observations read from the data set WORK._TABPTC3.
NOTE: The data set WORK._TABPTC7 has 2 observations and 10 variables.
NOTE: DATA statement used (Total process time):
      real time           0.00 seconds
      cpu time            0.00 seconds
      

MPRINT(TABCOUNT):   * proc print data = _tabptc7 (obs=100);
MPRINT(TABCOUNT):   * title "tabcount: File _tabptc7 after transpose";
MPRINT(TABCOUNT):   * run;
MPRINT(TABCOUNT):   *---------------------------------------;
MPRINT(TABCOUNT):   * CHISQ, CMH, EXACT p-values ;
MPRINT(TABCOUNT):   *---------------------------------------;
MPRINT(TABCOUNT):   *----------------------------------------------------------------------------;
MPRINT(TABCOUNT):   * If overall p-values are requested, generate and add to the dataset ;
MPRINT(TABCOUNT):   *----------------------------------------------------------------------------;
MPRINT(TABCOUNT):   *----------------------------------------------------------------------------;
MPRINT(TABCOUNT):   * If pairwise p-values are requested, generate and add to the dataset ;
MPRINT(TABCOUNT):   *----------------------------------------------------------------------------;
MPRINT(TABCOUNT):   *---------------------------------------;
MPRINT(TABCOUNT):   * Get Patient With Event totals -------;
MPRINT(TABCOUNT):   *---------------------------------------;
MPRINT(TABCOUNT):   *----------------------------------------------------------------------------;
MPRINT(TABCOUNT):   * Final data massage before merging with accumulated statistics ;
MPRINT(TABCOUNT):   *----------------------------------------------------------------------------;
MPRINT(TABCOUNT):   * proc print data = _tabptc7;
MPRINT(TABCOUNT):   * title "tabcount: File _tabptc7 ";
                                                                    The SAS System

MPRINT(TABCOUNT):   * run;
MPRINT(TABCOUNT):   data _tabptc7;
MPRINT(TABCOUNT):   set _tabptc7;
MPRINT(TABCOUNT):   length statord $40;
MPRINT(TABCOUNT):   statord = ' ';
MPRINT(TABCOUNT):   sortord=8;
MPRINT(TABCOUNT):   type = "PTCT";
MPRINT(TABCOUNT):   level = 1;
MPRINT(TABCOUNT):   array vl {*} value1 - value3;
MPRINT(TABCOUNT):   if trim(start) eq '.' or start = ' ' then delete;
MPRINT(TABCOUNT):   do i = 1 to 3;
MPRINT(TABCOUNT):   if vl{i} = ' ' then do;
MPRINT(TABCOUNT):   vl{i} = put(0, 3. );
MPRINT(TABCOUNT):   len = length(vl{i});
MPRINT(TABCOUNT):   **vl{i} = substr(vl{i},1,len) || " (" || put(0,&pctfmt) || "%)";
MPRINT(TABCOUNT):   vl{i} = substr(vl{i},1,len);
MPRINT(TABCOUNT):   drop len;
MPRINT(TABCOUNT):   end;
MPRINT(TABCOUNT):   end;
MPRINT(TABCOUNT):   drop i;
MPRINT(TABCOUNT):   length pvalc1 pvalc2 $10;
MPRINT(TABCOUNT):   pvalc1='';
MPRINT(TABCOUNT):   pvalc2='';
MPRINT(TABCOUNT):   run;

NOTE: There were 2 observations read from the data set WORK._TABPTC7.
NOTE: The data set WORK._TABPTC7 has 2 observations and 16 variables.
NOTE: DATA statement used (Total process time):
      real time           0.00 seconds
      cpu time            0.01 seconds
      

MPRINT(TABCOUNT):   data _tabptc7;
MPRINT(TABCOUNT):   set _tabptc7;
MPRINT(TABCOUNT):   format pvalc1 pvalc2;
MPRINT(TABCOUNT):   run;

NOTE: There were 2 observations read from the data set WORK._TABPTC7.
NOTE: The data set WORK._TABPTC7 has 2 observations and 16 variables.
NOTE: DATA statement used (Total process time):
      real time           0.00 seconds
      cpu time            0.00 seconds
      

MPRINT(TABCOUNT):   data combine;
MPRINT(TABCOUNT):   set combine _tabptc7;
                                                                    The SAS System

MPRINT(TABCOUNT):   length label1 $ 250;
MPRINT(TABCOUNT):   if sortord = 8 then do;
MPRINT(TABCOUNT):   if 1 = 1 then label1 = trim("") || " " || left("Reason for Discontinuation of Study");
MPRINT(TABCOUNT):   if 1 > 1 then label1 = left("Reason for Discontinuation of Study");
MPRINT(TABCOUNT):   if 1 < 0 then label1 = trim(label1) || ",";
MPRINT(TABCOUNT):   if 1 > 1 then label1 = "And " || left("Reason for Discontinuation of Study");
MPRINT(TABCOUNT):   end;
MPRINT(TABCOUNT):   run;

NOTE: There were 10 observations read from the data set WORK.COMBINE.
NOTE: There were 2 observations read from the data set WORK._TABPTC7.
NOTE: The data set WORK.COMBINE has 12 observations and 26 variables.
NOTE: DATA statement used (Total process time):
      real time           0.00 seconds
      cpu time            0.00 seconds
      

MPRINT(TABCOUNT):   *----------------------------------------------------------------------------;
MPRINT(TABCOUNT):   * Cleanup ;
MPRINT(TABCOUNT):   *----------------------------------------------------------------------------;
MPRINT(TABCOUNT):   proc datasets library = work nolist;
MPRINT(TABCOUNT):   *delete _tabptc1 _tabptc2 _tabptc3 _tabptc4 _tabptc5 _tabptc6 _tabptc7 _tabptc8 _tabptc9;
MPRINT(TABCOUNT):   delete _tabptc: ;
MPRINT(TABCOUNT):   *2016-11-29 kchan07;
MPRINT(TABCOUNT):   quit;

NOTE: Deleting WORK._TABPTC3 (memtype=DATA).
NOTE: Deleting WORK._TABPTC7 (memtype=DATA).
NOTE: PROCEDURE DATASETS used (Total process time):
      real time           0.00 seconds
      cpu time            0.00 seconds
      

MPRINT(MAIN):  ;
MPRINT(MAIN):   data combine;
MPRINT(MAIN):   set combine;
MPRINT(MAIN):   length _newlbl $80;
MPRINT(MAIN):   select (sortord);
MPRINT(MAIN):   when (1) do;
MPRINT(MAIN):   _newlbl = 'Screened';
MPRINT(MAIN):   value1 = ' ';
MPRINT(MAIN):   value2 = ' ';
MPRINT(MAIN):   end;
MPRINT(MAIN):   when (2) _newlbl = 'ITT Analysis Set';
MPRINT(MAIN):   when (3) _newlbl = 'Safety Analysis Set';
MPRINT(MAIN):   when (4) _newlbl = 'PK Analysis Set';
                                                                    The SAS System

MPRINT(MAIN):   otherwise _newlbl = ' ';
MPRINT(MAIN):   end;
MPRINT(MAIN):   if _newlbl ne ' ' then do;
MPRINT(MAIN):   linlabel = left(_newlbl);
MPRINT(MAIN):   level = 0;
MPRINT(MAIN):   end;
MPRINT(MAIN):   drop _newlbl;
MPRINT(MAIN):   run;

NOTE: There were 12 observations read from the data set WORK.COMBINE.
NOTE: The data set WORK.COMBINE has 12 observations and 26 variables.
NOTE: DATA statement used (Total process time):
      real time           0.00 seconds
      cpu time            0.00 seconds
      

MPRINT(TABPREP):   options missing = ' ';
MPRINT(TABPREP):   **Set the value of parameter wantrtf = N in the code regardless of the value in the macro call**;
MPRINT(TABPREP):   options pagesize=48;
MPRINT(TABPREP):   ********************************************;
MPRINT(TABPREP):   *** number of columns per page ***;
MPRINT(TABPREP):   *** = # of trt group +1 (if ocprint) ***;
MPRINT(TABPREP):   *** + number of overall p-values ***;
MPRINT(TABPREP):   *** + number of ci column ***;
MPRINT(TABPREP):   *** + number of p-values for comparison***;
MPRINT(TABPREP):   ********************************************;
MPRINT(TABPREP):  ;
MPRINT(TABPREP):  ;
MPRINT(TABPREP):   ;
MPRINT(TABPREP):   data _null_;
MPRINT(TABPREP):   retain maxstat 0;
MPRINT(TABPREP):   maxstat=maxstat+4;
MPRINT(TABPREP):   call symput('statmaxl',trim(left(put(maxstat,5.0))) );
MPRINT(TABPREP):   stop;
MPRINT(TABPREP):   run;

NOTE: DATA statement used (Total process time):
      real time           0.00 seconds
      cpu time            0.01 seconds
      

MPRINT(TABPREP):   *kchan07 20april2015;
MPRINT(TABPREP):   data m_combine;
MPRINT(TABPREP):   set combine;
MPRINT(TABPREP):   run;

                                                                    The SAS System

NOTE: There were 12 observations read from the data set WORK.COMBINE.
NOTE: The data set WORK.M_COMBINE has 12 observations and 26 variables.
NOTE: DATA statement used (Total process time):
      real time           0.00 seconds
      cpu time            0.00 seconds
      

MPRINT(TABPREP):   data _null_;
MPRINT(TABPREP):   set m_combine end = eof;
MPRINT(TABPREP):   retain maxoc 0;
MPRINT(TABPREP):   if eof then call symput ('maxoc',compress(put(maxoc,best.)));
MPRINT(TABPREP):   run;

NOTE: There were 12 observations read from the data set WORK.M_COMBINE.
NOTE: DATA statement used (Total process time):
      real time           0.00 seconds
      cpu time            0.00 seconds
      

MPRINT(TABPREP):   data _null_;
MPRINT(TABPREP):   length linlabel $250 value1 - value3 $40;
MPRINT(TABPREP):   level = .;
MPRINT(TABPREP):   set m_combine end = eof;
MPRINT(TABPREP):   retain maxstat maxbyln 0;
MPRINT(TABPREP):   length _lab_ _lab2_ $250;
MPRINT(TABPREP):   lablines = 0;
MPRINT(TABPREP):   lablines = length(compress("~",'~','k'));
MPRINT(TABPREP):   maxstat=max(maxstat,length(value1) );
MPRINT(TABPREP):   if 0 < level < 1 then maxstat = max(maxstat,length(value1)+2 );
MPRINT(TABPREP):   maxstat=max(maxstat,length(value2) );
MPRINT(TABPREP):   if 0 < level < 1 then maxstat = max(maxstat,length(value2)+2 );
MPRINT(TABPREP):   maxstat=max(maxstat,length(value3) );
MPRINT(TABPREP):   if 0 < level < 1 then maxstat = max(maxstat,length(value3)+2 );
MPRINT(TABPREP):   if ^eof then return;
MPRINT(TABPREP):   _lab_ = trim(put(1,TRTFMT. )) || compress("~(N=          50)");
MPRINT(TABPREP):   if "Y" = "Y" and 1 = 3 then _lab_ = "Total" || compress("~(N=          50)");
MPRINT(TABPREP):   call symput ("_collb1", trim(_lab_) );
MPRINT(TABPREP):   if "" ne " " then _lab_ = trim(_lab_) || "~";
MPRINT(TABPREP):   lines = length(compress('~'||_lab_,'~','k'));
MPRINT(TABPREP):   lablines = max(lablines, lines);
MPRINT(TABPREP):   _lab_ = trim(put(2,TRTFMT. )) || compress("~(N=          50)");
MPRINT(TABPREP):   if "Y" = "Y" and 2 = 3 then _lab_ = "Total" || compress("~(N=          50)");
MPRINT(TABPREP):   call symput ("_collb2", trim(_lab_) );
MPRINT(TABPREP):   if "" ne " " then _lab_ = trim(_lab_) || "~";
MPRINT(TABPREP):   lines = length(compress('~'||_lab_,'~','k'));
MPRINT(TABPREP):   lablines = max(lablines, lines);
                                                                    The SAS System

MPRINT(TABPREP):   _lab_ = trim(put(3,TRTFMT. )) || compress("~(N=         100)");
MPRINT(TABPREP):   if "Y" = "Y" and 3 = 3 then _lab_ = "Total" || compress("~(N=         100)");
MPRINT(TABPREP):   call symput ("_collb3", trim(_lab_) );
MPRINT(TABPREP):   if "" ne " " then _lab_ = trim(_lab_) || "~";
MPRINT(TABPREP):   lines = length(compress('~'||_lab_,'~','k'));
MPRINT(TABPREP):   lablines = max(lablines, lines);
MPRINT(TABPREP):   call symput ( "colhd" , put(lablines + 2 , 3.0 ) );
MPRINT(TABPREP):   _lab2_ = put(1,TRTFMT.) || compress("~(N=          50)");
MPRINT(TABPREP):   if "" ne " " then _lab_ = trim(_lab_) || "~";
MPRINT(TABPREP):   do j = 1 to 10;
MPRINT(TABPREP):   _lab_ = left(scan(_lab2_,j,'~'));
MPRINT(TABPREP):   maxlen = max(4,maxstat,maxlen,length(trim(_lab_)));
MPRINT(TABPREP):   maxhdr = max(4,maxhdr,length(trim(_lab_)));
MPRINT(TABPREP):   end;
MPRINT(TABPREP):   _lab2_ = put(2,TRTFMT.) || compress("~(N=          50)");
MPRINT(TABPREP):   if "" ne " " then _lab_ = trim(_lab_) || "~";
MPRINT(TABPREP):   do j = 1 to 10;
MPRINT(TABPREP):   _lab_ = left(scan(_lab2_,j,'~'));
MPRINT(TABPREP):   maxlen = max(4,maxstat,maxlen,length(trim(_lab_)));
MPRINT(TABPREP):   maxhdr = max(4,maxhdr,length(trim(_lab_)));
MPRINT(TABPREP):   end;
MPRINT(TABPREP):   _lab2_ = put(3,TRTFMT.) || compress("~(N=         100)");
MPRINT(TABPREP):   if "" ne " " then _lab_ = trim(_lab_) || "~";
MPRINT(TABPREP):   do j = 1 to 10;
MPRINT(TABPREP):   _lab_ = left(scan(_lab2_,j,'~'));
MPRINT(TABPREP):   maxlen = max(4,maxstat,maxlen,length(trim(_lab_)));
MPRINT(TABPREP):   maxhdr = max(4,maxhdr,length(trim(_lab_)));
MPRINT(TABPREP):   end;
MPRINT(TABPREP):   call symput('statmaxl',trim(left(put(maxlen,5.0))) );
MPRINT(TABPREP):   call symput('statmaxh',trim(left(put(maxhdr,5.0))) );
MPRINT(TABPREP):   _lab_ = "Number of Participants";
MPRINT(CNTWRAP):   __ind = 0;
MPRINT(CNTWRAP):   if (__ind<0) then __ind = 0;
MPRINT(CNTWRAP):   length _tmp_ _tmp2_ $250;
MPRINT(CNTWRAP):   _wrap_ = 0;
MPRINT(CNTWRAP):   _fill_ = __ind + 2;
MPRINT(CNTWRAP):   _tmp_ = left(_lab_);
MPRINT(CNTWRAP):   if (__ind>0) then _tmp_ = repeat(' ',__ind-1) || left(_lab_);
MPRINT(CNTWRAP):   if length(_tmp_) > 50 then do;
MPRINT(CNTWRAP):   _startcol = __ind + 1;
MPRINT(CNTWRAP):   _endcol = 50;
MPRINT(CNTWRAP):   _done = 0;
MPRINT(CNTWRAP):   do until(_done);
MPRINT(CNTWRAP):   _lettr1_ = substr(_tmp_,_endcol+1,1);
MPRINT(CNTWRAP):   if( _lettr1_ = " " ) then do;
MPRINT(CNTWRAP):   _splitcol = _endcol+1;
                                                                    The SAS System

MPRINT(CNTWRAP):   _tmp_ = substr(_tmp_,1,_splitcol-1) || "~" || repeat(" ",_fill_-1) || substr(_tmp_,_splitcol+1);
MPRINT(CNTWRAP):   _wrap_ + 1;
MPRINT(CNTWRAP):   end;
MPRINT(CNTWRAP):   else do;
MPRINT(CNTWRAP):   _gotword = 0;
MPRINT(CNTWRAP):   do _j_ = _endcol to _startcol by -1;
MPRINT(CNTWRAP):   _lettr1_ = substr(_tmp_,_j_,1);
MPRINT(CNTWRAP):   if (_lettr1_ = ' ') then do;
MPRINT(CNTWRAP):   _splitcol = _j_;
MPRINT(CNTWRAP):   _tmp_ = substr(_tmp_,1,_splitcol-1) || "~" || repeat(" ",_fill_-1) || substr(_tmp_,_splitcol+1);
MPRINT(CNTWRAP):   _wrap_ + 1;
MPRINT(CNTWRAP):   _gotword = 1;
MPRINT(CNTWRAP):   _j_ = 0;
MPRINT(CNTWRAP):   end;
MPRINT(CNTWRAP):   end;
MPRINT(CNTWRAP):   if (not(_gotword)) then do;
MPRINT(CNTWRAP):   _splitcol = _endcol+1;
MPRINT(CNTWRAP):   _tmp_ = substr(_tmp_,1,_splitcol-1) || "~" || repeat(" ",_fill_-1) || substr(_tmp_,_splitcol);
MPRINT(CNTWRAP):   _wrap_ + 1;
MPRINT(CNTWRAP):   end;
MPRINT(CNTWRAP):   end;
MPRINT(CNTWRAP):   _startcol = _splitcol + _fill_ + 1;
MPRINT(CNTWRAP):   _endcol = _splitcol + 50;
MPRINT(CNTWRAP):   if (_endcol ge 250) or (length(substr(_tmp_,_splitcol+1)) le 50) then _done = 1;
MPRINT(CNTWRAP):   end;
MPRINT(CNTWRAP):   if _splitcol then do;
MPRINT(CNTWRAP):   _tmp2_ = substr(_tmp_,_splitcol+1);
MPRINT(CNTWRAP):   if (length(_tmp2_)=50) then do;
MPRINT(CNTWRAP):   _gotword = 0;
MPRINT(CNTWRAP):   do _j_ = 50 to _fill_+1 by -1;
MPRINT(CNTWRAP):   _lettr1_ = substr(_tmp2_,_j_,1);
MPRINT(CNTWRAP):   if (_lettr1_ = ' ') then do;
MPRINT(CNTWRAP):   _tmp2_ = substr(_tmp2_,1,_j_-1) || "~" || repeat(" ",_fill_-1) || substr(_tmp2_,_j_);
MPRINT(CNTWRAP):   _wrap_ + 1;
MPRINT(CNTWRAP):   _gotword = 1;
MPRINT(CNTWRAP):   _j_ = 0;
MPRINT(CNTWRAP):   end;
MPRINT(CNTWRAP):   end;
MPRINT(CNTWRAP):   if (not(_gotword)) then do;
MPRINT(CNTWRAP):   _j_ = 50-1;
MPRINT(CNTWRAP):   _tmp2_ = substr(_tmp2_,1,_j_-1) || "~" || repeat(" ",_fill_-1) || substr(_tmp2_,_j_);
MPRINT(CNTWRAP):   _wrap_ + 1;
MPRINT(CNTWRAP):   end;
MPRINT(CNTWRAP):   _tmp_ = substr(_tmp_,1,_splitcol)||_tmp2_;
MPRINT(CNTWRAP):   end;
MPRINT(CNTWRAP):   else _tmp_ = substr(_tmp_,1,_splitcol)||" "||substr(_tmp_,_splitcol+1);
                                                                    The SAS System

MPRINT(CNTWRAP):   end;
MPRINT(CNTWRAP):   end;
MPRINT(CNTWRAP):   _tmp_ = _tmp_;
MPRINT(TABPREP):  ;
MPRINT(TABPREP):   texthd = 2 + _wrap_;
MPRINT(TABPREP):   if "N" = "Y" then do;
MPRINT(TABPREP):   _lab_ = "Number Of Participants With Any Event";
MPRINT(CNTWRAP):   __ind = 0;
MPRINT(CNTWRAP):   if (__ind<0) then __ind = 0;
MPRINT(CNTWRAP):   length _tmp_ _tmp2_ $250;
MPRINT(CNTWRAP):   _wrap_ = 0;
MPRINT(CNTWRAP):   _fill_ = __ind + 2;
MPRINT(CNTWRAP):   _tmp_ = left(_lab_);
MPRINT(CNTWRAP):   if (__ind>0) then _tmp_ = repeat(' ',__ind-1) || left(_lab_);
MPRINT(CNTWRAP):   if length(_tmp_) > 50 then do;
MPRINT(CNTWRAP):   _startcol = __ind + 1;
MPRINT(CNTWRAP):   _endcol = 50;
MPRINT(CNTWRAP):   _done = 0;
MPRINT(CNTWRAP):   do until(_done);
MPRINT(CNTWRAP):   _lettr1_ = substr(_tmp_,_endcol+1,1);
MPRINT(CNTWRAP):   if( _lettr1_ = " " ) then do;
MPRINT(CNTWRAP):   _splitcol = _endcol+1;
MPRINT(CNTWRAP):   _tmp_ = substr(_tmp_,1,_splitcol-1) || "~" || repeat(" ",_fill_-1) || substr(_tmp_,_splitcol+1);
MPRINT(CNTWRAP):   _wrap_ + 1;
MPRINT(CNTWRAP):   end;
MPRINT(CNTWRAP):   else do;
MPRINT(CNTWRAP):   _gotword = 0;
MPRINT(CNTWRAP):   do _j_ = _endcol to _startcol by -1;
MPRINT(CNTWRAP):   _lettr1_ = substr(_tmp_,_j_,1);
MPRINT(CNTWRAP):   if (_lettr1_ = ' ') then do;
MPRINT(CNTWRAP):   _splitcol = _j_;
MPRINT(CNTWRAP):   _tmp_ = substr(_tmp_,1,_splitcol-1) || "~" || repeat(" ",_fill_-1) || substr(_tmp_,_splitcol+1);
MPRINT(CNTWRAP):   _wrap_ + 1;
MPRINT(CNTWRAP):   _gotword = 1;
MPRINT(CNTWRAP):   _j_ = 0;
MPRINT(CNTWRAP):   end;
MPRINT(CNTWRAP):   end;
MPRINT(CNTWRAP):   if (not(_gotword)) then do;
MPRINT(CNTWRAP):   _splitcol = _endcol+1;
MPRINT(CNTWRAP):   _tmp_ = substr(_tmp_,1,_splitcol-1) || "~" || repeat(" ",_fill_-1) || substr(_tmp_,_splitcol);
MPRINT(CNTWRAP):   _wrap_ + 1;
MPRINT(CNTWRAP):   end;
MPRINT(CNTWRAP):   end;
MPRINT(CNTWRAP):   _startcol = _splitcol + _fill_ + 1;
MPRINT(CNTWRAP):   _endcol = _splitcol + 50;
MPRINT(CNTWRAP):   if (_endcol ge 250) or (length(substr(_tmp_,_splitcol+1)) le 50) then _done = 1;
                                                                    The SAS System

MPRINT(CNTWRAP):   end;
MPRINT(CNTWRAP):   if _splitcol then do;
MPRINT(CNTWRAP):   _tmp2_ = substr(_tmp_,_splitcol+1);
MPRINT(CNTWRAP):   if (length(_tmp2_)=50) then do;
MPRINT(CNTWRAP):   _gotword = 0;
MPRINT(CNTWRAP):   do _j_ = 50 to _fill_+1 by -1;
MPRINT(CNTWRAP):   _lettr1_ = substr(_tmp2_,_j_,1);
MPRINT(CNTWRAP):   if (_lettr1_ = ' ') then do;
MPRINT(CNTWRAP):   _tmp2_ = substr(_tmp2_,1,_j_-1) || "~" || repeat(" ",_fill_-1) || substr(_tmp2_,_j_);
MPRINT(CNTWRAP):   _wrap_ + 1;
MPRINT(CNTWRAP):   _gotword = 1;
MPRINT(CNTWRAP):   _j_ = 0;
MPRINT(CNTWRAP):   end;
MPRINT(CNTWRAP):   end;
MPRINT(CNTWRAP):   if (not(_gotword)) then do;
MPRINT(CNTWRAP):   _j_ = 50-1;
MPRINT(CNTWRAP):   _tmp2_ = substr(_tmp2_,1,_j_-1) || "~" || repeat(" ",_fill_-1) || substr(_tmp2_,_j_);
MPRINT(CNTWRAP):   _wrap_ + 1;
MPRINT(CNTWRAP):   end;
MPRINT(CNTWRAP):   _tmp_ = substr(_tmp_,1,_splitcol)||_tmp2_;
MPRINT(CNTWRAP):   end;
MPRINT(CNTWRAP):   else _tmp_ = substr(_tmp_,1,_splitcol)||" "||substr(_tmp_,_splitcol+1);
MPRINT(CNTWRAP):   end;
MPRINT(CNTWRAP):   end;
MPRINT(CNTWRAP):   _tmp_ = _tmp_;
MPRINT(TABPREP):  ;
MPRINT(TABPREP):   texthd = texthd + _wrap_ + 1;
MPRINT(TABPREP):   end;
MPRINT(TABPREP):   call symput("texthd",compress(put(texthd,best.)));
MPRINT(TABPREP):   run;

NOTE: There were 12 observations read from the data set WORK.M_COMBINE.
NOTE: DATA statement used (Total process time):
      real time           0.02 seconds
      cpu time            0.00 seconds
      

MPRINT(TABPREP):   *--------------------------------------------------------------------------;
MPRINT(TABPREP):   * Set macro vars to control spacing ;
MPRINT(TABPREP):   *--------------------------------------------------------------------------;
MPRINT(TABPREP):   *--------------------------------------------------------------------------;
MPRINT(TABPREP):   * Sort stats file in order needed for report ;
MPRINT(TABPREP):   *--------------------------------------------------------------------------;
MPRINT(TABPREP):   proc sort data=m_combine equals;
MPRINT(TABPREP):   by sortord statord statord1 all_scrn;
MPRINT(TABPREP):   where linlabel ne ' ';
                                                                    The SAS System

MPRINT(TABPREP):   run;

NOTE: There were 12 observations read from the data set WORK.M_COMBINE.
      WHERE linlabel not = ' ';
NOTE: SAS sort was used.
NOTE: The data set WORK.M_COMBINE has 12 observations and 26 variables.
NOTE: PROCEDURE SORT used (Total process time):
      real time           0.00 seconds
      cpu time            0.01 seconds
      

MPRINT(TABPREP):   **** COPIED THIS CODE FROM TABDRPT....saw...03Nov2010...ticket #1684 *****;
MPRINT(TABPREP):   ***--- number of columns to be printed in the report VK 23SEP2007 ---***;
MPRINT(TABPREP):   ***--- check number of columns to print as specified in showallcol option in tabdesc call ---***;
MPRINT(TABPREP):   ***--- Start ---***;
MPRINT(TABPREP):   ***--- VK 31MAY2007---***;
MPRINT(TABPREP):   ***--- End ---***;
MPRINT(TABPREP):   ***--- VK 31MAY2007---***;
MPRINT(TABPREP):   data m_combine;
MPRINT(TABPREP):   set m_combine;
MPRINT(TABPREP):   **** MOVED THIS CODE FROM TABDRPT....saw...23Sep2010...ticket #1684 *****;
MPRINT(TABPREP):   label value1= "Drug A~(N=50)";
MPRINT(TABPREP):   label value2= "Drug B~(N=50)";
MPRINT(TABPREP):   label value3= "Total~(N=100)";
MPRINT(TABPREP):   run;

NOTE: There were 12 observations read from the data set WORK.M_COMBINE.
NOTE: The data set WORK.M_COMBINE has 12 observations and 26 variables.
NOTE: DATA statement used (Total process time):
      real time           0.00 seconds
      cpu time            0.00 seconds
      

MPRINT(TABPREP):   *--------------------------------------------------------------------------;
MPRINT(TABPREP):   * For patient counts, add extra lines for labelling if not all levels of ;
MPRINT(TABPREP):   * stats were generated ;
MPRINT(TABPREP):   *--------------------------------------------------------------------------;
MPRINT(TABPREP):   *--------------------------------------------------------------------------;
MPRINT(TABPREP):   * Count lines needed - determine where page breaks will happen ;
MPRINT(TABPREP):   *--------------------------------------------------------------------------;
MPRINT(TABPREP):   proc sort data=m_combine;
MPRINT(TABPREP):   by sortord;
MPRINT(TABPREP):   run;

NOTE: There were 12 observations read from the data set WORK.M_COMBINE.
NOTE: SAS sort was used.
                                                                    The SAS System

NOTE: The data set WORK.M_COMBINE has 12 observations and 26 variables.
NOTE: PROCEDURE SORT used (Total process time):
      real time           0.00 seconds
      cpu time            0.00 seconds
      

MPRINT(TABPREP):   data ctlines(keep= sortord nolines);
MPRINT(TABPREP):   level = .;
MPRINT(TABPREP):   set m_combine;
MPRINT(TABPREP):   by sortord;
MPRINT(TABPREP):   retain nolines types;
MPRINT(TABPREP):   if first.sortord then types = type;
MPRINT(TABPREP):   if first.sortord then nolines = 1;
MPRINT(TABPREP):   ind = 3;
MPRINT(TABPREP):   if level ne . then ind = level * 3;
MPRINT(CNTWRAP):   __ind = ind;
MPRINT(CNTWRAP):   if (__ind<0) then __ind = 0;
MPRINT(CNTWRAP):   length _tmp_ _tmp2_ $250;
MPRINT(CNTWRAP):   _wrap_ = 0;
MPRINT(CNTWRAP):   _fill_ = __ind + 2;
MPRINT(CNTWRAP):   _tmp_ = left(linlabel);
MPRINT(CNTWRAP):   if (__ind>0) then _tmp_ = repeat(' ',__ind-1) || left(linlabel);
MPRINT(CNTWRAP):   if length(_tmp_) > 50 then do;
MPRINT(CNTWRAP):   _startcol = __ind + 1;
MPRINT(CNTWRAP):   _endcol = 50;
MPRINT(CNTWRAP):   _done = 0;
MPRINT(CNTWRAP):   do until(_done);
MPRINT(CNTWRAP):   _lettr1_ = substr(_tmp_,_endcol+1,1);
MPRINT(CNTWRAP):   if( _lettr1_ = " " ) then do;
MPRINT(CNTWRAP):   _splitcol = _endcol+1;
MPRINT(CNTWRAP):   _tmp_ = substr(_tmp_,1,_splitcol-1) || "~" || repeat(" ",_fill_-1) || substr(_tmp_,_splitcol+1);
MPRINT(CNTWRAP):   _wrap_ + 1;
MPRINT(CNTWRAP):   end;
MPRINT(CNTWRAP):   else do;
MPRINT(CNTWRAP):   _gotword = 0;
MPRINT(CNTWRAP):   do _j_ = _endcol to _startcol by -1;
MPRINT(CNTWRAP):   _lettr1_ = substr(_tmp_,_j_,1);
MPRINT(CNTWRAP):   if (_lettr1_ = ' ') then do;
MPRINT(CNTWRAP):   _splitcol = _j_;
MPRINT(CNTWRAP):   _tmp_ = substr(_tmp_,1,_splitcol-1) || "~" || repeat(" ",_fill_-1) || substr(_tmp_,_splitcol+1);
MPRINT(CNTWRAP):   _wrap_ + 1;
MPRINT(CNTWRAP):   _gotword = 1;
MPRINT(CNTWRAP):   _j_ = 0;
MPRINT(CNTWRAP):   end;
MPRINT(CNTWRAP):   end;
MPRINT(CNTWRAP):   if (not(_gotword)) then do;
                                                                    The SAS System

MPRINT(CNTWRAP):   _splitcol = _endcol+1;
MPRINT(CNTWRAP):   _tmp_ = substr(_tmp_,1,_splitcol-1) || "~" || repeat(" ",_fill_-1) || substr(_tmp_,_splitcol);
MPRINT(CNTWRAP):   _wrap_ + 1;
MPRINT(CNTWRAP):   end;
MPRINT(CNTWRAP):   end;
MPRINT(CNTWRAP):   _startcol = _splitcol + _fill_ + 1;
MPRINT(CNTWRAP):   _endcol = _splitcol + 50;
MPRINT(CNTWRAP):   if (_endcol ge 250) or (length(substr(_tmp_,_splitcol+1)) le 50) then _done = 1;
MPRINT(CNTWRAP):   end;
MPRINT(CNTWRAP):   if _splitcol then do;
MPRINT(CNTWRAP):   _tmp2_ = substr(_tmp_,_splitcol+1);
MPRINT(CNTWRAP):   if (length(_tmp2_)=50) then do;
MPRINT(CNTWRAP):   _gotword = 0;
MPRINT(CNTWRAP):   do _j_ = 50 to _fill_+1 by -1;
MPRINT(CNTWRAP):   _lettr1_ = substr(_tmp2_,_j_,1);
MPRINT(CNTWRAP):   if (_lettr1_ = ' ') then do;
MPRINT(CNTWRAP):   _tmp2_ = substr(_tmp2_,1,_j_-1) || "~" || repeat(" ",_fill_-1) || substr(_tmp2_,_j_);
MPRINT(CNTWRAP):   _wrap_ + 1;
MPRINT(CNTWRAP):   _gotword = 1;
MPRINT(CNTWRAP):   _j_ = 0;
MPRINT(CNTWRAP):   end;
MPRINT(CNTWRAP):   end;
MPRINT(CNTWRAP):   if (not(_gotword)) then do;
MPRINT(CNTWRAP):   _j_ = 50-1;
MPRINT(CNTWRAP):   _tmp2_ = substr(_tmp2_,1,_j_-1) || "~" || repeat(" ",_fill_-1) || substr(_tmp2_,_j_);
MPRINT(CNTWRAP):   _wrap_ + 1;
MPRINT(CNTWRAP):   end;
MPRINT(CNTWRAP):   _tmp_ = substr(_tmp_,1,_splitcol)||_tmp2_;
MPRINT(CNTWRAP):   end;
MPRINT(CNTWRAP):   else _tmp_ = substr(_tmp_,1,_splitcol)||" "||substr(_tmp_,_splitcol+1);
MPRINT(CNTWRAP):   end;
MPRINT(CNTWRAP):   end;
MPRINT(CNTWRAP):   _tmp_ = _tmp_;
MPRINT(TABPREP):  ;
MPRINT(TABPREP):   nolines=nolines + 1 + _wrap_;
MPRINT(TABPREP):   if last.sortord then do;
MPRINT(TABPREP):   if types ne type then nolines+1;
MPRINT(TABPREP):   output;
MPRINT(TABPREP):   end;
MPRINT(TABPREP):   run;

NOTE: There were 12 observations read from the data set WORK.M_COMBINE.
NOTE: The data set WORK.CTLINES has 8 observations and 2 variables.
NOTE: DATA statement used (Total process time):
      real time           0.00 seconds
      cpu time            0.00 seconds
                                                                    The SAS System

      

MPRINT(TABPREP):   data summary;
MPRINT(TABPREP):   length linlabel $250 value1 - value3 $40;
MPRINT(TABPREP):   merge m_combine ctlines;
MPRINT(TABPREP):   by sortord;
MPRINT(TABPREP):   run;

NOTE: There were 12 observations read from the data set WORK.M_COMBINE.
NOTE: There were 8 observations read from the data set WORK.CTLINES.
NOTE: The data set WORK.SUMMARY has 12 observations and 27 variables.
NOTE: DATA statement used (Total process time):
      real time           0.00 seconds
      cpu time            0.00 seconds
      

MPRINT(TNFSET):   filename _tnftmp temp;
MPRINT(TNFSET):   data _null_;
MPRINT(TNFSET):   file _tnftmp lrecl=1000 recfm=v;
MPRINT(TNFSET):   infile "../tools/tnf.inc" lrecl=1000 pad;
MPRINT(TNFSET):   length testtext $ 40;
MPRINT(TNFSET):   input @1 text $1000.;
MPRINT(TNFSET):   testtext = scan(text,1," ");
MPRINT(TNFSET):   if testtext = "/*";
MPRINT(TNFSET):   testtext = scan(text,2," ");
MPRINT(TNFSET):   if upcase(testtext) in ("T-DISP" , "DEFAULT");
MPRINT(TNFSET):   testtext = scan(text,3," ");
MPRINT(TNFSET):   if testtext =: "*/";
MPRINT(TNFSET):   put text;
MPRINT(TNFSET):   run;

NOTE: The file _TNFTMP is:
      Filename=/saswork/SAS_workBD7A00209C2F_sjgsasappprdg10/#LN00075,
      Owner Name=cpearson1,
      Group Name=NA\domain^users,
      Access Permission=-rw--w-rw-,
      Last Modified=30Aug2026:15:55:24

NOTE: The infile "../tools/tnf.inc" is:
      Filename=/biometrics/gsi_stds/dss_2026/s0000000/final/draft1/tools/tnf.inc,
      Owner Name=cpearson1,
      Group Name=NA\domain^users,
      Access Permission=-rwxrwxrwx,
      Last Modified=30Aug2026:15:39:33,
      File Size (bytes)=10383

                                                                    The SAS System

NOTE: 5 records were written to the file _TNFTMP.
      The minimum record length was 57.
      The maximum record length was 145.
NOTE: 109 records were read from the infile "../tools/tnf.inc".
      The minimum record length was 0.
      The maximum record length was 187.
NOTE: DATA statement used (Total process time):
      real time           0.03 seconds
      cpu time            0.01 seconds
      

NOTE: %INCLUDE (level 2) file _TNFTMP is file /saswork/SAS_workBD7A00209C2F_sjgsasappprdg10/#LN00075.
1315      +/* default       */ %let ttl1 = NO ASSIGNED TITLE FOR JOB &titlekey;
1316      +/* t-disp */ %let ttl1 = %str(Table 15.8.1.3.1.1: Participant Disposition);
1317      +/* t-disp */ %let ttl2 = %str(All Screened Participants);
1318      +/* t-disp */ %let fnl1 = %str(Percentages for completion status were calculated based on the number of participants in the Safety Analysis
1318     !+Set.);
1319      +/* t-disp */ %let fnl2 = %str(Source: Listing 16.2.1.3.1);
NOTE: %INCLUDE (level 2) ending.
NOTE: %INCLUDE (level 1) resuming.
MPRINT(TNFSET):   filename _tnftmp clear;
NOTE: Fileref _TNFTMP has been deassigned.
MPRINT(TNFSET):   title1 j=r "                                                                                                                        
         Gilead Sciences, Inc.";
MPRINT(TNFSET):   title2 j=r "                                                                                                                        
          Study GS-US-000-0000";
MPRINT(TNFSET):   title3 j=c "                                                     Table 15.8.1.3.1.1: Participant Disposition                        
                              ";
MPRINT(TNFSET):   title4 j=c "                                                              All Screened Participants                                 
                              ";
MPRINT(TNFSET):   footnote1 j=l "Percentages for completion status were calculated based on the number of participants in the Safety Analysis Set.    
                                 ";
MPRINT(TNFSET):   footnote2 j=l "Source: Listing 16.2.1.3.1                                                                                           
                                 ";
MPRINT(TNFSET):   footnote4 j=l "Data Extracted: ddmmmyyyy                                                                                            
                                 ";
MPRINT(TNFSET):   footnote5 j=l "Source: .../final/draft1/prog/t-disp.sas v9.4  Output file: t-disp.pdf 30AUG2026:15:55                               
                  PAGE XX OF YYY ";
MPRINT(TABPREP):  ;
MPRINT(TABPREP):   data summary summary2 (keep = sortord linlabel type pageno level _l_ ) hdpage (keep = pageno ) bypage (keep = begpg pageno);
MPRINT(TABPREP):   _newpage = 0;
MPRINT(TABPREP):   length label1 label2 label3 $250;
MPRINT(TABPREP):   label1 = " ";
MPRINT(TABPREP):   label2 = " ";
MPRINT(TABPREP):   label3 = " ";
MPRINT(TABPREP):   level = .;
                                                                    The SAS System

MPRINT(TABPREP):   set summary end = eof;
MPRINT(TABPREP):   by sortord;
MPRINT(TABPREP):   retain begpg 1;
MPRINT(TABPREP):   retain _l_ 48 pageno 0;
MPRINT(TABPREP):   if (label1=' ') then grphdr = 0;
MPRINT(TABPREP):   else grphdr =1;
MPRINT(TABPREP):   length dummy $250;
MPRINT(TABPREP):   dummy = trim(label1) || " " || trim(label2);
MPRINT(CNTWRAP):   __ind = ind;
MPRINT(CNTWRAP):   if (__ind<0) then __ind = 0;
MPRINT(CNTWRAP):   length _tmp_ _tmp2_ $250;
MPRINT(CNTWRAP):   _wrap_ = 0;
MPRINT(CNTWRAP):   _fill_ = __ind + 2;
MPRINT(CNTWRAP):   _tmp_ = left(dummy);
MPRINT(CNTWRAP):   if (__ind>0) then _tmp_ = repeat(' ',__ind-1) || left(dummy);
MPRINT(CNTWRAP):   if length(_tmp_) > 50 then do;
MPRINT(CNTWRAP):   _startcol = __ind + 1;
MPRINT(CNTWRAP):   _endcol = 50;
MPRINT(CNTWRAP):   _done = 0;
MPRINT(CNTWRAP):   do until(_done);
MPRINT(CNTWRAP):   _lettr1_ = substr(_tmp_,_endcol+1,1);
MPRINT(CNTWRAP):   if( _lettr1_ = " " ) then do;
MPRINT(CNTWRAP):   _splitcol = _endcol+1;
MPRINT(CNTWRAP):   _tmp_ = substr(_tmp_,1,_splitcol-1) || "~" || repeat(" ",_fill_-1) || substr(_tmp_,_splitcol+1);
MPRINT(CNTWRAP):   _wrap_ + 1;
MPRINT(CNTWRAP):   end;
MPRINT(CNTWRAP):   else do;
MPRINT(CNTWRAP):   _gotword = 0;
MPRINT(CNTWRAP):   do _j_ = _endcol to _startcol by -1;
MPRINT(CNTWRAP):   _lettr1_ = substr(_tmp_,_j_,1);
MPRINT(CNTWRAP):   if (_lettr1_ = ' ') then do;
MPRINT(CNTWRAP):   _splitcol = _j_;
MPRINT(CNTWRAP):   _tmp_ = substr(_tmp_,1,_splitcol-1) || "~" || repeat(" ",_fill_-1) || substr(_tmp_,_splitcol+1);
MPRINT(CNTWRAP):   _wrap_ + 1;
MPRINT(CNTWRAP):   _gotword = 1;
MPRINT(CNTWRAP):   _j_ = 0;
MPRINT(CNTWRAP):   end;
MPRINT(CNTWRAP):   end;
MPRINT(CNTWRAP):   if (not(_gotword)) then do;
MPRINT(CNTWRAP):   _splitcol = _endcol+1;
MPRINT(CNTWRAP):   _tmp_ = substr(_tmp_,1,_splitcol-1) || "~" || repeat(" ",_fill_-1) || substr(_tmp_,_splitcol);
MPRINT(CNTWRAP):   _wrap_ + 1;
MPRINT(CNTWRAP):   end;
MPRINT(CNTWRAP):   end;
MPRINT(CNTWRAP):   _startcol = _splitcol + _fill_ + 1;
MPRINT(CNTWRAP):   _endcol = _splitcol + 50;
                                                                    The SAS System

MPRINT(CNTWRAP):   if (_endcol ge 250) or (length(substr(_tmp_,_splitcol+1)) le 50) then _done = 1;
MPRINT(CNTWRAP):   end;
MPRINT(CNTWRAP):   if _splitcol then do;
MPRINT(CNTWRAP):   _tmp2_ = substr(_tmp_,_splitcol+1);
MPRINT(CNTWRAP):   if (length(_tmp2_)=50) then do;
MPRINT(CNTWRAP):   _gotword = 0;
MPRINT(CNTWRAP):   do _j_ = 50 to _fill_+1 by -1;
MPRINT(CNTWRAP):   _lettr1_ = substr(_tmp2_,_j_,1);
MPRINT(CNTWRAP):   if (_lettr1_ = ' ') then do;
MPRINT(CNTWRAP):   _tmp2_ = substr(_tmp2_,1,_j_-1) || "~" || repeat(" ",_fill_-1) || substr(_tmp2_,_j_);
MPRINT(CNTWRAP):   _wrap_ + 1;
MPRINT(CNTWRAP):   _gotword = 1;
MPRINT(CNTWRAP):   _j_ = 0;
MPRINT(CNTWRAP):   end;
MPRINT(CNTWRAP):   end;
MPRINT(CNTWRAP):   if (not(_gotword)) then do;
MPRINT(CNTWRAP):   _j_ = 50-1;
MPRINT(CNTWRAP):   _tmp2_ = substr(_tmp2_,1,_j_-1) || "~" || repeat(" ",_fill_-1) || substr(_tmp2_,_j_);
MPRINT(CNTWRAP):   _wrap_ + 1;
MPRINT(CNTWRAP):   end;
MPRINT(CNTWRAP):   _tmp_ = substr(_tmp_,1,_splitcol)||_tmp2_;
MPRINT(CNTWRAP):   end;
MPRINT(CNTWRAP):   else _tmp_ = substr(_tmp_,1,_splitcol)||" "||substr(_tmp_,_splitcol+1);
MPRINT(CNTWRAP):   end;
MPRINT(CNTWRAP):   end;
MPRINT(CNTWRAP):   _tmp_ = _tmp_;
MPRINT(TABPREP):  ;
MPRINT(TABPREP):   grphdr = grphdr + _wrap_;
MPRINT(TABPREP):   if level > 0 then do;
MPRINT(TABPREP):   grphdr = grphdr + level;
MPRINT(TABPREP):   if first.sortord then grphdr = grphdr - 1;
MPRINT(TABPREP):   end;
MPRINT(TABPREP):   ind = 3;
MPRINT(TABPREP):   if level ne . then ind = level * 3;
MPRINT(CNTWRAP):   __ind = ind;
MPRINT(CNTWRAP):   if (__ind<0) then __ind = 0;
MPRINT(CNTWRAP):   length _tmp_ _tmp2_ $250;
MPRINT(CNTWRAP):   _wrap_ = 0;
MPRINT(CNTWRAP):   _fill_ = __ind + 2;
MPRINT(CNTWRAP):   _tmp_ = left(linlabel);
MPRINT(CNTWRAP):   if (__ind>0) then _tmp_ = repeat(' ',__ind-1) || left(linlabel);
MPRINT(CNTWRAP):   if length(_tmp_) > 50 then do;
MPRINT(CNTWRAP):   _startcol = __ind + 1;
MPRINT(CNTWRAP):   _endcol = 50;
MPRINT(CNTWRAP):   _done = 0;
MPRINT(CNTWRAP):   do until(_done);
                                                                    The SAS System

MPRINT(CNTWRAP):   _lettr1_ = substr(_tmp_,_endcol+1,1);
MPRINT(CNTWRAP):   if( _lettr1_ = " " ) then do;
MPRINT(CNTWRAP):   _splitcol = _endcol+1;
MPRINT(CNTWRAP):   _tmp_ = substr(_tmp_,1,_splitcol-1) || "~" || repeat(" ",_fill_-1) || substr(_tmp_,_splitcol+1);
MPRINT(CNTWRAP):   _wrap_ + 1;
MPRINT(CNTWRAP):   end;
MPRINT(CNTWRAP):   else do;
MPRINT(CNTWRAP):   _gotword = 0;
MPRINT(CNTWRAP):   do _j_ = _endcol to _startcol by -1;
MPRINT(CNTWRAP):   _lettr1_ = substr(_tmp_,_j_,1);
MPRINT(CNTWRAP):   if (_lettr1_ = ' ') then do;
MPRINT(CNTWRAP):   _splitcol = _j_;
MPRINT(CNTWRAP):   _tmp_ = substr(_tmp_,1,_splitcol-1) || "~" || repeat(" ",_fill_-1) || substr(_tmp_,_splitcol+1);
MPRINT(CNTWRAP):   _wrap_ + 1;
MPRINT(CNTWRAP):   _gotword = 1;
MPRINT(CNTWRAP):   _j_ = 0;
MPRINT(CNTWRAP):   end;
MPRINT(CNTWRAP):   end;
MPRINT(CNTWRAP):   if (not(_gotword)) then do;
MPRINT(CNTWRAP):   _splitcol = _endcol+1;
MPRINT(CNTWRAP):   _tmp_ = substr(_tmp_,1,_splitcol-1) || "~" || repeat(" ",_fill_-1) || substr(_tmp_,_splitcol);
MPRINT(CNTWRAP):   _wrap_ + 1;
MPRINT(CNTWRAP):   end;
MPRINT(CNTWRAP):   end;
MPRINT(CNTWRAP):   _startcol = _splitcol + _fill_ + 1;
MPRINT(CNTWRAP):   _endcol = _splitcol + 50;
MPRINT(CNTWRAP):   if (_endcol ge 250) or (length(substr(_tmp_,_splitcol+1)) le 50) then _done = 1;
MPRINT(CNTWRAP):   end;
MPRINT(CNTWRAP):   if _splitcol then do;
MPRINT(CNTWRAP):   _tmp2_ = substr(_tmp_,_splitcol+1);
MPRINT(CNTWRAP):   if (length(_tmp2_)=50) then do;
MPRINT(CNTWRAP):   _gotword = 0;
MPRINT(CNTWRAP):   do _j_ = 50 to _fill_+1 by -1;
MPRINT(CNTWRAP):   _lettr1_ = substr(_tmp2_,_j_,1);
MPRINT(CNTWRAP):   if (_lettr1_ = ' ') then do;
MPRINT(CNTWRAP):   _tmp2_ = substr(_tmp2_,1,_j_-1) || "~" || repeat(" ",_fill_-1) || substr(_tmp2_,_j_);
MPRINT(CNTWRAP):   _wrap_ + 1;
MPRINT(CNTWRAP):   _gotword = 1;
MPRINT(CNTWRAP):   _j_ = 0;
MPRINT(CNTWRAP):   end;
MPRINT(CNTWRAP):   end;
MPRINT(CNTWRAP):   if (not(_gotword)) then do;
MPRINT(CNTWRAP):   _j_ = 50-1;
MPRINT(CNTWRAP):   _tmp2_ = substr(_tmp2_,1,_j_-1) || "~" || repeat(" ",_fill_-1) || substr(_tmp2_,_j_);
MPRINT(CNTWRAP):   _wrap_ + 1;
MPRINT(CNTWRAP):   end;
                                                                    The SAS System

MPRINT(CNTWRAP):   _tmp_ = substr(_tmp_,1,_splitcol)||_tmp2_;
MPRINT(CNTWRAP):   end;
MPRINT(CNTWRAP):   else _tmp_ = substr(_tmp_,1,_splitcol)||" "||substr(_tmp_,_splitcol+1);
MPRINT(CNTWRAP):   end;
MPRINT(CNTWRAP):   end;
MPRINT(CNTWRAP):   linlabel = _tmp_;
MPRINT(TABPREP):  ;
MPRINT(TABPREP):   _add_ = 1 + _wrap_;
MPRINT(TABPREP):   if first.sortord then _add_ + 1;
MPRINT(TABPREP):   _l_ + _add_;
MPRINT(TABPREP):   if (first.sortord) then _l_ + grphdr;
MPRINT(TABPREP):   if ( (first.sortord) and ( _l_ + nolines - grphdr) >= 43 and nolines < (43 - 11 - grphdr) and _l_ > (((43 - 11 ) * 0.75)+11) ) or 
( _l_ >= 43 ) or ( _newpage ) then do;
MPRINT(TABPREP):   first = 1;
MPRINT(TABPREP):   pageno + 1;
MPRINT(TABPREP):   _l_ = 11 + grphdr + _add_ + (0>0);
MPRINT(TABPREP):   end;
MPRINT(TABPREP):   if ^first.sortord and type in ('CAT','CONT') then do;
MPRINT(TABPREP):   pval1 = .;
MPRINT(TABPREP):   pval2 = .;
MPRINT(TABPREP):   pvalc1 = '';
MPRINT(TABPREP):   pvalc2 = '';
MPRINT(TABPREP):   ** only set ocharc&__I to missing when risk ratio is not being calc **;
MPRINT(TABPREP):   ** if risk ratio is being calc, then will have same sortord in output **;
MPRINT(TABPREP):   ** and this code will end up setting rr info to missing **;
MPRINT(TABPREP):   end;
MPRINT(TABPREP):   * _end_l_ = _l_;
MPRINT(TABPREP):   output summary;
MPRINT(TABPREP):   if (first or (first.sortord)) then do;
MPRINT(TABPREP):   __otype = type;
MPRINT(TABPREP):   statord = ' ';
MPRINT(TABPREP):   linlabel = ( trim(label1) || " " || trim(label2) );
MPRINT(CNTWRAP):   __ind = 0;
MPRINT(CNTWRAP):   if (__ind<0) then __ind = 0;
MPRINT(CNTWRAP):   length _tmp_ _tmp2_ $250;
MPRINT(CNTWRAP):   _wrap_ = 0;
MPRINT(CNTWRAP):   _fill_ = __ind + 2;
MPRINT(CNTWRAP):   _tmp_ = left(linlabel);
MPRINT(CNTWRAP):   if (__ind>0) then _tmp_ = repeat(' ',__ind-1) || left(linlabel);
MPRINT(CNTWRAP):   if length(_tmp_) > 50 then do;
MPRINT(CNTWRAP):   _startcol = __ind + 1;
MPRINT(CNTWRAP):   _endcol = 50;
MPRINT(CNTWRAP):   _done = 0;
MPRINT(CNTWRAP):   do until(_done);
MPRINT(CNTWRAP):   _lettr1_ = substr(_tmp_,_endcol+1,1);
MPRINT(CNTWRAP):   if( _lettr1_ = " " ) then do;
                                                                    The SAS System

MPRINT(CNTWRAP):   _splitcol = _endcol+1;
MPRINT(CNTWRAP):   _tmp_ = substr(_tmp_,1,_splitcol-1) || "~" || repeat(" ",_fill_-1) || substr(_tmp_,_splitcol+1);
MPRINT(CNTWRAP):   _wrap_ + 1;
MPRINT(CNTWRAP):   end;
MPRINT(CNTWRAP):   else do;
MPRINT(CNTWRAP):   _gotword = 0;
MPRINT(CNTWRAP):   do _j_ = _endcol to _startcol by -1;
MPRINT(CNTWRAP):   _lettr1_ = substr(_tmp_,_j_,1);
MPRINT(CNTWRAP):   if (_lettr1_ = ' ') then do;
MPRINT(CNTWRAP):   _splitcol = _j_;
MPRINT(CNTWRAP):   _tmp_ = substr(_tmp_,1,_splitcol-1) || "~" || repeat(" ",_fill_-1) || substr(_tmp_,_splitcol+1);
MPRINT(CNTWRAP):   _wrap_ + 1;
MPRINT(CNTWRAP):   _gotword = 1;
MPRINT(CNTWRAP):   _j_ = 0;
MPRINT(CNTWRAP):   end;
MPRINT(CNTWRAP):   end;
MPRINT(CNTWRAP):   if (not(_gotword)) then do;
MPRINT(CNTWRAP):   _splitcol = _endcol+1;
MPRINT(CNTWRAP):   _tmp_ = substr(_tmp_,1,_splitcol-1) || "~" || repeat(" ",_fill_-1) || substr(_tmp_,_splitcol);
MPRINT(CNTWRAP):   _wrap_ + 1;
MPRINT(CNTWRAP):   end;
MPRINT(CNTWRAP):   end;
MPRINT(CNTWRAP):   _startcol = _splitcol + _fill_ + 1;
MPRINT(CNTWRAP):   _endcol = _splitcol + 50;
MPRINT(CNTWRAP):   if (_endcol ge 250) or (length(substr(_tmp_,_splitcol+1)) le 50) then _done = 1;
MPRINT(CNTWRAP):   end;
MPRINT(CNTWRAP):   if _splitcol then do;
MPRINT(CNTWRAP):   _tmp2_ = substr(_tmp_,_splitcol+1);
MPRINT(CNTWRAP):   if (length(_tmp2_)=50) then do;
MPRINT(CNTWRAP):   _gotword = 0;
MPRINT(CNTWRAP):   do _j_ = 50 to _fill_+1 by -1;
MPRINT(CNTWRAP):   _lettr1_ = substr(_tmp2_,_j_,1);
MPRINT(CNTWRAP):   if (_lettr1_ = ' ') then do;
MPRINT(CNTWRAP):   _tmp2_ = substr(_tmp2_,1,_j_-1) || "~" || repeat(" ",_fill_-1) || substr(_tmp2_,_j_);
MPRINT(CNTWRAP):   _wrap_ + 1;
MPRINT(CNTWRAP):   _gotword = 1;
MPRINT(CNTWRAP):   _j_ = 0;
MPRINT(CNTWRAP):   end;
MPRINT(CNTWRAP):   end;
MPRINT(CNTWRAP):   if (not(_gotword)) then do;
MPRINT(CNTWRAP):   _j_ = 50-1;
MPRINT(CNTWRAP):   _tmp2_ = substr(_tmp2_,1,_j_-1) || "~" || repeat(" ",_fill_-1) || substr(_tmp2_,_j_);
MPRINT(CNTWRAP):   _wrap_ + 1;
MPRINT(CNTWRAP):   end;
MPRINT(CNTWRAP):   _tmp_ = substr(_tmp_,1,_splitcol)||_tmp2_;
MPRINT(CNTWRAP):   end;
                                                                    The SAS System

MPRINT(CNTWRAP):   else _tmp_ = substr(_tmp_,1,_splitcol)||" "||substr(_tmp_,_splitcol+1);
MPRINT(CNTWRAP):   end;
MPRINT(CNTWRAP):   end;
MPRINT(CNTWRAP):   linlabel = _tmp_;
MPRINT(TABPREP):  ;
MPRINT(TABPREP):   length _cont $7;
MPRINT(TABPREP):   _cont = ' ';
MPRINT(TABPREP):   if (pageno>1 and _cont>' ') then type = 'ADD1';
MPRINT(TABPREP):   else type = ' ';
MPRINT(TABPREP):   output summary2;
MPRINT(TABPREP):   if (_cont>' ') then do;
MPRINT(TABPREP):   oldlev = level;
MPRINT(TABPREP):   end;
MPRINT(TABPREP):   end;
MPRINT(TABPREP):   if eof then output hdpage;
MPRINT(TABPREP):   run;

NOTE: There were 12 observations read from the data set WORK.SUMMARY.
NOTE: The data set WORK.SUMMARY has 12 observations and 52 variables.
NOTE: The data set WORK.SUMMARY2 has 8 observations and 6 variables.
NOTE: The data set WORK.HDPAGE has 1 observations and 1 variables.
NOTE: The data set WORK.BYPAGE has 0 observations and 2 variables.
NOTE: DATA statement used (Total process time):
      real time           0.01 seconds
      cpu time            0.02 seconds
      

MPRINT(TABPREP):   proc sort data=summary2;
MPRINT(TABPREP):   by sortord;
MPRINT(TABPREP):   run;

NOTE: There were 8 observations read from the data set WORK.SUMMARY2.
NOTE: SAS sort was used.
NOTE: The data set WORK.SUMMARY2 has 8 observations and 6 variables.
NOTE: PROCEDURE SORT used (Total process time):
      real time           0.00 seconds
      cpu time            0.00 seconds
      

MPRINT(TABPREP):   data summary2;
MPRINT(TABPREP):   set summary2;
MPRINT(TABPREP):   by sortord;
MPRINT(TABPREP):   if first.sortord and linlabel=' ' then delete;
MPRINT(TABPREP):   run;

NOTE: There were 8 observations read from the data set WORK.SUMMARY2.
                                                                    The SAS System

NOTE: The data set WORK.SUMMARY2 has 4 observations and 6 variables.
NOTE: DATA statement used (Total process time):
      real time           0.00 seconds
      cpu time            0.00 seconds
      

MPRINT(TABPREP):   proc sort data=summary2;
MPRINT(TABPREP):   by sortord;
MPRINT(TABPREP):   run;

NOTE: There were 4 observations read from the data set WORK.SUMMARY2.
NOTE: SAS sort was used.
NOTE: The data set WORK.SUMMARY2 has 4 observations and 6 variables.
NOTE: PROCEDURE SORT used (Total process time):
      real time           0.00 seconds
      cpu time            0.00 seconds
      

MPRINT(TABPREP):   proc sort data=summary;
MPRINT(TABPREP):   by sortord;
MPRINT(TABPREP):   run;

NOTE: There were 12 observations read from the data set WORK.SUMMARY.
NOTE: SAS sort was used.
NOTE: The data set WORK.SUMMARY has 12 observations and 52 variables.
NOTE: PROCEDURE SORT used (Total process time):
      real time           0.00 seconds
      cpu time            0.00 seconds
      

MPRINT(TABPREP):   data summary;
MPRINT(TABPREP):   set summary2 summary;
MPRINT(TABPREP):   by sortord;
MPRINT(TABPREP):   run;

NOTE: There were 4 observations read from the data set WORK.SUMMARY2.
NOTE: There were 12 observations read from the data set WORK.SUMMARY.
NOTE: The data set WORK.SUMMARY has 16 observations and 52 variables.
NOTE: DATA statement used (Total process time):
      real time           0.00 seconds
      cpu time            0.01 seconds
      

MPRINT(TABPREP):   data _null_;
MPRINT(TABPREP):   set summary;
MPRINT(TABPREP):   retain max 0;
                                                                    The SAS System

MPRINT(TABPREP):   cntr=length(trim(value1));
MPRINT(TABPREP):   if cntr>max then max=cntr;
MPRINT(TABPREP):   cntr=length(trim(value2));
MPRINT(TABPREP):   if cntr>max then max=cntr;
MPRINT(TABPREP):   cntr=length(trim(value3));
MPRINT(TABPREP):   if cntr>max then max=cntr;
MPRINT(TABPREP):   call symput("cntrpad",compress(put(floor(max/2),8.)));
MPRINT(TABPREP):   run;

NOTE: There were 16 observations read from the data set WORK.SUMMARY.
NOTE: DATA statement used (Total process time):
      real time           0.00 seconds
      cpu time            0.00 seconds
      

cntrpad=6
MPRINT(TABPREP):   data header1 ( keep = pageno sortord statord linlabel type value1 - value3);
MPRINT(TABPREP):   length linlabel $250 value1 - value3 $40 statord $40 type $20;
MPRINT(TABPREP):   set hdpage (rename = (pageno = pagetot) );
MPRINT(TABPREP):   sortord = 0.01;
MPRINT(TABPREP):   do pageno = 1 to pagetot;
MPRINT(TABPREP):   ** only create num of subj row here if byvar=missing since byvar code below **;
MPRINT(TABPREP):   ** creates num of subj line too **;
MPRINT(TABPREP):   statord = "1";
MPRINT(TABPREP):   type = 'PG1';
MPRINT(TABPREP):   linlabel = ("Number of Participants");
MPRINT(CNTWRAP):   __ind = 0;
MPRINT(CNTWRAP):   if (__ind<0) then __ind = 0;
MPRINT(CNTWRAP):   length _tmp_ _tmp2_ $250;
MPRINT(CNTWRAP):   _wrap_ = 0;
MPRINT(CNTWRAP):   _fill_ = __ind + 2;
MPRINT(CNTWRAP):   _tmp_ = left(linlabel);
MPRINT(CNTWRAP):   if (__ind>0) then _tmp_ = repeat(' ',__ind-1) || left(linlabel);
MPRINT(CNTWRAP):   if length(_tmp_) > 50 then do;
MPRINT(CNTWRAP):   _startcol = __ind + 1;
MPRINT(CNTWRAP):   _endcol = 50;
MPRINT(CNTWRAP):   _done = 0;
MPRINT(CNTWRAP):   do until(_done);
MPRINT(CNTWRAP):   _lettr1_ = substr(_tmp_,_endcol+1,1);
MPRINT(CNTWRAP):   if( _lettr1_ = " " ) then do;
MPRINT(CNTWRAP):   _splitcol = _endcol+1;
MPRINT(CNTWRAP):   _tmp_ = substr(_tmp_,1,_splitcol-1) || "~" || repeat(" ",_fill_-1) || substr(_tmp_,_splitcol+1);
MPRINT(CNTWRAP):   _wrap_ + 1;
MPRINT(CNTWRAP):   end;
MPRINT(CNTWRAP):   else do;
MPRINT(CNTWRAP):   _gotword = 0;
                                                                    The SAS System

MPRINT(CNTWRAP):   do _j_ = _endcol to _startcol by -1;
MPRINT(CNTWRAP):   _lettr1_ = substr(_tmp_,_j_,1);
MPRINT(CNTWRAP):   if (_lettr1_ = ' ') then do;
MPRINT(CNTWRAP):   _splitcol = _j_;
MPRINT(CNTWRAP):   _tmp_ = substr(_tmp_,1,_splitcol-1) || "~" || repeat(" ",_fill_-1) || substr(_tmp_,_splitcol+1);
MPRINT(CNTWRAP):   _wrap_ + 1;
MPRINT(CNTWRAP):   _gotword = 1;
MPRINT(CNTWRAP):   _j_ = 0;
MPRINT(CNTWRAP):   end;
MPRINT(CNTWRAP):   end;
MPRINT(CNTWRAP):   if (not(_gotword)) then do;
MPRINT(CNTWRAP):   _splitcol = _endcol+1;
MPRINT(CNTWRAP):   _tmp_ = substr(_tmp_,1,_splitcol-1) || "~" || repeat(" ",_fill_-1) || substr(_tmp_,_splitcol);
MPRINT(CNTWRAP):   _wrap_ + 1;
MPRINT(CNTWRAP):   end;
MPRINT(CNTWRAP):   end;
MPRINT(CNTWRAP):   _startcol = _splitcol + _fill_ + 1;
MPRINT(CNTWRAP):   _endcol = _splitcol + 50;
MPRINT(CNTWRAP):   if (_endcol ge 250) or (length(substr(_tmp_,_splitcol+1)) le 50) then _done = 1;
MPRINT(CNTWRAP):   end;
MPRINT(CNTWRAP):   if _splitcol then do;
MPRINT(CNTWRAP):   _tmp2_ = substr(_tmp_,_splitcol+1);
MPRINT(CNTWRAP):   if (length(_tmp2_)=50) then do;
MPRINT(CNTWRAP):   _gotword = 0;
MPRINT(CNTWRAP):   do _j_ = 50 to _fill_+1 by -1;
MPRINT(CNTWRAP):   _lettr1_ = substr(_tmp2_,_j_,1);
MPRINT(CNTWRAP):   if (_lettr1_ = ' ') then do;
MPRINT(CNTWRAP):   _tmp2_ = substr(_tmp2_,1,_j_-1) || "~" || repeat(" ",_fill_-1) || substr(_tmp2_,_j_);
MPRINT(CNTWRAP):   _wrap_ + 1;
MPRINT(CNTWRAP):   _gotword = 1;
MPRINT(CNTWRAP):   _j_ = 0;
MPRINT(CNTWRAP):   end;
MPRINT(CNTWRAP):   end;
MPRINT(CNTWRAP):   if (not(_gotword)) then do;
MPRINT(CNTWRAP):   _j_ = 50-1;
MPRINT(CNTWRAP):   _tmp2_ = substr(_tmp2_,1,_j_-1) || "~" || repeat(" ",_fill_-1) || substr(_tmp2_,_j_);
MPRINT(CNTWRAP):   _wrap_ + 1;
MPRINT(CNTWRAP):   end;
MPRINT(CNTWRAP):   _tmp_ = substr(_tmp_,1,_splitcol)||_tmp2_;
MPRINT(CNTWRAP):   end;
MPRINT(CNTWRAP):   else _tmp_ = substr(_tmp_,1,_splitcol)||" "||substr(_tmp_,_splitcol+1);
MPRINT(CNTWRAP):   end;
MPRINT(CNTWRAP):   end;
MPRINT(CNTWRAP):   linlabel = _tmp_;
MPRINT(TABPREP):  ;
MPRINT(TABPREP):   if (6-length(compress(put( 50, 8.0 )))-1>=0) then value1 = repeat(' ',6-length(compress(put( 50, 8.0 )))-1)||compress(put( 50, 8.0 
                                                                    The SAS System

));
MPRINT(TABPREP):   if (6-length(compress(put( 50, 8.0 )))-1>=0) then value2 = repeat(' ',6-length(compress(put( 50, 8.0 )))-1)||compress(put( 50, 8.0 
));
MPRINT(TABPREP):   if (6-length(compress(put( 100, 8.0 )))-1>=0) then value3 = repeat(' ',6-length(compress(put( 100, 8.0 )))-1)||compress(put( 100, 
8.0 ));
MPRINT(TABPREP):   output;
MPRINT(TABPREP):   end;
MPRINT(TABPREP):   run;

NOTE: There were 1 observations read from the data set WORK.HDPAGE.
NOTE: The data set WORK.HEADER1 has 1 observations and 8 variables.
NOTE: DATA statement used (Total process time):
      real time           0.00 seconds
      cpu time            0.00 seconds
      

MPRINT(TABPREP):   proc sort data = header1;
MPRINT(TABPREP):   where statord ^= '1';
MPRINT(TABPREP):   by pageno sortord statord;
MPRINT(TABPREP):   run;

NOTE: Input data set is empty.
NOTE: SAS sort was used.
NOTE: There were 0 observations read from the data set WORK.HEADER1.
      WHERE statord not = '1';
NOTE: The data set WORK.HEADER1 has 0 observations and 8 variables.
NOTE: PROCEDURE SORT used (Total process time):
      real time           0.00 seconds
      cpu time            0.00 seconds
      

MPRINT(TABPREP):   proc sort data = summary;
MPRINT(TABPREP):   by pageno;
MPRINT(TABPREP):   run;

NOTE: There were 16 observations read from the data set WORK.SUMMARY.
NOTE: SAS sort was used.
NOTE: The data set WORK.SUMMARY has 16 observations and 52 variables.
NOTE: PROCEDURE SORT used (Total process time):
      real time           0.00 seconds
      cpu time            0.00 seconds
      

MPRINT(TABPREP):   data summary;
MPRINT(TABPREP):   set header1 summary;
MPRINT(TABPREP):   run;
                                                                    The SAS System


NOTE: There were 0 observations read from the data set WORK.HEADER1.
NOTE: There were 16 observations read from the data set WORK.SUMMARY.
NOTE: The data set WORK.SUMMARY has 16 observations and 52 variables.
NOTE: DATA statement used (Total process time):
      real time           0.00 seconds
      cpu time            0.01 seconds
      

MPRINT(TABPREP):   proc sort data = summary;
MPRINT(TABPREP):   by pageno sortord statord statord1 all_scrn type;
MPRINT(TABPREP):   run;

NOTE: There were 16 observations read from the data set WORK.SUMMARY.
NOTE: SAS sort was used.
NOTE: The data set WORK.SUMMARY has 16 observations and 52 variables.
NOTE: PROCEDURE SORT used (Total process time):
      real time           0.00 seconds
      cpu time            0.00 seconds
      

MPRINT(TABPREP):   ***--- Keep only the variables required in the reporting macro ---***;
MPRINT(TABPREP):   ***--- starting here ---*** ***--- VK 04AUG2006 ---***;
MPRINT(TABPREP):   data summary;
MPRINT(TABPREP):   set summary end=eof;
MPRINT(TABPREP):   retain maxoc 0;
MPRINT(TABPREP):   keep pageno sortord statord: all_scrn type level linlabel value: pval: ;
MPRINT(TABPREP):   if eof then call symput ('maxoc',compress(put(maxoc,best.)));
MPRINT(TABPREP):   run;

NOTE: There were 16 observations read from the data set WORK.SUMMARY.
NOTE: The data set WORK.SUMMARY has 16 observations and 15 variables.
NOTE: DATA statement used (Total process time):
      real time           0.00 seconds
      cpu time            0.00 seconds
      

MPRINT(TABPREP):   data _null_;
MPRINT(TABPREP):   ** create new dataset name that converts any dashes to underscores **;
MPRINT(TABPREP):   length vtitlekey $200.;
MPRINT(TABPREP):   vtitlekey = compress(tranwrd("t-disp",'-','_'));
MPRINT(TABPREP):   call symput("vtitlekey",compress(vtitlekey));
MPRINT(TABPREP):   run;

NOTE: DATA statement used (Total process time):
      real time           0.00 seconds
                                                                    The SAS System

      cpu time            0.00 seconds
      

MPRINT(TABPREP):   *** only output validation dataset if vdata is specified and first character ***;
MPRINT(TABPREP):   *** of titlekey does not start with V (i.e. not a validation program) ***;
MPRINT(TABPREP):   data vdata.v_t_disp;
MPRINT(TABPREP):   set summary;
MPRINT(TABPREP):   run;

NOTE: There were 16 observations read from the data set WORK.SUMMARY.
NOTE: The data set VDATA.V_T_DISP has 16 observations and 15 variables.
NOTE: DATA statement used (Total process time):
      real time           0.02 seconds
      cpu time            0.00 seconds
      

MPRINT(TABPREP):   ***--- till here ---*** ***--- VK 04AUG2006 ---***;
MPRINT(TABPREP):  ;
MPRINT(TABPREP):   ***--- starting here ---*** ***--- VK 20JUL2006 ---***;
MPRINT(TABPREP):   data m_macvar;
MPRINT(TABPREP):   set sashelp.vmacro;
MPRINT(TABPREP):   if scope not in ('GLOBAL','AUTOMATIC');
MPRINT(TABPREP):   run;

NOTE: There were 402 observations read from the data set SASHELP.VMACRO.
NOTE: The data set WORK.M_MACVAR has 46 observations and 4 variables.
NOTE: DATA statement used (Total process time):
      real time           0.00 seconds
      cpu time            0.01 seconds
      

MPRINT(TABPREP):   *** Merge long macro values back into one record ***;
MPRINT(TABPREP):   data m_macvar (drop=nam);
MPRINT(TABPREP):   set m_macvar;
MPRINT(TABPREP):   format nam $40.;
MPRINT(TABPREP):   retain nam ' ';
MPRINT(TABPREP):   retain seq 0;
MPRINT(TABPREP):   if (name^=nam) then seq = seq + 1;
MPRINT(TABPREP):   output;
MPRINT(TABPREP):   nam = name;
MPRINT(TABPREP):   run;

NOTE: There were 46 observations read from the data set WORK.M_MACVAR.
NOTE: The data set WORK.M_MACVAR has 46 observations and 5 variables.
NOTE: DATA statement used (Total process time):
      real time           0.00 seconds
                                                                    The SAS System

      cpu time            0.00 seconds
      

MPRINT(TABPREP):   data m_macvar (drop=seq val);
MPRINT(TABPREP):   set m_macvar (rename=(value=val));
MPRINT(TABPREP):   by seq;
MPRINT(TABPREP):   format value $4000.;
MPRINT(TABPREP):   retain value;
MPRINT(TABPREP):   if (first.seq) then do;
MPRINT(TABPREP):   value= val;
MPRINT(TABPREP):   end;
MPRINT(TABPREP):   else do;
MPRINT(TABPREP):   value= substr(value,1,offset)||trim(val);
MPRINT(TABPREP):   end;
MPRINT(TABPREP):   if (last.seq);
MPRINT(TABPREP):   run;

NOTE: There were 46 observations read from the data set WORK.M_MACVAR.
NOTE: The data set WORK.M_MACVAR has 46 observations and 4 variables.
NOTE: DATA statement used (Total process time):
      real time           0.00 seconds
      cpu time            0.00 seconds
      

MPRINT(TABPREP):   *** Merge long macro values back into one record ***;
MPRINT(TABPREP):   ***--- till here ---*** ***--- VK 20JUL2006 ---***;
MPRINT(TABPREP):   * proc print data = m_macvar;
MPRINT(TABPREP):   * title3 'File M_MACVAR';
MPRINT(TABPREP):   * run;
MPRINT(TABPREP):   * proc print data = summary;
MPRINT(TABPREP):   * title3 'File SUMMARY as printed by PROC REPORT';
MPRINT(TABPREP):   * run;
MPRINT(MAIN):  ;
MPRINT(PRINTSET):   data _null_;
MPRINT(PRINTSET):   if index("t-disp",'-')>0 then hyund="-";
MPRINT(PRINTSET):   else hyund="_";
MPRINT(PRINTSET):   call symput("hyund",compress(hyund));
MPRINT(PRINTSET):   run;

NOTE: DATA statement used (Total process time):
      real time           0.00 seconds
      cpu time            0.00 seconds
      

MPRINT(PRINTSET):   data _null_;
MPRINT(PRINTSET):   formchar='|----|+|----+=|-/\<>*™';
                                                                    The SAS System

MPRINT(PRINTSET):   substr(formchar,2,1)='_';
MPRINT(PRINTSET):   call symput('formchar',formchar);
MPRINT(PRINTSET):   run;

NOTE: DATA statement used (Total process time):
      real time           0.00 seconds
      cpu time            0.00 seconds
      

MPRINT(PRINTSET):   options orientation = LANDSCAPE papersize = letter topmargin = "1 in" bottommargin = "1 in" leftmargin = "1 in" rightmargin = "1 
in" formchar="|_---|+|----+=|-/\<>*™";
MPRINT(PRINTSET):   options pagesize = 48 linesize = 150 nodate nonumber;
MPRINT(TNFSET):   filename _tnftmp temp;
MPRINT(TNFSET):   data _null_;
MPRINT(TNFSET):   file _tnftmp lrecl=1000 recfm=v;
MPRINT(TNFSET):   infile "../tools/tnf.inc" lrecl=1000 pad;
MPRINT(TNFSET):   length testtext $ 40;
MPRINT(TNFSET):   input @1 text $1000.;
MPRINT(TNFSET):   testtext = scan(text,1," ");
MPRINT(TNFSET):   if testtext = "/*";
MPRINT(TNFSET):   testtext = scan(text,2," ");
MPRINT(TNFSET):   if upcase(testtext) in ("T-DISP" , "DEFAULT");
MPRINT(TNFSET):   testtext = scan(text,3," ");
MPRINT(TNFSET):   if testtext =: "*/";
MPRINT(TNFSET):   put text;
MPRINT(TNFSET):   run;

NOTE: The file _TNFTMP is:
      Filename=/saswork/SAS_workBD7A00209C2F_sjgsasappprdg10/#LN00078,
      Owner Name=cpearson1,
      Group Name=NA\domain^users,
      Access Permission=-rw--w-rw-,
      Last Modified=30Aug2026:15:55:24

NOTE: The infile "../tools/tnf.inc" is:
      Filename=/biometrics/gsi_stds/dss_2026/s0000000/final/draft1/tools/tnf.inc,
      Owner Name=cpearson1,
      Group Name=NA\domain^users,
      Access Permission=-rwxrwxrwx,
      Last Modified=30Aug2026:15:39:33,
      File Size (bytes)=10383

NOTE: 5 records were written to the file _TNFTMP.
      The minimum record length was 57.
      The maximum record length was 145.
NOTE: 109 records were read from the infile "../tools/tnf.inc".
                                                                    The SAS System

      The minimum record length was 0.
      The maximum record length was 187.
NOTE: DATA statement used (Total process time):
      real time           0.01 seconds
      cpu time            0.02 seconds
      

NOTE: %INCLUDE (level 2) file _TNFTMP is file /saswork/SAS_workBD7A00209C2F_sjgsasappprdg10/#LN00078.
1320      +/* default       */ %let ttl1 = NO ASSIGNED TITLE FOR JOB &titlekey;
1321      +/* t-disp */ %let ttl1 = %str(Table 15.8.1.3.1.1: Participant Disposition);
1322      +/* t-disp */ %let ttl2 = %str(All Screened Participants);
1323      +/* t-disp */ %let fnl1 = %str(Percentages for completion status were calculated based on the number of participants in the Safety Analysis
1323     !+Set.);
1324      +/* t-disp */ %let fnl2 = %str(Source: Listing 16.2.1.3.1);
NOTE: %INCLUDE (level 2) ending.
NOTE: %INCLUDE (level 1) resuming.
MPRINT(TNFSET):   filename _tnftmp clear;
NOTE: Fileref _TNFTMP has been deassigned.
MPRINT(TNFSET):   title1 j=r "                                                                                                                        
         Gilead Sciences, Inc.";
MPRINT(TNFSET):   title2 j=r "                                                                                                                        
          Study GS-US-000-0000";
MPRINT(TNFSET):   title3 j=c "                                                     Table 15.8.1.3.1.1: Participant Disposition                        
                              ";
MPRINT(TNFSET):   title4 j=c "                                                              All Screened Participants                                 
                              ";
MPRINT(TNFSET):   footnote1 j=l "Percentages for completion status were calculated based on the number of participants in the Safety Analysis Set.    
                                 ";
MPRINT(TNFSET):   footnote2 j=l "Source: Listing 16.2.1.3.1                                                                                           
                                 ";
MPRINT(TNFSET):   footnote4 j=l "Data Extracted: ddmmmyyyy                                                                                            
                                 ";
MPRINT(TNFSET):   footnote5 j=l "Source: .../final/draft1/prog/t-disp.sas v9.4  Output file: t-disp.pdf 30AUG2026:15:55                               
                  PAGE XX OF YYY ";
MPRINT(PRINTSET):  ;
MPRINT(PRINTSET):   proc printto print = "t-disp.out" new ;
MPRINT(PRINTSET):   run;

NOTE: PROCEDURE PRINTTO used (Total process time):
      real time           0.00 seconds
      cpu time            0.00 seconds
      

MPRINT(MAIN):  ;
MPRINT(TABDRPT):   ***--- create local macro variables used locally in previous macro ---***;
MPRINT(TABDRPT):   ***--- starting here ---*** ***--- VK 21JUL2006 ---***;
                                                                    The SAS System

MPRINT(TABDRPT):   *** use call symput to avoide %bquote maximum nesting issue ***;
MPRINT(TABDRPT):   data _null_;
MPRINT(TABDRPT):   set m_macvar;
MPRINT(TABDRPT):   if (index(' STATS GSPACE SSPACE CWIDTH HEADTOT MMODE DRPTCOL LLABEL EMPTYLBL SORDSKIP COLBRKS PGBRK BYVAR HDRMOD SKIPVAR', ' 
'||trim(name)||' ')=0) then do;
MPRINT(TABDRPT):   call symput( trim(name), trim(value));
MPRINT(TABDRPT):   end;
MPRINT(TABDRPT):   else if ("t-disp "=" " and name='TITLEKEY') then call symput( trim(name), trim(value));
MPRINT(TABDRPT):   else if ("t-disp "=" " and name='OUTNAME') then call symput( trim(name), trim(value));
MPRINT(TABDRPT):   run;

NOTE: There were 46 observations read from the data set WORK.M_MACVAR.
NOTE: DATA statement used (Total process time):
      real time           0.00 seconds
      cpu time            0.01 seconds
      

MPRINT(TABDRPT):   ;
MPRINT(TABDRPT):   ;
MPRINT(TABDRPT):   ***--- till here ---***;
MPRINT(TABDRPT):   ***--- VK 21JUL2006 ---***;
MPRINT(TABDRPT):   ***--- reformat drptcol to have a space around each valueX with parentheses ***;
MPRINT(TABDRPT):   ;
MPRINT(TABDRPT):   ***--- number of columns to be printed in the report VK 23SEP2007 ---***;
MPRINT(TABDRPT):   ***--- check number of columns to print as specified in showallcol option in tabdesc call ---***;
MPRINT(TABDRPT):   ***--- Start ---***;
MPRINT(TABDRPT):   ***--- VK 31MAY2007---***;
MPRINT(TABDRPT):   ***--- End ---***;
MPRINT(TABDRPT):   ***--- VK 31MAY2007---***;
MPRINT(TABDRPT):   ODS LISTING;
MPRINT(TABDRPT):   ** Remove the following record to clarify if it is a no data situation;
MPRINT(TABDRPT):   data summary;
MPRINT(TABDRPT):   set summary;
MPRINT(TABDRPT):   if _n_=1 and strip(linlabel)="No data available for this table" then delete;
MPRINT(TABDRPT):   run;

NOTE: There were 16 observations read from the data set WORK.SUMMARY.
NOTE: The data set WORK.SUMMARY has 16 observations and 15 variables.
NOTE: DATA statement used (Total process time):
      real time           0.00 seconds
      cpu time            0.00 seconds
      

MPRINT(TABDRPT):  ;
nobs=16
MPRINT(PRINTSET):   data _null_;
                                                                    The SAS System

MPRINT(PRINTSET):   if index("t-disp",'-')>0 then hyund="-";
MPRINT(PRINTSET):   else hyund="_";
MPRINT(PRINTSET):   call symput("hyund",compress(hyund));
MPRINT(PRINTSET):   run;

NOTE: DATA statement used (Total process time):
      real time           0.00 seconds
      cpu time            0.00 seconds
      

MPRINT(PRINTSET):   data _null_;
MPRINT(PRINTSET):   formchar='|----|+|----+=|-/\<>*™';
MPRINT(PRINTSET):   substr(formchar,2,1)='_';
MPRINT(PRINTSET):   call symput('formchar',formchar);
MPRINT(PRINTSET):   run;

NOTE: DATA statement used (Total process time):
      real time           0.00 seconds
      cpu time            0.00 seconds
      

MPRINT(PRINTSET):   options orientation = LANDSCAPE papersize = letter topmargin = "1 in" bottommargin = "1 in" leftmargin = "1 in" rightmargin = "1 
in" formchar="|_---|+|----+=|-/\<>*™";
MPRINT(PRINTSET):   options pagesize = 48 linesize = 150 nodate nonumber;
MPRINT(TNFSET):   filename _tnftmp temp;
MPRINT(TNFSET):   data _null_;
MPRINT(TNFSET):   file _tnftmp lrecl=1000 recfm=v;
MPRINT(TNFSET):   infile "../tools/tnf.inc" lrecl=1000 pad;
MPRINT(TNFSET):   length testtext $ 40;
MPRINT(TNFSET):   input @1 text $1000.;
MPRINT(TNFSET):   testtext = scan(text,1," ");
MPRINT(TNFSET):   if testtext = "/*";
MPRINT(TNFSET):   testtext = scan(text,2," ");
MPRINT(TNFSET):   if upcase(testtext) in ("T-DISP" , "DEFAULT");
MPRINT(TNFSET):   testtext = scan(text,3," ");
MPRINT(TNFSET):   if testtext =: "*/";
MPRINT(TNFSET):   put text;
MPRINT(TNFSET):   run;

NOTE: The file _TNFTMP is:
      Filename=/saswork/SAS_workBD7A00209C2F_sjgsasappprdg10/#LN00082,
      Owner Name=cpearson1,
      Group Name=NA\domain^users,
      Access Permission=-rw--w-rw-,
      Last Modified=30Aug2026:15:55:24

                                                                    The SAS System

NOTE: The infile "../tools/tnf.inc" is:
      Filename=/biometrics/gsi_stds/dss_2026/s0000000/final/draft1/tools/tnf.inc,
      Owner Name=cpearson1,
      Group Name=NA\domain^users,
      Access Permission=-rwxrwxrwx,
      Last Modified=30Aug2026:15:39:33,
      File Size (bytes)=10383

NOTE: 5 records were written to the file _TNFTMP.
      The minimum record length was 57.
      The maximum record length was 145.
NOTE: 109 records were read from the infile "../tools/tnf.inc".
      The minimum record length was 0.
      The maximum record length was 187.
NOTE: DATA statement used (Total process time):
      real time           0.01 seconds
      cpu time            0.00 seconds
      

NOTE: %INCLUDE (level 2) file _TNFTMP is file /saswork/SAS_workBD7A00209C2F_sjgsasappprdg10/#LN00082.
1325      +/* default       */ %let ttl1 = NO ASSIGNED TITLE FOR JOB &titlekey;
1326      +/* t-disp */ %let ttl1 = %str(Table 15.8.1.3.1.1: Participant Disposition);
1327      +/* t-disp */ %let ttl2 = %str(All Screened Participants);
1328      +/* t-disp */ %let fnl1 = %str(Percentages for completion status were calculated based on the number of participants in the Safety Analysis
1328     !+Set.);
1329      +/* t-disp */ %let fnl2 = %str(Source: Listing 16.2.1.3.1);
NOTE: %INCLUDE (level 2) ending.
NOTE: %INCLUDE (level 1) resuming.
MPRINT(TNFSET):   filename _tnftmp clear;
NOTE: Fileref _TNFTMP has been deassigned.
MPRINT(TNFSET):   title1 j=r "                                                                                                                        
         Gilead Sciences, Inc.";
MPRINT(TNFSET):   title2 j=r "                                                                                                                        
          Study GS-US-000-0000";
MPRINT(TNFSET):   title3 j=c "                                                     Table 15.8.1.3.1.1: Participant Disposition                        
                              ";
MPRINT(TNFSET):   title4 j=c "                                                              All Screened Participants                                 
                              ";
MPRINT(TNFSET):   footnote1 j=l "Percentages for completion status were calculated based on the number of participants in the Safety Analysis Set.    
                                 ";
MPRINT(TNFSET):   footnote2 j=l "Source: Listing 16.2.1.3.1                                                                                           
                                 ";
MPRINT(TNFSET):   footnote4 j=l "Data Extracted: ddmmmyyyy                                                                                            
                                 ";
MPRINT(TNFSET):   footnote5 j=l "Source: .../final/draft1/prog/t-disp.sas v9.4  Output file: t-disp.pdf 30AUG2026:15:55                               
                  PAGE XX OF YYY ";
                                                                    The SAS System

MPRINT(PRINTSET):  ;
MPRINT(PRINTSET):   proc printto print = "t-disp.out" new ;
MPRINT(PRINTSET):   run;

NOTE: PROCEDURE PRINTTO used (Total process time):
      real time           0.01 seconds
      cpu time            0.00 seconds
      

MPRINT(TABDRPT):  ;
MPRINT(TABDRPT):   filename mprint "__2137135.tmp";
MPRINT(TABDRPT):   option mfile;
MPRINT(TABDRPT):   proc report data = summary split = '~' missing headline spacing = 15 formchar(2) = "_" nowindows;
NOTE: The macro generated output from MPRINT will also be written to external file 
      /biometrics/gsi_stds/dss_2026/s0000000/final/draft1/prog/__2137135.tmp while OPTIONS MPRINT and MFILE are set.
MPRINT(TABDRPT):   column ( '__' ( pageno sortord statord1 all_scrn type linlabel value1 value2 value3 ));
MPRINT(TABDRPT):   *********************************************;
MPRINT(TABDRPT):   *** End of COLUMN statement specification ***;
MPRINT(TABDRPT):   *** begin define statement ***;
MPRINT(TABDRPT):   *********************************************;
MPRINT(TABDRPT):   define pageno / order order=internal noprint;
MPRINT(TABDRPT):   define sortord / order order=internal noprint;
MPRINT(TABDRPT):   define statord1 / order order=internal noprint;
MPRINT(TABDRPT):   define all_scrn / order order=internal noprint;
MPRINT(TABDRPT):   define type / order order=internal noprint;
MPRINT(TABDRPT):   define linlabel / display width = 50 flow "";
MPRINT(TABDRPT):   define value1 / display width=12 center flow "Drug A~(N=50)";
MPRINT(TABDRPT):   define value2 / display width=12 center flow "Drug B~(N=50)";
MPRINT(TABDRPT):   define value3 / display width=12 center flow "Total~(N=100)";
MPRINT(TABDRPT):   *********************************************;
MPRINT(TABDRPT):   *** End of define statement specification ***;
MPRINT(TABDRPT):   *** begin compute statement ***;
MPRINT(TABDRPT):   *********************************************;
MPRINT(TABDRPT):   **********************************************;
MPRINT(TABDRPT):   *** End of compute statement specification ***;
MPRINT(TABDRPT):   *** begin break statement ***;
MPRINT(TABDRPT):   **********************************************;
MPRINT(TABDRPT):   break after pageno / page;
MPRINT(TABDRPT):   break before sortord / skip;
MPRINT(TABDRPT):   run;

NOTE: Multiple concurrent threads will be used to summarize data.
NOTE: There were 16 observations read from the data set WORK.SUMMARY.
NOTE: The PROCEDURE REPORT printed page 1.
NOTE: PROCEDURE REPORT used (Total process time):
      real time           0.15 seconds
                                                                    The SAS System

      cpu time            0.02 seconds
      

MPRINT(TABDRPT):   option nomfile;
MPRINT(TABDRPT):   filename mprint clear;
NOTE: Fileref MPRINT has been deassigned.
MPRINT(RPTEXPORT):   filename rptlog "__2137135.tmp";
MPRINT(RPTEXPORT):   x "rm /biometrics/gsi_stds/dss_2026/s0000000/final/draft1/prog/__2137135.tmp";
MPRINT(TABDRPT):  ;
MPRINT(PAGESET):   proc printto print=print;
MPRINT(PAGESET):   run;

NOTE: PROCEDURE PRINTTO used (Total process time):
      real time           0.00 seconds
      cpu time            0.00 seconds
      

MPRINT(PAGESET):   *** count pages and save text to temporary file ***;
MPRINT(PAGESET):   filename _outfil_ "t-disp.out";
MPRINT(PAGESET):   data pagesettext(compress=yes keep=text obsnum) pagesetnums(keep=obsnum_u);
MPRINT(PAGESET):   infile _outfil_ lrecl=200 pad eof=eof;
MPRINT(PAGESET):   input text $char200.;
MPRINT(PAGESET):   obsnum + 1;
MPRINT(PAGESET):   output pagesettext;
MPRINT(PAGESET):   if( index(text,"PAGE XX OF YYY ") ) then do;
MPRINT(PAGESET):   obsnum_u = obsnum-5;
MPRINT(PAGESET):   totpages + 1;
MPRINT(PAGESET):   output pagesetnums;
MPRINT(PAGESET):   end;
MPRINT(PAGESET):   return;
MPRINT(PAGESET):   eof: call symput("totpages",compress(put(totpages,best.)));
MPRINT(PAGESET):   run;

NOTE: The infile _OUTFIL_ is:
      Filename=/biometrics/gsi_stds/dss_2026/s0000000/final/draft1/prog/t-disp.out,
      Owner Name=cpearson1,
      Group Name=NA\domain^users,
      Access Permission=-rwxrwxrwx,
      Last Modified=30Aug2026:15:55:24,
      File Size (bytes)=5253

NOTE: 48 records were read from the infile _OUTFIL_.
      The minimum record length was 0.
      The maximum record length was 150.
NOTE: The data set WORK.PAGESETTEXT has 48 observations and 2 variables.
NOTE: Compressing data set WORK.PAGESETTEXT increased size by 100.00 percent. 
                                                                    The SAS System

      Compressed is 2 pages; un-compressed would require 1 pages.
NOTE: The data set WORK.PAGESETNUMS has 1 observations and 1 variables.
NOTE: DATA statement used (Total process time):
      real time           0.01 seconds
      cpu time            0.00 seconds
      

MPRINT(PAGESET):   *** Insert page numbering ***;
MPRINT(PAGESET):   data pagesettext;
MPRINT(PAGESET):   merge pagesettext(in=_txt_) pagesetnums(in=_num_ rename=(obsnum_u=obsnum));
MPRINT(PAGESET):   by obsnum;
MPRINT(PAGESET):   *** insert underline above footnotes ***;
MPRINT(PAGESET):   if _txt_ and _num_ then if text = " " then text = repeat("_",149);
MPRINT(PAGESET):   length pagenumtxt $ 20;
MPRINT(PAGESET):   retain totpages 1;
MPRINT(PAGESET):   file _outfil_ linesize = 200 recfm=v noprint;
MPRINT(PAGESET):   if text = ' ' then put;
MPRINT(PAGESET):   else do;
MPRINT(PAGESET):   if _n_ le 2 and substr(text,1,1) = "0c"x then text=substr(text,2);
MPRINT(PAGESET):   if length(left(text)) > 1 then if substr(left(text),1,2)='zf' then text=substr(left(text),3);
MPRINT(PAGESET):   *** process page numbering ***;
MPRINT(PAGESET):   pnumpos = index(text, "PAGE XX OF YYY ");
MPRINT(PAGESET):   if pnumpos > 0 then do;
MPRINT(PAGESET):   page + 1;
MPRINT(PAGESET):   pagenumtxt = 'Page ' || trim(left(put(page, 6.))) || ' of ' || trim(left(put(totpages, 6.)));
MPRINT(PAGESET):   pagenumlen = length(pagenumtxt);
MPRINT(PAGESET):   text = substr(text, 1, pnumpos-1);
MPRINT(PAGESET):   substr(text, 1+150-pagenumlen) = trim(pagenumtxt);
MPRINT(PAGESET):   end;
MPRINT(PAGESET):   outlen = length(text);
MPRINT(PAGESET):   put text $varying200. outlen;
MPRINT(PAGESET):   end;
MPRINT(PAGESET):   delete;
MPRINT(PAGESET):   run;

NOTE: The file _OUTFIL_ is:
      Filename=/biometrics/gsi_stds/dss_2026/s0000000/final/draft1/prog/t-disp.out,
      Owner Name=cpearson1,
      Group Name=NA\domain^users,
      Access Permission=-rwxrwxrwx,
      Last Modified=30Aug2026:15:55:24

NOTE: 48 records were written to the file _OUTFIL_.
      The minimum record length was 0.
      The maximum record length was 150.
NOTE: There were 48 observations read from the data set WORK.PAGESETTEXT.
                                                                    The SAS System

NOTE: There were 1 observations read from the data set WORK.PAGESETNUMS.
NOTE: The data set WORK.PAGESETTEXT has 0 observations and 8 variables.
NOTE: DATA statement used (Total process time):
      real time           0.02 seconds
      cpu time            0.01 seconds
      

MPRINT(TXT2PDF):   **************************************************************************;
MPRINT(TXT2PDF):   ** Count pages in source file &in *;
MPRINT(TXT2PDF):   **************************************************************************;
MPRINT(TXT2PDF):   data _null_;
MPRINT(TXT2PDF):   retain firstobs 1;
MPRINT(TXT2PDF):   infile "t-disp.out" pad end=eof;
MPRINT(TXT2PDF):   input char $char1.;
MPRINT(TXT2PDF):   if _n_ = 1 then do;
MPRINT(TXT2PDF):   pages + 1;
MPRINT(TXT2PDF):   if char="1b"x then do;
MPRINT(TXT2PDF):   firstobs = 2;
MPRINT(TXT2PDF):   return;
MPRINT(TXT2PDF):   end;
MPRINT(TXT2PDF):   end;
MPRINT(TXT2PDF):   totlines + 1;
MPRINT(TXT2PDF):   if char = "0c"x then pages + 1;
MPRINT(TXT2PDF):   else if char = "1b"x then do;
MPRINT(TXT2PDF):   pages + 1;
MPRINT(TXT2PDF):   totlines + -1;
MPRINT(TXT2PDF):   end;
MPRINT(TXT2PDF):   if eof then do;
MPRINT(TXT2PDF):   if (pages < totlines/48) then do;
MPRINT(TXT2PDF):   pagemode = "fixed   ";
MPRINT(TXT2PDF):   pages = ceil(totlines/48);
MPRINT(TXT2PDF):   end;
MPRINT(TXT2PDF):   else pagemode = "standard";
MPRINT(TXT2PDF):   call symput("pagemode", trim(pagemode));
MPRINT(TXT2PDF):   call symput("pages", compress(put(pages,8.)));
MPRINT(TXT2PDF):   call symput("firstobs", put(firstobs,1.));
MPRINT(TXT2PDF):   call symput("totlines", put(totlines,8.));
MPRINT(TXT2PDF):   createtm = compress(put(time(),time8.),":");
MPRINT(TXT2PDF):   createtm = translate(createtm,"0"," ");
MPRINT(TXT2PDF):   call symput("createdt", put(date(),yymmddn8.)||substr(createtm,1,8));
MPRINT(TXT2PDF):   * put "NOTE: %&sysmacroname Version &toolver: " "page counter diagnostics " / " " pagemode= pages= firstobs= totlines= createtm=;
MPRINT(TXT2PDF):   stop;
MPRINT(TXT2PDF):   end;
MPRINT(TXT2PDF):   run;

NOTE: The infile "t-disp.out" is:
                                                                    The SAS System

      Filename=/biometrics/gsi_stds/dss_2026/s0000000/final/draft1/prog/t-disp.out,
      Owner Name=cpearson1,
      Group Name=NA\domain^users,
      Access Permission=-rwxrwxrwx,
      Last Modified=30Aug2026:15:55:24,
      File Size (bytes)=3354

NOTE: 48 records were read from the infile "t-disp.out".
      The minimum record length was 0.
      The maximum record length was 150.
NOTE: DATA statement used (Total process time):
      real time           0.03 seconds
      cpu time            0.01 seconds
      

MPRINT(TXT2PDF):   **************************************************************************;
MPRINT(TXT2PDF):   ** Write PDF file &out from source file &in *;
MPRINT(TXT2PDF):   **************************************************************************;
MPRINT(TXT2PDF):   data _null_;
MPRINT(TXT2PDF):   infile "t-disp.out" firstobs=1 pad end=eof;
MPRINT(TXT2PDF):   file "t-disp.pdf" noprint notitles recfm=v;
MPRINT(TXT2PDF):   length temptxt text setup $ 200;
MPRINT(TXT2PDF):   retain bytecnt objnum 0 crlf 2 lines -1 follow "ET";
MPRINT(TXT2PDF):   array objbyte {22} 8 _temporary_;
MPRINT(TXT2PDF):   array line {96} $ 200 _temporary_;
MPRINT(TXT2PDF):   array header {17} $ 200 _temporary_ ( '%PDF-1.4' "1 0 obj" "<<" "/Creator (cpearson1)" "/CreationDate (D:2026083015552500)" 
"/Producer (%TXT2PDF Version v4.19.01 at Gilead Sciences, Inc.)" "/Title (PDF Conversion of file t-disp.out)" ">>" "endobj" "2 0 obj << /Type 
/Catalog /Pages 6 0 R /Outlines 3 0 R >> endobj" "3 0 obj << /Type /Outlines /Count 0 >> endobj" "4 0 obj << /Type /Font /Subtype /Type1 /Name /F1" 
"/BaseFont /CourierNew,Bold /Encoding /WinAnsiEncoding >> endobj" "5 0 obj [ /PDF /Text ] endobj" "6 0 obj << /Type /Pages /Count 1 /Kids [" "7 0 R" 
"] >> endobj" );
MPRINT(TXT2PDF):   ** Write standard PDF document header and general information **;
MPRINT(TXT2PDF):   if _n_ = 1 then do;
MPRINT(TXT2PDF):   do i = 1 to dim(header);
MPRINT(TXT2PDF):   temptxt = header{i};
MPRINT(TXT2PDF):   if indexw(temptxt,"obj") then isobj = 1;
MPRINT(TXT2PDF):   link puttxt;
MPRINT(TXT2PDF):   end;
MPRINT(TXT2PDF):   end;
MPRINT(TXT2PDF):   ** Read next text line **;
MPRINT(TXT2PDF):   input text $char200.;
MPRINT(TXT2PDF):   ** Start new page **;
MPRINT(TXT2PDF):   if substr(text,1,1) in ("0c"x,"1b"x) or _n_ = 1 or mod(lines,48)=0 then link toppage;
MPRINT(TXT2PDF):   ** Modify text for proper inclusion in PDF **;
MPRINT(TXT2PDF):   if indexc(text,"0d0cc4"x,"\()") then do;
MPRINT(TXT2PDF):   text = compress(text,"0d0c"x);
MPRINT(TXT2PDF):   text = translate(text,"-","c4"x);
                                                                    The SAS System

MPRINT(TXT2PDF):   text = tranwrd(text,"\","\\");
MPRINT(TXT2PDF):   text = tranwrd(text,"(","\(");
MPRINT(TXT2PDF):   text = tranwrd(text,")","\)");
MPRINT(TXT2PDF):   end;
MPRINT(TXT2PDF):   ** Store text for later writing **;
MPRINT(TXT2PDF):   lines + 1;
MPRINT(TXT2PDF):   line{lines} = "("||trim(text)||")'";
MPRINT(TXT2PDF):   pagesize + length(line{lines})+crlf;
MPRINT(TXT2PDF):   ** File termination routine **;
MPRINT(TXT2PDF):   if eof then do;
MPRINT(TXT2PDF):   link endpage;
MPRINT(TXT2PDF):   strtxref = bytecnt;
MPRINT(TXT2PDF):   temptxt = "xref";
MPRINT(TXT2PDF):   link puttxt;
MPRINT(TXT2PDF):   temptxt = "0 "||compress(put(objnum+1,8.));
MPRINT(TXT2PDF):   link puttxt;
MPRINT(TXT2PDF):   temptxt = "0000000000 65535 f";
MPRINT(TXT2PDF):   link puttxt;
MPRINT(TXT2PDF):   do i = 1 to objnum;
MPRINT(TXT2PDF):   temptxt = put(objbyte{i},z10.)||" 00000 n";
MPRINT(TXT2PDF):   link puttxt;
MPRINT(TXT2PDF):   end;
MPRINT(TXT2PDF):   temptxt = "trailer << /Size "||compress(put(objnum+1,8.))|| " /Info 1 0 R /Root 2 0 R >>";
MPRINT(TXT2PDF):   link puttxt;
MPRINT(TXT2PDF):   temptxt = "startxref";
MPRINT(TXT2PDF):   link puttxt;
MPRINT(TXT2PDF):   temptxt = compress(put(strtxref,12.));
MPRINT(TXT2PDF):   link puttxt;
MPRINT(TXT2PDF):   temptxt = '%%EOF';
MPRINT(TXT2PDF):   link puttxt;
MPRINT(TXT2PDF):   stop;
MPRINT(TXT2PDF):   end;
MPRINT(TXT2PDF):   return;
MPRINT(TXT2PDF):   ** Beginning of page routine **;
MPRINT(TXT2PDF):   toppage: if substr(text,1,1) = "1b"x then input text $char200.;
MPRINT(TXT2PDF):   if _n_ gt 1 then link endpage;
MPRINT(TXT2PDF):   temptxt = compress(put(objnum+1,8.))|| " 0 obj << /Type /Page /Parent 6 0 R /Resources";
MPRINT(TXT2PDF):   isobj = 1;
MPRINT(TXT2PDF):   link puttxt;
MPRINT(TXT2PDF):   temptxt = "<< /Font << /F1 4 0 R >> /ProcSet 5 0 R >>";
MPRINT(TXT2PDF):   link puttxt;
MPRINT(TXT2PDF):   temptxt = "/MediaBox [ 0 0 792 612 ] /Contents " || compress(put(objnum+1,8.)) || " 0 R >> endobj";
MPRINT(TXT2PDF):   link puttxt;
MPRINT(TXT2PDF):   lines = 0;
MPRINT(TXT2PDF):   return;
MPRINT(TXT2PDF):   ** End of page routine - write out one full page worth of text **;
                                                                    The SAS System

MPRINT(TXT2PDF):   endpage: setup = "BT /F1 7 Tf 10 TL 72 540 Td";
MPRINT(TXT2PDF):   temptxt = compress(put(objnum+1,8.)) || " 0 obj << /Length "|| compress(put(pagesize+length(setup)+length(follow)+crlf,8.))||" >>";
MPRINT(TXT2PDF):   isobj = 1;
MPRINT(TXT2PDF):   link puttxt;
MPRINT(TXT2PDF):   temptxt = "stream";
MPRINT(TXT2PDF):   link puttxt;
MPRINT(TXT2PDF):   temptxt = setup;
MPRINT(TXT2PDF):   link puttxt;
MPRINT(TXT2PDF):   do i = 1 to lines;
MPRINT(TXT2PDF):   temptxt = line{i};
MPRINT(TXT2PDF):   link puttxt;
MPRINT(TXT2PDF):   end;
MPRINT(TXT2PDF):   temptxt = follow;
MPRINT(TXT2PDF):   link puttxt;
MPRINT(TXT2PDF):   temptxt = "endstream";
MPRINT(TXT2PDF):   link puttxt;
MPRINT(TXT2PDF):   temptxt = "endobj";
MPRINT(TXT2PDF):   link puttxt;
MPRINT(TXT2PDF):   pagesize = 0;
MPRINT(TXT2PDF):   return;
MPRINT(TXT2PDF):   ** Write text and accumulate byte count routine **;
MPRINT(TXT2PDF):   puttxt: textlen = length(temptxt);
MPRINT(TXT2PDF):   if isobj then do;
MPRINT(TXT2PDF):   isobj = 0;
MPRINT(TXT2PDF):   objnum + 1;
MPRINT(TXT2PDF):   objbyte{objnum} = bytecnt;
MPRINT(TXT2PDF):   end;
MPRINT(TXT2PDF):   bytecnt + textlen+crlf;
MPRINT(TXT2PDF):   put temptxt $varying200. textlen "0d"x ;
MPRINT(TXT2PDF):   return;
MPRINT(TXT2PDF):   run;

NOTE: The infile "t-disp.out" is:
      Filename=/biometrics/gsi_stds/dss_2026/s0000000/final/draft1/prog/t-disp.out,
      Owner Name=cpearson1,
      Group Name=NA\domain^users,
      Access Permission=-rwxrwxrwx,
      Last Modified=30Aug2026:15:55:24,
      File Size (bytes)=3354

NOTE: The file "t-disp.pdf" is:
      Filename=/biometrics/gsi_stds/dss_2026/s0000000/final/draft1/prog/t-disp.pdf,
      Owner Name=cpearson1,
      Group Name=NA\domain^users,
      Access Permission=-rwxrwxrwx,
      Last Modified=30Aug2026:15:55:25
                                                                    The SAS System


NOTE: 48 records were read from the infile "t-disp.out".
      The minimum record length was 0.
      The maximum record length was 150.
NOTE: 89 records were written to the file "t-disp.pdf".
      The minimum record length was 3.
      The maximum record length was 154.
NOTE: DATA statement used (Total process time):
      real time           0.05 seconds
      cpu time            0.01 seconds
      

MPRINT(TABDRPT):  ;
MPRINT(TABDRPT):   * proc print data = summary;
MPRINT(TABDRPT):   * title3 'File SUMMARY as printed by PROC REPORT';
MPRINT(TABDRPT):   * run;
MPRINT(MAIN):  ;
MPRINT(M_VAL_LOG):   data _val_rec;
MPRINT(M_VAL_LOG):   length titlekey $16 dsname $16 varname $32 check $60 expected $100 actual $100 status $10 message $200;
MPRINT(M_VAL_LOG):   titlekey = "t-disp";
MPRINT(M_VAL_LOG):   dsname = "adsl";
MPRINT(M_VAL_LOG):   varname = "";
MPRINT(M_VAL_LOG):   check = "PDF generation";
MPRINT(M_VAL_LOG):   expected = "t-disp.pdf created";
MPRINT(M_VAL_LOG):   actual = "see log";
MPRINT(M_VAL_LOG):   status = "PASS";
MPRINT(M_VAL_LOG):   message = "Disposition table completed - see t-disp.log for ODS/PROC PRINTTO confirmation.";
MPRINT(M_VAL_LOG):   rundttm = datetime();
MPRINT(M_VAL_LOG):   format rundttm datetime20.;
MPRINT(M_VAL_LOG):   run;

NOTE: The data set WORK._VAL_REC has 1 observations and 9 variables.
NOTE: DATA statement used (Total process time):
      real time           0.00 seconds
      cpu time            0.00 seconds
      

MPRINT(M_VAL_LOG):   proc append base=tools.val_report data=_val_rec force;
MPRINT(M_VAL_LOG):   run;

NOTE: Appending WORK._VAL_REC to TOOLS.VAL_REPORT.
 
INFO: Engine's fast-append process in use.
INFO: 15:55:25 Reading DATA file, updating BASE file
INFO: Starting data set size is 7 pages
INFO: Engine's block-read method is in use.
                                                                    The SAS System

INFO: Engine's block-write  method is in use.
INFO: Ending data set size is 7 pages, 0 added.
INFO: 00:00:00 Elapsed time
INFO: 15:55:25 Finished updating BASE file
 
NOTE: There were 1 observations read from the data set WORK._VAL_REC.
NOTE: 1 observations added.
NOTE: The data set TOOLS.VAL_REPORT has 779 observations and 9 variables.
NOTE: PROCEDURE APPEND used (Total process time):
      real time           0.02 seconds
      cpu time            0.00 seconds
      

MPRINT(M_VAL_LOG):   proc datasets library=work nolist memtype=data;
MPRINT(M_VAL_LOG):   delete _val_rec;
MPRINT(M_VAL_LOG):   quit;

NOTE: Deleting WORK._VAL_REC (memtype=DATA).
NOTE: PROCEDURE DATASETS used (Total process time):
      real time           0.00 seconds
      cpu time            0.00 seconds
      

MPRINT(MAIN):  ;
NOTE: [USER] t-disp final status = PASS
NOTE: %INCLUDE (level 1) ending.
NOTE: SAS Institute Inc., SAS Campus Drive, Cary, NC USA 27513-2414
NOTE: The SAS System used:
      real time           4.03 seconds
      cpu time            1.69 seconds
      

Grid Job Id: 214377
