1                                                          The SAS System                              15:52 Sunday, August 30, 2026

NOTE: Copyright (c) 2016 by SAS Institute Inc., Cary, NC, USA. 
NOTE: SAS (r) Proprietary Software 9.4 (TS1M7) 
      Licensed to GILEAD SCIENCES - CONTROL NODE 1, Site 70173328.
NOTE: This session is executing on the Linux 4.18.0-553.58.1.el8_10.x86_64 (LIN X64) platform.



NOTE: Analytical products:
      
      SAS/STAT 15.2
      SAS/IML 15.2
      SAS/QC 15.2

NOTE: Additional host information:

 Linux LIN X64 4.18.0-553.58.1.el8_10.x86_64 #1 SMP Thu Jun 12 14:27:07 EDT 2025 x86_64 Red Hat Enterprise Linux release 8.10 
      (Ootpa) 

You are running SAS 9. Some SAS 8 files will be automatically converted 
by the V9 engine; others are incompatible.  Please see 
http://support.sas.com/rnd/migration/planning/platform/64bit.html

PROC MIGRATE will preserve current SAS file attributes and is 
recommended for converting all your SAS libraries from any 
SAS 8 release to SAS 9.  For details and examples, please see
http://support.sas.com/rnd/migration/index.html


This message is contained in the SAS news file, and is presented upon
initialization.  Edit the file "news" in the "misc/base" directory to
display site-specific news and information in the program log.
The command line option "-nonews" will prevent this display.




NOTE: SAS initialization used:
      real time           0.18 seconds
      cpu time            0.06 seconds
      
NOTE: Libref SASDATA successfully assigned from logical server.
NOTE: Libref STPSAMP successfully assigned from logical server.

NOTE: AUTOEXEC processing beginning; file is /opt/sas/sas94/m3/Config_GCS/Lev1/SASApp/appserver_autoexec.sas.


NOTE: AUTOEXEC processing completed.

1          /******************************************************************************
2           * Description: This code ensures that a SAS program, submitted to the SAS    *
3           *              GRID using 'gsub', is run in a SAS session whose current      *
4           *              working directory matches the directory from which the 'gsub' *
5           *              command was issued or directory identified by the argument    *
6           *              associated with the 'gsub' 'cwd' option                       *
7           *                                                                            *
8           * Note:        GSUB reserves the prefix 'gsub_' for the naming of macro      *
9           *              variables. In order to prevent naming collisions please       *
10          *              refrain from using the prefix 'gsub_' when naming macros      *
2                                                          The SAS System                              15:52 Sunday, August 30, 2026

11          *              in any program that will be submitted to the GSUB GS2         *
12          *              environment                                                   *
13          *                                                                            *
14          * Author:      Gilead Sciences, Inc.                                         *
15          *                                                                            *
16          * Date:        01 September 2016                                             *
17          *****************************************************************************/
18         
19         %*** Remember the original program ***;
20         %let gsas_orig_abs_pgm_name = /biometrics/gsi_stds/dss_2026/s0000000/final/draft1/prog/t-os.sas;
21         %let gsas_orig_pgm_name = t-os.sas;
22         
23         %*** Remember the log path ***;
24         %let gsub_log_path = /biometrics/gsi_stds/dss_2026/s0000000/final/draft1/prog;
25         
26         %*** Set the current working directory ***;
27         %sysexec cd /biometrics/gsi_stds/dss_2026/s0000000/final/draft1/prog;
28         
29         %*** Update UNIX PWD environment variable to reflect the current working directory ***;
30         %sysexec setenv PWD /biometrics/gsi_stds/dss_2026/s0000000/final/draft1/prog;
31         
32         %*** Precode ***;
33         %include "/gridwork/gsubwork/cpearson1/t-os.sas_1788130328.9869962@sjgsasappprdg09/init_sys.sas";
G_SYSVER=v9.4
G_SYSUSERID_SHORT=cpearson1
G_SYSUSERID_LONG=_NULL_
G_SYSJOBID=644359
   Got toolver from &progpath/../tools/init.inc : v4.19.01;				/*
 
      *******************************************************************************
      * SAS Program:    /biometrics/gsi_stds/dss_2026/s0000000/final/draft1/prog/t-os.sas
      * Run by:         cpearson1 on sjgsasappprdg01
      * On Date:        30AUG2026:15:52
      * Tools Version:  v4.19.01 (from init_sys.sas)
      * SAS Version:    LIN X64 v9.4
      *******************************************************************************
 
CURRPATH=/biometrics/gsi_stds/dss_2026/s0000000/final/draft1/prog
PROGPATH=/biometrics/gsi_stds/dss_2026/s0000000/final/draft1/prog
G_SYSPROG=0
G_DEV=0
G_QUAL=0
NOTE: %INCLUDE (level 1) ending.
985        
986        *** Include the original SAS program ***;
987        %include "/gridwork/gsubwork/cpearson1/t-os.sas_1788130328.9869962@sjgsasappprdg09/original_t-os.sas" / source2;
                                                                    The SAS System

NOTE: %INCLUDE (level 1) file /gridwork/gsubwork/cpearson1/t-os.sas_1788130328.9869962@sjgsasappprdg09/original_t-os.sas is file 
      /gridwork/gsubwork/cpearson1/t-os.sas_1788130328.9869962@sjgsasappprdg09/original_t-os.sas.
988       +/* start of header *********************************************************************************
989       +Program Name:      t-os.sas
990       +Program Author:    GitHub Copilot (copilot)
991       +Program Purpose:   Create Table 15.9.1.x Overall Survival (OS), ITT Analysis Set
992       +
993       +*********************************************************************************** end of header */
994       +
995       +/*----------------------------------------------------------------------------------------------
996       +  METADATA-TO-DATASET MAPPING (Phase 0)
997       +  Source:  DSS TFL Shells_Tables.json Shells[TitleKey=t-os] Result rows (official source of
998       +           truth for variables/where-clauses/display text); cross-checked against DSS TFL
999       +           Shells.json outputs[id=Out_03] "Overall Survival (OS)", analyses An_45-An_60, and
1000      +           tools/tnf.inc titlekey=t-os (title/footnote text, including footnote markers a-d).
1001      +  Population:      ITT Analysis Set (tnf.inc ttl2 = "ITT Analysis Set") -> ADTTE.ITTFL = 'Y'
1002      +  Column variable: ADTTE.TRT01PN (1=Drug A, 2=Drug B, format TRTFMT.) - consistent with the
1003      +                   TRT01PN convention confirmed for ADSL in t-disp/t-demog.
1004      +  Rows (Label / where-clause, verbatim from DSS TFL Shells_Tables.json):
1005      +     1. Number (%) of Participants with Events (Death)               -> ADTTE.CNSR == 0
1006      +     2. Number (%) of Participants Censored                          -> ADTTE.CNSR NE 1 in the
1007      +        shell JSON; implemented here as the standard ADaM complement CNSR = 1 (CNSR NE 1 would
1008      +        also include any non-0/1 value, which is not a defensible category for a binary CNSR
1009      +        variable and is treated as a metadata-authoring artifact, not a literal instruction).
1010      +     3. Kaplan-Meier Estimate of OS (Months) (95% CI) [a]             -> PROC LIFETEST median, loglog CI
1011      +     4. Kaplan-Meier Estimate of OS Rate (%) (95% CI) (header row), with sub-rows
1012      +        "At 6 Months" / "At 12 Months" / "At 18 Months"             -> PROC LIFETEST TIMELIST
1013      +     5. Hazard Ratio of A vs B (95% CI) [b], log-rank P value [c]     -> PROC PHREG / PROC LIFETEST
1014      +     6. Duration of OS Follow-up (Months) [d] (header row), with sub-rows ">= 6 Months" /
1015      +        ">= 12 Months" / ">= 18 Months"                            -> n (%) with AVAL >= threshold
1016      +     (No separate "Number of Participants" row - not part of the shell; the column header's
1017      +     (N=xx) text, via TABDESC's numtitle=, already conveys the group size.)
1018      +
1019      +  GLOBAL MACRO USAGE: calling %tmtoevnt/%m_tmtoevnt directly was not used (both always produce
1020      +  three separate output files with their own tnf.inc titlekeys that don't exist - only the bare
1021      +  "t-os" key is defined - conflicting with the single-PDF-per-titlekey requirement). Per-macro
1022      +  priority, the relevant CODE was instead pulled directly from tmtoevnt.sas's internal %cumrate
1023      +  and %hratio submacros and adapted below rather than written from scratch:
1024      +     - TIME statement convention: tmtoevnt.sas's %hratio submacro uses
1025      +       `model &dvar*&cvar(0) = &colvar` - adapted here as `aval*cnsr(1)` (ADTTE.CNSR follows the
1026      +       standard ADaM direction: 0=event, 1=censored, so CNSR itself is used directly with no
1027      +       derived indicator variable needed).
1028      +     - Hazard ratio: tmtoevnt.sas's %hratio submacro uses `class &colvar(ref=...)/param=ref;
1029      +       model .../rl; hazardratio &colvar / diff=ref;` - the `/rl` model option is what actually
1030      +       populates HRLowerCL/HRUpperCL in the ParameterEstimates ODS table (a prior revision of
1031      +       this program omitted /rl, which would have left the hazard ratio CI blank).
                                                                    The SAS System

1032      +     - Median OS and landmark survival rate: tmtoevnt.sas's %cumrate submacro drives
1033      +       `strata &colvar;` off the PROC LIFETEST TIME statement and captures ODS Quartiles /
1034      +       ProductLimitEstimates output data sets - the same ODS tables (Quartiles,
1035      +       ProductLimitEstimates, HomTests, ParameterEstimates) are used below.
1036      +     - Rendering: %tabdesc/%tabcount build the standard COMBINE dataset (linlabel/sortord/
1037      +       statord/value1-value&_maxcol/level) for the Events/Censored/Duration count rows, exactly
1038      +       as t-disp.sas/t-aebrief.sas do; the KM median/KM rate/Hazard Ratio/log-rank rows are built
1039      +       directly in that SAME field structure and appended into COMBINE via a plain `data
1040      +       combine; set combine ...;` step (mirroring the production reference program
1041      +       G:\projects\p627\s21\ia01\version1\prog\t-os-a.sas, which does
1042      +       `set combine t odd pval;`) - %tabprep/%printset/%tabdrpt then render the whole table in
1043      +       one pass, keeping the font/page layout identical across all 5 tables. A prior revision of
1044      +       this program built a separate hand-rolled PROC REPORT dataset instead, which is why the
1045      +       KM estimate rows were not appearing in the rendered PDF.
1046      +     - Blank separator rows: appended at the END of each section (same sortord as that section's
1047      +       last row, statord='9' so it sorts last) - TABPREP
1048      +       (`if first.sortord and linlabel=' ' then delete;`) only deletes a blank-linlabel row when
1049      +       it is the FIRST record of its sortord group, so a trailing blank row survives.
1050      +     - Duration of OS follow-up: not directly produced by tmtoevnt.sas; implemented per the
1051      +       shell's explicit ">= 6/12/18 Months" categories (label wording confirmed against the
1052      +       production reference program's dur1t-dur5t formats) as a PROC SQL count of participants
1053      +       with AVAL (analysis time to event or censoring) at least that long - the minimum
1054      +       demonstrated follow-up, not a KM/reverse-KM estimate. Built as a SQL count (not TABCOUNT)
1055      +       so a row always appears, even "0 (0.0%)", when no participant reaches a given threshold.
1056      +
1057      +  ASSUMPTION (confirmed 20260830 - ADSL/ADTTE were updated so AVAL is in DAYS, matching this):
1058      +  ADTTE is assumed to follow standard CDISC ADaM BDS time-to-event conventions:
1059      +     AVAL   = analysis time in DAYS from randomization/first dose to event or censoring
1060      +              (matches tnf.inc footnote a/d formula: (date - date + 1)/30.4375 = months)
1061      +     CNSR   = 0 (event/death occurred) / 1 (censored) - standard ADaM direction
1062      +     PARAMCD/PARAM = 'OS' / 'Overall Survival (OS)'
1063      +     TRT01PN, ITTFL present as copied from ADSL.
1064      +  These names were reconstructed from a raw scan of the ADTTE binary (confirmed tokens: AVAL,
1065      +  CNSR (as "CENSORED"/"EVENT" format labels), PARAM, PARAMCD, TRT01PN, ITTFL, STARTDT, ADT) and
1066      +  from CDISC ADaM IG BDS/TTE conventions. Variable existence is re-verified defensively below;
1067      +  if any assumed variable is not found the table is marked ERROR and no PDF is produced
1068      +  (Phase 1e), and the assumption is logged to tools/val_report.out for statistician review.
1069      +----------------------------------------------------------------------------------------------*/
1070      +
1071      +options missing='' mprint mlogic=0 symbolgen=0;
1072      +
1073      +%let titlekey = t-os;
1074      +%let outname  = &titlekey;
1075      +%let statvar  = %sysfunc(translate(&titlekey,'_','-'));  /* macro variable names cannot contain '-' */
1076      +%global &statvar._status;
1077      +%let &statvar._status = PASS;
                                                                    The SAS System

1078      +
1079      +%let tools = ../tools;
1080      +libname adamdata "../adamdata";
NOTE: Libref ADAMDATA was successfully assigned as follows: 
      Engine:        V9 
      Physical Name: /biometrics/gsi_stds/dss_2026/s0000000/final/draft1/adamdata
1081      +libname tools    "&tools";
NOTE: Libref TOOLS refers to the same physical library as _FMTS_1.
NOTE: Libref TOOLS was successfully assigned as follows: 
      Engine:        V9 
      Physical Name: /biometrics/gsi_stds/dss_2026/s0000000/final/draft1/tools
1082      +libname libfmt   "&tools";
NOTE: Libref LIBFMT refers to the same physical library as TOOLS.
NOTE: Libref LIBFMT was successfully assigned as follows: 
      Engine:        V9 
      Physical Name: /biometrics/gsi_stds/dss_2026/s0000000/final/draft1/tools
1083      +options fmtsearch = (libfmt work);
1084      +
1085      +%include "&tools/init.inc";
NOTE: %INCLUDE (level 2) file ../tools/init.inc is file /biometrics/gsi_stds/dss_2026/s0000000/final/draft1/tools/init.inc.
1086      +/* start of header *********************************************************************************
1087      +
1088      +Program Name:      init.inc
1089      +Program Author:    First Last (userid)
1090      +Program Purpose:   initialization file	
1091      +                   - creates macro variables used by global macros
1092      +                   - automatically copied into tools directory & localized by FAB when new tools
1093      +                     folders are created
1094      +                   - Programmer needs to provide data transfer date &dataver and last 4 digits of
1095      +                     &sno (as applicable)
1096      +                   - can be further customized by Programmer
1097      +                   - template location: \\gsasdata\global\biostat\v4.19.01\folder_templates
1098      +
1099      +*********************************************************************************** end of header */
1100      +
1101      +&debug %put Begin "init.inc" file processing. ;
1102      +
1103      +/* macro variables used by the standard macros */
1104      +%let toolver  = v4.19.01;				/* Global Macro Version */
1105      +%let dataver  = %str(ddmmmyyyy);			/* Data Transfer Date (updated/customized by Programmer) */
1106      +%let sno      = 000-0000;            		        /* Study # (partially updated by FAB; Programmer provides last 4 digits) */
1107      +%let project  = GS-XXXX;             		        /* GS # (updated by FAB) */
1108      +%let protocol = GS-US-000-0000;			        /* Protocol # (updated by FAB) */
1109      +%let prtstudy = %str(Study GS-US-000-0000);	      	/* Protocol # for Output Header (updated by FAB, customizable by Programmer) */
1110      +%let hdrmode  = R;                   		        /* Header Justification (default & standard is R, can be changed to L) */
1111      +%let runmode  = ;             		        /* Run Mode (changed to blank by Programmer if study is open-label/unblinded) */
                                                                    The SAS System

1112      +%let caution  = N;                   		        /* Caution Flag (changed to blank by Programmer when data & programs are final) */
1113      +%let _subj_keyvars = subjid;		  		/* Declare the unique key identifier variables for subjects in the study */
1114      +%let study_subject_text = Participant;            /* Declare the study subject term for TFLs (Participant or Patient, per Protocol/SAP) */
1115      +
1116      +/* Programmer: create task/release specific macro variables below (an example of common macro variables created for DMCs is
1117      +   given - can be modified or deleted as needed) */
1118      +%let dmcdtn   = "01JAN2000"d;       		   /* DMC Meeting Date, numeric */
1119      +%let dmcdtc   = "01JAN2000";			         /* DMC Meeting Date, character */
1120      +%let cutdtn   = "01JAN2000"d;       		   /* DMC Data Snapshot Date, numeric  */
1121      +
1122      +/* set SAS options, overwrite system defaults  */
1123      +options mprint source;* source2 symbolgen;
1124      +
1125      +&debug %put End "init.inc" file processing. ;
NOTE: %INCLUDE (level 2) ending.
NOTE: %INCLUDE (level 1) resuming.
1126      +
1127      +%macro m_val_init;
1128      +   %if %sysfunc(exist(tools.val_report))=0 %then %do;
1129      +      data tools.val_report;
1130      +         length titlekey $16 dsname $16 varname $32 check $60 expected $100
1131      +                actual $100 status $10 message $200;
1132      +         format rundttm datetime20.;
1133      +         call missing(titlekey, dsname, varname, check, expected, actual, status, message, rundttm);
1134      +         delete;
1135      +      run;
1136      +   %end;
1137      +%mend m_val_init;
1138      +
1139      +%macro m_val_log(titlekey=, dsname=, varname=, check=, expected=, actual=, status=, message=);
1140      +   data _val_rec;
1141      +      length titlekey $16 dsname $16 varname $32 check $60 expected $100
1142      +             actual $100 status $10 message $200;
1143      +      titlekey = "&titlekey";
1144      +      dsname   = "&dsname";
1145      +      varname  = "&varname";
1146      +      check    = "&check";
1147      +      expected = "&expected";
1148      +      actual   = "&actual";
1149      +      status   = "&status";
1150      +      message  = "&message";
1151      +      rundttm  = datetime();
1152      +      format rundttm datetime20.;
1153      +   run;
1154      +   proc append base=tools.val_report data=_val_rec force; run;
1155      +   proc datasets library=work nolist memtype=data; delete _val_rec; quit;
                                                                    The SAS System

1156      +%mend m_val_log;
1157      +
1158      +%m_val_init;
1159      +
1160      +%m_val_log(titlekey=&titlekey, dsname=adtte, varname=aval cnsr paramcd trt01pn ittfl,
1161      +           check=Variable-mapping assumption, expected=Standard ADaM BDS/TTE naming,
1162      +           actual=Not confirmed by an existing working program, status=WARNING,
1163      +           message=ADTTE variable names (AVAL/CNSR/PARAMCD/TRT01PN/ITTFL) are assumed per
1164      +CDISC ADaM IG and binary token scan - no t-s-os production reference exists. Re-verify with the
1165      +study ADaM specification before promoting this program.);
MPRINT(M_VAL_LOG):   data _val_rec;
MPRINT(M_VAL_LOG):   length titlekey $16 dsname $16 varname $32 check $60 expected $100 actual $100 status $10 message $200;
MPRINT(M_VAL_LOG):   titlekey = "t-os";
MPRINT(M_VAL_LOG):   dsname = "adtte";
MPRINT(M_VAL_LOG):   varname = "aval cnsr paramcd trt01pn ittfl";
MPRINT(M_VAL_LOG):   check = "Variable-mapping assumption";
MPRINT(M_VAL_LOG):   expected = "Standard ADaM BDS/TTE naming";
MPRINT(M_VAL_LOG):   actual = "Not confirmed by an existing working program";
MPRINT(M_VAL_LOG):   status = "WARNING";
MPRINT(M_VAL_LOG):   message = "ADTTE variable names (AVAL/CNSR/PARAMCD/TRT01PN/ITTFL) are assumed per CDISC ADaM IG and binary token scan - no 
t-s-os production reference exists. Re-verify with the study ADaM specification before promoting this program.";
MPRINT(M_VAL_LOG):   rundttm = datetime();
MPRINT(M_VAL_LOG):   format rundttm datetime20.;
MPRINT(M_VAL_LOG):   run;

NOTE: The data set WORK._VAL_REC has 1 observations and 9 variables.
NOTE: DATA statement used (Total process time):
      real time           0.00 seconds
      cpu time            0.00 seconds
      

MPRINT(M_VAL_LOG):   proc append base=tools.val_report data=_val_rec force;
MPRINT(M_VAL_LOG):   run;

NOTE: Appending WORK._VAL_REC to TOOLS.VAL_REPORT.
 
INFO: Engine's fast-append process in use.
INFO: 15:52:13 Reading DATA file, updating BASE file
INFO: Starting data set size is 6 pages
INFO: Engine's block-read method is in use.
INFO: Engine's block-write  method is in use.
INFO: Ending data set size is 6 pages, 0 added.
INFO: 00:00:00 Elapsed time
INFO: 15:52:13 Finished updating BASE file
 
NOTE: There were 1 observations read from the data set WORK._VAL_REC.
                                                                    The SAS System

NOTE: 1 observations added.
NOTE: The data set TOOLS.VAL_REPORT has 714 observations and 9 variables.
NOTE: PROCEDURE APPEND used (Total process time):
      real time           0.08 seconds
      cpu time            0.01 seconds
      

MPRINT(M_VAL_LOG):   proc datasets library=work nolist memtype=data;
MPRINT(M_VAL_LOG):   delete _val_rec;
MPRINT(M_VAL_LOG):   quit;

NOTE: Deleting WORK._VAL_REC (memtype=DATA).
NOTE: PROCEDURE DATASETS used (Total process time):
      real time           0.00 seconds
      cpu time            0.00 seconds
      

1166      +
1167      +%macro m_req_check(dsname=, varlist=);
1168      +   %local _i _v _ok;
1169      +   %if %sysfunc(exist(adamdata.&dsname))=0 %then %do;
1170      +      %m_val_log(titlekey=&titlekey, dsname=&dsname, varname=, check=Dataset existence,
1171      +                 expected=adamdata.&dsname exists, actual=NOT FOUND, status=ERROR,
1172      +                 message=Required dataset adamdata.&dsname could not be found - table skipped.);
1173      +      %let &statvar._status = ERROR;
1174      +      %goto done;
1175      +   %end;
1176      +   %let _i = 1;
1177      +   %do %while (%scan(&varlist, &_i, %str( )) ne );
1178      +      %let _v = %scan(&varlist, &_i, %str( ));
1179      +      %m_chkvar(var=&_v, inds=&dsname, libnm=adamdata, abort=N, alert=N);
1180      +      %let _ok = &m_chkvar;
1181      +      %if %eval(&_ok) = 0 %then %do;
1182      +         %m_val_log(titlekey=&titlekey, dsname=&dsname, varname=&_v, check=Variable existence,
1183      +                    expected=Variable &_v present, actual=NOT FOUND, status=ERROR,
1184      +                    message=Required variable &_v not found in adamdata.&dsname - table marked ERROR.);
1185      +         %let &statvar._status = ERROR;
1186      +      %end;
1187      +      %else %do;
1188      +         %m_val_log(titlekey=&titlekey, dsname=&dsname, varname=&_v, check=Variable existence,
1189      +                    expected=Variable &_v present, actual=FOUND, status=PASS, message= );
1190      +      %end;
1191      +      %let _i = %eval(&_i + 1);
1192      +   %end;
1193      +   %done:
1194      +%mend m_req_check;
                                                                    The SAS System

1195      +
1196      +%macro main;
1197      +
1198      +%m_req_check(dsname=adtte, varlist=usubjid trt01pn ittfl paramcd aval cnsr);
1199      +
1200      +%if &&&statvar._status = ERROR %then %do;
1201      +   %put %str(ER)ROR: [USER] &titlekey - one or more required ADTTE variables were not found.;
1202      +   %put %str(ER)ROR: [USER] &titlekey - PDF generation skipped. See tools/val_report.out.;
1203      +   %goto endprogram;
1204      +%end;
1205      +
1206      +/*------------------------------------------------------------------------------------------*
1207      + | Data preparation - ITT Analysis Set, OS parameter, one record per participant             |
1208      + *------------------------------------------------------------------------------------------*/
1209      +%fetch(library = adamdata,
1210      +          data = adtte,
1211      +           out = os0,
1212      +       dataopt = where=(ittfl = 'Y' and upcase(paramcd) = 'OS'),
1213      +        sortby = usubjid);
1214      +
1215      +%nobs(os0);
1216      +%m_val_log(titlekey=&titlekey, dsname=adtte, varname=paramcd, check=Population record count,
1217      +           expected=>0 ITT participants with PARAMCD=OS, actual=&nobs,
1218      +           status=%sysfunc(ifc(&nobs>0,PASS,ERROR)),
1219      +           message=ITT Analysis Set / OS parameter record count.);
1220      +
1221      +%if &nobs = 0 %then %do;
1222      +   %let &statvar._status = ERROR;
1223      +   %goto endprogram;
1224      +%end;
1225      +
1226      +proc sort data=os0 out=os1 nodupkey;
1227      +   by usubjid;
1228      +run;
1229      +
1230      +proc format;
1231      +   value eventfmt 1 = 'Event';
1232      +   value censfmt  1 = 'Censored';
1233      +run;
1234      +
1235      +data os1;
1236      +   set os1;
1237      +   /* Guard against unintended duplicate participant contributions to the survival model */
1238      +   if aval le . then do;
1239      +      put "WARN" "ING: [USER] Missing AVAL for USUBJID=" usubjid " - excluded from OS analysis.";
1240      +      delete;
                                                                    The SAS System

1241      +   end;
1242      +   /* 1/missing (never 0) so TABCOUNT's showall=N shows only the single matching category - an
1243      +      explicit 0/1 flag would tabulate BOTH values, duplicating every row (the 90%/10% rows seen
1244      +      in the prior PDF were EVENT=0/EVENT=1 and CENS=0/CENS=1 both being displayed). */
1245      +   if cnsr = 0 then event = 1;   /* Number (%) of Participants with Events (Death) -> CNSR == 0 */
1246      +   if cnsr = 1 then cens  = 1;   /* Number (%) of Participants Censored -> CNSR == 1 (standard ADaM
1247      +                                    direction; RTF sample code uses "Censored(1)"; the shell JSON's
1248      +                                    literal "CNSR NE 1" is a metadata-authoring artifact - CNSR NE 1
1249      +                                    would also match every CNSR=0 (event) participant, giving the
1250      +                                    Events and Censored rows 100% overlapping counts) */
1251      +   label event = ' ' cens = ' ';
1252      +   format trt01pn trtfmt. event eventfmt. cens censfmt.;
1253      +run;
1254      +
1255      +proc sql noprint;
1256      +   select min(aval), max(aval) into :_aval_min trimmed, :_aval_max trimmed from os1;
1257      +quit;
1258      +/* Informational only - if Max AVAL is below a landmark threshold (182.625/365.25/547.875 days
1259      +   for 6/12/18 months), PROC LIFETEST cannot estimate the survival rate or duration-of-follow-up
1260      +   count at that landmark - NEst/0 in the table reflects genuinely short follow-up in the data,
1261      +   not a program error. Plain %put used here (not %m_val_log) - a free-text macro-call argument
1262      +   containing its own embedded "word=" pattern can desync the macro call parser. */
1263      +%put NOTE: [USER] &titlekey - AVAL (days) ranges from &_aval_min to &_aval_max across os1.;
1264      +
1265      +proc sql noprint;
1266      +   select count(distinct usubjid) into :n_all trimmed from os1;
1267      +   select count(distinct usubjid) into :n_a   trimmed from os1 where trt01pn = 1;
1268      +   select count(distinct usubjid) into :n_b   trimmed from os1 where trt01pn = 2;
1269      +quit;
1270      +
1271      +%m_val_log(titlekey=&titlekey, dsname=adtte, varname=trt01pn, check=Treatment group counts,
1272      +           expected=2 treatment groups (Drug A, Drug B), actual=N(A)=&n_a N(B)=&n_b,
1273      +           status=%sysfunc(ifc(%eval(&n_a>0 and &n_b>0),PASS,ERROR)),
1274      +           message=Confirms both treatment arms are represented before modeling.);
1275      +
1276      +/*------------------------------------------------------------------------------------------*
1277      + | Kaplan-Meier estimates: median OS (log-log 95% CI), landmark survival rates at 6, 12 and   |
1278      + | 18 months, and the log-rank p value comparing the two treatment groups.                    |
1279      + *------------------------------------------------------------------------------------------*/
1280      +ods select none;
1281      +ods output Quartiles = _km_quartiles (where=(Percent=50))
1282      +           HomTests   = _km_logrank   (where=(Test='Log-Rank'));
1283      +
1284      +/* OUTSURV=/REDUCEOUT (not ODS OUTPUT ProductLimitEstimates with TIMELIST/ATRISK) is the pattern
1285      +   the production reference program G:\projects\p627\s21\ia01\version1\prog\t-os-a.sas and the
1286      +   RTF's own OS/PFS programming notes use - REDUCEOUT reduces OUTSURV to one row per requested
                                                                    The SAS System

1287      +   TIMELIST point while still carrying SURVIVAL/SDF_LCL/SDF_UCL on those rows. */
1288      +proc lifetest data=os1 method=km outsurv=_outsurv timelist=182.625 365.25 547.875 reduceout
1289      +              conftype=loglog;
1290      +   time aval*cnsr(1);
1291      +   strata trt01pn;
1292      +run;
1293      +
1294      +ods select all;
1295      +ods output close;
1296      +
1297      +/* Median OS (months) with log-log 95% CI, per treatment group */
1298      +data _km_median;
1299      +   length trtn 8;
1300      +   set _km_quartiles;
1301      +   trtn    = trt01pn;
1302      +   med_mo  = estimate / 30.4375;
1303      +   lcl_mo  = LowerLimit / 30.4375;
1304      +   ucl_mo  = UpperLimit / 30.4375;
1305      +run;
1306      +
1307      +/* Survival rate (%) at 6, 12, and 18 months, per treatment group - _outsurv (REDUCEOUT) already
1308      +   carries SURVIVAL/SDF_LCL/SDF_UCL on the one row per requested TIMELIST point. */
1309      +data _km_rate;
1310      +   length trtn 8 timelbl $12;
1311      +   set _outsurv (where=(timelist ne .));
1312      +   trtn = trt01pn;
1313      +   if      round(timelist,0.01) = 182.63 then do; timelbl = 'At 6 Months';  ord = 1; end;
1314      +   else if round(timelist,0.01) = 365.25 then do; timelbl = 'At 12 Months'; ord = 2; end;
1315      +   else if round(timelist,0.01) = 547.88 then do; timelbl = 'At 18 Months'; ord = 3; end;
1316      +   rate    = survival*100;
1317      +   rate_l  = sdf_lcl*100;
1318      +   rate_u  = sdf_ucl*100;
1319      +run;
1320      +
1321      +/*------------------------------------------------------------------------------------------*
1322      + | Cox proportional hazards model - Hazard Ratio of Drug A vs Drug B (95% CI). MODEL .../rl    |
1323      + | and the HAZARDRATIO statement are pulled directly from tmtoevnt.sas's own %hratio submacro  |
1324      + | pattern - without /rl, PROC PHREG's ParameterEstimates table does not populate              |
1325      + | HRLowerCL/HRUpperCL at all, which the previous revision of this program was missing.        |
1326      + *------------------------------------------------------------------------------------------*/
1327      +ods select none;
1328      +ods output ParameterEstimates = _phreg_hr;
1329      +
1330      +proc phreg data=os1;
1331      +   format trt01pn; /* CLASS ref= matches the FORMATTED value if a format is active - clear it so
1332      +                      ref='2' matches the raw TRT01PN value (Drug B) rather than display text */
                                                                    The SAS System

1333      +   class trt01pn (ref='2') / param=ref;
1334      +   model aval*cnsr(1) = trt01pn / rl ties=exact; /* ties=exact matches the production reference
1335      +                                                     program's Cox model specification */
1336      +   hazardratio trt01pn / diff=ref;
1337      +run;
1338      +
1339      +ods select all;
1340      +ods output close;
1341      +
1342      +data _hr;
1343      +   set _phreg_hr;
1344      +   hr    = HazardRatio;
1345      +   hr_l  = HRLowerCL;
1346      +   hr_u  = HRUpperCL;
1347      +run;
1348      +
1349      +%nobs(_hr);
1350      +%if &nobs = 0 %then %do;
1351      +   %m_val_log(titlekey=&titlekey, dsname=adtte, varname=trt01pn, check=Cox model convergence,
1352      +              expected=1 parameter estimate row, actual=0, status=ERROR,
1353      +              message=PROC PHREG produced no hazard ratio estimate - check for separation/too few events.);
1354      +   %let &statvar._status = ERROR;
1355      +%end;
1356      +
1357      +%m_val_log(titlekey=&titlekey, dsname=adtte, varname=aval cnsr, check=Analysis completeness,
1358      +           expected=Model estimates for both KM and Cox PH, actual=see log, status=&&&statvar._status,
1359      +           message=Overall Survival KM/Cox analysis executed for ITT Analysis Set.);
1360      +
1361      +%if &&&statvar._status = ERROR %then %goto endprogram;
1362      +
1363      +/*------------------------------------------------------------------------------------------*
1364      + | Report generation - uses the SAME global bpgl SP macro pipeline as t-disp/t-aebrief        |
1365      + | (tabdesc/tabcount build COMBINE -> the custom KM/HR rows below are appended into COMBINE   |
1366      + | in its own linlabel/sortord/statord/value1-value&_maxcol/level structure, exactly as the   |
1367      + | production t-os-a.sas reference program does -> tabprep/printset/tabdrpt render the PDF),  |
1368      + | instead of a hand-rolled PROC REPORT, so KM estimates render correctly and the font/page    |
1369      + | layout matches the other tables. ocprint=N - no overall (Total) column on this table.       |
1370      + *------------------------------------------------------------------------------------------*/
1371      +%tabdesc(data     = os1,
1372      +         ptvar    = usubjid,
1373      +         colvar   = trt01pn,
1374      +         ocprint  = N,
1375      +         col2     = 50,
1376      +         statlen  = 3,
1377      +         numtitle = Number of &study_subject_text.s);
1378      +
                                                                    The SAS System

1379      +%tabcount(sortord = 1, var = event, stat = N PCT, showall = Y, ptclabel=%str());
1380      +%tabcount(sortord = 2, var = cens,  stat = N PCT, showall = Y, ptclabel=%str());
1381      +
1382      +/* Real row-label text for the tabcount rows (blanked labels above avoid a spurious header line
1383      +   above the n (%) value - same technique used in t-disp.sas/t-aebrief.sas), flush left (level=0
1384      +   overrides TABPREP's level*3 indent, which TABCOUNT otherwise sets to 1 for these single-
1385      +   variable rows). */
1386      +data combine;
1387      +   set combine;
1388      +   length _newlbl $80;
1389      +   select (sortord);
1390      +      when (1) _newlbl = 'Number (%) of Participants with Events (Death)';
1391      +      when (2) _newlbl = 'Number (%) of Participants Censored';
1392      +      otherwise _newlbl = ' ';
1393      +   end;
1394      +   if _newlbl ne ' ' then do;
1395      +      linlabel = left(_newlbl);
1396      +      level = 0;
1397      +   end;
1398      +   drop _newlbl;
1399      +run;
1400      +
1401      +/* Regular leading blanks get collapsed by the PDF renderer (why plain PUT-width right-justify
1402      +   did not visually align digits) - byte(160) (non-breaking space) survives rendering, so pad
1403      +   with NBSP to right-justify stacked values within a section (ones digit/decimal aligned). */
1404      +%macro nbsppad(var, width);
1405      +   &var = cat(substr(_nbsp10,1,max(0,&width-length(&var))),&var);
1406      +%mend nbsppad;
1407      +
1408      +/* Custom KM/Cox rows, built directly in COMBINE's own field structure (linlabel/sortord/
1409      +   statord/value1-value3/level) so they union cleanly into COMBINE via a plain SET statement -
1410      +   mirrors the production t-os-a.sas reference program's "data combine; set combine t odd
1411      +   pval;" pattern. A blank separator row is appended at the END of each section (same sortord
1412      +   as the section's last row, high statord='9' so it sorts last) - TABPREP deletes a blank-
1413      +   linlabel row only when it is the FIRST record of its sortord group, so a trailing blank
1414      +   survives while a standalone blank sortord group would not. */
1415      +data _med_row;
1416      +   length linlabel $250 statord $40 value1-value3 $40 _m _l _u $10;
1417      +   merge _km_median(where=(trtn=1) rename=(med_mo=medA lcl_mo=lclA ucl_mo=uclA))
1418      +         _km_median(where=(trtn=2) rename=(med_mo=medB lcl_mo=lclB ucl_mo=uclB));
1419      +   sortord  = 3;
1420      +   level    = 0;
1421      +   statord  = '1';
1422      +   linlabel = 'Kaplan-Meier Estimate of OS (Months) (95% CI) [a]';
1423      +   /* TABDRPT does not preserve leading-space padding as visual alignment, so left-justify   -
1424      +      strip() the numbers and cat() the literal delimiters (cats() would also strip the ' (') */
                                                                    The SAS System

1425      +   if medA > . then _m = strip(put(medA,6.1)); else _m = 'NEst';
1426      +   if lclA > . then _l = strip(put(lclA,6.1)); else _l = 'NEst';
1427      +   if uclA > . then _u = strip(put(uclA,6.1)); else _u = 'NEst';
1428      +   value1   = cat(trim(_m),' (',trim(_l),', ',trim(_u),')');
1429      +   if medB > . then _m = strip(put(medB,6.1)); else _m = 'NEst';
1430      +   if lclB > . then _l = strip(put(lclB,6.1)); else _l = 'NEst';
1431      +   if uclB > . then _u = strip(put(uclB,6.1)); else _u = 'NEst';
1432      +   value2   = cat(trim(_m),' (',trim(_l),', ',trim(_u),')');
1433      +   value3   = ' ';
1434      +   output;
1435      +   statord  = '9';
1436      +   linlabel = ' ';
1437      +   value1 = ' '; value2 = ' '; value3 = ' ';
1438      +   output;
1439      +   keep linlabel sortord statord value1-value3 level;
1440      +run;
1441      +
1442      +proc sql;
1443      +   create table _rate_final as
1444      +      select a.timelbl, a.ord, a.rate as rateA, a.rate_l as rate_lA, a.rate_u as rate_uA,
1445      +             b.rate as rateB, b.rate_l as rate_lB, b.rate_u as rate_uB
1446      +      from _km_rate(where=(trtn=1)) as a
1447      +      inner join _km_rate(where=(trtn=2)) as b
1448      +         on a.timelbl = b.timelbl
1449      +      order by a.ord;
1450      +quit;
1451      +
1452      +data _rate_rows;
1453      +   length linlabel $250 statord $40 value1-value3 $40 _m _l _u $20 _nbsp10 $10;
1454      +   set _rate_final end=eof;
1455      +   sortord = 4;
1456      +   level   = 1; /* 3-space indent under the "Kaplan-Meier Estimate of OS Rate..." header row */
1457      +   value3  = ' ';
1458      +   statord = put(_n_,1.);
1459      +   linlabel = timelbl;
1460      +   _nbsp10 = byte(160)||byte(160)||byte(160)||byte(160)||byte(160)||byte(160)||byte(160)||byte(160)||byte(160)||byte(160);
1461      +   if rateA > . then _m = strip(put(rateA,5.1)); else _m = 'NEst'; %nbsppad(_m,5);
1462      +   if rate_lA > . then _l = strip(put(rate_lA,5.1)); else _l = 'NEst'; %nbsppad(_l,5);
1463      +   if rate_uA > . then _u = strip(put(rate_uA,5.1)); else _u = 'NEst'; %nbsppad(_u,5);
1464      +   value1 = cat(trim(_m),' (',trim(_l),', ',trim(_u),')');
1465      +   if rateB > . then _m = strip(put(rateB,5.1)); else _m = 'NEst'; %nbsppad(_m,5);
1466      +   if rate_lB > . then _l = strip(put(rate_lB,5.1)); else _l = 'NEst'; %nbsppad(_l,5);
1467      +   if rate_uB > . then _u = strip(put(rate_uB,5.1)); else _u = 'NEst'; %nbsppad(_u,5);
1468      +   value2 = cat(trim(_m),' (',trim(_l),', ',trim(_u),')');
1469      +   output;
1470      +   if eof then do;
                                                                    The SAS System

1471      +      statord = '9';
1472      +      linlabel = ' ';
1473      +      value1 = ' '; value2 = ' '; value3 = ' ';
1474      +      output;
1475      +   end;
1476      +   keep linlabel sortord statord value1-value3 level;
1477      +run;
1478      +
1479      +data _rate_hdr;
1480      +   length linlabel $250 statord $40 value1-value3 $40;
1481      +   linlabel = 'Kaplan-Meier Estimate of OS Rate (%) (95% CI)';
1482      +   sortord = 4; level = 0; statord = '0';
1483      +   value1 = ' '; value2 = ' '; value3 = ' ';
1484      +run;
1485      +
1486      +data _hrpval_rows;
1487      +   length linlabel $250 statord $40 value1-value3 $40;
1488      +   merge _hr _km_logrank;
1489      +   sortord = 5; level = 0; value2 = ' '; value3 = ' ';
1490      +   statord  = '1';
1491      +   linlabel = 'Hazard Ratio of A vs B (95% CI) [b]';
1492      +   value1   = cat(strip(put(hr,6.2)),' (',strip(put(hr_l,6.2)),', ',strip(put(hr_u,6.2)),')');
1493      +   output;
1494      +   statord  = '2';
1495      +   linlabel = 'Log-Rank P Value [c]';
1496      +   value1   = strip(put(ProbChiSq, pvalue6.4));
1497      +   output;
1498      +   statord  = '9';
1499      +   linlabel = ' ';
1500      +   value1 = ' ';
1501      +   output;
1502      +   keep linlabel sortord statord value1-value3 level;
1503      +run;
1504      +
1505      +data _fu_hdr;
1506      +   length linlabel $250 statord $40 value1-value3 $40;
1507      +   linlabel = 'Duration of OS Follow-up (Months) [d]';
1508      +   sortord = 6; level = 0; statord = '0'; /* same sortord as the subrows below - TABDRPT skips a
1509      +                                             line whenever sortord changes, so a different sortord
1510      +                                             here would insert an unwanted blank line before the
1511      +                                             first subrow (matches the KM Rate header pattern) */
1512      +   value1 = ' '; value2 = ' '; value3 = ' ';
1513      +run;
1514      +
1515      +/* Landmark follow-up counts, built as a PROC SQL count (not TABCOUNT) so a row is ALWAYS
1516      +   emitted per category - even "0 (0.0%)" - regardless of whether any participant actually
                                                                    The SAS System

1517      +   reaches that threshold (TABCOUNT's showall=Y did not reliably emit a row when a flag variable
1518      +   was missing for every single observation, which is why these rows previously vanished). */
1519      +proc sql;
1520      +   create table _fu_final as
1521      +      select '>= 6 Months'  as timelbl length=20, 182.625 as thresh, 1 as ord
1522      +      from os1(obs=1)
1523      +      union
1524      +      select '>= 12 Months' as timelbl length=20, 365.25  as thresh, 2 as ord
1525      +      from os1(obs=1)
1526      +      union
1527      +      select '>= 18 Months' as timelbl length=20, 547.875 as thresh, 3 as ord
1528      +      from os1(obs=1);
1529      +quit;
1530      +
1531      +proc sql;
1532      +   create table _fu_counts as
1533      +      select f.timelbl, f.thresh, f.ord,
1534      +             (select count(*) from os1 where trt01pn=1 and aval>=f.thresh) as cnt_a,
1535      +             (select count(*) from os1 where trt01pn=2 and aval>=f.thresh) as cnt_b
1536      +      from _fu_final as f
1537      +      order by f.ord;
1538      +quit;
1539      +
1540      +data _fu_rows;
1541      +   length linlabel $250 statord $40 value1-value3 $40 _cnt _pct $20 _nbsp10 $10;
1542      +   set _fu_counts end=eof;
1543      +   sortord  = 6;
1544      +   level    = 1; /* 3-space indent under the "Duration of OS Follow-up..." header row */
1545      +   statord  = put(ord,1.);
1546      +   linlabel = timelbl;
1547      +   _nbsp10 = byte(160)||byte(160)||byte(160)||byte(160)||byte(160)||byte(160)||byte(160)||byte(160)||byte(160)||byte(160);
1548      +   _cnt = strip(put(cnt_a,3.)); %nbsppad(_cnt,3);
1549      +   _pct = strip(put(100*cnt_a/&n_a,5.1)); %nbsppad(_pct,5);
1550      +   value1   = cat(trim(_cnt),' (',trim(_pct),'%)');
1551      +   _cnt = strip(put(cnt_b,3.)); %nbsppad(_cnt,3);
1552      +   _pct = strip(put(100*cnt_b/&n_b,5.1)); %nbsppad(_pct,5);
1553      +   value2   = cat(trim(_cnt),' (',trim(_pct),'%)');
1554      +   value3   = ' ';
1555      +   keep linlabel sortord statord value1-value3 level;
1556      +run;
1557      +
1558      +data combine;
1559      +   set combine _med_row _rate_hdr _rate_rows _hrpval_rows _fu_hdr _fu_rows;
1560      +run;
1561      +
1562      +%tabprep(titlekey = &titlekey,
                                                                    The SAS System

1563      +         outname  = &outname,
1564      +         tsource  = &tools/tnf.inc,
1565      +         vdata    = vdata);
1566      +
1567      +%printset(titlekey = &titlekey,
1568      +          outname  = &outname,
1569      +          tsource  = &tools/tnf.inc,
1570      +          orient   = landscape);
1571      +
1572      +%tabdrpt(titlekey = &titlekey,
1573      +         outname  = &outname,
1574      +         cwidth   = );
1575      +
1576      +%m_val_log(titlekey=&titlekey, dsname=adtte, varname=, check=PDF generation,
1577      +           expected=&outname..pdf created, actual=see log, status=&&&statvar._status,
1578      +           message=Overall Survival table completed - see &outname..log for ODS/PROC PRINTTO confirmation.);
1579      +
1580      +%endprogram:
1581      +
1582      +%put NOTE: [USER] &titlekey final status = &&&statvar._status;
1583      +
1584      +%mend main;
1585      +
1586      +%main;
MPRINT(M_REQ_CHECK):  ;
MPRINT(M_VAL_LOG):   data _val_rec;
MPRINT(M_VAL_LOG):   length titlekey $16 dsname $16 varname $32 check $60 expected $100 actual $100 status $10 message $200;
MPRINT(M_VAL_LOG):   titlekey = "t-os";
MPRINT(M_VAL_LOG):   dsname = "adtte";
MPRINT(M_VAL_LOG):   varname = "usubjid";
MPRINT(M_VAL_LOG):   check = "Variable existence";
MPRINT(M_VAL_LOG):   expected = "Variable usubjid present";
MPRINT(M_VAL_LOG):   actual = "FOUND";
MPRINT(M_VAL_LOG):   status = "PASS";
MPRINT(M_VAL_LOG):   message = "";
MPRINT(M_VAL_LOG):   rundttm = datetime();
MPRINT(M_VAL_LOG):   format rundttm datetime20.;
MPRINT(M_VAL_LOG):   run;

NOTE: The data set WORK._VAL_REC has 1 observations and 9 variables.
NOTE: DATA statement used (Total process time):
      real time           0.00 seconds
      cpu time            0.00 seconds
      

MPRINT(M_VAL_LOG):   proc append base=tools.val_report data=_val_rec force;
                                                                    The SAS System

MPRINT(M_VAL_LOG):   run;

NOTE: Appending WORK._VAL_REC to TOOLS.VAL_REPORT.
 
INFO: Engine's fast-append process in use.
INFO: 15:52:13 Reading DATA file, updating BASE file
INFO: Starting data set size is 6 pages
INFO: Engine's block-read method is in use.
INFO: Engine's block-write  method is in use.
INFO: Ending data set size is 7 pages, 1 added.
INFO: 00:00:00 Elapsed time
INFO: 15:52:13 Finished updating BASE file
 
NOTE: There were 1 observations read from the data set WORK._VAL_REC.
NOTE: 1 observations added.
NOTE: The data set TOOLS.VAL_REPORT has 715 observations and 9 variables.
NOTE: PROCEDURE APPEND used (Total process time):
      real time           0.02 seconds
      cpu time            0.00 seconds
      

MPRINT(M_VAL_LOG):   proc datasets library=work nolist memtype=data;
MPRINT(M_VAL_LOG):   delete _val_rec;
MPRINT(M_VAL_LOG):   quit;

NOTE: Deleting WORK._VAL_REC (memtype=DATA).
NOTE: PROCEDURE DATASETS used (Total process time):
      real time           0.00 seconds
      cpu time            0.00 seconds
      

MPRINT(M_REQ_CHECK):  ;
MPRINT(M_REQ_CHECK):  ;
MPRINT(M_VAL_LOG):   data _val_rec;
MPRINT(M_VAL_LOG):   length titlekey $16 dsname $16 varname $32 check $60 expected $100 actual $100 status $10 message $200;
MPRINT(M_VAL_LOG):   titlekey = "t-os";
MPRINT(M_VAL_LOG):   dsname = "adtte";
MPRINT(M_VAL_LOG):   varname = "trt01pn";
MPRINT(M_VAL_LOG):   check = "Variable existence";
MPRINT(M_VAL_LOG):   expected = "Variable trt01pn present";
MPRINT(M_VAL_LOG):   actual = "FOUND";
MPRINT(M_VAL_LOG):   status = "PASS";
MPRINT(M_VAL_LOG):   message = "";
MPRINT(M_VAL_LOG):   rundttm = datetime();
MPRINT(M_VAL_LOG):   format rundttm datetime20.;
MPRINT(M_VAL_LOG):   run;
                                                                    The SAS System


NOTE: The data set WORK._VAL_REC has 1 observations and 9 variables.
NOTE: DATA statement used (Total process time):
      real time           0.00 seconds
      cpu time            0.00 seconds
      

MPRINT(M_VAL_LOG):   proc append base=tools.val_report data=_val_rec force;
MPRINT(M_VAL_LOG):   run;

NOTE: Appending WORK._VAL_REC to TOOLS.VAL_REPORT.
 
INFO: Engine's fast-append process in use.
INFO: 15:52:13 Reading DATA file, updating BASE file
INFO: Starting data set size is 7 pages
INFO: Engine's block-read method is in use.
INFO: Engine's block-write  method is in use.
INFO: Ending data set size is 7 pages, 0 added.
INFO: 00:00:00 Elapsed time
INFO: 15:52:13 Finished updating BASE file
 
NOTE: There were 1 observations read from the data set WORK._VAL_REC.
NOTE: 1 observations added.
NOTE: The data set TOOLS.VAL_REPORT has 716 observations and 9 variables.
NOTE: PROCEDURE APPEND used (Total process time):
      real time           0.00 seconds
      cpu time            0.00 seconds
      

MPRINT(M_VAL_LOG):   proc datasets library=work nolist memtype=data;
MPRINT(M_VAL_LOG):   delete _val_rec;
MPRINT(M_VAL_LOG):   quit;

NOTE: Deleting WORK._VAL_REC (memtype=DATA).
NOTE: PROCEDURE DATASETS used (Total process time):
      real time           0.00 seconds
      cpu time            0.01 seconds
      

MPRINT(M_REQ_CHECK):  ;
MPRINT(M_REQ_CHECK):  ;
MPRINT(M_VAL_LOG):   data _val_rec;
MPRINT(M_VAL_LOG):   length titlekey $16 dsname $16 varname $32 check $60 expected $100 actual $100 status $10 message $200;
MPRINT(M_VAL_LOG):   titlekey = "t-os";
MPRINT(M_VAL_LOG):   dsname = "adtte";
MPRINT(M_VAL_LOG):   varname = "ittfl";
                                                                    The SAS System

MPRINT(M_VAL_LOG):   check = "Variable existence";
MPRINT(M_VAL_LOG):   expected = "Variable ittfl present";
MPRINT(M_VAL_LOG):   actual = "FOUND";
MPRINT(M_VAL_LOG):   status = "PASS";
MPRINT(M_VAL_LOG):   message = "";
MPRINT(M_VAL_LOG):   rundttm = datetime();
MPRINT(M_VAL_LOG):   format rundttm datetime20.;
MPRINT(M_VAL_LOG):   run;

NOTE: The data set WORK._VAL_REC has 1 observations and 9 variables.
NOTE: DATA statement used (Total process time):
      real time           0.00 seconds
      cpu time            0.00 seconds
      

MPRINT(M_VAL_LOG):   proc append base=tools.val_report data=_val_rec force;
MPRINT(M_VAL_LOG):   run;

NOTE: Appending WORK._VAL_REC to TOOLS.VAL_REPORT.
 
INFO: Engine's fast-append process in use.
INFO: 15:52:13 Reading DATA file, updating BASE file
INFO: Starting data set size is 7 pages
INFO: Engine's block-read method is in use.
INFO: Engine's block-write  method is in use.
INFO: Ending data set size is 7 pages, 0 added.
INFO: 00:00:00 Elapsed time
INFO: 15:52:13 Finished updating BASE file
 
NOTE: There were 1 observations read from the data set WORK._VAL_REC.
NOTE: 1 observations added.
NOTE: The data set TOOLS.VAL_REPORT has 717 observations and 9 variables.
NOTE: PROCEDURE APPEND used (Total process time):
      real time           0.00 seconds
      cpu time            0.00 seconds
      

MPRINT(M_VAL_LOG):   proc datasets library=work nolist memtype=data;
MPRINT(M_VAL_LOG):   delete _val_rec;
MPRINT(M_VAL_LOG):   quit;

NOTE: Deleting WORK._VAL_REC (memtype=DATA).
NOTE: PROCEDURE DATASETS used (Total process time):
      real time           0.00 seconds
      cpu time            0.00 seconds
      
                                                                    The SAS System


MPRINT(M_REQ_CHECK):  ;
MPRINT(M_REQ_CHECK):  ;
MPRINT(M_VAL_LOG):   data _val_rec;
MPRINT(M_VAL_LOG):   length titlekey $16 dsname $16 varname $32 check $60 expected $100 actual $100 status $10 message $200;
MPRINT(M_VAL_LOG):   titlekey = "t-os";
MPRINT(M_VAL_LOG):   dsname = "adtte";
MPRINT(M_VAL_LOG):   varname = "paramcd";
MPRINT(M_VAL_LOG):   check = "Variable existence";
MPRINT(M_VAL_LOG):   expected = "Variable paramcd present";
MPRINT(M_VAL_LOG):   actual = "FOUND";
MPRINT(M_VAL_LOG):   status = "PASS";
MPRINT(M_VAL_LOG):   message = "";
MPRINT(M_VAL_LOG):   rundttm = datetime();
MPRINT(M_VAL_LOG):   format rundttm datetime20.;
MPRINT(M_VAL_LOG):   run;

NOTE: The data set WORK._VAL_REC has 1 observations and 9 variables.
NOTE: DATA statement used (Total process time):
      real time           0.00 seconds
      cpu time            0.00 seconds
      

MPRINT(M_VAL_LOG):   proc append base=tools.val_report data=_val_rec force;
MPRINT(M_VAL_LOG):   run;

NOTE: Appending WORK._VAL_REC to TOOLS.VAL_REPORT.
 
INFO: Engine's fast-append process in use.
INFO: 15:52:13 Reading DATA file, updating BASE file
INFO: Starting data set size is 7 pages
INFO: Engine's block-read method is in use.
INFO: Engine's block-write  method is in use.
INFO: Ending data set size is 7 pages, 0 added.
INFO: 00:00:00 Elapsed time
INFO: 15:52:13 Finished updating BASE file
 
NOTE: There were 1 observations read from the data set WORK._VAL_REC.
NOTE: 1 observations added.
NOTE: The data set TOOLS.VAL_REPORT has 718 observations and 9 variables.
NOTE: PROCEDURE APPEND used (Total process time):
      real time           0.00 seconds
      cpu time            0.00 seconds
      

MPRINT(M_VAL_LOG):   proc datasets library=work nolist memtype=data;
                                                                    The SAS System

MPRINT(M_VAL_LOG):   delete _val_rec;
MPRINT(M_VAL_LOG):   quit;

NOTE: Deleting WORK._VAL_REC (memtype=DATA).
NOTE: PROCEDURE DATASETS used (Total process time):
      real time           0.00 seconds
      cpu time            0.00 seconds
      

MPRINT(M_REQ_CHECK):  ;
MPRINT(M_REQ_CHECK):  ;
MPRINT(M_VAL_LOG):   data _val_rec;
MPRINT(M_VAL_LOG):   length titlekey $16 dsname $16 varname $32 check $60 expected $100 actual $100 status $10 message $200;
MPRINT(M_VAL_LOG):   titlekey = "t-os";
MPRINT(M_VAL_LOG):   dsname = "adtte";
MPRINT(M_VAL_LOG):   varname = "aval";
MPRINT(M_VAL_LOG):   check = "Variable existence";
MPRINT(M_VAL_LOG):   expected = "Variable aval present";
MPRINT(M_VAL_LOG):   actual = "FOUND";
MPRINT(M_VAL_LOG):   status = "PASS";
MPRINT(M_VAL_LOG):   message = "";
MPRINT(M_VAL_LOG):   rundttm = datetime();
MPRINT(M_VAL_LOG):   format rundttm datetime20.;
MPRINT(M_VAL_LOG):   run;

NOTE: The data set WORK._VAL_REC has 1 observations and 9 variables.
NOTE: DATA statement used (Total process time):
      real time           0.00 seconds
      cpu time            0.00 seconds
      

MPRINT(M_VAL_LOG):   proc append base=tools.val_report data=_val_rec force;
MPRINT(M_VAL_LOG):   run;

NOTE: Appending WORK._VAL_REC to TOOLS.VAL_REPORT.
 
INFO: Engine's fast-append process in use.
INFO: 15:52:13 Reading DATA file, updating BASE file
INFO: Starting data set size is 7 pages
INFO: Engine's block-read method is in use.
INFO: Engine's block-write  method is in use.
INFO: Ending data set size is 7 pages, 0 added.
INFO: 00:00:00 Elapsed time
INFO: 15:52:13 Finished updating BASE file
 
NOTE: There were 1 observations read from the data set WORK._VAL_REC.
                                                                    The SAS System

NOTE: 1 observations added.
NOTE: The data set TOOLS.VAL_REPORT has 719 observations and 9 variables.
NOTE: PROCEDURE APPEND used (Total process time):
      real time           0.00 seconds
      cpu time            0.00 seconds
      

MPRINT(M_VAL_LOG):   proc datasets library=work nolist memtype=data;
MPRINT(M_VAL_LOG):   delete _val_rec;
MPRINT(M_VAL_LOG):   quit;

NOTE: Deleting WORK._VAL_REC (memtype=DATA).
NOTE: PROCEDURE DATASETS used (Total process time):
      real time           0.00 seconds
      cpu time            0.00 seconds
      

MPRINT(M_REQ_CHECK):  ;
MPRINT(M_REQ_CHECK):  ;
MPRINT(M_VAL_LOG):   data _val_rec;
MPRINT(M_VAL_LOG):   length titlekey $16 dsname $16 varname $32 check $60 expected $100 actual $100 status $10 message $200;
MPRINT(M_VAL_LOG):   titlekey = "t-os";
MPRINT(M_VAL_LOG):   dsname = "adtte";
MPRINT(M_VAL_LOG):   varname = "cnsr";
MPRINT(M_VAL_LOG):   check = "Variable existence";
MPRINT(M_VAL_LOG):   expected = "Variable cnsr present";
MPRINT(M_VAL_LOG):   actual = "FOUND";
MPRINT(M_VAL_LOG):   status = "PASS";
MPRINT(M_VAL_LOG):   message = "";
MPRINT(M_VAL_LOG):   rundttm = datetime();
MPRINT(M_VAL_LOG):   format rundttm datetime20.;
MPRINT(M_VAL_LOG):   run;

NOTE: The data set WORK._VAL_REC has 1 observations and 9 variables.
NOTE: DATA statement used (Total process time):
      real time           0.00 seconds
      cpu time            0.00 seconds
      

MPRINT(M_VAL_LOG):   proc append base=tools.val_report data=_val_rec force;
MPRINT(M_VAL_LOG):   run;

NOTE: Appending WORK._VAL_REC to TOOLS.VAL_REPORT.
 
INFO: Engine's fast-append process in use.
INFO: 15:52:13 Reading DATA file, updating BASE file
                                                                    The SAS System

INFO: Starting data set size is 7 pages
INFO: Engine's block-read method is in use.
INFO: Engine's block-write  method is in use.
INFO: Ending data set size is 7 pages, 0 added.
INFO: 00:00:00 Elapsed time
INFO: 15:52:13 Finished updating BASE file
 
NOTE: There were 1 observations read from the data set WORK._VAL_REC.
NOTE: 1 observations added.
NOTE: The data set TOOLS.VAL_REPORT has 720 observations and 9 variables.
NOTE: PROCEDURE APPEND used (Total process time):
      real time           0.00 seconds
      cpu time            0.01 seconds
      

MPRINT(M_VAL_LOG):   proc datasets library=work nolist memtype=data;
MPRINT(M_VAL_LOG):   delete _val_rec;
MPRINT(M_VAL_LOG):   quit;

NOTE: Deleting WORK._VAL_REC (memtype=DATA).
NOTE: PROCEDURE DATASETS used (Total process time):
      real time           0.00 seconds
      cpu time            0.00 seconds
      

MPRINT(M_REQ_CHECK):  ;
MPRINT(MAIN):  ;
MPRINT(FETCH):   proc sort data=adamdata.adtte ( where=(ittfl = 'Y' and upcase(paramcd) = 'OS') ) out=os0 ;
MPRINT(FETCH):   by usubjid;
MPRINT(FETCH):   run;

NOTE: There were 100 observations read from the data set ADAMDATA.ADTTE.
      WHERE (ittfl='Y') and (UPCASE(paramcd)='OS');
NOTE: SAS sort was used.
NOTE: The data set WORK.OS0 has 100 observations and 51 variables.
NOTE: PROCEDURE SORT used (Total process time):
      real time           0.02 seconds
      cpu time            0.00 seconds
      

MPRINT(FETCH):   options _last_ = os0;
MPRINT(MAIN):  ;
MPRINT(MAIN):  ;
MPRINT(M_VAL_LOG):   data _val_rec;
MPRINT(M_VAL_LOG):   length titlekey $16 dsname $16 varname $32 check $60 expected $100 actual $100 status $10 message $200;
MPRINT(M_VAL_LOG):   titlekey = "t-os";
                                                                    The SAS System

MPRINT(M_VAL_LOG):   dsname = "adtte";
MPRINT(M_VAL_LOG):   varname = "paramcd";
MPRINT(M_VAL_LOG):   check = "Population record count";
MPRINT(M_VAL_LOG):   expected = ">0 ITT participants with PARAMCD=OS";
MPRINT(M_VAL_LOG):   actual = "100";
MPRINT(M_VAL_LOG):   status = "PASS";
MPRINT(M_VAL_LOG):   message = "ITT Analysis Set / OS parameter record count.";
MPRINT(M_VAL_LOG):   rundttm = datetime();
MPRINT(M_VAL_LOG):   format rundttm datetime20.;
MPRINT(M_VAL_LOG):   run;

NOTE: The data set WORK._VAL_REC has 1 observations and 9 variables.
NOTE: DATA statement used (Total process time):
      real time           0.00 seconds
      cpu time            0.00 seconds
      

MPRINT(M_VAL_LOG):   proc append base=tools.val_report data=_val_rec force;
MPRINT(M_VAL_LOG):   run;

NOTE: Appending WORK._VAL_REC to TOOLS.VAL_REPORT.
 
INFO: Engine's fast-append process in use.
INFO: 15:52:13 Reading DATA file, updating BASE file
INFO: Starting data set size is 7 pages
INFO: Engine's block-read method is in use.
INFO: Engine's block-write  method is in use.
INFO: Ending data set size is 7 pages, 0 added.
INFO: 00:00:00 Elapsed time
INFO: 15:52:13 Finished updating BASE file
 
NOTE: There were 1 observations read from the data set WORK._VAL_REC.
NOTE: 1 observations added.
NOTE: The data set TOOLS.VAL_REPORT has 721 observations and 9 variables.
NOTE: PROCEDURE APPEND used (Total process time):
      real time           0.00 seconds
      cpu time            0.00 seconds
      

MPRINT(M_VAL_LOG):   proc datasets library=work nolist memtype=data;
MPRINT(M_VAL_LOG):   delete _val_rec;
MPRINT(M_VAL_LOG):   quit;

NOTE: Deleting WORK._VAL_REC (memtype=DATA).
NOTE: PROCEDURE DATASETS used (Total process time):
      real time           0.00 seconds
                                                                    The SAS System

      cpu time            0.00 seconds
      

MPRINT(MAIN):  ;
MPRINT(MAIN):   proc sort data=os0 out=os1 nodupkey;
MPRINT(MAIN):   by usubjid;
MPRINT(MAIN):   run;

NOTE: There were 100 observations read from the data set WORK.OS0.
NOTE: SAS sort was used.
NOTE: 0 observations with duplicate key values were deleted.
NOTE: The data set WORK.OS1 has 100 observations and 51 variables.
NOTE: PROCEDURE SORT used (Total process time):
      real time           0.00 seconds
      cpu time            0.01 seconds
      

MPRINT(MAIN):   proc format;
MPRINT(MAIN):   value eventfmt 1 = 'Event';
NOTE: Format EVENTFMT has been output.
MPRINT(MAIN):   value censfmt 1 = 'Censored';
NOTE: Format CENSFMT has been output.
MPRINT(MAIN):   run;

NOTE: PROCEDURE FORMAT used (Total process time):
      real time           0.00 seconds
      cpu time            0.00 seconds
      

MPRINT(MAIN):   data os1;
MPRINT(MAIN):   set os1;
MPRINT(MAIN):   if aval le . then do;
MPRINT(MAIN):   put "WARN" "ING: [USER] Missing AVAL for USUBJID=" usubjid " - excluded from OS analysis.";
MPRINT(MAIN):   delete;
MPRINT(MAIN):   end;
MPRINT(MAIN):   if cnsr = 0 then event = 1;
MPRINT(MAIN):   if cnsr = 1 then cens = 1;
MPRINT(MAIN):   label event = ' ' cens = ' ';
MPRINT(MAIN):   format trt01pn trtfmt. event eventfmt. cens censfmt.;
MPRINT(MAIN):   run;

NOTE: There were 100 observations read from the data set WORK.OS1.
NOTE: The data set WORK.OS1 has 100 observations and 53 variables.
NOTE: DATA statement used (Total process time):
      real time           0.01 seconds
      cpu time            0.01 seconds
                                                                    The SAS System

      

MPRINT(MAIN):   proc sql noprint;
MPRINT(MAIN):   select min(aval), max(aval) into :_aval_min trimmed, :_aval_max trimmed from os1;
MPRINT(MAIN):   quit;
NOTE: PROCEDURE SQL used (Total process time):
      real time           0.02 seconds
      cpu time            0.00 seconds
      

NOTE: [USER] t-os - AVAL (days) ranges from 62 to 579 across os1.
MPRINT(MAIN):   proc sql noprint;
MPRINT(MAIN):   select count(distinct usubjid) into :n_all trimmed from os1;
MPRINT(MAIN):   select count(distinct usubjid) into :n_a trimmed from os1 where trt01pn = 1;
MPRINT(MAIN):   select count(distinct usubjid) into :n_b trimmed from os1 where trt01pn = 2;
MPRINT(MAIN):   quit;
NOTE: PROCEDURE SQL used (Total process time):
      real time           0.00 seconds
      cpu time            0.00 seconds
      

MPRINT(M_VAL_LOG):   data _val_rec;
MPRINT(M_VAL_LOG):   length titlekey $16 dsname $16 varname $32 check $60 expected $100 actual $100 status $10 message $200;
MPRINT(M_VAL_LOG):   titlekey = "t-os";
MPRINT(M_VAL_LOG):   dsname = "adtte";
MPRINT(M_VAL_LOG):   varname = "trt01pn";
MPRINT(M_VAL_LOG):   check = "Treatment group counts";
MPRINT(M_VAL_LOG):   expected = "2 treatment groups (Drug A, Drug B)";
MPRINT(M_VAL_LOG):   actual = "N(A)=50 N(B)=50";
MPRINT(M_VAL_LOG):   status = "PASS";
MPRINT(M_VAL_LOG):   message = "Confirms both treatment arms are represented before modeling.";
MPRINT(M_VAL_LOG):   rundttm = datetime();
MPRINT(M_VAL_LOG):   format rundttm datetime20.;
MPRINT(M_VAL_LOG):   run;

NOTE: The data set WORK._VAL_REC has 1 observations and 9 variables.
NOTE: DATA statement used (Total process time):
      real time           0.00 seconds
      cpu time            0.01 seconds
      

MPRINT(M_VAL_LOG):   proc append base=tools.val_report data=_val_rec force;
MPRINT(M_VAL_LOG):   run;

NOTE: Appending WORK._VAL_REC to TOOLS.VAL_REPORT.
 
                                                                    The SAS System

INFO: Engine's fast-append process in use.
INFO: 15:52:13 Reading DATA file, updating BASE file
INFO: Starting data set size is 7 pages
INFO: Engine's block-read method is in use.
INFO: Engine's block-write  method is in use.
INFO: Ending data set size is 7 pages, 0 added.
INFO: 00:00:00 Elapsed time
INFO: 15:52:13 Finished updating BASE file
 
NOTE: There were 1 observations read from the data set WORK._VAL_REC.
NOTE: 1 observations added.
NOTE: The data set TOOLS.VAL_REPORT has 722 observations and 9 variables.
NOTE: PROCEDURE APPEND used (Total process time):
      real time           0.01 seconds
      cpu time            0.00 seconds
      

MPRINT(M_VAL_LOG):   proc datasets library=work nolist memtype=data;
MPRINT(M_VAL_LOG):   delete _val_rec;
MPRINT(M_VAL_LOG):   quit;

NOTE: Deleting WORK._VAL_REC (memtype=DATA).
NOTE: PROCEDURE DATASETS used (Total process time):
      real time           0.00 seconds
      cpu time            0.00 seconds
      

MPRINT(MAIN):  ;
MPRINT(MAIN):   ods select none;
MPRINT(MAIN):   ods output Quartiles = _km_quartiles (where=(Percent=50)) HomTests = _km_logrank (where=(Test='Log-Rank'));
MPRINT(MAIN):   proc lifetest data=os1 method=km outsurv=_outsurv timelist=182.625 365.25 547.875 reduceout conftype=loglog;
MPRINT(MAIN):   time aval*cnsr(1);
MPRINT(MAIN):   strata trt01pn;
MPRINT(MAIN):   run;

NOTE: The data set WORK._KM_LOGRANK has 1 observations and 4 variables.
NOTE: The data set WORK._KM_QUARTILES has 2 observations and 7 variables.
NOTE: The data set WORK._OUTSURV has 6 observations and 8 variables.
NOTE: PROCEDURE LIFETEST used (Total process time):
      real time           0.05 seconds
      cpu time            0.01 seconds
      

MPRINT(MAIN):   ods select all;
MPRINT(MAIN):   ods output close;
MPRINT(MAIN):   data _km_median;
                                                                    The SAS System

MPRINT(MAIN):   length trtn 8;
MPRINT(MAIN):   set _km_quartiles;
MPRINT(MAIN):   trtn = trt01pn;
MPRINT(MAIN):   med_mo = estimate / 30.4375;
MPRINT(MAIN):   lcl_mo = LowerLimit / 30.4375;
MPRINT(MAIN):   ucl_mo = UpperLimit / 30.4375;
MPRINT(MAIN):   run;

NOTE: Missing values were generated as a result of performing an operation on missing values.
      Each place is given by: (Number of times) at (Line):(Column).
      2 at 1586:103   
NOTE: There were 2 observations read from the data set WORK._KM_QUARTILES.
NOTE: The data set WORK._KM_MEDIAN has 2 observations and 11 variables.
NOTE: DATA statement used (Total process time):
      real time           0.01 seconds
      cpu time            0.00 seconds
      

MPRINT(MAIN):   data _km_rate;
MPRINT(MAIN):   length trtn 8 timelbl $12;
MPRINT(MAIN):   set _outsurv (where=(timelist ne .));
MPRINT(MAIN):   trtn = trt01pn;
MPRINT(MAIN):   if round(timelist,0.01) = 182.63 then do;
MPRINT(MAIN):   timelbl = 'At 6 Months';
MPRINT(MAIN):   ord = 1;
MPRINT(MAIN):   end;
MPRINT(MAIN):   else if round(timelist,0.01) = 365.25 then do;
MPRINT(MAIN):   timelbl = 'At 12 Months';
MPRINT(MAIN):   ord = 2;
MPRINT(MAIN):   end;
MPRINT(MAIN):   else if round(timelist,0.01) = 547.88 then do;
MPRINT(MAIN):   timelbl = 'At 18 Months';
MPRINT(MAIN):   ord = 3;
MPRINT(MAIN):   end;
MPRINT(MAIN):   rate = survival*100;
MPRINT(MAIN):   rate_l = sdf_lcl*100;
MPRINT(MAIN):   rate_u = sdf_ucl*100;
MPRINT(MAIN):   run;

NOTE: There were 6 observations read from the data set WORK._OUTSURV.
      WHERE timelist not = .;
NOTE: The data set WORK._KM_RATE has 6 observations and 14 variables.
NOTE: DATA statement used (Total process time):
      real time           0.00 seconds
      cpu time            0.01 seconds
      
                                                                    The SAS System


MPRINT(MAIN):   ods select none;
MPRINT(MAIN):   ods output ParameterEstimates = _phreg_hr;
MPRINT(MAIN):   proc phreg data=os1;
MPRINT(MAIN):   format trt01pn;
MPRINT(MAIN):   class trt01pn (ref='2') / param=ref;
MPRINT(MAIN):   model aval*cnsr(1) = trt01pn / rl ties=exact;
MPRINT(MAIN):   hazardratio trt01pn / diff=ref;
MPRINT(MAIN):   run;


NOTE: Convergence criterion (GCONV=1E-8) satisfied.
NOTE: The data set WORK._PHREG_HR has 1 observations and 11 variables.
NOTE: PROCEDURE PHREG used (Total process time):
      real time           0.06 seconds
      cpu time            0.01 seconds
      

MPRINT(MAIN):   ods select all;
MPRINT(MAIN):   ods output close;
MPRINT(MAIN):   data _hr;
MPRINT(MAIN):   set _phreg_hr;
MPRINT(MAIN):   hr = HazardRatio;
MPRINT(MAIN):   hr_l = HRLowerCL;
MPRINT(MAIN):   hr_u = HRUpperCL;
MPRINT(MAIN):   run;
NOTE: There were 1 observations read from the data set WORK._PHREG_HR.
NOTE: The data set WORK._HR has 1 observations and 14 variables.
NOTE: DATA statement used (Total process time):
      real time           0.00 seconds
      cpu time            0.00 seconds
      

MPRINT(MAIN):  ;
MPRINT(M_VAL_LOG):   data _val_rec;
MPRINT(M_VAL_LOG):   length titlekey $16 dsname $16 varname $32 check $60 expected $100 actual $100 status $10 message $200;
MPRINT(M_VAL_LOG):   titlekey = "t-os";
MPRINT(M_VAL_LOG):   dsname = "adtte";
MPRINT(M_VAL_LOG):   varname = "aval cnsr";
MPRINT(M_VAL_LOG):   check = "Analysis completeness";
MPRINT(M_VAL_LOG):   expected = "Model estimates for both KM and Cox PH";
MPRINT(M_VAL_LOG):   actual = "see log";
MPRINT(M_VAL_LOG):   status = "PASS";
MPRINT(M_VAL_LOG):   message = "Overall Survival KM/Cox analysis executed for ITT Analysis Set.";
MPRINT(M_VAL_LOG):   rundttm = datetime();
MPRINT(M_VAL_LOG):   format rundttm datetime20.;
                                                                    The SAS System

MPRINT(M_VAL_LOG):   run;

NOTE: The data set WORK._VAL_REC has 1 observations and 9 variables.
NOTE: DATA statement used (Total process time):
      real time           0.00 seconds
      cpu time            0.00 seconds
      

MPRINT(M_VAL_LOG):   proc append base=tools.val_report data=_val_rec force;
MPRINT(M_VAL_LOG):   run;

NOTE: Appending WORK._VAL_REC to TOOLS.VAL_REPORT.
 
INFO: Engine's fast-append process in use.
INFO: 15:52:13 Reading DATA file, updating BASE file
INFO: Starting data set size is 7 pages
INFO: Engine's block-read method is in use.
INFO: Engine's block-write  method is in use.
INFO: Ending data set size is 7 pages, 0 added.
INFO: 00:00:00 Elapsed time
INFO: 15:52:13 Finished updating BASE file
 
NOTE: There were 1 observations read from the data set WORK._VAL_REC.
NOTE: 1 observations added.
NOTE: The data set TOOLS.VAL_REPORT has 723 observations and 9 variables.
NOTE: PROCEDURE APPEND used (Total process time):
      real time           0.01 seconds
      cpu time            0.00 seconds
      

MPRINT(M_VAL_LOG):   proc datasets library=work nolist memtype=data;
MPRINT(M_VAL_LOG):   delete _val_rec;
MPRINT(M_VAL_LOG):   quit;

NOTE: Deleting WORK._VAL_REC (memtype=DATA).
NOTE: PROCEDURE DATASETS used (Total process time):
      real time           0.00 seconds
      cpu time            0.01 seconds
      

MPRINT(MAIN):  ;
MPRINT(TABDESC):   ** only one of &spctvar,&sdpvar,&stpvar, or &sopvar should be populated **;
MPRINT(TABDESC):   data ck_ssvars;
MPRINT(TABDESC):   sv1=0;
MPRINT(TABDESC):   sv2=0;
MPRINT(TABDESC):   sv3=0;
                                                                    The SAS System

MPRINT(TABDESC):   sv4=0;
MPRINT(TABDESC):   all_ss=sum(sv1,sv2,sv3,sv4);
MPRINT(TABDESC):   call symput("all_ss",strip(put(all_ss,best.)));
MPRINT(TABDESC):   run;

NOTE: The data set WORK.CK_SSVARS has 1 observations and 5 variables.
NOTE: DATA statement used (Total process time):
      real time           0.00 seconds
      cpu time            0.01 seconds
      

MPRINT(TABDESC):   ***--- print all/selected columns ---***;
MPRINT(TABDESC):   ***---31may2007 VK ---***;
MPRINT(TABDESC):   ***--- create data set showing the showallcol values...21Sep2010...saw ---***;
MPRINT(TABDESC):   *----------------------------------------------------------------------------;
MPRINT(TABDESC):   * initialize the dataset that will accumulate the statistic records ;
MPRINT(TABDESC):   *----------------------------------------------------------------------------;
MPRINT(TABDESC):   data combine;
MPRINT(TABDESC):   stop;
MPRINT(TABDESC):   pval1 = .;
MPRINT(TABDESC):   pval2 = .;
MPRINT(TABDESC):   length pvalc1 pvalc2 $10;
MPRINT(TABDESC):   pvalc1='';
MPRINT(TABDESC):   pvalc2='';
MPRINT(TABDESC):   run;

NOTE: The data set WORK.COMBINE has 0 observations and 4 variables.
NOTE: DATA statement used (Total process time):
      real time           0.00 seconds
      cpu time            0.00 seconds
      

MPRINT(TABDESC):   *----------------------------------------------------------------------------;
MPRINT(TABDESC):   * if > 1 byvar variable, set up individual macro vars ;
MPRINT(TABDESC):   *----------------------------------------------------------------------------;
MPRINT(TABDESC):   *----------------------------------------------------------------------------;
MPRINT(TABDESC):   * Prepare for p-value calculations ;
MPRINT(TABDESC):   * if pairwise p-values are requested, calculate how many pairs ;
MPRINT(TABDESC):   *----------------------------------------------------------------------------;
MPRINT(TABDESC):  ;
MPRINT(TABDESC):  ;
MPRINT(TABDESC):  ;
MPRINT(TABDESC):  ;
MPRINT(TABDESC):  ;
MPRINT(TABDESC):  ;
MPRINT(TABDESC):  ;
                                                                    The SAS System

MPRINT(TABDESC):   *----------------------------------------------------------------------------;
MPRINT(TABDESC):   * Check input dataset for existence, var names, var formats and type ;
MPRINT(TABDESC):   *----------------------------------------------------------------------------;
MPRINT(TABDESC):   data _null_;
MPRINT(TABDESC):   set os1;
MPRINT(TABDESC):   where trt01pn <=0;
MPRINT(TABDESC):   if _n_ = 1 then do;
MPRINT(TABDESC):   call symput("_errcode",'F');
MPRINT(TABDESC):   call symput("_errmsg","Column variable (in COLVAR) trt01pn contains a zero or a missing "||"value - canceling run" );
MPRINT(TABDESC):   end;
MPRINT(TABDESC):   run;

NOTE: There were 0 observations read from the data set WORK.OS1.
      WHERE trt01pn<=0;
NOTE: DATA statement used (Total process time):
      real time           0.01 seconds
      cpu time            0.01 seconds
      

MPRINT(TABDESC):   data _null_;
MPRINT(TABDESC):   rc = exist("os1","DATA");
MPRINT(TABDESC):   if not(rc) then do;
MPRINT(TABDESC):   call symput("_errcode",'F');
MPRINT(TABDESC):   call symput("_errmsg","Input dataset (in DATA) os1 does not "||"exist - canceling run" );
MPRINT(TABDESC):   goto errout;
MPRINT(TABDESC):   end;
MPRINT(TABDESC):   ds = open("os1","i");
MPRINT(TABDESC):   var = varnum(ds, "trt01pn");
MPRINT(TABDESC):   if not(var) then do;
MPRINT(TABDESC):   call symput("_errcode",'F');
MPRINT(TABDESC):   call symput("_errmsg","Column variable (in COLVAR) trt01pn does not "||"exist - canceling run" );
MPRINT(TABDESC):   goto errout;
MPRINT(TABDESC):   end;
MPRINT(TABDESC):   call symput("_colvarf",varfmt(ds,var));
MPRINT(TABDESC):   *** Check population variables ***;
MPRINT(TABDESC):   *** Check stratification variables ***;
MPRINT(TABDESC):   var = varnum(ds, "usubjid");
MPRINT(TABDESC):   if not(var) then do;
MPRINT(TABDESC):   call symput("_errcode",'F');
MPRINT(TABDESC):   call symput("_errmsg","Patient identifying variable (in PTVAR) usubjid does not "||"exist - canceling run" );
MPRINT(TABDESC):   goto errout;
MPRINT(TABDESC):   end;
MPRINT(TABDESC):   errout: run;

NOTE: DATA statement used (Total process time):
      real time           0.00 seconds
                                                                    The SAS System

      cpu time            0.00 seconds
      

MPRINT(TABDESC):   *----------------------------------------------------------------------------;
MPRINT(TABDESC):   * Subset the analysis file for the right sample and ;
MPRINT(TABDESC):   * perform all necessary data massage here. ;
MPRINT(TABDESC):   *----------------------------------------------------------------------------;
MPRINT(TABDESC):   data analf analfall;
MPRINT(TABDESC):   set os1 ;
MPRINT(TABDESC):   ;
MPRINT(TABDESC):   call symput('_empty','0');
MPRINT(TABDESC):   run;

NOTE: There were 100 observations read from the data set WORK.OS1.
NOTE: The data set WORK.ANALF has 100 observations and 53 variables.
NOTE: The data set WORK.ANALFALL has 100 observations and 53 variables.
NOTE: DATA statement used (Total process time):
      real time           0.01 seconds
      cpu time            0.01 seconds
      

MPRINT(TABDESC):   *----------------------------------------------------------------------------;
MPRINT(TABDESC):   * Find the maximum value of the column variable ;
MPRINT(TABDESC):   * Use the highest value in the data. Override with the highest value in the;
MPRINT(TABDESC):   * format if higher ;
MPRINT(TABDESC):   *----------------------------------------------------------------------------;
MPRINT(GETFMT):   data _null_;
MPRINT(GETFMT):   set sashelp.voption;
MPRINT(GETFMT):   where optname = 'FMTSEARCH';
MPRINT(GETFMT):   length fmtpath $2000;
MPRINT(GETFMT):   fmtpath = 'WORK ' || compress(setting,'()');
MPRINT(GETFMT):   call symput('_fmtpath',fmtpath);
MPRINT(GETFMT):   fmtname = "TRTFMT. ";
MPRINT(GETFMT):   if substr(fmtname,1,1) = '$' then call symput("fmttype","C");
MPRINT(GETFMT):   if substr(fmtname,1,1) ^= '$' then call symput("fmttype","N");
MPRINT(GETFMT):   fmtname = compress(fmtname,'$. ');
MPRINT(GETFMT):   call symput("fmtname",fmtname);
MPRINT(GETFMT):   run;

NOTE: There were 1 observations read from the data set SASHELP.VOPTION.
      WHERE optname='FMTSEARCH';
NOTE: DATA statement used (Total process time):
      real time           0.01 seconds
      cpu time            0.00 seconds
      

                                                                    The SAS System

MPRINT(GETFMT):   data _getfmt1;
MPRINT(GETFMT):   set sashelp.vcatalg;
MPRINT(GETFMT):   memname = upcase(memname);
MPRINT(GETFMT):   objname = upcase(objname);
MPRINT(GETFMT):   ** kdaughtry - 29Aug2008 **;
MPRINT(GETFMT):   **where memname = 'FORMATS' and trim(objname) = trim("&fmtname");
MPRINT(GETFMT):   where trim(objname) = trim("TRTFMT  ") and libname^='SASHELP' and objtype=:'FORMAT';
MPRINT(GETFMT):   **indx = indexw("%upcase( &_fmtpath)",upcase(trim(libname)));
MPRINT(GETFMT):   indx = index("WORK LIBFMT WORK",upcase(trim(libname)));
MPRINT(GETFMT):   if indx;
MPRINT(GETFMT):   run;

NOTE: There were 3 observations read from the data set SASHELP.VCATALG.
      WHERE (TRIM(objname)='TRTFMT') and (libname not = 'SASHELP') and (objtype=:'FORMAT');
NOTE: The data set WORK._GETFMT1 has 1 observations and 11 variables.
NOTE: DATA statement used (Total process time):
      real time           0.04 seconds
      cpu time            0.01 seconds
      

MPRINT(GETFMT):   proc sort data = _getfmt1;
MPRINT(GETFMT):   by indx;
MPRINT(GETFMT):   run;

NOTE: There were 1 observations read from the data set WORK._GETFMT1.
NOTE: SAS sort was used.
NOTE: The data set WORK._GETFMT1 has 1 observations and 11 variables.
NOTE: PROCEDURE SORT used (Total process time):
      real time           0.00 seconds
      cpu time            0.00 seconds
      

MPRINT(GETFMT):   data _null_;
MPRINT(GETFMT):   set _getfmt1 end = eof;
MPRINT(GETFMT):   **call symput("_flib" || compress(put(_n_,best.)) , libname );
MPRINT(GETFMT):   ** kdaughtry - 29Aug2008 **;
MPRINT(GETFMT):   ** chg _flib to be libname and memname together so can handle format **;
MPRINT(GETFMT):   ** catalogs with a name other than formats **;
MPRINT(GETFMT):   call symput("_flib" || compress(put(_n_,best.)) , compress(libname) || "." || compress(memname) );
MPRINT(GETFMT):   if eof then call symput("_nlib",compress(put(_n_,best.)));
MPRINT(GETFMT):   run;

NOTE: There were 1 observations read from the data set WORK._GETFMT1.
NOTE: DATA statement used (Total process time):
      real time           0.00 seconds
      cpu time            0.00 seconds
                                                                    The SAS System

      

MPRINT(GETFMT):   proc format library = LIBFMT.FORMATS cntlout = _getfmt2;
MPRINT(GETFMT):   run;
NOTE: PROCEDURE FORMAT used (Total process time):
      real time           0.01 seconds
      cpu time            0.00 seconds
      
NOTE: The data set WORK._GETFMT2 has 499 observations and 21 variables.

MPRINT(GETFMT):   data _tabd1;
MPRINT(GETFMT):   set _getfmt2;
MPRINT(GETFMT):   if upcase(trim(fmtname)) = trim("TRTFMT  ") and upcase(type) = "N" then do;
MPRINT(GETFMT):   start = left(start);
MPRINT(GETFMT):   output;
MPRINT(GETFMT):   call symput('_gotfmt','Y');
MPRINT(GETFMT):   end;
MPRINT(GETFMT):   run;

NOTE: There were 499 observations read from the data set WORK._GETFMT2.
NOTE: The data set WORK._TABD1 has 2 observations and 21 variables.
NOTE: DATA statement used (Total process time):
      real time           0.00 seconds
      cpu time            0.00 seconds
      

MPRINT(TABDESC):  ;
MPRINT(TABDESC):   data _tabd1_sw (keep=trt01pn);
MPRINT(TABDESC):   set _tabd1 end=eof nobs=numobs;
MPRINT(TABDESC):   *** kaling 19jun2015 nobs ***;
MPRINT(TABDESC):   trt01pn = input(left(start),best8.);
MPRINT(TABDESC):   if eof then call symput('ntrt_fmt',compress(put(numobs,5.)) );
MPRINT(TABDESC):   *** kaling 19jun2015 ***;
MPRINT(TABDESC):   run;

NOTE: There were 2 observations read from the data set WORK._TABD1.
NOTE: The data set WORK._TABD1_SW has 2 observations and 1 variables.
NOTE: DATA statement used (Total process time):
      real time           0.00 seconds
      cpu time            0.00 seconds
      

MPRINT(TABDESC):   proc sort data= analf out = analfpt (keep = trt01pn usubjid) nodupkey;
MPRINT(TABDESC):   by trt01pn usubjid;
MPRINT(TABDESC):   run;

                                                                    The SAS System

NOTE: There were 100 observations read from the data set WORK.ANALF.
NOTE: SAS sort was used.
NOTE: 0 observations with duplicate key values were deleted.
NOTE: The data set WORK.ANALFPT has 100 observations and 2 variables.
NOTE: PROCEDURE SORT used (Total process time):
      real time           0.02 seconds
      cpu time            0.01 seconds
      

MPRINT(TABDESC):   data analfpt;
MPRINT(TABDESC):   set analfpt;
MPRINT(TABDESC):   format trt01pn;
MPRINT(TABDESC):   run;

NOTE: There were 100 observations read from the data set WORK.ANALFPT.
NOTE: The data set WORK.ANALFPT has 100 observations and 2 variables.
NOTE: DATA statement used (Total process time):
      real time           0.00 seconds
      cpu time            0.00 seconds
      

MPRINT(TABDESC):   proc summary data=analfpt nway;
MPRINT(TABDESC):   class trt01pn;
MPRINT(TABDESC):   output out=_tabd2;
MPRINT(TABDESC):   run;

NOTE: Multiple concurrent threads will be used to summarize data.
NOTE: There were 100 observations read from the data set WORK.ANALFPT.
NOTE: The data set WORK._TABD2 has 2 observations and 3 variables.
NOTE: PROCEDURE SUMMARY used (Total process time):
      real time           0.02 seconds
      cpu time            0.01 seconds
      

MPRINT(TABDESC):   data _null_;
MPRINT(TABDESC):   merge _tabd2 (in=_V)
MPRINT(TABDESC):   _tabd1_sw (in=_F) end = eof;
MPRINT(TABDESC):   BY trt01pn;
MPRINT(TABDESC):   LENGTH _A $8 _B $50;
MPRINT(TABDESC):   IF trt01pn NE _N_ THEN DO;
MPRINT(TABDESC):   _A='ER'||'ROR:';
MPRINT(TABDESC):   _B="The value "||strip(put(trt01pn,best.))||'is out of sequence.';
MPRINT(TABDESC):   PUT _A "**---------------------------------------------------------------------------------------**";
MPRINT(TABDESC):   PUT _A "The variable trt01pn and its format must contain consecutive positive integers starting from 1. " _B;
MPRINT(TABDESC):   PUT _A "**---------------------------------------------------------------------------------------**";
MPRINT(TABDESC):   ABORT;
                                                                    The SAS System

MPRINT(TABDESC):   END;
MPRINT(TABDESC):  ;
MPRINT(TABDESC):   IF _V AND (NOT(_F)) THEN DO;
MPRINT(TABDESC):   _A='WAR'||'NING:';
MPRINT(TABDESC):   _B="You have an unformatted trt01pn value of "||strip(put(trt01pn,best.))||'.';
MPRINT(TABDESC):   PUT _A "**---------------------------------------------------------------------------------------**";
MPRINT(TABDESC):   PUT _A _B " Use the SHOWALLCOL parameter in tabdesc when you have columns you do not wish to display.";
MPRINT(TABDESC):   PUT _A "**---------------------------------------------------------------------------------------**";
MPRINT(TABDESC):   END;
MPRINT(TABDESC):   ELSE IF (NOT(_V)) AND _F THEN DO;
MPRINT(TABDESC):   _A='WAR'||'NING:';
MPRINT(TABDESC):   _B="You have a format for the value "||strip(put(trt01pn,best.))||',';
MPRINT(TABDESC):   PUT _A "**---------------------------------------------------------------------------------------**";
MPRINT(TABDESC):   PUT _A _B " but this value does not appear in the passed data.";
MPRINT(TABDESC):   PUT _A "**---------------------------------------------------------------------------------------**";
MPRINT(TABDESC):   END;
MPRINT(TABDESC):  ;
MPRINT(TABDESC):   RUN;

NOTE: There were 2 observations read from the data set WORK._TABD2.
NOTE: There were 2 observations read from the data set WORK._TABD1_SW.
NOTE: DATA statement used (Total process time):
      real time           0.00 seconds
      cpu time            0.00 seconds
      

MPRINT(TABDESC):   ************* kaling begin 19jun2015 ************;
MPRINT(TABDESC):   data _null_;
MPRINT(TABDESC):   if 1 eq 2 then set _tabd2 nobs=ntrt_data;
MPRINT(TABDESC):   maxcol =max(ntrt_data, 2 );
MPRINT(TABDESC):   maxcol_1=maxcol;
MPRINT(TABDESC):   call symput( 'maxcol',compress(put(maxcol ,5.)) );
MPRINT(TABDESC):   call symput('_maxcol',compress(put(maxcol_1 ,5.)) );
MPRINT(TABDESC):   stop;
MPRINT(TABDESC):   run;

NOTE: DATA statement used (Total process time):
      real time           0.00 seconds
      cpu time            0.00 seconds
      

'TOOLVER=' v4.19.01   ' MAXCOL=' 2   ' _MAXCOL= '  2
' SHOWALLCOL=' Y
'line 721 _SHOWALLCOL=' Y
MPRINT(TABDESC):   ************** kaling end 19jun2015 ************;
MPRINT(TABDESC):   data _null_;
                                                                    The SAS System

MPRINT(TABDESC):   set _tabd2 end = eof;
MPRINT(TABDESC):   call symput("_colct" || compress(put(trt01pn,best.)) , put(_freq_,best.) );
MPRINT(TABDESC):   run;

NOTE: There were 2 observations read from the data set WORK._TABD2.
NOTE: DATA statement used (Total process time):
      real time           0.00 seconds
      cpu time            0.01 seconds
      

MPRINT(TABDESC):   *----------------------------------------------------------------------------;
MPRINT(TABDESC):   * determine total number of patients in each column and in the whole file ;
MPRINT(TABDESC):   *----------------------------------------------------------------------------;
MPRINT(TABDESC):   proc sort data= analf out = analfpt (keep = usubjid) nodupkey;
MPRINT(TABDESC):   by usubjid;
MPRINT(TABDESC):   run;

NOTE: There were 100 observations read from the data set WORK.ANALF.
NOTE: SAS sort was used.
NOTE: 0 observations with duplicate key values were deleted.
NOTE: The data set WORK.ANALFPT has 100 observations and 1 variables.
NOTE: PROCEDURE SORT used (Total process time):
      real time           0.02 seconds
      cpu time            0.00 seconds
      

MPRINT(TABDESC):   data _null_;
MPRINT(TABDESC):   set analfpt nobs = _freq_;
MPRINT(TABDESC):   call symput("_patct", put(_freq_,best.));
MPRINT(TABDESC):   if _freq_ = 0 then do;
MPRINT(TABDESC):   call symput("_errcode",'F');
MPRINT(TABDESC):   call symput("_errmsg","No patients meet subset criteria - canceling run" );
MPRINT(TABDESC):   end;
MPRINT(TABDESC):   stop;
MPRINT(TABDESC):   run;

NOTE: There were 1 observations read from the data set WORK.ANALFPT.
NOTE: DATA statement used (Total process time):
      real time           0.00 seconds
      cpu time            0.00 seconds
      

MPRINT(TABDESC):   ** # of subj at top of table will not reflect subset of subjects **;
MPRINT(TABDESC):   *----------------------------------------------------------------------------;
MPRINT(TABDESC):   * Set up file with duplicate records for total column if necessary ;
MPRINT(TABDESC):   *----------------------------------------------------------------------------;
                                                                    The SAS System

MPRINT(TABDESC):   data analf analfnot;
MPRINT(TABDESC):   set analf;
MPRINT(TABDESC):   format trt01pn;
MPRINT(TABDESC):   output analf;
MPRINT(TABDESC):   output analfnot;
MPRINT(TABDESC):   run;

NOTE: There were 100 observations read from the data set WORK.ANALF.
NOTE: The data set WORK.ANALF has 100 observations and 53 variables.
NOTE: The data set WORK.ANALFNOT has 100 observations and 53 variables.
NOTE: DATA statement used (Total process time):
      real time           0.00 seconds
      cpu time            0.01 seconds
      

MPRINT(TABDESC):   proc sort data=analf;
MPRINT(TABDESC):   by trt01pn;
MPRINT(TABDESC):   run;

NOTE: There were 100 observations read from the data set WORK.ANALF.
NOTE: SAS sort was used.
NOTE: The data set WORK.ANALF has 100 observations and 53 variables.
NOTE: PROCEDURE SORT used (Total process time):
      real time           0.00 seconds
      cpu time            0.00 seconds
      

MPRINT(TABDESC):   proc sort data=analfnot;
MPRINT(TABDESC):   by trt01pn;
MPRINT(TABDESC):   run;

NOTE: There were 100 observations read from the data set WORK.ANALFNOT.
NOTE: SAS sort was used.
NOTE: The data set WORK.ANALFNOT has 100 observations and 53 variables.
NOTE: PROCEDURE SORT used (Total process time):
      real time           0.00 seconds
      cpu time            0.00 seconds
      

MPRINT(TABDESC):   *----------------------------------------------------------------------------;
MPRINT(TABDESC):   * determine total number of patients per &byvar value, if necessary ;
MPRINT(TABDESC):   *----------------------------------------------------------------------------;
MPRINT(TABDESC):   *----------------------------------------------------------------------------;
MPRINT(TABDESC):   * If pairwise=ALL, set to a list of all the pairs in the data ;
MPRINT(TABDESC):   *----------------------------------------------------------------------------;
MPRINT(TABPAIR):   *** change pairwise if = ALL ***;
                                                                    The SAS System

MPRINT(TABPAIR):   *** call macro for each pair of pair_wise ***;
MPRINT(TABDESC):  ;
'TOOLVER=' v4.19.01   ' MAXCOL=' 2   ' _MAXCOL= '  2
' SHOWALLCOL=' Y
'line 1269 _SHOWALLCOL=' Y
MPRINT(TABDESC):  ;
MPRINT(TABDESC):   proc datasets library = work nolist;
MPRINT(TABDESC):   *delete _tabd1 _tabd2 _tabd3 _tabd4 _tabd5 _tabd6 _tabd7;
MPRINT(TABDESC):   delete _tabd: ;
MPRINT(TABDESC):   *2016-12-29 kchan07 replace _tabd1.... _tabd7;
MPRINT(TABDESC):   quit;

NOTE: Deleting WORK._TABD1 (memtype=DATA).
NOTE: Deleting WORK._TABD1_SW (memtype=DATA).
NOTE: Deleting WORK._TABD2 (memtype=DATA).
NOTE: PROCEDURE DATASETS used (Total process time):
      real time           0.00 seconds
      cpu time            0.00 seconds
      

MPRINT(MAIN):  ;
MPRINT(TABCOUNT):   *** this logic moved to tabdesc ***;
MPRINT(TABCOUNT):  ;
MPRINT(TABCOUNT):   ** if one of subsetting vars (&_spercent, &_sdpvar, &_stpvar, &_spctvar, &_sopvar) **;
MPRINT(TABCOUNT):   ** is specified, then &denom cannot be specified **;
MPRINT(TABCOUNT):  ;
MPRINT(TABCOUNT):   *----------------------------------------------------------------------------;
MPRINT(TABCOUNT):   * Get variable attributes (type, label, format) ;
MPRINT(TABCOUNT):   * Cancel run if variable .does not. exist ;
MPRINT(TABCOUNT):   *----------------------------------------------------------------------------;
MPRINT(TABCOUNT):   data _null_;
MPRINT(TABCOUNT):   length label1 $250;
MPRINT(TABCOUNT):   ds = open("analf","i");
MPRINT(TABCOUNT):   var = varnum(ds , "event");
MPRINT(TABCOUNT):   if not(var) then do;
MPRINT(TABCOUNT):   call symput("_errcode","F");
MPRINT(TABCOUNT):   call symput("_errmsg","Patient count analysis variable event "|| '.does not.'||' exist - cancelling run' );
MPRINT(TABCOUNT):   *klc 2016-10-26;
MPRINT(TABCOUNT):   stop;
MPRINT(TABCOUNT):   end;
MPRINT(TABCOUNT):   else do;
MPRINT(TABCOUNT):   label1 = varlabel(ds,var);
MPRINT(TABCOUNT):   label1 = translate(label1,' ','~');
MPRINT(TABCOUNT):   call symput("_ptclab1",trim(label1));
MPRINT(TABCOUNT):   call symput("_ptcfmt1",varfmt(ds,var));
MPRINT(TABCOUNT):   call symput("catvfmt",varfmt(ds,var));
                                                                    The SAS System

MPRINT(TABCOUNT):   typ = vartype(ds,var);
MPRINT(TABCOUNT):   call symput("type",typ);
MPRINT(TABCOUNT):   end;
MPRINT(TABCOUNT):   run;

INFO: Character variables have defaulted to a length of 200 at the places given by: (Line):(Column). Truncation can result.
      1586:71  TYP
NOTE: DATA statement used (Total process time):
      real time           0.00 seconds
      cpu time            0.00 seconds
      

MPRINT(TABCOUNT):   *-----------------------------------------------------------;
MPRINT(TABCOUNT):   * General routine for count and percent statistics ;
MPRINT(TABCOUNT):   *-----------------------------------------------------------;
MPRINT(TABCOUNT):   *-----------------------------------------------------------;
MPRINT(TABCOUNT):   * Do count and percent once for each requested denominator;
MPRINT(TABCOUNT):   *-----------------------------------------------------------;
MPRINT(TABCOUNT):  ;
MPRINT(COUNTPCT):   proc sort data = analf out = _t1 nodupkey;
MPRINT(COUNTPCT):   by trt01pn event usubjid;
MPRINT(COUNTPCT):   run;

NOTE: There were 100 observations read from the data set WORK.ANALF.
NOTE: SAS sort was used.
NOTE: 0 observations with duplicate key values were deleted.
NOTE: The data set WORK._T1 has 100 observations and 53 variables.
NOTE: PROCEDURE SORT used (Total process time):
      real time           0.03 seconds
      cpu time            0.00 seconds
      

MPRINT(COUNTPCT):   proc summary data=_t1 nway;
MPRINT(COUNTPCT):   by trt01pn event;
MPRINT(COUNTPCT):   format trt01pn event;
MPRINT(COUNTPCT):   output out=_t2;
MPRINT(COUNTPCT):   run;

NOTE: There were 100 observations read from the data set WORK._T1.
NOTE: The data set WORK._T2 has 4 observations and 4 variables.
NOTE: PROCEDURE SUMMARY used (Total process time):
      real time           0.00 seconds
      cpu time            0.01 seconds
      

MPRINT(COUNTPCT):   * proc print data = _t2 (obs=100);
                                                                    The SAS System

MPRINT(COUNTPCT):   * title "tabcount: File _t2 after summary with denominator &countby ";
MPRINT(COUNTPCT):   * run;
MPRINT(COUNTPCT):   proc sort data = analf out = _t1 nodupkey;
MPRINT(COUNTPCT):   by trt01pn usubjid;
MPRINT(COUNTPCT):   run;

NOTE: There were 100 observations read from the data set WORK.ANALF.
NOTE: SAS sort was used.
NOTE: 0 observations with duplicate key values were deleted.
NOTE: The data set WORK._T1 has 100 observations and 53 variables.
NOTE: PROCEDURE SORT used (Total process time):
      real time           0.00 seconds
      cpu time            0.00 seconds
      

MPRINT(COUNTPCT):   proc summary data=_t1 nway;
MPRINT(COUNTPCT):   by trt01pn;
MPRINT(COUNTPCT):   format trt01pn;
MPRINT(COUNTPCT):   output out=_t3;
MPRINT(COUNTPCT):   run;

NOTE: There were 100 observations read from the data set WORK._T1.
NOTE: The data set WORK._T3 has 2 observations and 3 variables.
NOTE: PROCEDURE SUMMARY used (Total process time):
      real time           0.00 seconds
      cpu time            0.00 seconds
      

MPRINT(COUNTPCT):   * proc print data = _t3 (obs=100);
MPRINT(COUNTPCT):   * title "tabcount: File _t3 after summary with denominator &pctby";
MPRINT(COUNTPCT):   * run;
MPRINT(COUNTPCT):   proc sort data = _t2;
MPRINT(COUNTPCT):   by trt01pn;
MPRINT(COUNTPCT):   run;

NOTE: There were 4 observations read from the data set WORK._T2.
NOTE: SAS sort was used.
NOTE: The data set WORK._T2 has 4 observations and 4 variables.
NOTE: PROCEDURE SORT used (Total process time):
      real time           0.00 seconds
      cpu time            0.00 seconds
      

MPRINT(COUNTPCT):   data _tabc1;
MPRINT(COUNTPCT):   merge _t2(drop=_type_) _t3 (rename=(_freq_=denom));
MPRINT(COUNTPCT):   by trt01pn;
                                                                    The SAS System

MPRINT(COUNTPCT):   **if denom > 0 then &pctvar = 100 * _freq_ / denom;
MPRINT(COUNTPCT):   if denom > 0 and _freq_>0 then pct1 = 100 * _freq_ / denom;
MPRINT(COUNTPCT):   run;

NOTE: There were 4 observations read from the data set WORK._T2.
NOTE: There were 2 observations read from the data set WORK._T3.
NOTE: The data set WORK._TABC1 has 4 observations and 6 variables.
NOTE: DATA statement used (Total process time):
      real time           0.00 seconds
      cpu time            0.00 seconds
      

MPRINT(TABCOUNT):  ;
MPRINT(TABCOUNT):   proc sort data = _tabc1;
MPRINT(TABCOUNT):   by event trt01pn;
MPRINT(TABCOUNT):   run;

NOTE: There were 4 observations read from the data set WORK._TABC1.
NOTE: SAS sort was used.
NOTE: The data set WORK._TABC1 has 4 observations and 6 variables.
NOTE: PROCEDURE SORT used (Total process time):
      real time           0.00 seconds
      cpu time            0.00 seconds
      

MPRINT(TABCOUNT):   data _tabptc3;
MPRINT(TABCOUNT):   set _tabc1;
MPRINT(TABCOUNT):   run;

NOTE: There were 4 observations read from the data set WORK._TABC1.
NOTE: The data set WORK._TABPTC3 has 4 observations and 6 variables.
NOTE: DATA statement used (Total process time):
      real time           0.00 seconds
      cpu time            0.00 seconds
      

MPRINT(TABCOUNT):   * proc print data = _tabc&__I (obs=100);
MPRINT(TABCOUNT):   * title "tabcount: File _tabc&__I after summary ";
MPRINT(TABCOUNT):   * run;
MPRINT(TABCOUNT):   *----------------------------------------------------------------------------;
MPRINT(TABCOUNT):   * Get list of categories specified in the format in variable catvfmt ;
MPRINT(TABCOUNT):   * Flag to indicate if format found in macro variable _gotfmt ;
MPRINT(TABCOUNT):   * Categories in data set _tabptc4 ;
MPRINT(TABCOUNT):   *----------------------------------------------------------------------------;
MPRINT(GETFMT):   data _null_;
MPRINT(GETFMT):   set sashelp.voption;
                                                                    The SAS System

MPRINT(GETFMT):   where optname = 'FMTSEARCH';
MPRINT(GETFMT):   length fmtpath $2000;
MPRINT(GETFMT):   fmtpath = 'WORK ' || compress(setting,'()');
MPRINT(GETFMT):   call symput('_fmtpath',fmtpath);
MPRINT(GETFMT):   fmtname = "EVENTFMT. ";
MPRINT(GETFMT):   if substr(fmtname,1,1) = '$' then call symput("fmttype","C");
MPRINT(GETFMT):   if substr(fmtname,1,1) ^= '$' then call symput("fmttype","N");
MPRINT(GETFMT):   fmtname = compress(fmtname,'$. ');
MPRINT(GETFMT):   call symput("fmtname",fmtname);
MPRINT(GETFMT):   run;

NOTE: There were 1 observations read from the data set SASHELP.VOPTION.
      WHERE optname='FMTSEARCH';
NOTE: DATA statement used (Total process time):
      real time           0.00 seconds
      cpu time            0.00 seconds
      

MPRINT(GETFMT):   data _getfmt1;
MPRINT(GETFMT):   set sashelp.vcatalg;
MPRINT(GETFMT):   memname = upcase(memname);
MPRINT(GETFMT):   objname = upcase(objname);
MPRINT(GETFMT):   ** kdaughtry - 29Aug2008 **;
MPRINT(GETFMT):   **where memname = 'FORMATS' and trim(objname) = trim("&fmtname");
MPRINT(GETFMT):   where trim(objname) = trim("EVENTFMT  ") and libname^='SASHELP' and objtype=:'FORMAT';
MPRINT(GETFMT):   **indx = indexw("%upcase( &_fmtpath)",upcase(trim(libname)));
MPRINT(GETFMT):   indx = index("WORK LIBFMT WORK",upcase(trim(libname)));
MPRINT(GETFMT):   if indx;
MPRINT(GETFMT):   run;

NOTE: There were 2 observations read from the data set SASHELP.VCATALG.
      WHERE (TRIM(objname)='EVENTFMT') and (libname not = 'SASHELP') and (objtype=:'FORMAT');
NOTE: The data set WORK._GETFMT1 has 1 observations and 11 variables.
NOTE: DATA statement used (Total process time):
      real time           0.02 seconds
      cpu time            0.01 seconds
      

MPRINT(GETFMT):   proc sort data = _getfmt1;
MPRINT(GETFMT):   by indx;
MPRINT(GETFMT):   run;

NOTE: There were 1 observations read from the data set WORK._GETFMT1.
NOTE: SAS sort was used.
NOTE: The data set WORK._GETFMT1 has 1 observations and 11 variables.
NOTE: PROCEDURE SORT used (Total process time):
                                                                    The SAS System

      real time           0.00 seconds
      cpu time            0.00 seconds
      

MPRINT(GETFMT):   data _null_;
MPRINT(GETFMT):   set _getfmt1 end = eof;
MPRINT(GETFMT):   **call symput("_flib" || compress(put(_n_,best.)) , libname );
MPRINT(GETFMT):   ** kdaughtry - 29Aug2008 **;
MPRINT(GETFMT):   ** chg _flib to be libname and memname together so can handle format **;
MPRINT(GETFMT):   ** catalogs with a name other than formats **;
MPRINT(GETFMT):   call symput("_flib" || compress(put(_n_,best.)) , compress(libname) || "." || compress(memname) );
MPRINT(GETFMT):   if eof then call symput("_nlib",compress(put(_n_,best.)));
MPRINT(GETFMT):   run;

NOTE: There were 1 observations read from the data set WORK._GETFMT1.
NOTE: DATA statement used (Total process time):
      real time           0.00 seconds
      cpu time            0.00 seconds
      

MPRINT(GETFMT):   proc format library = WORK.FORMATS cntlout = _getfmt2;
MPRINT(GETFMT):   run;
NOTE: PROCEDURE FORMAT used (Total process time):
      real time           0.00 seconds
      cpu time            0.00 seconds
      
NOTE: The data set WORK._GETFMT2 has 2 observations and 21 variables.

MPRINT(GETFMT):   data _tabptc4;
MPRINT(GETFMT):   set _getfmt2;
MPRINT(GETFMT):   if upcase(trim(fmtname)) = trim("EVENTFMT  ") and upcase(type) = "N" then do;
MPRINT(GETFMT):   start = left(start);
MPRINT(GETFMT):   output;
MPRINT(GETFMT):   call symput('_gotfmt','Y');
MPRINT(GETFMT):   end;
MPRINT(GETFMT):   run;

NOTE: There were 2 observations read from the data set WORK._GETFMT2.
NOTE: The data set WORK._TABPTC4 has 1 observations and 21 variables.
NOTE: DATA statement used (Total process time):
      real time           0.00 seconds
      cpu time            0.00 seconds
      

MPRINT(TABCOUNT):  ;
MPRINT(TABCOUNT):   *---------------------------------------;
                                                                    The SAS System

MPRINT(TABCOUNT):   * Reformat count and percent ;
MPRINT(TABCOUNT):   *---------------------------------------;
MPRINT(TABCOUNT):   data _tabptc3;
MPRINT(TABCOUNT):   set _tabptc3;
MPRINT(TABCOUNT):   length linlabel $250;
MPRINT(TABCOUNT):   linlabel=left(put(event,EVENTFMT.));
MPRINT(TABCOUNT):   if trim(linlabel) = '.' or linlabel = ' ' then delete;
MPRINT(TABCOUNT):   run;

NOTE: There were 4 observations read from the data set WORK._TABPTC3.
NOTE: The data set WORK._TABPTC3 has 2 observations and 7 variables.
NOTE: DATA statement used (Total process time):
      real time           0.00 seconds
      cpu time            0.00 seconds
      

MPRINT(TABCOUNT):   * proc print data = _tabptc3 (obs=100);
MPRINT(TABCOUNT):   * title "tabcount: File _tabptc3 after formatting statistics ";
MPRINT(TABCOUNT):   * run;
MPRINT(TABCOUNT):   *----------------------------------------------------------------------------;
MPRINT(TABCOUNT):   * If all categories are to be shown, get the list of categories from the ;
MPRINT(TABCOUNT):   * variable format and expand the file to include all the defined categories;
MPRINT(TABCOUNT):   *----------------------------------------------------------------------------;
MPRINT(TABCOUNT):   proc sort data = _tabptc3 out = keys(keep = trt01pn ) nodupkey;
MPRINT(TABCOUNT):   by trt01pn ;
MPRINT(TABCOUNT):   run;

NOTE: There were 2 observations read from the data set WORK._TABPTC3.
NOTE: SAS sort was used.
NOTE: 0 observations with duplicate key values were deleted.
NOTE: The data set WORK.KEYS has 2 observations and 1 variables.
NOTE: PROCEDURE SORT used (Total process time):
      real time           0.00 seconds
      cpu time            0.01 seconds
      

MPRINT(TABCOUNT):   data _tabptc5 (keep = trt01pn linlabel start );
MPRINT(TABCOUNT):   length start $200;
MPRINT(TABCOUNT):   set _tabptc4;
MPRINT(TABCOUNT):   where fmtname = compress(upcase("EVENTFMT."),"$. ");
MPRINT(TABCOUNT):   if index("EVENTFMT.","$") > 0 and type = 'N' then delete;
MPRINT(TABCOUNT):   if index("EVENTFMT.","$") = 0 and type = 'C' then delete;
MPRINT(TABCOUNT):   length linlabel $250;
MPRINT(TABCOUNT):   linlabel = left(label);
MPRINT(TABCOUNT):   do i = 1 to _nrec;
MPRINT(TABCOUNT):   set keys point = i nobs = _nrec;
                                                                    The SAS System

MPRINT(TABCOUNT):   output;
MPRINT(TABCOUNT):   end;
MPRINT(TABCOUNT):   run;

NOTE: There were 1 observations read from the data set WORK._TABPTC4.
      WHERE fmtname='EVENTFMT';
NOTE: The data set WORK._TABPTC5 has 2 observations and 3 variables.
NOTE: DATA statement used (Total process time):
      real time           0.00 seconds
      cpu time            0.00 seconds
      

MPRINT(TABCOUNT):   proc sort data = _tabptc5;
MPRINT(TABCOUNT):   by trt01pn linlabel;
MPRINT(TABCOUNT):   run;

NOTE: There were 2 observations read from the data set WORK._TABPTC5.
NOTE: SAS sort was used.
NOTE: The data set WORK._TABPTC5 has 2 observations and 3 variables.
NOTE: PROCEDURE SORT used (Total process time):
      real time           0.00 seconds
      cpu time            0.00 seconds
      

MPRINT(TABCOUNT):   proc sort data = _tabptc3;
MPRINT(TABCOUNT):   by trt01pn linlabel;
MPRINT(TABCOUNT):   run;

NOTE: There were 2 observations read from the data set WORK._TABPTC3.
NOTE: SAS sort was used.
NOTE: The data set WORK._TABPTC3 has 2 observations and 7 variables.
NOTE: PROCEDURE SORT used (Total process time):
      real time           0.00 seconds
      cpu time            0.00 seconds
      

MPRINT(TABCOUNT):   data _tabptc3;
MPRINT(TABCOUNT):   merge _tabptc3 (in=in3) _tabptc5;
MPRINT(TABCOUNT):   by trt01pn linlabel;
MPRINT(TABCOUNT):   start = left(start);
MPRINT(TABCOUNT):   if ^in3 then event = input(start,best16.);
MPRINT(TABCOUNT):   run;

NOTE: There were 2 observations read from the data set WORK._TABPTC3.
NOTE: There were 2 observations read from the data set WORK._TABPTC5.
NOTE: The data set WORK._TABPTC3 has 2 observations and 8 variables.
                                                                    The SAS System

NOTE: DATA statement used (Total process time):
      real time           0.00 seconds
      cpu time            0.00 seconds
      

MPRINT(TABCOUNT):   proc sort data = _tabptc3;
MPRINT(TABCOUNT):   by event start linlabel;
MPRINT(TABCOUNT):   run;

NOTE: There were 2 observations read from the data set WORK._TABPTC3.
NOTE: SAS sort was used.
NOTE: The data set WORK._TABPTC3 has 2 observations and 8 variables.
NOTE: PROCEDURE SORT used (Total process time):
      real time           0.00 seconds
      cpu time            0.00 seconds
      

MPRINT(TABCOUNT):   * proc print data = _tabptc3 (obs = 100 );
MPRINT(TABCOUNT):   * title "tabcount: File _tabptc3 after incorporating variable format ";
MPRINT(TABCOUNT):   * run;
MPRINT(TABCOUNT):   *--------------------------------------------------------------------------;
MPRINT(TABCOUNT):   * postprocess _tabptc3 to modify START variable if sortby = I and the VAR;
MPRINT(TABCOUNT):   * is numeric. This to accomodate cases where the values might be negative;
MPRINT(TABCOUNT):   *--------------------------------------------------------------------------;
MPRINT(TABCOUNT):   *----------------------------------------------------------------------------;
MPRINT(TABCOUNT):   * Transpose the formatted and unformatted statistics ;
MPRINT(TABCOUNT):   *----------------------------------------------------------------------------;
MPRINT(TABCOUNT):   data _tabptc7 (keep = event start linlabel value1 - value2 statord1 - statord1 pctx1 - pctx2);
MPRINT(TABCOUNT):   set _tabptc3;
MPRINT(TABCOUNT):   by event start linlabel notsorted;
MPRINT(TABCOUNT):   length value1- value2 $40 statord1 - statord1 $40 pctx1 - pctx2 $10 pctx_n1 - pctx_n2 8 __temp 8;
MPRINT(TABCOUNT):   *kchan07 2016-11-1;
MPRINT(TABCOUNT):   length statval $ 40;
MPRINT(TABCOUNT):   array outval {*} $ value1 - value2;
MPRINT(TABCOUNT):   array outpct {*} $ pctx1 - pctx2;
MPRINT(TABCOUNT):   array __pn {*} pctx_n1 - pctx_n2;
MPRINT(TABCOUNT):   *kchan07 2016-11-1;
MPRINT(TABCOUNT):   retain value1 - value2 totn pctx1 - pctx2;
MPRINT(TABCOUNT):   statord1 = ' ';
MPRINT(TABCOUNT):   if first.linlabel then do;
MPRINT(TABCOUNT):   totn = 0;
MPRINT(TABCOUNT):   do i = 1 to 2;
MPRINT(TABCOUNT):   outval{i} = ' ';
MPRINT(TABCOUNT):   outpct{i} = ' ';
MPRINT(TABCOUNT):   end;
MPRINT(TABCOUNT):   end;
                                                                    The SAS System

MPRINT(TABCOUNT):   statval = ' ';
MPRINT(TABCOUNT):   if _freq_ = . then _freq_ = 0;
MPRINT(TABCOUNT):   statval = put(_freq_, 3. );
MPRINT(TABCOUNT):   len = length(statval);
MPRINT(TABCOUNT):   *if pct&__I = . then do;
MPRINT(TABCOUNT):   ** kdaughtry 07Oct08 - if count=0, then pct=0 **;
MPRINT(TABCOUNT):   *pct&__I = 0;
MPRINT(TABCOUNT):   *percent = 0;
MPRINT(TABCOUNT):   *end;
MPRINT(TABCOUNT):   if 0 < pct1 < 0.1 then do;
MPRINT(TABCOUNT):   statval = substr(statval,1,len) || " ( <0.1%)";
MPRINT(TABCOUNT):   percent = pct1;
MPRINT(TABCOUNT):   end;
MPRINT(TABCOUNT):   else do;
MPRINT(TABCOUNT):   if pct1 ne . then percent = round(pct1,0.1);
MPRINT(TABCOUNT):   if percent>0 then statval = substr(statval,1,len) || " (" || put(percent,5.1) || "%)";
MPRINT(TABCOUNT):   else statval= substr(statval,1,len);
MPRINT(TABCOUNT):   end;
MPRINT(TABCOUNT):   drop len;
MPRINT(TABCOUNT):   *if (totn=.) then totn = _freq_;
MPRINT(TABCOUNT):   *else if (_freq_>.) then totn = totn + _freq_;
MPRINT(TABCOUNT):   totn=sum(totn, _freq_);
MPRINT(TABCOUNT):   *klc 27may2015;
MPRINT(TABCOUNT):   outval{trt01pn} = statval;
MPRINT(TABCOUNT):   __pn{trt01pn} = percent;
MPRINT(TABCOUNT):   *kchan07 2016-11-1;
MPRINT(TABCOUNT):   outpct{trt01pn} = compress(put(percent,best.));
MPRINT(TABCOUNT):   if last.linlabel then do;
MPRINT(TABCOUNT):   if "F" = "F" then statord1 = put(1000000-totn,z7.);
MPRINT(TABCOUNT):   if "F" = "A" then statord1 = ' ';
MPRINT(TABCOUNT):   if "F" = "I" then statord1 = start;
MPRINT(TABCOUNT):   if "F" = "M" then do;
MPRINT(TABCOUNT):   __temp=pctx_n1;
MPRINT(TABCOUNT):   __temp = max(of pctx_n1 - pctx_n2);
MPRINT(TABCOUNT):   statord1=compress(put(__temp,z9.5));
MPRINT(TABCOUNT):   end;
MPRINT(TABCOUNT):   if "F" = "T" then statord1 = put(percent,6.2);
MPRINT(TABCOUNT):   output;
MPRINT(TABCOUNT):   end;
MPRINT(TABCOUNT):   run;

NOTE: There were 2 observations read from the data set WORK._TABPTC3.
NOTE: The data set WORK._TABPTC7 has 1 observations and 8 variables.
NOTE: DATA statement used (Total process time):
      real time           0.00 seconds
      cpu time            0.00 seconds
                                                                    The SAS System

      

MPRINT(TABCOUNT):   * proc print data = _tabptc7 (obs=100);
MPRINT(TABCOUNT):   * title "tabcount: File _tabptc7 after transpose";
MPRINT(TABCOUNT):   * run;
MPRINT(TABCOUNT):   *---------------------------------------;
MPRINT(TABCOUNT):   * CHISQ, CMH, EXACT p-values ;
MPRINT(TABCOUNT):   *---------------------------------------;
MPRINT(TABCOUNT):   *----------------------------------------------------------------------------;
MPRINT(TABCOUNT):   * If overall p-values are requested, generate and add to the dataset ;
MPRINT(TABCOUNT):   *----------------------------------------------------------------------------;
MPRINT(TABCOUNT):   *----------------------------------------------------------------------------;
MPRINT(TABCOUNT):   * If pairwise p-values are requested, generate and add to the dataset ;
MPRINT(TABCOUNT):   *----------------------------------------------------------------------------;
MPRINT(TABCOUNT):   *---------------------------------------;
MPRINT(TABCOUNT):   * Get Patient With Event totals -------;
MPRINT(TABCOUNT):   *---------------------------------------;
MPRINT(TABCOUNT):   *----------------------------------------------------------------------------;
MPRINT(TABCOUNT):   * Final data massage before merging with accumulated statistics ;
MPRINT(TABCOUNT):   *----------------------------------------------------------------------------;
MPRINT(TABCOUNT):   * proc print data = _tabptc7;
MPRINT(TABCOUNT):   * title "tabcount: File _tabptc7 ";
MPRINT(TABCOUNT):   * run;
MPRINT(TABCOUNT):   data _tabptc7;
MPRINT(TABCOUNT):   set _tabptc7;
MPRINT(TABCOUNT):   length statord $40;
MPRINT(TABCOUNT):   statord = ' ';
MPRINT(TABCOUNT):   sortord=1;
MPRINT(TABCOUNT):   type = "PTCT";
MPRINT(TABCOUNT):   level = 1;
MPRINT(TABCOUNT):   array vl {*} value1 - value2;
MPRINT(TABCOUNT):   if trim(start) eq '.' or start = ' ' then delete;
MPRINT(TABCOUNT):   do i = 1 to 2;
MPRINT(TABCOUNT):   if vl{i} = ' ' then do;
MPRINT(TABCOUNT):   vl{i} = put(0, 3. );
MPRINT(TABCOUNT):   len = length(vl{i});
MPRINT(TABCOUNT):   **vl{i} = substr(vl{i},1,len) || " (" || put(0,&pctfmt) || "%)";
MPRINT(TABCOUNT):   vl{i} = substr(vl{i},1,len);
MPRINT(TABCOUNT):   drop len;
MPRINT(TABCOUNT):   end;
MPRINT(TABCOUNT):   end;
MPRINT(TABCOUNT):   drop i;
MPRINT(TABCOUNT):   length pvalc1 pvalc2 $10;
MPRINT(TABCOUNT):   pvalc1='';
MPRINT(TABCOUNT):   pvalc2='';
MPRINT(TABCOUNT):   run;
                                                                    The SAS System


NOTE: There were 1 observations read from the data set WORK._TABPTC7.
NOTE: The data set WORK._TABPTC7 has 1 observations and 14 variables.
NOTE: DATA statement used (Total process time):
      real time           0.00 seconds
      cpu time            0.00 seconds
      

MPRINT(TABCOUNT):   data _tabptc7;
MPRINT(TABCOUNT):   set _tabptc7;
MPRINT(TABCOUNT):   format pvalc1 pvalc2;
MPRINT(TABCOUNT):   run;

NOTE: There were 1 observations read from the data set WORK._TABPTC7.
NOTE: The data set WORK._TABPTC7 has 1 observations and 14 variables.
NOTE: DATA statement used (Total process time):
      real time           0.00 seconds
      cpu time            0.01 seconds
      

MPRINT(TABCOUNT):   data combine;
MPRINT(TABCOUNT):   set combine _tabptc7;
MPRINT(TABCOUNT):   length label1 $ 250;
MPRINT(TABCOUNT):   if sortord = 1 then do;
MPRINT(TABCOUNT):   if 1 = 1 then label1 = trim("") || " " || left("");
MPRINT(TABCOUNT):   if 1 > 1 then label1 = left("");
MPRINT(TABCOUNT):   if 1 < 0 then label1 = trim(label1) || ",";
MPRINT(TABCOUNT):   if 1 > 1 then label1 = "And " || left("");
MPRINT(TABCOUNT):   end;
MPRINT(TABCOUNT):   run;

NOTE: There were 0 observations read from the data set WORK.COMBINE.
NOTE: There were 1 observations read from the data set WORK._TABPTC7.
NOTE: The data set WORK.COMBINE has 1 observations and 17 variables.
NOTE: DATA statement used (Total process time):
      real time           0.00 seconds
      cpu time            0.00 seconds
      

MPRINT(TABCOUNT):   *----------------------------------------------------------------------------;
MPRINT(TABCOUNT):   * Cleanup ;
MPRINT(TABCOUNT):   *----------------------------------------------------------------------------;
MPRINT(TABCOUNT):   proc datasets library = work nolist;
MPRINT(TABCOUNT):   *delete _tabptc1 _tabptc2 _tabptc3 _tabptc4 _tabptc5 _tabptc6 _tabptc7 _tabptc8 _tabptc9;
MPRINT(TABCOUNT):   delete _tabptc: ;
MPRINT(TABCOUNT):   *2016-11-29 kchan07;
                                                                    The SAS System

MPRINT(TABCOUNT):   quit;

NOTE: Deleting WORK._TABPTC3 (memtype=DATA).
NOTE: Deleting WORK._TABPTC4 (memtype=DATA).
NOTE: Deleting WORK._TABPTC5 (memtype=DATA).
NOTE: Deleting WORK._TABPTC7 (memtype=DATA).
NOTE: PROCEDURE DATASETS used (Total process time):
      real time           0.00 seconds
      cpu time            0.00 seconds
      

MPRINT(MAIN):  ;
MPRINT(TABCOUNT):   *** this logic moved to tabdesc ***;
MPRINT(TABCOUNT):  ;
MPRINT(TABCOUNT):   ** if one of subsetting vars (&_spercent, &_sdpvar, &_stpvar, &_spctvar, &_sopvar) **;
MPRINT(TABCOUNT):   ** is specified, then &denom cannot be specified **;
MPRINT(TABCOUNT):  ;
MPRINT(TABCOUNT):   *----------------------------------------------------------------------------;
MPRINT(TABCOUNT):   * Get variable attributes (type, label, format) ;
MPRINT(TABCOUNT):   * Cancel run if variable .does not. exist ;
MPRINT(TABCOUNT):   *----------------------------------------------------------------------------;
MPRINT(TABCOUNT):   data _null_;
MPRINT(TABCOUNT):   length label1 $250;
MPRINT(TABCOUNT):   ds = open("analf","i");
MPRINT(TABCOUNT):   var = varnum(ds , "cens");
MPRINT(TABCOUNT):   if not(var) then do;
MPRINT(TABCOUNT):   call symput("_errcode","F");
MPRINT(TABCOUNT):   call symput("_errmsg","Patient count analysis variable cens "|| '.does not.'||' exist - cancelling run' );
MPRINT(TABCOUNT):   *klc 2016-10-26;
MPRINT(TABCOUNT):   stop;
MPRINT(TABCOUNT):   end;
MPRINT(TABCOUNT):   else do;
MPRINT(TABCOUNT):   label1 = varlabel(ds,var);
MPRINT(TABCOUNT):   label1 = translate(label1,' ','~');
MPRINT(TABCOUNT):   call symput("_ptclab1",trim(label1));
MPRINT(TABCOUNT):   call symput("_ptcfmt1",varfmt(ds,var));
MPRINT(TABCOUNT):   call symput("catvfmt",varfmt(ds,var));
MPRINT(TABCOUNT):   typ = vartype(ds,var);
MPRINT(TABCOUNT):   call symput("type",typ);
MPRINT(TABCOUNT):   end;
MPRINT(TABCOUNT):   run;

INFO: Character variables have defaulted to a length of 200 at the places given by: (Line):(Column). Truncation can result.
      1586:71  TYP
NOTE: DATA statement used (Total process time):
      real time           0.00 seconds
                                                                    The SAS System

      cpu time            0.00 seconds
      

MPRINT(TABCOUNT):   *-----------------------------------------------------------;
MPRINT(TABCOUNT):   * General routine for count and percent statistics ;
MPRINT(TABCOUNT):   *-----------------------------------------------------------;
MPRINT(TABCOUNT):   *-----------------------------------------------------------;
MPRINT(TABCOUNT):   * Do count and percent once for each requested denominator;
MPRINT(TABCOUNT):   *-----------------------------------------------------------;
MPRINT(TABCOUNT):  ;
MPRINT(COUNTPCT):   proc sort data = analf out = _t1 nodupkey;
MPRINT(COUNTPCT):   by trt01pn cens usubjid;
MPRINT(COUNTPCT):   run;

NOTE: There were 100 observations read from the data set WORK.ANALF.
NOTE: SAS sort was used.
NOTE: 0 observations with duplicate key values were deleted.
NOTE: The data set WORK._T1 has 100 observations and 53 variables.
NOTE: PROCEDURE SORT used (Total process time):
      real time           0.02 seconds
      cpu time            0.00 seconds
      

MPRINT(COUNTPCT):   proc summary data=_t1 nway;
MPRINT(COUNTPCT):   by trt01pn cens;
MPRINT(COUNTPCT):   format trt01pn cens;
MPRINT(COUNTPCT):   output out=_t2;
MPRINT(COUNTPCT):   run;

NOTE: There were 100 observations read from the data set WORK._T1.
NOTE: The data set WORK._T2 has 4 observations and 4 variables.
NOTE: PROCEDURE SUMMARY used (Total process time):
      real time           0.00 seconds
      cpu time            0.00 seconds
      

MPRINT(COUNTPCT):   * proc print data = _t2 (obs=100);
MPRINT(COUNTPCT):   * title "tabcount: File _t2 after summary with denominator &countby ";
MPRINT(COUNTPCT):   * run;
MPRINT(COUNTPCT):   proc sort data = analf out = _t1 nodupkey;
MPRINT(COUNTPCT):   by trt01pn usubjid;
MPRINT(COUNTPCT):   run;

NOTE: There were 100 observations read from the data set WORK.ANALF.
NOTE: SAS sort was used.
NOTE: 0 observations with duplicate key values were deleted.
                                                                    The SAS System

NOTE: The data set WORK._T1 has 100 observations and 53 variables.
NOTE: PROCEDURE SORT used (Total process time):
      real time           0.01 seconds
      cpu time            0.00 seconds
      

MPRINT(COUNTPCT):   proc summary data=_t1 nway;
MPRINT(COUNTPCT):   by trt01pn;
MPRINT(COUNTPCT):   format trt01pn;
MPRINT(COUNTPCT):   output out=_t3;
MPRINT(COUNTPCT):   run;

NOTE: There were 100 observations read from the data set WORK._T1.
NOTE: The data set WORK._T3 has 2 observations and 3 variables.
NOTE: PROCEDURE SUMMARY used (Total process time):
      real time           0.00 seconds
      cpu time            0.00 seconds
      

MPRINT(COUNTPCT):   * proc print data = _t3 (obs=100);
MPRINT(COUNTPCT):   * title "tabcount: File _t3 after summary with denominator &pctby";
MPRINT(COUNTPCT):   * run;
MPRINT(COUNTPCT):   proc sort data = _t2;
MPRINT(COUNTPCT):   by trt01pn;
MPRINT(COUNTPCT):   run;

NOTE: There were 4 observations read from the data set WORK._T2.
NOTE: SAS sort was used.
NOTE: The data set WORK._T2 has 4 observations and 4 variables.
NOTE: PROCEDURE SORT used (Total process time):
      real time           0.00 seconds
      cpu time            0.00 seconds
      

MPRINT(COUNTPCT):   data _tabc1;
MPRINT(COUNTPCT):   merge _t2(drop=_type_) _t3 (rename=(_freq_=denom));
MPRINT(COUNTPCT):   by trt01pn;
MPRINT(COUNTPCT):   **if denom > 0 then &pctvar = 100 * _freq_ / denom;
MPRINT(COUNTPCT):   if denom > 0 and _freq_>0 then pct1 = 100 * _freq_ / denom;
MPRINT(COUNTPCT):   run;

NOTE: There were 4 observations read from the data set WORK._T2.
NOTE: There were 2 observations read from the data set WORK._T3.
NOTE: The data set WORK._TABC1 has 4 observations and 6 variables.
NOTE: DATA statement used (Total process time):
      real time           0.00 seconds
                                                                    The SAS System

      cpu time            0.00 seconds
      

MPRINT(TABCOUNT):  ;
MPRINT(TABCOUNT):   proc sort data = _tabc1;
MPRINT(TABCOUNT):   by cens trt01pn;
MPRINT(TABCOUNT):   run;

NOTE: There were 4 observations read from the data set WORK._TABC1.
NOTE: SAS sort was used.
NOTE: The data set WORK._TABC1 has 4 observations and 6 variables.
NOTE: PROCEDURE SORT used (Total process time):
      real time           0.00 seconds
      cpu time            0.00 seconds
      

MPRINT(TABCOUNT):   data _tabptc3;
MPRINT(TABCOUNT):   set _tabc1;
MPRINT(TABCOUNT):   run;

NOTE: There were 4 observations read from the data set WORK._TABC1.
NOTE: The data set WORK._TABPTC3 has 4 observations and 6 variables.
NOTE: DATA statement used (Total process time):
      real time           0.00 seconds
      cpu time            0.00 seconds
      

MPRINT(TABCOUNT):   * proc print data = _tabc&__I (obs=100);
MPRINT(TABCOUNT):   * title "tabcount: File _tabc&__I after summary ";
MPRINT(TABCOUNT):   * run;
MPRINT(TABCOUNT):   *----------------------------------------------------------------------------;
MPRINT(TABCOUNT):   * Get list of categories specified in the format in variable catvfmt ;
MPRINT(TABCOUNT):   * Flag to indicate if format found in macro variable _gotfmt ;
MPRINT(TABCOUNT):   * Categories in data set _tabptc4 ;
MPRINT(TABCOUNT):   *----------------------------------------------------------------------------;
MPRINT(GETFMT):   data _null_;
MPRINT(GETFMT):   set sashelp.voption;
MPRINT(GETFMT):   where optname = 'FMTSEARCH';
MPRINT(GETFMT):   length fmtpath $2000;
MPRINT(GETFMT):   fmtpath = 'WORK ' || compress(setting,'()');
MPRINT(GETFMT):   call symput('_fmtpath',fmtpath);
MPRINT(GETFMT):   fmtname = "CENSFMT. ";
MPRINT(GETFMT):   if substr(fmtname,1,1) = '$' then call symput("fmttype","C");
MPRINT(GETFMT):   if substr(fmtname,1,1) ^= '$' then call symput("fmttype","N");
MPRINT(GETFMT):   fmtname = compress(fmtname,'$. ');
MPRINT(GETFMT):   call symput("fmtname",fmtname);
                                                                    The SAS System

MPRINT(GETFMT):   run;

NOTE: There were 1 observations read from the data set SASHELP.VOPTION.
      WHERE optname='FMTSEARCH';
NOTE: DATA statement used (Total process time):
      real time           0.00 seconds
      cpu time            0.01 seconds
      

MPRINT(GETFMT):   data _getfmt1;
MPRINT(GETFMT):   set sashelp.vcatalg;
MPRINT(GETFMT):   memname = upcase(memname);
MPRINT(GETFMT):   objname = upcase(objname);
MPRINT(GETFMT):   ** kdaughtry - 29Aug2008 **;
MPRINT(GETFMT):   **where memname = 'FORMATS' and trim(objname) = trim("&fmtname");
MPRINT(GETFMT):   where trim(objname) = trim("CENSFMT  ") and libname^='SASHELP' and objtype=:'FORMAT';
MPRINT(GETFMT):   **indx = indexw("%upcase( &_fmtpath)",upcase(trim(libname)));
MPRINT(GETFMT):   indx = index("WORK LIBFMT WORK",upcase(trim(libname)));
MPRINT(GETFMT):   if indx;
MPRINT(GETFMT):   run;

NOTE: There were 2 observations read from the data set SASHELP.VCATALG.
      WHERE (TRIM(objname)='CENSFMT') and (libname not = 'SASHELP') and (objtype=:'FORMAT');
NOTE: The data set WORK._GETFMT1 has 1 observations and 11 variables.
NOTE: DATA statement used (Total process time):
      real time           0.03 seconds
      cpu time            0.01 seconds
      

MPRINT(GETFMT):   proc sort data = _getfmt1;
MPRINT(GETFMT):   by indx;
MPRINT(GETFMT):   run;

NOTE: There were 1 observations read from the data set WORK._GETFMT1.
NOTE: SAS sort was used.
NOTE: The data set WORK._GETFMT1 has 1 observations and 11 variables.
NOTE: PROCEDURE SORT used (Total process time):
      real time           0.00 seconds
      cpu time            0.00 seconds
      

MPRINT(GETFMT):   data _null_;
MPRINT(GETFMT):   set _getfmt1 end = eof;
MPRINT(GETFMT):   **call symput("_flib" || compress(put(_n_,best.)) , libname );
MPRINT(GETFMT):   ** kdaughtry - 29Aug2008 **;
MPRINT(GETFMT):   ** chg _flib to be libname and memname together so can handle format **;
                                                                    The SAS System

MPRINT(GETFMT):   ** catalogs with a name other than formats **;
MPRINT(GETFMT):   call symput("_flib" || compress(put(_n_,best.)) , compress(libname) || "." || compress(memname) );
MPRINT(GETFMT):   if eof then call symput("_nlib",compress(put(_n_,best.)));
MPRINT(GETFMT):   run;

NOTE: There were 1 observations read from the data set WORK._GETFMT1.
NOTE: DATA statement used (Total process time):
      real time           0.00 seconds
      cpu time            0.00 seconds
      

MPRINT(GETFMT):   proc format library = WORK.FORMATS cntlout = _getfmt2;
MPRINT(GETFMT):   run;
NOTE: PROCEDURE FORMAT used (Total process time):
      real time           0.00 seconds
      cpu time            0.00 seconds
      
NOTE: The data set WORK._GETFMT2 has 2 observations and 21 variables.

MPRINT(GETFMT):   data _tabptc4;
MPRINT(GETFMT):   set _getfmt2;
MPRINT(GETFMT):   if upcase(trim(fmtname)) = trim("CENSFMT  ") and upcase(type) = "N" then do;
MPRINT(GETFMT):   start = left(start);
MPRINT(GETFMT):   output;
MPRINT(GETFMT):   call symput('_gotfmt','Y');
MPRINT(GETFMT):   end;
MPRINT(GETFMT):   run;

NOTE: There were 2 observations read from the data set WORK._GETFMT2.
NOTE: The data set WORK._TABPTC4 has 1 observations and 21 variables.
NOTE: DATA statement used (Total process time):
      real time           0.00 seconds
      cpu time            0.00 seconds
      

MPRINT(TABCOUNT):  ;
MPRINT(TABCOUNT):   *---------------------------------------;
MPRINT(TABCOUNT):   * Reformat count and percent ;
MPRINT(TABCOUNT):   *---------------------------------------;
MPRINT(TABCOUNT):   data _tabptc3;
MPRINT(TABCOUNT):   set _tabptc3;
MPRINT(TABCOUNT):   length linlabel $250;
MPRINT(TABCOUNT):   linlabel=left(put(cens,CENSFMT.));
MPRINT(TABCOUNT):   if trim(linlabel) = '.' or linlabel = ' ' then delete;
MPRINT(TABCOUNT):   run;

                                                                    The SAS System

NOTE: There were 4 observations read from the data set WORK._TABPTC3.
NOTE: The data set WORK._TABPTC3 has 2 observations and 7 variables.
NOTE: DATA statement used (Total process time):
      real time           0.00 seconds
      cpu time            0.00 seconds
      

MPRINT(TABCOUNT):   * proc print data = _tabptc3 (obs=100);
MPRINT(TABCOUNT):   * title "tabcount: File _tabptc3 after formatting statistics ";
MPRINT(TABCOUNT):   * run;
MPRINT(TABCOUNT):   *----------------------------------------------------------------------------;
MPRINT(TABCOUNT):   * If all categories are to be shown, get the list of categories from the ;
MPRINT(TABCOUNT):   * variable format and expand the file to include all the defined categories;
MPRINT(TABCOUNT):   *----------------------------------------------------------------------------;
MPRINT(TABCOUNT):   proc sort data = _tabptc3 out = keys(keep = trt01pn ) nodupkey;
MPRINT(TABCOUNT):   by trt01pn ;
MPRINT(TABCOUNT):   run;

NOTE: There were 2 observations read from the data set WORK._TABPTC3.
NOTE: SAS sort was used.
NOTE: 0 observations with duplicate key values were deleted.
NOTE: The data set WORK.KEYS has 2 observations and 1 variables.
NOTE: PROCEDURE SORT used (Total process time):
      real time           0.00 seconds
      cpu time            0.00 seconds
      

MPRINT(TABCOUNT):   data _tabptc5 (keep = trt01pn linlabel start );
MPRINT(TABCOUNT):   length start $200;
MPRINT(TABCOUNT):   set _tabptc4;
MPRINT(TABCOUNT):   where fmtname = compress(upcase("CENSFMT."),"$. ");
MPRINT(TABCOUNT):   if index("CENSFMT.","$") > 0 and type = 'N' then delete;
MPRINT(TABCOUNT):   if index("CENSFMT.","$") = 0 and type = 'C' then delete;
MPRINT(TABCOUNT):   length linlabel $250;
MPRINT(TABCOUNT):   linlabel = left(label);
MPRINT(TABCOUNT):   do i = 1 to _nrec;
MPRINT(TABCOUNT):   set keys point = i nobs = _nrec;
MPRINT(TABCOUNT):   output;
MPRINT(TABCOUNT):   end;
MPRINT(TABCOUNT):   run;

NOTE: There were 1 observations read from the data set WORK._TABPTC4.
      WHERE fmtname='CENSFMT';
NOTE: The data set WORK._TABPTC5 has 2 observations and 3 variables.
NOTE: DATA statement used (Total process time):
      real time           0.00 seconds
                                                                    The SAS System

      cpu time            0.01 seconds
      

MPRINT(TABCOUNT):   proc sort data = _tabptc5;
MPRINT(TABCOUNT):   by trt01pn linlabel;
MPRINT(TABCOUNT):   run;

NOTE: There were 2 observations read from the data set WORK._TABPTC5.
NOTE: SAS sort was used.
NOTE: The data set WORK._TABPTC5 has 2 observations and 3 variables.
NOTE: PROCEDURE SORT used (Total process time):
      real time           0.00 seconds
      cpu time            0.00 seconds
      

MPRINT(TABCOUNT):   proc sort data = _tabptc3;
MPRINT(TABCOUNT):   by trt01pn linlabel;
MPRINT(TABCOUNT):   run;

NOTE: There were 2 observations read from the data set WORK._TABPTC3.
NOTE: SAS sort was used.
NOTE: The data set WORK._TABPTC3 has 2 observations and 7 variables.
NOTE: PROCEDURE SORT used (Total process time):
      real time           0.00 seconds
      cpu time            0.00 seconds
      

MPRINT(TABCOUNT):   data _tabptc3;
MPRINT(TABCOUNT):   merge _tabptc3 (in=in3) _tabptc5;
MPRINT(TABCOUNT):   by trt01pn linlabel;
MPRINT(TABCOUNT):   start = left(start);
MPRINT(TABCOUNT):   if ^in3 then cens = input(start,best16.);
MPRINT(TABCOUNT):   run;

NOTE: There were 2 observations read from the data set WORK._TABPTC3.
NOTE: There were 2 observations read from the data set WORK._TABPTC5.
NOTE: The data set WORK._TABPTC3 has 2 observations and 8 variables.
NOTE: DATA statement used (Total process time):
      real time           0.00 seconds
      cpu time            0.00 seconds
      

MPRINT(TABCOUNT):   proc sort data = _tabptc3;
MPRINT(TABCOUNT):   by cens start linlabel;
MPRINT(TABCOUNT):   run;

                                                                    The SAS System

NOTE: There were 2 observations read from the data set WORK._TABPTC3.
NOTE: SAS sort was used.
NOTE: The data set WORK._TABPTC3 has 2 observations and 8 variables.
NOTE: PROCEDURE SORT used (Total process time):
      real time           0.00 seconds
      cpu time            0.00 seconds
      

MPRINT(TABCOUNT):   * proc print data = _tabptc3 (obs = 100 );
MPRINT(TABCOUNT):   * title "tabcount: File _tabptc3 after incorporating variable format ";
MPRINT(TABCOUNT):   * run;
MPRINT(TABCOUNT):   *--------------------------------------------------------------------------;
MPRINT(TABCOUNT):   * postprocess _tabptc3 to modify START variable if sortby = I and the VAR;
MPRINT(TABCOUNT):   * is numeric. This to accomodate cases where the values might be negative;
MPRINT(TABCOUNT):   *--------------------------------------------------------------------------;
MPRINT(TABCOUNT):   *----------------------------------------------------------------------------;
MPRINT(TABCOUNT):   * Transpose the formatted and unformatted statistics ;
MPRINT(TABCOUNT):   *----------------------------------------------------------------------------;
MPRINT(TABCOUNT):   data _tabptc7 (keep = cens start linlabel value1 - value2 statord1 - statord1 pctx1 - pctx2);
MPRINT(TABCOUNT):   set _tabptc3;
MPRINT(TABCOUNT):   by cens start linlabel notsorted;
MPRINT(TABCOUNT):   length value1- value2 $40 statord1 - statord1 $40 pctx1 - pctx2 $10 pctx_n1 - pctx_n2 8 __temp 8;
MPRINT(TABCOUNT):   *kchan07 2016-11-1;
MPRINT(TABCOUNT):   length statval $ 40;
MPRINT(TABCOUNT):   array outval {*} $ value1 - value2;
MPRINT(TABCOUNT):   array outpct {*} $ pctx1 - pctx2;
MPRINT(TABCOUNT):   array __pn {*} pctx_n1 - pctx_n2;
MPRINT(TABCOUNT):   *kchan07 2016-11-1;
MPRINT(TABCOUNT):   retain value1 - value2 totn pctx1 - pctx2;
MPRINT(TABCOUNT):   statord1 = ' ';
MPRINT(TABCOUNT):   if first.linlabel then do;
MPRINT(TABCOUNT):   totn = 0;
MPRINT(TABCOUNT):   do i = 1 to 2;
MPRINT(TABCOUNT):   outval{i} = ' ';
MPRINT(TABCOUNT):   outpct{i} = ' ';
MPRINT(TABCOUNT):   end;
MPRINT(TABCOUNT):   end;
MPRINT(TABCOUNT):   statval = ' ';
MPRINT(TABCOUNT):   if _freq_ = . then _freq_ = 0;
MPRINT(TABCOUNT):   statval = put(_freq_, 3. );
MPRINT(TABCOUNT):   len = length(statval);
MPRINT(TABCOUNT):   *if pct&__I = . then do;
MPRINT(TABCOUNT):   ** kdaughtry 07Oct08 - if count=0, then pct=0 **;
MPRINT(TABCOUNT):   *pct&__I = 0;
MPRINT(TABCOUNT):   *percent = 0;
MPRINT(TABCOUNT):   *end;
                                                                    The SAS System

MPRINT(TABCOUNT):   if 0 < pct1 < 0.1 then do;
MPRINT(TABCOUNT):   statval = substr(statval,1,len) || " ( <0.1%)";
MPRINT(TABCOUNT):   percent = pct1;
MPRINT(TABCOUNT):   end;
MPRINT(TABCOUNT):   else do;
MPRINT(TABCOUNT):   if pct1 ne . then percent = round(pct1,0.1);
MPRINT(TABCOUNT):   if percent>0 then statval = substr(statval,1,len) || " (" || put(percent,5.1) || "%)";
MPRINT(TABCOUNT):   else statval= substr(statval,1,len);
MPRINT(TABCOUNT):   end;
MPRINT(TABCOUNT):   drop len;
MPRINT(TABCOUNT):   *if (totn=.) then totn = _freq_;
MPRINT(TABCOUNT):   *else if (_freq_>.) then totn = totn + _freq_;
MPRINT(TABCOUNT):   totn=sum(totn, _freq_);
MPRINT(TABCOUNT):   *klc 27may2015;
MPRINT(TABCOUNT):   outval{trt01pn} = statval;
MPRINT(TABCOUNT):   __pn{trt01pn} = percent;
MPRINT(TABCOUNT):   *kchan07 2016-11-1;
MPRINT(TABCOUNT):   outpct{trt01pn} = compress(put(percent,best.));
MPRINT(TABCOUNT):   if last.linlabel then do;
MPRINT(TABCOUNT):   if "F" = "F" then statord1 = put(1000000-totn,z7.);
MPRINT(TABCOUNT):   if "F" = "A" then statord1 = ' ';
MPRINT(TABCOUNT):   if "F" = "I" then statord1 = start;
MPRINT(TABCOUNT):   if "F" = "M" then do;
MPRINT(TABCOUNT):   __temp=pctx_n1;
MPRINT(TABCOUNT):   __temp = max(of pctx_n1 - pctx_n2);
MPRINT(TABCOUNT):   statord1=compress(put(__temp,z9.5));
MPRINT(TABCOUNT):   end;
MPRINT(TABCOUNT):   if "F" = "T" then statord1 = put(percent,6.2);
MPRINT(TABCOUNT):   output;
MPRINT(TABCOUNT):   end;
MPRINT(TABCOUNT):   run;

NOTE: There were 2 observations read from the data set WORK._TABPTC3.
NOTE: The data set WORK._TABPTC7 has 1 observations and 8 variables.
NOTE: DATA statement used (Total process time):
      real time           0.00 seconds
      cpu time            0.00 seconds
      

MPRINT(TABCOUNT):   * proc print data = _tabptc7 (obs=100);
MPRINT(TABCOUNT):   * title "tabcount: File _tabptc7 after transpose";
MPRINT(TABCOUNT):   * run;
MPRINT(TABCOUNT):   *---------------------------------------;
MPRINT(TABCOUNT):   * CHISQ, CMH, EXACT p-values ;
MPRINT(TABCOUNT):   *---------------------------------------;
MPRINT(TABCOUNT):   *----------------------------------------------------------------------------;
                                                                    The SAS System

MPRINT(TABCOUNT):   * If overall p-values are requested, generate and add to the dataset ;
MPRINT(TABCOUNT):   *----------------------------------------------------------------------------;
MPRINT(TABCOUNT):   *----------------------------------------------------------------------------;
MPRINT(TABCOUNT):   * If pairwise p-values are requested, generate and add to the dataset ;
MPRINT(TABCOUNT):   *----------------------------------------------------------------------------;
MPRINT(TABCOUNT):   *---------------------------------------;
MPRINT(TABCOUNT):   * Get Patient With Event totals -------;
MPRINT(TABCOUNT):   *---------------------------------------;
MPRINT(TABCOUNT):   *----------------------------------------------------------------------------;
MPRINT(TABCOUNT):   * Final data massage before merging with accumulated statistics ;
MPRINT(TABCOUNT):   *----------------------------------------------------------------------------;
MPRINT(TABCOUNT):   * proc print data = _tabptc7;
MPRINT(TABCOUNT):   * title "tabcount: File _tabptc7 ";
MPRINT(TABCOUNT):   * run;
MPRINT(TABCOUNT):   data _tabptc7;
MPRINT(TABCOUNT):   set _tabptc7;
MPRINT(TABCOUNT):   length statord $40;
MPRINT(TABCOUNT):   statord = ' ';
MPRINT(TABCOUNT):   sortord=2;
MPRINT(TABCOUNT):   type = "PTCT";
MPRINT(TABCOUNT):   level = 1;
MPRINT(TABCOUNT):   array vl {*} value1 - value2;
MPRINT(TABCOUNT):   if trim(start) eq '.' or start = ' ' then delete;
MPRINT(TABCOUNT):   do i = 1 to 2;
MPRINT(TABCOUNT):   if vl{i} = ' ' then do;
MPRINT(TABCOUNT):   vl{i} = put(0, 3. );
MPRINT(TABCOUNT):   len = length(vl{i});
MPRINT(TABCOUNT):   **vl{i} = substr(vl{i},1,len) || " (" || put(0,&pctfmt) || "%)";
MPRINT(TABCOUNT):   vl{i} = substr(vl{i},1,len);
MPRINT(TABCOUNT):   drop len;
MPRINT(TABCOUNT):   end;
MPRINT(TABCOUNT):   end;
MPRINT(TABCOUNT):   drop i;
MPRINT(TABCOUNT):   length pvalc1 pvalc2 $10;
MPRINT(TABCOUNT):   pvalc1='';
MPRINT(TABCOUNT):   pvalc2='';
MPRINT(TABCOUNT):   run;

NOTE: There were 1 observations read from the data set WORK._TABPTC7.
NOTE: The data set WORK._TABPTC7 has 1 observations and 14 variables.
NOTE: DATA statement used (Total process time):
      real time           0.00 seconds
      cpu time            0.00 seconds
      

MPRINT(TABCOUNT):   data _tabptc7;
                                                                    The SAS System

MPRINT(TABCOUNT):   set _tabptc7;
MPRINT(TABCOUNT):   format pvalc1 pvalc2;
MPRINT(TABCOUNT):   run;

NOTE: There were 1 observations read from the data set WORK._TABPTC7.
NOTE: The data set WORK._TABPTC7 has 1 observations and 14 variables.
NOTE: DATA statement used (Total process time):
      real time           0.00 seconds
      cpu time            0.00 seconds
      

MPRINT(TABCOUNT):   data combine;
MPRINT(TABCOUNT):   set combine _tabptc7;
MPRINT(TABCOUNT):   length label1 $ 250;
MPRINT(TABCOUNT):   if sortord = 2 then do;
MPRINT(TABCOUNT):   if 1 = 1 then label1 = trim("") || " " || left("");
MPRINT(TABCOUNT):   if 1 > 1 then label1 = left("");
MPRINT(TABCOUNT):   if 1 < 0 then label1 = trim(label1) || ",";
MPRINT(TABCOUNT):   if 1 > 1 then label1 = "And " || left("");
MPRINT(TABCOUNT):   end;
MPRINT(TABCOUNT):   run;

NOTE: There were 1 observations read from the data set WORK.COMBINE.
NOTE: There were 1 observations read from the data set WORK._TABPTC7.
NOTE: The data set WORK.COMBINE has 2 observations and 18 variables.
NOTE: DATA statement used (Total process time):
      real time           0.00 seconds
      cpu time            0.01 seconds
      

MPRINT(TABCOUNT):   *----------------------------------------------------------------------------;
MPRINT(TABCOUNT):   * Cleanup ;
MPRINT(TABCOUNT):   *----------------------------------------------------------------------------;
MPRINT(TABCOUNT):   proc datasets library = work nolist;
MPRINT(TABCOUNT):   *delete _tabptc1 _tabptc2 _tabptc3 _tabptc4 _tabptc5 _tabptc6 _tabptc7 _tabptc8 _tabptc9;
MPRINT(TABCOUNT):   delete _tabptc: ;
MPRINT(TABCOUNT):   *2016-11-29 kchan07;
MPRINT(TABCOUNT):   quit;

NOTE: Deleting WORK._TABPTC3 (memtype=DATA).
NOTE: Deleting WORK._TABPTC4 (memtype=DATA).
NOTE: Deleting WORK._TABPTC5 (memtype=DATA).
NOTE: Deleting WORK._TABPTC7 (memtype=DATA).
NOTE: PROCEDURE DATASETS used (Total process time):
      real time           0.00 seconds
      cpu time            0.00 seconds
                                                                    The SAS System

      

MPRINT(MAIN):  ;
MPRINT(MAIN):   data combine;
MPRINT(MAIN):   set combine;
MPRINT(MAIN):   length _newlbl $80;
MPRINT(MAIN):   select (sortord);
MPRINT(MAIN):   when (1) _newlbl = 'Number (%) of Participants with Events (Death)';
MPRINT(MAIN):   when (2) _newlbl = 'Number (%) of Participants Censored';
MPRINT(MAIN):   otherwise _newlbl = ' ';
MPRINT(MAIN):   end;
MPRINT(MAIN):   if _newlbl ne ' ' then do;
MPRINT(MAIN):   linlabel = left(_newlbl);
MPRINT(MAIN):   level = 0;
MPRINT(MAIN):   end;
MPRINT(MAIN):   drop _newlbl;
MPRINT(MAIN):   run;

NOTE: There were 2 observations read from the data set WORK.COMBINE.
NOTE: The data set WORK.COMBINE has 2 observations and 18 variables.
NOTE: DATA statement used (Total process time):
      real time           0.00 seconds
      cpu time            0.00 seconds
      

MPRINT(MAIN):   data _med_row;
MPRINT(MAIN):   length linlabel $250 statord $40 value1-value3 $40 _m _l _u $10;
MPRINT(MAIN):   merge _km_median(where=(trtn=1) rename=(med_mo=medA lcl_mo=lclA ucl_mo=uclA)) _km_median(where=(trtn=2) rename=(med_mo=medB 
lcl_mo=lclB ucl_mo=uclB));
MPRINT(MAIN):   sortord = 3;
MPRINT(MAIN):   level = 0;
MPRINT(MAIN):   statord = '1';
MPRINT(MAIN):   linlabel = 'Kaplan-Meier Estimate of OS (Months) (95% CI) [a]';
MPRINT(MAIN):   if medA > . then _m = strip(put(medA,6.1));
MPRINT(MAIN):   else _m = 'NEst';
MPRINT(MAIN):   if lclA > . then _l = strip(put(lclA,6.1));
MPRINT(MAIN):   else _l = 'NEst';
MPRINT(MAIN):   if uclA > . then _u = strip(put(uclA,6.1));
MPRINT(MAIN):   else _u = 'NEst';
MPRINT(MAIN):   value1 = cat(trim(_m),' (',trim(_l),', ',trim(_u),')');
MPRINT(MAIN):   if medB > . then _m = strip(put(medB,6.1));
MPRINT(MAIN):   else _m = 'NEst';
MPRINT(MAIN):   if lclB > . then _l = strip(put(lclB,6.1));
MPRINT(MAIN):   else _l = 'NEst';
MPRINT(MAIN):   if uclB > . then _u = strip(put(uclB,6.1));
MPRINT(MAIN):   else _u = 'NEst';
                                                                    The SAS System

MPRINT(MAIN):   value2 = cat(trim(_m),' (',trim(_l),', ',trim(_u),')');
MPRINT(MAIN):   value3 = ' ';
MPRINT(MAIN):   output;
MPRINT(MAIN):   statord = '9';
MPRINT(MAIN):   linlabel = ' ';
MPRINT(MAIN):   value1 = ' ';
MPRINT(MAIN):   value2 = ' ';
MPRINT(MAIN):   value3 = ' ';
MPRINT(MAIN):   output;
MPRINT(MAIN):   keep linlabel sortord statord value1-value3 level;
MPRINT(MAIN):   run;

INFO: The variable TRTN on data set WORK._KM_MEDIAN will be overwritten by data set WORK._KM_MEDIAN.
INFO: The variable STRATUM on data set WORK._KM_MEDIAN will be overwritten by data set WORK._KM_MEDIAN.
INFO: The variable TRT01PN on data set WORK._KM_MEDIAN will be overwritten by data set WORK._KM_MEDIAN.
INFO: The variable PERCENT on data set WORK._KM_MEDIAN will be overwritten by data set WORK._KM_MEDIAN.
INFO: The variable ESTIMATE on data set WORK._KM_MEDIAN will be overwritten by data set WORK._KM_MEDIAN.
INFO: The variable TRANSFORM on data set WORK._KM_MEDIAN will be overwritten by data set WORK._KM_MEDIAN.
INFO: The variable LOWERLIMIT on data set WORK._KM_MEDIAN will be overwritten by data set WORK._KM_MEDIAN.
INFO: The variable UPPERLIMIT on data set WORK._KM_MEDIAN will be overwritten by data set WORK._KM_MEDIAN.
NOTE: There were 1 observations read from the data set WORK._KM_MEDIAN.
      WHERE trtn=1;
NOTE: There were 1 observations read from the data set WORK._KM_MEDIAN.
      WHERE trtn=2;
NOTE: The data set WORK._MED_ROW has 2 observations and 7 variables.
NOTE: DATA statement used (Total process time):
      real time           0.01 seconds
      cpu time            0.00 seconds
      

MPRINT(MAIN):   proc sql;
MPRINT(MAIN):   create table _rate_final as select a.timelbl, a.ord, a.rate as rateA, a.rate_l as rate_lA, a.rate_u as rate_uA, b.rate as rateB, 
b.rate_l as rate_lB, b.rate_u as rate_uB from _km_rate(where=(trtn=1)) as a inner join _km_rate(where=(trtn=2)) as b on a.timelbl = b.timelbl order 
by a.ord;
NOTE: SAS threaded sort was used.
NOTE: Table WORK._RATE_FINAL created, with 3 rows and 8 columns.

MPRINT(MAIN):   quit;
NOTE: PROCEDURE SQL used (Total process time):
      real time           0.03 seconds
      cpu time            0.01 seconds
      

MPRINT(MAIN):   data _rate_rows;
MPRINT(MAIN):   length linlabel $250 statord $40 value1-value3 $40 _m _l _u $20 _nbsp10 $10;
MPRINT(MAIN):   set _rate_final end=eof;
                                                                    The SAS System

MPRINT(MAIN):   sortord = 4;
MPRINT(MAIN):   level = 1;
MPRINT(MAIN):   value3 = ' ';
MPRINT(MAIN):   statord = put(_n_,1.);
MPRINT(MAIN):   linlabel = timelbl;
MPRINT(MAIN):   _nbsp10 = byte(160)||byte(160)||byte(160)||byte(160)||byte(160)||byte(160)||byte(160)||byte(160)||byte(160)||byte(160);
MPRINT(MAIN):   if rateA > . then _m = strip(put(rateA,5.1));
MPRINT(MAIN):   else _m = 'NEst';
MPRINT(NBSPPAD):   _m = cat(substr(_nbsp10,1,max(0,5-length(_m))),_m);
MPRINT(MAIN):  ;
MPRINT(MAIN):   if rate_lA > . then _l = strip(put(rate_lA,5.1));
MPRINT(MAIN):   else _l = 'NEst';
MPRINT(NBSPPAD):   _l = cat(substr(_nbsp10,1,max(0,5-length(_l))),_l);
MPRINT(MAIN):  ;
MPRINT(MAIN):   if rate_uA > . then _u = strip(put(rate_uA,5.1));
MPRINT(MAIN):   else _u = 'NEst';
MPRINT(NBSPPAD):   _u = cat(substr(_nbsp10,1,max(0,5-length(_u))),_u);
MPRINT(MAIN):  ;
MPRINT(MAIN):   value1 = cat(trim(_m),' (',trim(_l),', ',trim(_u),')');
MPRINT(MAIN):   if rateB > . then _m = strip(put(rateB,5.1));
MPRINT(MAIN):   else _m = 'NEst';
MPRINT(NBSPPAD):   _m = cat(substr(_nbsp10,1,max(0,5-length(_m))),_m);
MPRINT(MAIN):  ;
MPRINT(MAIN):   if rate_lB > . then _l = strip(put(rate_lB,5.1));
MPRINT(MAIN):   else _l = 'NEst';
MPRINT(NBSPPAD):   _l = cat(substr(_nbsp10,1,max(0,5-length(_l))),_l);
MPRINT(MAIN):  ;
MPRINT(MAIN):   if rate_uB > . then _u = strip(put(rate_uB,5.1));
MPRINT(MAIN):   else _u = 'NEst';
MPRINT(NBSPPAD):   _u = cat(substr(_nbsp10,1,max(0,5-length(_u))),_u);
MPRINT(MAIN):  ;
MPRINT(MAIN):   value2 = cat(trim(_m),' (',trim(_l),', ',trim(_u),')');
MPRINT(MAIN):   output;
MPRINT(MAIN):   if eof then do;
MPRINT(MAIN):   statord = '9';
MPRINT(MAIN):   linlabel = ' ';
MPRINT(MAIN):   value1 = ' ';
MPRINT(MAIN):   value2 = ' ';
MPRINT(MAIN):   value3 = ' ';
MPRINT(MAIN):   output;
MPRINT(MAIN):   end;
MPRINT(MAIN):   keep linlabel sortord statord value1-value3 level;
MPRINT(MAIN):   run;

NOTE: There were 3 observations read from the data set WORK._RATE_FINAL.
NOTE: The data set WORK._RATE_ROWS has 4 observations and 7 variables.
                                                                    The SAS System

NOTE: DATA statement used (Total process time):
      real time           0.00 seconds
      cpu time            0.01 seconds
      

MPRINT(MAIN):   data _rate_hdr;
MPRINT(MAIN):   length linlabel $250 statord $40 value1-value3 $40;
MPRINT(MAIN):   linlabel = 'Kaplan-Meier Estimate of OS Rate (%) (95% CI)';
MPRINT(MAIN):   sortord = 4;
MPRINT(MAIN):   level = 0;
MPRINT(MAIN):   statord = '0';
MPRINT(MAIN):   value1 = ' ';
MPRINT(MAIN):   value2 = ' ';
MPRINT(MAIN):   value3 = ' ';
MPRINT(MAIN):   run;

NOTE: The data set WORK._RATE_HDR has 1 observations and 7 variables.
NOTE: DATA statement used (Total process time):
      real time           0.00 seconds
      cpu time            0.00 seconds
      

MPRINT(MAIN):   data _hrpval_rows;
MPRINT(MAIN):   length linlabel $250 statord $40 value1-value3 $40;
MPRINT(MAIN):   merge _hr _km_logrank;
MPRINT(MAIN):   sortord = 5;
MPRINT(MAIN):   level = 0;
MPRINT(MAIN):   value2 = ' ';
MPRINT(MAIN):   value3 = ' ';
MPRINT(MAIN):   statord = '1';
MPRINT(MAIN):   linlabel = 'Hazard Ratio of A vs B (95% CI) [b]';
MPRINT(MAIN):   value1 = cat(strip(put(hr,6.2)),' (',strip(put(hr_l,6.2)),', ',strip(put(hr_u,6.2)),')');
MPRINT(MAIN):   output;
MPRINT(MAIN):   statord = '2';
MPRINT(MAIN):   linlabel = 'Log-Rank P Value [c]';
MPRINT(MAIN):   value1 = strip(put(ProbChiSq, pvalue6.4));
MPRINT(MAIN):   output;
MPRINT(MAIN):   statord = '9';
MPRINT(MAIN):   linlabel = ' ';
MPRINT(MAIN):   value1 = ' ';
MPRINT(MAIN):   output;
MPRINT(MAIN):   keep linlabel sortord statord value1-value3 level;
MPRINT(MAIN):   run;

INFO: The variable DF on data set WORK._HR will be overwritten by data set WORK._KM_LOGRANK.
INFO: The variable CHISQ on data set WORK._HR will be overwritten by data set WORK._KM_LOGRANK.
                                                                    The SAS System

INFO: The variable PROBCHISQ on data set WORK._HR will be overwritten by data set WORK._KM_LOGRANK.
NOTE: There were 1 observations read from the data set WORK._HR.
NOTE: There were 1 observations read from the data set WORK._KM_LOGRANK.
NOTE: The data set WORK._HRPVAL_ROWS has 3 observations and 7 variables.
NOTE: DATA statement used (Total process time):
      real time           0.00 seconds
      cpu time            0.00 seconds
      

MPRINT(MAIN):   data _fu_hdr;
MPRINT(MAIN):   length linlabel $250 statord $40 value1-value3 $40;
MPRINT(MAIN):   linlabel = 'Duration of OS Follow-up (Months) [d]';
MPRINT(MAIN):   sortord = 6;
MPRINT(MAIN):   level = 0;
MPRINT(MAIN):   statord = '0';
MPRINT(MAIN):   value1 = ' ';
MPRINT(MAIN):   value2 = ' ';
MPRINT(MAIN):   value3 = ' ';
MPRINT(MAIN):   run;

NOTE: The data set WORK._FU_HDR has 1 observations and 7 variables.
NOTE: DATA statement used (Total process time):
      real time           0.00 seconds
      cpu time            0.00 seconds
      

MPRINT(MAIN):   proc sql;
MPRINT(MAIN):   create table _fu_final as select '>= 6 Months' as timelbl length=20, 182.625 as thresh, 1 as ord from os1(obs=1) union select '>= 12 
Months' as timelbl length=20, 365.25 as thresh, 2 as ord from os1(obs=1) union select '>= 18 Months' as timelbl length=20, 547.875 as thresh, 3 as 
ord from os1(obs=1);
NOTE: Table WORK._FU_FINAL created, with 3 rows and 3 columns.

MPRINT(MAIN):   quit;
NOTE: PROCEDURE SQL used (Total process time):
      real time           0.00 seconds
      cpu time            0.01 seconds
      

MPRINT(MAIN):   proc sql;
MPRINT(MAIN):   create table _fu_counts as select f.timelbl, f.thresh, f.ord, (select count(*) from os1 where trt01pn=1 and aval>=f.thresh) as cnt_a, 
(select count(*) from os1 where trt01pn=2 and aval>=f.thresh) as cnt_b from _fu_final as f order by f.ord;
NOTE: SAS threaded sort was used.
NOTE: Table WORK._FU_COUNTS created, with 3 rows and 5 columns.

MPRINT(MAIN):   quit;
NOTE: PROCEDURE SQL used (Total process time):
                                                                    The SAS System

      real time           0.00 seconds
      cpu time            0.00 seconds
      

MPRINT(MAIN):   data _fu_rows;
MPRINT(MAIN):   length linlabel $250 statord $40 value1-value3 $40 _cnt _pct $20 _nbsp10 $10;
MPRINT(MAIN):   set _fu_counts end=eof;
MPRINT(MAIN):   sortord = 6;
MPRINT(MAIN):   level = 1;
MPRINT(MAIN):   statord = put(ord,1.);
MPRINT(MAIN):   linlabel = timelbl;
MPRINT(MAIN):   _nbsp10 = byte(160)||byte(160)||byte(160)||byte(160)||byte(160)||byte(160)||byte(160)||byte(160)||byte(160)||byte(160);
MPRINT(MAIN):   _cnt = strip(put(cnt_a,3.));
MPRINT(NBSPPAD):   _cnt = cat(substr(_nbsp10,1,max(0,3-length(_cnt))),_cnt);
MPRINT(MAIN):  ;
MPRINT(MAIN):   _pct = strip(put(100*cnt_a/50,5.1));
MPRINT(NBSPPAD):   _pct = cat(substr(_nbsp10,1,max(0,5-length(_pct))),_pct);
MPRINT(MAIN):  ;
MPRINT(MAIN):   value1 = cat(trim(_cnt),' (',trim(_pct),'%)');
MPRINT(MAIN):   _cnt = strip(put(cnt_b,3.));
MPRINT(NBSPPAD):   _cnt = cat(substr(_nbsp10,1,max(0,3-length(_cnt))),_cnt);
MPRINT(MAIN):  ;
MPRINT(MAIN):   _pct = strip(put(100*cnt_b/50,5.1));
MPRINT(NBSPPAD):   _pct = cat(substr(_nbsp10,1,max(0,5-length(_pct))),_pct);
MPRINT(MAIN):  ;
MPRINT(MAIN):   value2 = cat(trim(_cnt),' (',trim(_pct),'%)');
MPRINT(MAIN):   value3 = ' ';
MPRINT(MAIN):   keep linlabel sortord statord value1-value3 level;
MPRINT(MAIN):   run;

NOTE: There were 3 observations read from the data set WORK._FU_COUNTS.
NOTE: The data set WORK._FU_ROWS has 3 observations and 7 variables.
NOTE: DATA statement used (Total process time):
      real time           0.00 seconds
      cpu time            0.00 seconds
      

MPRINT(MAIN):   data combine;
MPRINT(MAIN):   set combine _med_row _rate_hdr _rate_rows _hrpval_rows _fu_hdr _fu_rows;
MPRINT(MAIN):   run;

NOTE: There were 2 observations read from the data set WORK.COMBINE.
NOTE: There were 2 observations read from the data set WORK._MED_ROW.
NOTE: There were 1 observations read from the data set WORK._RATE_HDR.
NOTE: There were 4 observations read from the data set WORK._RATE_ROWS.
NOTE: There were 3 observations read from the data set WORK._HRPVAL_ROWS.
                                                                    The SAS System

NOTE: There were 1 observations read from the data set WORK._FU_HDR.
NOTE: There were 3 observations read from the data set WORK._FU_ROWS.
NOTE: The data set WORK.COMBINE has 16 observations and 19 variables.
NOTE: DATA statement used (Total process time):
      real time           0.00 seconds
      cpu time            0.00 seconds
      

MPRINT(TABPREP):   options missing = ' ';
MPRINT(TABPREP):   **Set the value of parameter wantrtf = N in the code regardless of the value in the macro call**;
MPRINT(TABPREP):   options pagesize=48;
MPRINT(TABPREP):   ********************************************;
MPRINT(TABPREP):   *** number of columns per page ***;
MPRINT(TABPREP):   *** = # of trt group +1 (if ocprint) ***;
MPRINT(TABPREP):   *** + number of overall p-values ***;
MPRINT(TABPREP):   *** + number of ci column ***;
MPRINT(TABPREP):   *** + number of p-values for comparison***;
MPRINT(TABPREP):   ********************************************;
MPRINT(TABPREP):  ;
MPRINT(TABPREP):  ;
MPRINT(TABPREP):   ;
MPRINT(TABPREP):   data _null_;
MPRINT(TABPREP):   retain maxstat 0;
MPRINT(TABPREP):   maxstat=maxstat+4;
MPRINT(TABPREP):   call symput('statmaxl',trim(left(put(maxstat,5.0))) );
MPRINT(TABPREP):   stop;
MPRINT(TABPREP):   run;

NOTE: DATA statement used (Total process time):
      real time           0.00 seconds
      cpu time            0.00 seconds
      

MPRINT(TABPREP):   *kchan07 20april2015;
MPRINT(TABPREP):   data m_combine;
MPRINT(TABPREP):   set combine;
MPRINT(TABPREP):   run;

NOTE: There were 16 observations read from the data set WORK.COMBINE.
NOTE: The data set WORK.M_COMBINE has 16 observations and 19 variables.
NOTE: DATA statement used (Total process time):
      real time           0.00 seconds
      cpu time            0.01 seconds
      

MPRINT(TABPREP):   data _null_;
                                                                    The SAS System

MPRINT(TABPREP):   set m_combine end = eof;
MPRINT(TABPREP):   retain maxoc 0;
MPRINT(TABPREP):   if eof then call symput ('maxoc',compress(put(maxoc,best.)));
MPRINT(TABPREP):   run;

NOTE: There were 16 observations read from the data set WORK.M_COMBINE.
NOTE: DATA statement used (Total process time):
      real time           0.00 seconds
      cpu time            0.00 seconds
      

MPRINT(TABPREP):   data _null_;
MPRINT(TABPREP):   length linlabel $250 value1 - value2 $40;
MPRINT(TABPREP):   level = .;
MPRINT(TABPREP):   set m_combine end = eof;
MPRINT(TABPREP):   retain maxstat maxbyln 0;
MPRINT(TABPREP):   length _lab_ _lab2_ $250;
MPRINT(TABPREP):   lablines = 0;
MPRINT(TABPREP):   lablines = length(compress("~",'~','k'));
MPRINT(TABPREP):   maxstat=max(maxstat,length(value1) );
MPRINT(TABPREP):   if 0 < level < 1 then maxstat = max(maxstat,length(value1)+2 );
MPRINT(TABPREP):   maxstat=max(maxstat,length(value2) );
MPRINT(TABPREP):   if 0 < level < 1 then maxstat = max(maxstat,length(value2)+2 );
MPRINT(TABPREP):   if ^eof then return;
MPRINT(TABPREP):   _lab_ = trim(put(1,TRTFMT. )) || compress("~(N=          50)");
MPRINT(TABPREP):   if "N" = "Y" and 1 = 2 then _lab_ = "Total" || compress("~(N=          50)");
MPRINT(TABPREP):   call symput ("_collb1", trim(_lab_) );
MPRINT(TABPREP):   if "" ne " " then _lab_ = trim(_lab_) || "~";
MPRINT(TABPREP):   lines = length(compress('~'||_lab_,'~','k'));
MPRINT(TABPREP):   lablines = max(lablines, lines);
MPRINT(TABPREP):   _lab_ = trim(put(2,TRTFMT. )) || compress("~(N=          50)");
MPRINT(TABPREP):   if "N" = "Y" and 2 = 2 then _lab_ = "Total" || compress("~(N=          50)");
MPRINT(TABPREP):   call symput ("_collb2", trim(_lab_) );
MPRINT(TABPREP):   if "" ne " " then _lab_ = trim(_lab_) || "~";
MPRINT(TABPREP):   lines = length(compress('~'||_lab_,'~','k'));
MPRINT(TABPREP):   lablines = max(lablines, lines);
MPRINT(TABPREP):   call symput ( "colhd" , put(lablines + 2 , 3.0 ) );
MPRINT(TABPREP):   _lab2_ = put(1,TRTFMT.) || compress("~(N=          50)");
MPRINT(TABPREP):   if "" ne " " then _lab_ = trim(_lab_) || "~";
MPRINT(TABPREP):   do j = 1 to 10;
MPRINT(TABPREP):   _lab_ = left(scan(_lab2_,j,'~'));
MPRINT(TABPREP):   maxlen = max(4,maxstat,maxlen,length(trim(_lab_)));
MPRINT(TABPREP):   maxhdr = max(4,maxhdr,length(trim(_lab_)));
MPRINT(TABPREP):   end;
MPRINT(TABPREP):   _lab2_ = put(2,TRTFMT.) || compress("~(N=          50)");
MPRINT(TABPREP):   if "" ne " " then _lab_ = trim(_lab_) || "~";
                                                                    The SAS System

MPRINT(TABPREP):   do j = 1 to 10;
MPRINT(TABPREP):   _lab_ = left(scan(_lab2_,j,'~'));
MPRINT(TABPREP):   maxlen = max(4,maxstat,maxlen,length(trim(_lab_)));
MPRINT(TABPREP):   maxhdr = max(4,maxhdr,length(trim(_lab_)));
MPRINT(TABPREP):   end;
MPRINT(TABPREP):   call symput('statmaxl',trim(left(put(maxlen,5.0))) );
MPRINT(TABPREP):   call symput('statmaxh',trim(left(put(maxhdr,5.0))) );
MPRINT(TABPREP):   _lab_ = "Number of Participants";
MPRINT(CNTWRAP):   __ind = 0;
MPRINT(CNTWRAP):   if (__ind<0) then __ind = 0;
MPRINT(CNTWRAP):   length _tmp_ _tmp2_ $250;
MPRINT(CNTWRAP):   _wrap_ = 0;
MPRINT(CNTWRAP):   _fill_ = __ind + 2;
MPRINT(CNTWRAP):   _tmp_ = left(_lab_);
MPRINT(CNTWRAP):   if (__ind>0) then _tmp_ = repeat(' ',__ind-1) || left(_lab_);
MPRINT(CNTWRAP):   if length(_tmp_) > 50 then do;
MPRINT(CNTWRAP):   _startcol = __ind + 1;
MPRINT(CNTWRAP):   _endcol = 50;
MPRINT(CNTWRAP):   _done = 0;
MPRINT(CNTWRAP):   do until(_done);
MPRINT(CNTWRAP):   _lettr1_ = substr(_tmp_,_endcol+1,1);
MPRINT(CNTWRAP):   if( _lettr1_ = " " ) then do;
MPRINT(CNTWRAP):   _splitcol = _endcol+1;
MPRINT(CNTWRAP):   _tmp_ = substr(_tmp_,1,_splitcol-1) || "~" || repeat(" ",_fill_-1) || substr(_tmp_,_splitcol+1);
MPRINT(CNTWRAP):   _wrap_ + 1;
MPRINT(CNTWRAP):   end;
MPRINT(CNTWRAP):   else do;
MPRINT(CNTWRAP):   _gotword = 0;
MPRINT(CNTWRAP):   do _j_ = _endcol to _startcol by -1;
MPRINT(CNTWRAP):   _lettr1_ = substr(_tmp_,_j_,1);
MPRINT(CNTWRAP):   if (_lettr1_ = ' ') then do;
MPRINT(CNTWRAP):   _splitcol = _j_;
MPRINT(CNTWRAP):   _tmp_ = substr(_tmp_,1,_splitcol-1) || "~" || repeat(" ",_fill_-1) || substr(_tmp_,_splitcol+1);
MPRINT(CNTWRAP):   _wrap_ + 1;
MPRINT(CNTWRAP):   _gotword = 1;
MPRINT(CNTWRAP):   _j_ = 0;
MPRINT(CNTWRAP):   end;
MPRINT(CNTWRAP):   end;
MPRINT(CNTWRAP):   if (not(_gotword)) then do;
MPRINT(CNTWRAP):   _splitcol = _endcol+1;
MPRINT(CNTWRAP):   _tmp_ = substr(_tmp_,1,_splitcol-1) || "~" || repeat(" ",_fill_-1) || substr(_tmp_,_splitcol);
MPRINT(CNTWRAP):   _wrap_ + 1;
MPRINT(CNTWRAP):   end;
MPRINT(CNTWRAP):   end;
MPRINT(CNTWRAP):   _startcol = _splitcol + _fill_ + 1;
MPRINT(CNTWRAP):   _endcol = _splitcol + 50;
                                                                    The SAS System

MPRINT(CNTWRAP):   if (_endcol ge 250) or (length(substr(_tmp_,_splitcol+1)) le 50) then _done = 1;
MPRINT(CNTWRAP):   end;
MPRINT(CNTWRAP):   if _splitcol then do;
MPRINT(CNTWRAP):   _tmp2_ = substr(_tmp_,_splitcol+1);
MPRINT(CNTWRAP):   if (length(_tmp2_)=50) then do;
MPRINT(CNTWRAP):   _gotword = 0;
MPRINT(CNTWRAP):   do _j_ = 50 to _fill_+1 by -1;
MPRINT(CNTWRAP):   _lettr1_ = substr(_tmp2_,_j_,1);
MPRINT(CNTWRAP):   if (_lettr1_ = ' ') then do;
MPRINT(CNTWRAP):   _tmp2_ = substr(_tmp2_,1,_j_-1) || "~" || repeat(" ",_fill_-1) || substr(_tmp2_,_j_);
MPRINT(CNTWRAP):   _wrap_ + 1;
MPRINT(CNTWRAP):   _gotword = 1;
MPRINT(CNTWRAP):   _j_ = 0;
MPRINT(CNTWRAP):   end;
MPRINT(CNTWRAP):   end;
MPRINT(CNTWRAP):   if (not(_gotword)) then do;
MPRINT(CNTWRAP):   _j_ = 50-1;
MPRINT(CNTWRAP):   _tmp2_ = substr(_tmp2_,1,_j_-1) || "~" || repeat(" ",_fill_-1) || substr(_tmp2_,_j_);
MPRINT(CNTWRAP):   _wrap_ + 1;
MPRINT(CNTWRAP):   end;
MPRINT(CNTWRAP):   _tmp_ = substr(_tmp_,1,_splitcol)||_tmp2_;
MPRINT(CNTWRAP):   end;
MPRINT(CNTWRAP):   else _tmp_ = substr(_tmp_,1,_splitcol)||" "||substr(_tmp_,_splitcol+1);
MPRINT(CNTWRAP):   end;
MPRINT(CNTWRAP):   end;
MPRINT(CNTWRAP):   _tmp_ = _tmp_;
MPRINT(TABPREP):  ;
MPRINT(TABPREP):   texthd = 2 + _wrap_;
MPRINT(TABPREP):   if "N" = "Y" then do;
MPRINT(TABPREP):   _lab_ = "Number Of Participants With Any Event";
MPRINT(CNTWRAP):   __ind = 0;
MPRINT(CNTWRAP):   if (__ind<0) then __ind = 0;
MPRINT(CNTWRAP):   length _tmp_ _tmp2_ $250;
MPRINT(CNTWRAP):   _wrap_ = 0;
MPRINT(CNTWRAP):   _fill_ = __ind + 2;
MPRINT(CNTWRAP):   _tmp_ = left(_lab_);
MPRINT(CNTWRAP):   if (__ind>0) then _tmp_ = repeat(' ',__ind-1) || left(_lab_);
MPRINT(CNTWRAP):   if length(_tmp_) > 50 then do;
MPRINT(CNTWRAP):   _startcol = __ind + 1;
MPRINT(CNTWRAP):   _endcol = 50;
MPRINT(CNTWRAP):   _done = 0;
MPRINT(CNTWRAP):   do until(_done);
MPRINT(CNTWRAP):   _lettr1_ = substr(_tmp_,_endcol+1,1);
MPRINT(CNTWRAP):   if( _lettr1_ = " " ) then do;
MPRINT(CNTWRAP):   _splitcol = _endcol+1;
MPRINT(CNTWRAP):   _tmp_ = substr(_tmp_,1,_splitcol-1) || "~" || repeat(" ",_fill_-1) || substr(_tmp_,_splitcol+1);
                                                                    The SAS System

MPRINT(CNTWRAP):   _wrap_ + 1;
MPRINT(CNTWRAP):   end;
MPRINT(CNTWRAP):   else do;
MPRINT(CNTWRAP):   _gotword = 0;
MPRINT(CNTWRAP):   do _j_ = _endcol to _startcol by -1;
MPRINT(CNTWRAP):   _lettr1_ = substr(_tmp_,_j_,1);
MPRINT(CNTWRAP):   if (_lettr1_ = ' ') then do;
MPRINT(CNTWRAP):   _splitcol = _j_;
MPRINT(CNTWRAP):   _tmp_ = substr(_tmp_,1,_splitcol-1) || "~" || repeat(" ",_fill_-1) || substr(_tmp_,_splitcol+1);
MPRINT(CNTWRAP):   _wrap_ + 1;
MPRINT(CNTWRAP):   _gotword = 1;
MPRINT(CNTWRAP):   _j_ = 0;
MPRINT(CNTWRAP):   end;
MPRINT(CNTWRAP):   end;
MPRINT(CNTWRAP):   if (not(_gotword)) then do;
MPRINT(CNTWRAP):   _splitcol = _endcol+1;
MPRINT(CNTWRAP):   _tmp_ = substr(_tmp_,1,_splitcol-1) || "~" || repeat(" ",_fill_-1) || substr(_tmp_,_splitcol);
MPRINT(CNTWRAP):   _wrap_ + 1;
MPRINT(CNTWRAP):   end;
MPRINT(CNTWRAP):   end;
MPRINT(CNTWRAP):   _startcol = _splitcol + _fill_ + 1;
MPRINT(CNTWRAP):   _endcol = _splitcol + 50;
MPRINT(CNTWRAP):   if (_endcol ge 250) or (length(substr(_tmp_,_splitcol+1)) le 50) then _done = 1;
MPRINT(CNTWRAP):   end;
MPRINT(CNTWRAP):   if _splitcol then do;
MPRINT(CNTWRAP):   _tmp2_ = substr(_tmp_,_splitcol+1);
MPRINT(CNTWRAP):   if (length(_tmp2_)=50) then do;
MPRINT(CNTWRAP):   _gotword = 0;
MPRINT(CNTWRAP):   do _j_ = 50 to _fill_+1 by -1;
MPRINT(CNTWRAP):   _lettr1_ = substr(_tmp2_,_j_,1);
MPRINT(CNTWRAP):   if (_lettr1_ = ' ') then do;
MPRINT(CNTWRAP):   _tmp2_ = substr(_tmp2_,1,_j_-1) || "~" || repeat(" ",_fill_-1) || substr(_tmp2_,_j_);
MPRINT(CNTWRAP):   _wrap_ + 1;
MPRINT(CNTWRAP):   _gotword = 1;
MPRINT(CNTWRAP):   _j_ = 0;
MPRINT(CNTWRAP):   end;
MPRINT(CNTWRAP):   end;
MPRINT(CNTWRAP):   if (not(_gotword)) then do;
MPRINT(CNTWRAP):   _j_ = 50-1;
MPRINT(CNTWRAP):   _tmp2_ = substr(_tmp2_,1,_j_-1) || "~" || repeat(" ",_fill_-1) || substr(_tmp2_,_j_);
MPRINT(CNTWRAP):   _wrap_ + 1;
MPRINT(CNTWRAP):   end;
MPRINT(CNTWRAP):   _tmp_ = substr(_tmp_,1,_splitcol)||_tmp2_;
MPRINT(CNTWRAP):   end;
MPRINT(CNTWRAP):   else _tmp_ = substr(_tmp_,1,_splitcol)||" "||substr(_tmp_,_splitcol+1);
MPRINT(CNTWRAP):   end;
                                                                    The SAS System

MPRINT(CNTWRAP):   end;
MPRINT(CNTWRAP):   _tmp_ = _tmp_;
MPRINT(TABPREP):  ;
MPRINT(TABPREP):   texthd = texthd + _wrap_ + 1;
MPRINT(TABPREP):   end;
MPRINT(TABPREP):   call symput("texthd",compress(put(texthd,best.)));
MPRINT(TABPREP):   run;

NOTE: There were 16 observations read from the data set WORK.M_COMBINE.
NOTE: DATA statement used (Total process time):
      real time           0.01 seconds
      cpu time            0.00 seconds
      

MPRINT(TABPREP):   *--------------------------------------------------------------------------;
MPRINT(TABPREP):   * Set macro vars to control spacing ;
MPRINT(TABPREP):   *--------------------------------------------------------------------------;
MPRINT(TABPREP):   *--------------------------------------------------------------------------;
MPRINT(TABPREP):   * Sort stats file in order needed for report ;
MPRINT(TABPREP):   *--------------------------------------------------------------------------;
MPRINT(TABPREP):   proc sort data=m_combine equals;
MPRINT(TABPREP):   by sortord statord statord1 event;
MPRINT(TABPREP):   where linlabel ne ' ';
MPRINT(TABPREP):   run;

NOTE: There were 13 observations read from the data set WORK.M_COMBINE.
      WHERE linlabel not = ' ';
NOTE: SAS sort was used.
NOTE: The data set WORK.M_COMBINE has 13 observations and 19 variables.
NOTE: PROCEDURE SORT used (Total process time):
      real time           0.00 seconds
      cpu time            0.00 seconds
      

MPRINT(TABPREP):   **** COPIED THIS CODE FROM TABDRPT....saw...03Nov2010...ticket #1684 *****;
MPRINT(TABPREP):   ***--- number of columns to be printed in the report VK 23SEP2007 ---***;
MPRINT(TABPREP):   ***--- check number of columns to print as specified in showallcol option in tabdesc call ---***;
MPRINT(TABPREP):   ***--- Start ---***;
MPRINT(TABPREP):   ***--- VK 31MAY2007---***;
MPRINT(TABPREP):   ***--- End ---***;
MPRINT(TABPREP):   ***--- VK 31MAY2007---***;
MPRINT(TABPREP):   data m_combine;
MPRINT(TABPREP):   set m_combine;
MPRINT(TABPREP):   **** MOVED THIS CODE FROM TABDRPT....saw...23Sep2010...ticket #1684 *****;
MPRINT(TABPREP):   label value1= "Drug A~(N=50)";
MPRINT(TABPREP):   label value2= "Drug B~(N=50)";
                                                                    The SAS System

MPRINT(TABPREP):   run;

NOTE: There were 13 observations read from the data set WORK.M_COMBINE.
NOTE: The data set WORK.M_COMBINE has 13 observations and 19 variables.
NOTE: DATA statement used (Total process time):
      real time           0.00 seconds
      cpu time            0.01 seconds
      

MPRINT(TABPREP):   *--------------------------------------------------------------------------;
MPRINT(TABPREP):   * For patient counts, add extra lines for labelling if not all levels of ;
MPRINT(TABPREP):   * stats were generated ;
MPRINT(TABPREP):   *--------------------------------------------------------------------------;
MPRINT(TABPREP):   *--------------------------------------------------------------------------;
MPRINT(TABPREP):   * Count lines needed - determine where page breaks will happen ;
MPRINT(TABPREP):   *--------------------------------------------------------------------------;
MPRINT(TABPREP):   proc sort data=m_combine;
MPRINT(TABPREP):   by sortord;
MPRINT(TABPREP):   run;

NOTE: There were 13 observations read from the data set WORK.M_COMBINE.
NOTE: SAS sort was used.
NOTE: The data set WORK.M_COMBINE has 13 observations and 19 variables.
NOTE: PROCEDURE SORT used (Total process time):
      real time           0.00 seconds
      cpu time            0.00 seconds
      

MPRINT(TABPREP):   data ctlines(keep= sortord nolines);
MPRINT(TABPREP):   level = .;
MPRINT(TABPREP):   set m_combine;
MPRINT(TABPREP):   by sortord;
MPRINT(TABPREP):   retain nolines types;
MPRINT(TABPREP):   if first.sortord then types = type;
MPRINT(TABPREP):   if first.sortord then nolines = 1;
MPRINT(TABPREP):   ind = 3;
MPRINT(TABPREP):   if level ne . then ind = level * 3;
MPRINT(CNTWRAP):   __ind = ind;
MPRINT(CNTWRAP):   if (__ind<0) then __ind = 0;
MPRINT(CNTWRAP):   length _tmp_ _tmp2_ $250;
MPRINT(CNTWRAP):   _wrap_ = 0;
MPRINT(CNTWRAP):   _fill_ = __ind + 2;
MPRINT(CNTWRAP):   _tmp_ = left(linlabel);
MPRINT(CNTWRAP):   if (__ind>0) then _tmp_ = repeat(' ',__ind-1) || left(linlabel);
MPRINT(CNTWRAP):   if length(_tmp_) > 50 then do;
MPRINT(CNTWRAP):   _startcol = __ind + 1;
                                                                    The SAS System

MPRINT(CNTWRAP):   _endcol = 50;
MPRINT(CNTWRAP):   _done = 0;
MPRINT(CNTWRAP):   do until(_done);
MPRINT(CNTWRAP):   _lettr1_ = substr(_tmp_,_endcol+1,1);
MPRINT(CNTWRAP):   if( _lettr1_ = " " ) then do;
MPRINT(CNTWRAP):   _splitcol = _endcol+1;
MPRINT(CNTWRAP):   _tmp_ = substr(_tmp_,1,_splitcol-1) || "~" || repeat(" ",_fill_-1) || substr(_tmp_,_splitcol+1);
MPRINT(CNTWRAP):   _wrap_ + 1;
MPRINT(CNTWRAP):   end;
MPRINT(CNTWRAP):   else do;
MPRINT(CNTWRAP):   _gotword = 0;
MPRINT(CNTWRAP):   do _j_ = _endcol to _startcol by -1;
MPRINT(CNTWRAP):   _lettr1_ = substr(_tmp_,_j_,1);
MPRINT(CNTWRAP):   if (_lettr1_ = ' ') then do;
MPRINT(CNTWRAP):   _splitcol = _j_;
MPRINT(CNTWRAP):   _tmp_ = substr(_tmp_,1,_splitcol-1) || "~" || repeat(" ",_fill_-1) || substr(_tmp_,_splitcol+1);
MPRINT(CNTWRAP):   _wrap_ + 1;
MPRINT(CNTWRAP):   _gotword = 1;
MPRINT(CNTWRAP):   _j_ = 0;
MPRINT(CNTWRAP):   end;
MPRINT(CNTWRAP):   end;
MPRINT(CNTWRAP):   if (not(_gotword)) then do;
MPRINT(CNTWRAP):   _splitcol = _endcol+1;
MPRINT(CNTWRAP):   _tmp_ = substr(_tmp_,1,_splitcol-1) || "~" || repeat(" ",_fill_-1) || substr(_tmp_,_splitcol);
MPRINT(CNTWRAP):   _wrap_ + 1;
MPRINT(CNTWRAP):   end;
MPRINT(CNTWRAP):   end;
MPRINT(CNTWRAP):   _startcol = _splitcol + _fill_ + 1;
MPRINT(CNTWRAP):   _endcol = _splitcol + 50;
MPRINT(CNTWRAP):   if (_endcol ge 250) or (length(substr(_tmp_,_splitcol+1)) le 50) then _done = 1;
MPRINT(CNTWRAP):   end;
MPRINT(CNTWRAP):   if _splitcol then do;
MPRINT(CNTWRAP):   _tmp2_ = substr(_tmp_,_splitcol+1);
MPRINT(CNTWRAP):   if (length(_tmp2_)=50) then do;
MPRINT(CNTWRAP):   _gotword = 0;
MPRINT(CNTWRAP):   do _j_ = 50 to _fill_+1 by -1;
MPRINT(CNTWRAP):   _lettr1_ = substr(_tmp2_,_j_,1);
MPRINT(CNTWRAP):   if (_lettr1_ = ' ') then do;
MPRINT(CNTWRAP):   _tmp2_ = substr(_tmp2_,1,_j_-1) || "~" || repeat(" ",_fill_-1) || substr(_tmp2_,_j_);
MPRINT(CNTWRAP):   _wrap_ + 1;
MPRINT(CNTWRAP):   _gotword = 1;
MPRINT(CNTWRAP):   _j_ = 0;
MPRINT(CNTWRAP):   end;
MPRINT(CNTWRAP):   end;
MPRINT(CNTWRAP):   if (not(_gotword)) then do;
MPRINT(CNTWRAP):   _j_ = 50-1;
                                                                    The SAS System

MPRINT(CNTWRAP):   _tmp2_ = substr(_tmp2_,1,_j_-1) || "~" || repeat(" ",_fill_-1) || substr(_tmp2_,_j_);
MPRINT(CNTWRAP):   _wrap_ + 1;
MPRINT(CNTWRAP):   end;
MPRINT(CNTWRAP):   _tmp_ = substr(_tmp_,1,_splitcol)||_tmp2_;
MPRINT(CNTWRAP):   end;
MPRINT(CNTWRAP):   else _tmp_ = substr(_tmp_,1,_splitcol)||" "||substr(_tmp_,_splitcol+1);
MPRINT(CNTWRAP):   end;
MPRINT(CNTWRAP):   end;
MPRINT(CNTWRAP):   _tmp_ = _tmp_;
MPRINT(TABPREP):  ;
MPRINT(TABPREP):   nolines=nolines + 1 + _wrap_;
MPRINT(TABPREP):   if last.sortord then do;
MPRINT(TABPREP):   if types ne type then nolines+1;
MPRINT(TABPREP):   output;
MPRINT(TABPREP):   end;
MPRINT(TABPREP):   run;

NOTE: There were 13 observations read from the data set WORK.M_COMBINE.
NOTE: The data set WORK.CTLINES has 6 observations and 2 variables.
NOTE: DATA statement used (Total process time):
      real time           0.00 seconds
      cpu time            0.00 seconds
      

MPRINT(TABPREP):   data summary;
MPRINT(TABPREP):   length linlabel $250 value1 - value2 $40;
MPRINT(TABPREP):   merge m_combine ctlines;
MPRINT(TABPREP):   by sortord;
MPRINT(TABPREP):   run;

NOTE: There were 13 observations read from the data set WORK.M_COMBINE.
NOTE: There were 6 observations read from the data set WORK.CTLINES.
NOTE: The data set WORK.SUMMARY has 13 observations and 20 variables.
NOTE: DATA statement used (Total process time):
      real time           0.00 seconds
      cpu time            0.00 seconds
      

MPRINT(TNFSET):   filename _tnftmp temp;
MPRINT(TNFSET):   data _null_;
MPRINT(TNFSET):   file _tnftmp lrecl=1000 recfm=v;
MPRINT(TNFSET):   infile "../tools/tnf.inc" lrecl=1000 pad;
MPRINT(TNFSET):   length testtext $ 40;
MPRINT(TNFSET):   input @1 text $1000.;
MPRINT(TNFSET):   testtext = scan(text,1," ");
MPRINT(TNFSET):   if testtext = "/*";
                                                                    The SAS System

MPRINT(TNFSET):   testtext = scan(text,2," ");
MPRINT(TNFSET):   if upcase(testtext) in ("T-OS" , "DEFAULT");
MPRINT(TNFSET):   testtext = scan(text,3," ");
MPRINT(TNFSET):   if testtext =: "*/";
MPRINT(TNFSET):   put text;
MPRINT(TNFSET):   run;

NOTE: The file _TNFTMP is:
      Filename=/saswork/SAS_workAAA40009D507_sjgsasappprdg01/#LN00075,
      Owner Name=cpearson1,
      Group Name=NA\domain^users,
      Access Permission=-rw--w-rw-,
      Last Modified=30Aug2026:15:52:14

NOTE: The infile "../tools/tnf.inc" is:
      Filename=/biometrics/gsi_stds/dss_2026/s0000000/final/draft1/tools/tnf.inc,
      Owner Name=cpearson1,
      Group Name=NA\domain^users,
      Access Permission=-rwxrwxrwx,
      Last Modified=30Aug2026:15:39:33,
      File Size (bytes)=10383

NOTE: 10 records were written to the file _TNFTMP.
      The minimum record length was 45.
      The maximum record length was 158.
NOTE: 109 records were read from the infile "../tools/tnf.inc".
      The minimum record length was 0.
      The maximum record length was 187.
NOTE: DATA statement used (Total process time):
      real time           0.01 seconds
      cpu time            0.01 seconds
      

NOTE: %INCLUDE (level 2) file _TNFTMP is file /saswork/SAS_workAAA40009D507_sjgsasappprdg01/#LN00075.
1587      +/* default       */ %let ttl1 = NO ASSIGNED TITLE FOR JOB &titlekey;
1588      +/* t-os */ %let ttl1 = %str(Table 15.9.1.x: Overall Survival %(OS%));
1589      +/* t-os */ %let ttl2 = %str(ITT Analysis Set);
1590      +/* t-os */ %let fnl1 = %str(NEst = Not Estimable.);
1591      +/* t-os */ %let fnl2 = %str(a   OS %(months%) = %(date of death or censoring – date of randomization + 1%)/30.4375, and the 95%% CI is
1591     !+derived using log-log);
1592      +/* t-os */ %let fnl3 = %str(transformation.);
1593      +/* t-os */ %let fnl4 = %str(b   Hazard ratio and 95%% CIs are calculated using the Cox proportional hazards model / statistical method.);
1594      +/* t-os */ %let fnl5 = %str(c   P value for comparing the overall survival functions from the two treatment groups is from.);
1595      +/* t-os */ %let fnl6 = %str(d   Duration of OS follow-up %(months%) = %(date of death or censoring – date of randomization + 1%)/30.4375.);
1596      +/* t-os */ %let fnl7 = %str(Source: Listing 16.2.6.x);
NOTE: %INCLUDE (level 2) ending.
                                                                    The SAS System

NOTE: %INCLUDE (level 1) resuming.
MPRINT(TNFSET):   filename _tnftmp clear;
NOTE: Fileref _TNFTMP has been deassigned.
MPRINT(TNFSET):   title1 j=r "                                                                                                                        
         Gilead Sciences, Inc.";
MPRINT(TNFSET):   title2 j=r "                                                                                                                        
          Study GS-US-000-0000";
MPRINT(TNFSET):   title3 j=c "                                                        Table 15.9.1.x: Overall Survival (OS)                           
                              ";
MPRINT(TNFSET):   title4 j=c "                                                                   ITT Analysis Set                                     
                              ";
MPRINT(TNFSET):   footnote1 j=l "NEst = Not Estimable.                                                                                                
                                 ";
MPRINT(TNFSET):   footnote2 j=l "a   OS (months) = (date of death or censoring – date of randomization + 1)/30.4375, and the 95% CI is derived using 
log-log                           ";
MPRINT(TNFSET):   footnote3 j=l "transformation.                                                                                                      
                                 ";
MPRINT(TNFSET):   footnote4 j=l "b   Hazard ratio and 95% CIs are calculated using the Cox proportional hazards model / statistical method.           
                                 ";
MPRINT(TNFSET):   footnote5 j=l "c   P value for comparing the overall survival functions from the two treatment groups is from.                      
                                 ";
MPRINT(TNFSET):   footnote6 j=l "d   Duration of OS follow-up (months) = (date of death or censoring – date of randomization + 1)/30.4375.            
                                 ";
MPRINT(TNFSET):   footnote7 j=l "Source: Listing 16.2.6.x                                                                                             
                                 ";
MPRINT(TNFSET):   footnote9 j=l "Data Extracted: ddmmmyyyy                                                                                            
                                 ";
MPRINT(TNFSET):   footnote10 j=l "Source: .../final/draft1/prog/t-os.sas v9.4  Output file: t-os.pdf 30AUG2026:15:52                                  
                   PAGE XX OF YYY ";
MPRINT(TABPREP):  ;
MPRINT(TABPREP):   data summary summary2 (keep = sortord linlabel type pageno level _l_ ) hdpage (keep = pageno ) bypage (keep = begpg pageno);
MPRINT(TABPREP):   _newpage = 0;
MPRINT(TABPREP):   length label1 label2 label3 $250;
MPRINT(TABPREP):   label1 = " ";
MPRINT(TABPREP):   label2 = " ";
MPRINT(TABPREP):   label3 = " ";
MPRINT(TABPREP):   level = .;
MPRINT(TABPREP):   set summary end = eof;
MPRINT(TABPREP):   by sortord;
MPRINT(TABPREP):   retain begpg 1;
MPRINT(TABPREP):   retain _l_ 48 pageno 0;
MPRINT(TABPREP):   if (label1=' ') then grphdr = 0;
MPRINT(TABPREP):   else grphdr =1;
MPRINT(TABPREP):   length dummy $250;
MPRINT(TABPREP):   dummy = trim(label1) || " " || trim(label2);
MPRINT(CNTWRAP):   __ind = ind;
                                                                    The SAS System

MPRINT(CNTWRAP):   if (__ind<0) then __ind = 0;
MPRINT(CNTWRAP):   length _tmp_ _tmp2_ $250;
MPRINT(CNTWRAP):   _wrap_ = 0;
MPRINT(CNTWRAP):   _fill_ = __ind + 2;
MPRINT(CNTWRAP):   _tmp_ = left(dummy);
MPRINT(CNTWRAP):   if (__ind>0) then _tmp_ = repeat(' ',__ind-1) || left(dummy);
MPRINT(CNTWRAP):   if length(_tmp_) > 50 then do;
MPRINT(CNTWRAP):   _startcol = __ind + 1;
MPRINT(CNTWRAP):   _endcol = 50;
MPRINT(CNTWRAP):   _done = 0;
MPRINT(CNTWRAP):   do until(_done);
MPRINT(CNTWRAP):   _lettr1_ = substr(_tmp_,_endcol+1,1);
MPRINT(CNTWRAP):   if( _lettr1_ = " " ) then do;
MPRINT(CNTWRAP):   _splitcol = _endcol+1;
MPRINT(CNTWRAP):   _tmp_ = substr(_tmp_,1,_splitcol-1) || "~" || repeat(" ",_fill_-1) || substr(_tmp_,_splitcol+1);
MPRINT(CNTWRAP):   _wrap_ + 1;
MPRINT(CNTWRAP):   end;
MPRINT(CNTWRAP):   else do;
MPRINT(CNTWRAP):   _gotword = 0;
MPRINT(CNTWRAP):   do _j_ = _endcol to _startcol by -1;
MPRINT(CNTWRAP):   _lettr1_ = substr(_tmp_,_j_,1);
MPRINT(CNTWRAP):   if (_lettr1_ = ' ') then do;
MPRINT(CNTWRAP):   _splitcol = _j_;
MPRINT(CNTWRAP):   _tmp_ = substr(_tmp_,1,_splitcol-1) || "~" || repeat(" ",_fill_-1) || substr(_tmp_,_splitcol+1);
MPRINT(CNTWRAP):   _wrap_ + 1;
MPRINT(CNTWRAP):   _gotword = 1;
MPRINT(CNTWRAP):   _j_ = 0;
MPRINT(CNTWRAP):   end;
MPRINT(CNTWRAP):   end;
MPRINT(CNTWRAP):   if (not(_gotword)) then do;
MPRINT(CNTWRAP):   _splitcol = _endcol+1;
MPRINT(CNTWRAP):   _tmp_ = substr(_tmp_,1,_splitcol-1) || "~" || repeat(" ",_fill_-1) || substr(_tmp_,_splitcol);
MPRINT(CNTWRAP):   _wrap_ + 1;
MPRINT(CNTWRAP):   end;
MPRINT(CNTWRAP):   end;
MPRINT(CNTWRAP):   _startcol = _splitcol + _fill_ + 1;
MPRINT(CNTWRAP):   _endcol = _splitcol + 50;
MPRINT(CNTWRAP):   if (_endcol ge 250) or (length(substr(_tmp_,_splitcol+1)) le 50) then _done = 1;
MPRINT(CNTWRAP):   end;
MPRINT(CNTWRAP):   if _splitcol then do;
MPRINT(CNTWRAP):   _tmp2_ = substr(_tmp_,_splitcol+1);
MPRINT(CNTWRAP):   if (length(_tmp2_)=50) then do;
MPRINT(CNTWRAP):   _gotword = 0;
MPRINT(CNTWRAP):   do _j_ = 50 to _fill_+1 by -1;
MPRINT(CNTWRAP):   _lettr1_ = substr(_tmp2_,_j_,1);
MPRINT(CNTWRAP):   if (_lettr1_ = ' ') then do;
                                                                    The SAS System

MPRINT(CNTWRAP):   _tmp2_ = substr(_tmp2_,1,_j_-1) || "~" || repeat(" ",_fill_-1) || substr(_tmp2_,_j_);
MPRINT(CNTWRAP):   _wrap_ + 1;
MPRINT(CNTWRAP):   _gotword = 1;
MPRINT(CNTWRAP):   _j_ = 0;
MPRINT(CNTWRAP):   end;
MPRINT(CNTWRAP):   end;
MPRINT(CNTWRAP):   if (not(_gotword)) then do;
MPRINT(CNTWRAP):   _j_ = 50-1;
MPRINT(CNTWRAP):   _tmp2_ = substr(_tmp2_,1,_j_-1) || "~" || repeat(" ",_fill_-1) || substr(_tmp2_,_j_);
MPRINT(CNTWRAP):   _wrap_ + 1;
MPRINT(CNTWRAP):   end;
MPRINT(CNTWRAP):   _tmp_ = substr(_tmp_,1,_splitcol)||_tmp2_;
MPRINT(CNTWRAP):   end;
MPRINT(CNTWRAP):   else _tmp_ = substr(_tmp_,1,_splitcol)||" "||substr(_tmp_,_splitcol+1);
MPRINT(CNTWRAP):   end;
MPRINT(CNTWRAP):   end;
MPRINT(CNTWRAP):   _tmp_ = _tmp_;
MPRINT(TABPREP):  ;
MPRINT(TABPREP):   grphdr = grphdr + _wrap_;
MPRINT(TABPREP):   if level > 0 then do;
MPRINT(TABPREP):   grphdr = grphdr + level;
MPRINT(TABPREP):   if first.sortord then grphdr = grphdr - 1;
MPRINT(TABPREP):   end;
MPRINT(TABPREP):   ind = 3;
MPRINT(TABPREP):   if level ne . then ind = level * 3;
MPRINT(CNTWRAP):   __ind = ind;
MPRINT(CNTWRAP):   if (__ind<0) then __ind = 0;
MPRINT(CNTWRAP):   length _tmp_ _tmp2_ $250;
MPRINT(CNTWRAP):   _wrap_ = 0;
MPRINT(CNTWRAP):   _fill_ = __ind + 2;
MPRINT(CNTWRAP):   _tmp_ = left(linlabel);
MPRINT(CNTWRAP):   if (__ind>0) then _tmp_ = repeat(' ',__ind-1) || left(linlabel);
MPRINT(CNTWRAP):   if length(_tmp_) > 50 then do;
MPRINT(CNTWRAP):   _startcol = __ind + 1;
MPRINT(CNTWRAP):   _endcol = 50;
MPRINT(CNTWRAP):   _done = 0;
MPRINT(CNTWRAP):   do until(_done);
MPRINT(CNTWRAP):   _lettr1_ = substr(_tmp_,_endcol+1,1);
MPRINT(CNTWRAP):   if( _lettr1_ = " " ) then do;
MPRINT(CNTWRAP):   _splitcol = _endcol+1;
MPRINT(CNTWRAP):   _tmp_ = substr(_tmp_,1,_splitcol-1) || "~" || repeat(" ",_fill_-1) || substr(_tmp_,_splitcol+1);
MPRINT(CNTWRAP):   _wrap_ + 1;
MPRINT(CNTWRAP):   end;
MPRINT(CNTWRAP):   else do;
MPRINT(CNTWRAP):   _gotword = 0;
MPRINT(CNTWRAP):   do _j_ = _endcol to _startcol by -1;
                                                                    The SAS System

MPRINT(CNTWRAP):   _lettr1_ = substr(_tmp_,_j_,1);
MPRINT(CNTWRAP):   if (_lettr1_ = ' ') then do;
MPRINT(CNTWRAP):   _splitcol = _j_;
MPRINT(CNTWRAP):   _tmp_ = substr(_tmp_,1,_splitcol-1) || "~" || repeat(" ",_fill_-1) || substr(_tmp_,_splitcol+1);
MPRINT(CNTWRAP):   _wrap_ + 1;
MPRINT(CNTWRAP):   _gotword = 1;
MPRINT(CNTWRAP):   _j_ = 0;
MPRINT(CNTWRAP):   end;
MPRINT(CNTWRAP):   end;
MPRINT(CNTWRAP):   if (not(_gotword)) then do;
MPRINT(CNTWRAP):   _splitcol = _endcol+1;
MPRINT(CNTWRAP):   _tmp_ = substr(_tmp_,1,_splitcol-1) || "~" || repeat(" ",_fill_-1) || substr(_tmp_,_splitcol);
MPRINT(CNTWRAP):   _wrap_ + 1;
MPRINT(CNTWRAP):   end;
MPRINT(CNTWRAP):   end;
MPRINT(CNTWRAP):   _startcol = _splitcol + _fill_ + 1;
MPRINT(CNTWRAP):   _endcol = _splitcol + 50;
MPRINT(CNTWRAP):   if (_endcol ge 250) or (length(substr(_tmp_,_splitcol+1)) le 50) then _done = 1;
MPRINT(CNTWRAP):   end;
MPRINT(CNTWRAP):   if _splitcol then do;
MPRINT(CNTWRAP):   _tmp2_ = substr(_tmp_,_splitcol+1);
MPRINT(CNTWRAP):   if (length(_tmp2_)=50) then do;
MPRINT(CNTWRAP):   _gotword = 0;
MPRINT(CNTWRAP):   do _j_ = 50 to _fill_+1 by -1;
MPRINT(CNTWRAP):   _lettr1_ = substr(_tmp2_,_j_,1);
MPRINT(CNTWRAP):   if (_lettr1_ = ' ') then do;
MPRINT(CNTWRAP):   _tmp2_ = substr(_tmp2_,1,_j_-1) || "~" || repeat(" ",_fill_-1) || substr(_tmp2_,_j_);
MPRINT(CNTWRAP):   _wrap_ + 1;
MPRINT(CNTWRAP):   _gotword = 1;
MPRINT(CNTWRAP):   _j_ = 0;
MPRINT(CNTWRAP):   end;
MPRINT(CNTWRAP):   end;
MPRINT(CNTWRAP):   if (not(_gotword)) then do;
MPRINT(CNTWRAP):   _j_ = 50-1;
MPRINT(CNTWRAP):   _tmp2_ = substr(_tmp2_,1,_j_-1) || "~" || repeat(" ",_fill_-1) || substr(_tmp2_,_j_);
MPRINT(CNTWRAP):   _wrap_ + 1;
MPRINT(CNTWRAP):   end;
MPRINT(CNTWRAP):   _tmp_ = substr(_tmp_,1,_splitcol)||_tmp2_;
MPRINT(CNTWRAP):   end;
MPRINT(CNTWRAP):   else _tmp_ = substr(_tmp_,1,_splitcol)||" "||substr(_tmp_,_splitcol+1);
MPRINT(CNTWRAP):   end;
MPRINT(CNTWRAP):   end;
MPRINT(CNTWRAP):   linlabel = _tmp_;
MPRINT(TABPREP):  ;
MPRINT(TABPREP):   _add_ = 1 + _wrap_;
MPRINT(TABPREP):   if first.sortord then _add_ + 1;
                                                                    The SAS System

MPRINT(TABPREP):   _l_ + _add_;
MPRINT(TABPREP):   if (first.sortord) then _l_ + grphdr;
MPRINT(TABPREP):   if ( (first.sortord) and ( _l_ + nolines - grphdr) >= 38 and nolines < (38 - 11 - grphdr) and _l_ > (((38 - 11 ) * 0.75)+11) ) or 
( _l_ >= 38 ) or ( _newpage ) then do;
MPRINT(TABPREP):   first = 1;
MPRINT(TABPREP):   pageno + 1;
MPRINT(TABPREP):   _l_ = 11 + grphdr + _add_ + (0>0);
MPRINT(TABPREP):   end;
MPRINT(TABPREP):   if ^first.sortord and type in ('CAT','CONT') then do;
MPRINT(TABPREP):   pval1 = .;
MPRINT(TABPREP):   pval2 = .;
MPRINT(TABPREP):   pvalc1 = '';
MPRINT(TABPREP):   pvalc2 = '';
MPRINT(TABPREP):   ** only set ocharc&__I to missing when risk ratio is not being calc **;
MPRINT(TABPREP):   ** if risk ratio is being calc, then will have same sortord in output **;
MPRINT(TABPREP):   ** and this code will end up setting rr info to missing **;
MPRINT(TABPREP):   end;
MPRINT(TABPREP):   * _end_l_ = _l_;
MPRINT(TABPREP):   output summary;
MPRINT(TABPREP):   if (first or (first.sortord)) then do;
MPRINT(TABPREP):   __otype = type;
MPRINT(TABPREP):   statord = ' ';
MPRINT(TABPREP):   linlabel = ( trim(label1) || " " || trim(label2) );
MPRINT(CNTWRAP):   __ind = 0;
MPRINT(CNTWRAP):   if (__ind<0) then __ind = 0;
MPRINT(CNTWRAP):   length _tmp_ _tmp2_ $250;
MPRINT(CNTWRAP):   _wrap_ = 0;
MPRINT(CNTWRAP):   _fill_ = __ind + 2;
MPRINT(CNTWRAP):   _tmp_ = left(linlabel);
MPRINT(CNTWRAP):   if (__ind>0) then _tmp_ = repeat(' ',__ind-1) || left(linlabel);
MPRINT(CNTWRAP):   if length(_tmp_) > 50 then do;
MPRINT(CNTWRAP):   _startcol = __ind + 1;
MPRINT(CNTWRAP):   _endcol = 50;
MPRINT(CNTWRAP):   _done = 0;
MPRINT(CNTWRAP):   do until(_done);
MPRINT(CNTWRAP):   _lettr1_ = substr(_tmp_,_endcol+1,1);
MPRINT(CNTWRAP):   if( _lettr1_ = " " ) then do;
MPRINT(CNTWRAP):   _splitcol = _endcol+1;
MPRINT(CNTWRAP):   _tmp_ = substr(_tmp_,1,_splitcol-1) || "~" || repeat(" ",_fill_-1) || substr(_tmp_,_splitcol+1);
MPRINT(CNTWRAP):   _wrap_ + 1;
MPRINT(CNTWRAP):   end;
MPRINT(CNTWRAP):   else do;
MPRINT(CNTWRAP):   _gotword = 0;
MPRINT(CNTWRAP):   do _j_ = _endcol to _startcol by -1;
MPRINT(CNTWRAP):   _lettr1_ = substr(_tmp_,_j_,1);
MPRINT(CNTWRAP):   if (_lettr1_ = ' ') then do;
                                                                    The SAS System

MPRINT(CNTWRAP):   _splitcol = _j_;
MPRINT(CNTWRAP):   _tmp_ = substr(_tmp_,1,_splitcol-1) || "~" || repeat(" ",_fill_-1) || substr(_tmp_,_splitcol+1);
MPRINT(CNTWRAP):   _wrap_ + 1;
MPRINT(CNTWRAP):   _gotword = 1;
MPRINT(CNTWRAP):   _j_ = 0;
MPRINT(CNTWRAP):   end;
MPRINT(CNTWRAP):   end;
MPRINT(CNTWRAP):   if (not(_gotword)) then do;
MPRINT(CNTWRAP):   _splitcol = _endcol+1;
MPRINT(CNTWRAP):   _tmp_ = substr(_tmp_,1,_splitcol-1) || "~" || repeat(" ",_fill_-1) || substr(_tmp_,_splitcol);
MPRINT(CNTWRAP):   _wrap_ + 1;
MPRINT(CNTWRAP):   end;
MPRINT(CNTWRAP):   end;
MPRINT(CNTWRAP):   _startcol = _splitcol + _fill_ + 1;
MPRINT(CNTWRAP):   _endcol = _splitcol + 50;
MPRINT(CNTWRAP):   if (_endcol ge 250) or (length(substr(_tmp_,_splitcol+1)) le 50) then _done = 1;
MPRINT(CNTWRAP):   end;
MPRINT(CNTWRAP):   if _splitcol then do;
MPRINT(CNTWRAP):   _tmp2_ = substr(_tmp_,_splitcol+1);
MPRINT(CNTWRAP):   if (length(_tmp2_)=50) then do;
MPRINT(CNTWRAP):   _gotword = 0;
MPRINT(CNTWRAP):   do _j_ = 50 to _fill_+1 by -1;
MPRINT(CNTWRAP):   _lettr1_ = substr(_tmp2_,_j_,1);
MPRINT(CNTWRAP):   if (_lettr1_ = ' ') then do;
MPRINT(CNTWRAP):   _tmp2_ = substr(_tmp2_,1,_j_-1) || "~" || repeat(" ",_fill_-1) || substr(_tmp2_,_j_);
MPRINT(CNTWRAP):   _wrap_ + 1;
MPRINT(CNTWRAP):   _gotword = 1;
MPRINT(CNTWRAP):   _j_ = 0;
MPRINT(CNTWRAP):   end;
MPRINT(CNTWRAP):   end;
MPRINT(CNTWRAP):   if (not(_gotword)) then do;
MPRINT(CNTWRAP):   _j_ = 50-1;
MPRINT(CNTWRAP):   _tmp2_ = substr(_tmp2_,1,_j_-1) || "~" || repeat(" ",_fill_-1) || substr(_tmp2_,_j_);
MPRINT(CNTWRAP):   _wrap_ + 1;
MPRINT(CNTWRAP):   end;
MPRINT(CNTWRAP):   _tmp_ = substr(_tmp_,1,_splitcol)||_tmp2_;
MPRINT(CNTWRAP):   end;
MPRINT(CNTWRAP):   else _tmp_ = substr(_tmp_,1,_splitcol)||" "||substr(_tmp_,_splitcol+1);
MPRINT(CNTWRAP):   end;
MPRINT(CNTWRAP):   end;
MPRINT(CNTWRAP):   linlabel = _tmp_;
MPRINT(TABPREP):  ;
MPRINT(TABPREP):   length _cont $7;
MPRINT(TABPREP):   _cont = ' ';
MPRINT(TABPREP):   if (pageno>1 and _cont>' ') then type = 'ADD1';
MPRINT(TABPREP):   else type = ' ';
                                                                    The SAS System

MPRINT(TABPREP):   output summary2;
MPRINT(TABPREP):   if (_cont>' ') then do;
MPRINT(TABPREP):   oldlev = level;
MPRINT(TABPREP):   end;
MPRINT(TABPREP):   end;
MPRINT(TABPREP):   if eof then output hdpage;
MPRINT(TABPREP):   run;

NOTE: There were 13 observations read from the data set WORK.SUMMARY.
NOTE: The data set WORK.SUMMARY has 13 observations and 46 variables.
NOTE: The data set WORK.SUMMARY2 has 6 observations and 6 variables.
NOTE: The data set WORK.HDPAGE has 1 observations and 1 variables.
NOTE: The data set WORK.BYPAGE has 0 observations and 2 variables.
NOTE: DATA statement used (Total process time):
      real time           0.01 seconds
      cpu time            0.02 seconds
      

MPRINT(TABPREP):   proc sort data=summary2;
MPRINT(TABPREP):   by sortord;
MPRINT(TABPREP):   run;

NOTE: There were 6 observations read from the data set WORK.SUMMARY2.
NOTE: SAS sort was used.
NOTE: The data set WORK.SUMMARY2 has 6 observations and 6 variables.
NOTE: PROCEDURE SORT used (Total process time):
      real time           0.00 seconds
      cpu time            0.00 seconds
      

MPRINT(TABPREP):   data summary2;
MPRINT(TABPREP):   set summary2;
MPRINT(TABPREP):   by sortord;
MPRINT(TABPREP):   if first.sortord and linlabel=' ' then delete;
MPRINT(TABPREP):   run;

NOTE: There were 6 observations read from the data set WORK.SUMMARY2.
NOTE: The data set WORK.SUMMARY2 has 0 observations and 6 variables.
NOTE: DATA statement used (Total process time):
      real time           0.00 seconds
      cpu time            0.00 seconds
      

MPRINT(TABPREP):   proc sort data=summary2;
MPRINT(TABPREP):   by sortord;
MPRINT(TABPREP):   run;
                                                                    The SAS System


NOTE: Input data set is empty.
NOTE: The data set WORK.SUMMARY2 has 0 observations and 6 variables.
NOTE: PROCEDURE SORT used (Total process time):
      real time           0.00 seconds
      cpu time            0.00 seconds
      

MPRINT(TABPREP):   proc sort data=summary;
MPRINT(TABPREP):   by sortord;
MPRINT(TABPREP):   run;

NOTE: There were 13 observations read from the data set WORK.SUMMARY.
NOTE: SAS sort was used.
NOTE: The data set WORK.SUMMARY has 13 observations and 46 variables.
NOTE: PROCEDURE SORT used (Total process time):
      real time           0.00 seconds
      cpu time            0.00 seconds
      

MPRINT(TABPREP):   data summary;
MPRINT(TABPREP):   set summary2 summary;
MPRINT(TABPREP):   by sortord;
MPRINT(TABPREP):   run;

NOTE: There were 0 observations read from the data set WORK.SUMMARY2.
NOTE: There were 13 observations read from the data set WORK.SUMMARY.
NOTE: The data set WORK.SUMMARY has 13 observations and 46 variables.
NOTE: DATA statement used (Total process time):
      real time           0.00 seconds
      cpu time            0.00 seconds
      

MPRINT(TABPREP):   data _null_;
MPRINT(TABPREP):   set summary;
MPRINT(TABPREP):   retain max 0;
MPRINT(TABPREP):   cntr=length(trim(value1));
MPRINT(TABPREP):   if cntr>max then max=cntr;
MPRINT(TABPREP):   cntr=length(trim(value2));
MPRINT(TABPREP):   if cntr>max then max=cntr;
MPRINT(TABPREP):   call symput("cntrpad",compress(put(floor(max/2),8.)));
MPRINT(TABPREP):   run;

NOTE: There were 13 observations read from the data set WORK.SUMMARY.
NOTE: DATA statement used (Total process time):
      real time           0.00 seconds
                                                                    The SAS System

      cpu time            0.00 seconds
      

cntrpad=10
MPRINT(TABPREP):   data header1 ( keep = pageno sortord statord linlabel type value1 - value2);
MPRINT(TABPREP):   length linlabel $250 value1 - value2 $40 statord $40 type $20;
MPRINT(TABPREP):   set hdpage (rename = (pageno = pagetot) );
MPRINT(TABPREP):   sortord = 0.01;
MPRINT(TABPREP):   do pageno = 1 to pagetot;
MPRINT(TABPREP):   ** only create num of subj row here if byvar=missing since byvar code below **;
MPRINT(TABPREP):   ** creates num of subj line too **;
MPRINT(TABPREP):   statord = "1";
MPRINT(TABPREP):   type = 'PG1';
MPRINT(TABPREP):   linlabel = ("Number of Participants");
MPRINT(CNTWRAP):   __ind = 0;
MPRINT(CNTWRAP):   if (__ind<0) then __ind = 0;
MPRINT(CNTWRAP):   length _tmp_ _tmp2_ $250;
MPRINT(CNTWRAP):   _wrap_ = 0;
MPRINT(CNTWRAP):   _fill_ = __ind + 2;
MPRINT(CNTWRAP):   _tmp_ = left(linlabel);
MPRINT(CNTWRAP):   if (__ind>0) then _tmp_ = repeat(' ',__ind-1) || left(linlabel);
MPRINT(CNTWRAP):   if length(_tmp_) > 50 then do;
MPRINT(CNTWRAP):   _startcol = __ind + 1;
MPRINT(CNTWRAP):   _endcol = 50;
MPRINT(CNTWRAP):   _done = 0;
MPRINT(CNTWRAP):   do until(_done);
MPRINT(CNTWRAP):   _lettr1_ = substr(_tmp_,_endcol+1,1);
MPRINT(CNTWRAP):   if( _lettr1_ = " " ) then do;
MPRINT(CNTWRAP):   _splitcol = _endcol+1;
MPRINT(CNTWRAP):   _tmp_ = substr(_tmp_,1,_splitcol-1) || "~" || repeat(" ",_fill_-1) || substr(_tmp_,_splitcol+1);
MPRINT(CNTWRAP):   _wrap_ + 1;
MPRINT(CNTWRAP):   end;
MPRINT(CNTWRAP):   else do;
MPRINT(CNTWRAP):   _gotword = 0;
MPRINT(CNTWRAP):   do _j_ = _endcol to _startcol by -1;
MPRINT(CNTWRAP):   _lettr1_ = substr(_tmp_,_j_,1);
MPRINT(CNTWRAP):   if (_lettr1_ = ' ') then do;
MPRINT(CNTWRAP):   _splitcol = _j_;
MPRINT(CNTWRAP):   _tmp_ = substr(_tmp_,1,_splitcol-1) || "~" || repeat(" ",_fill_-1) || substr(_tmp_,_splitcol+1);
MPRINT(CNTWRAP):   _wrap_ + 1;
MPRINT(CNTWRAP):   _gotword = 1;
MPRINT(CNTWRAP):   _j_ = 0;
MPRINT(CNTWRAP):   end;
MPRINT(CNTWRAP):   end;
MPRINT(CNTWRAP):   if (not(_gotword)) then do;
MPRINT(CNTWRAP):   _splitcol = _endcol+1;
                                                                    The SAS System

MPRINT(CNTWRAP):   _tmp_ = substr(_tmp_,1,_splitcol-1) || "~" || repeat(" ",_fill_-1) || substr(_tmp_,_splitcol);
MPRINT(CNTWRAP):   _wrap_ + 1;
MPRINT(CNTWRAP):   end;
MPRINT(CNTWRAP):   end;
MPRINT(CNTWRAP):   _startcol = _splitcol + _fill_ + 1;
MPRINT(CNTWRAP):   _endcol = _splitcol + 50;
MPRINT(CNTWRAP):   if (_endcol ge 250) or (length(substr(_tmp_,_splitcol+1)) le 50) then _done = 1;
MPRINT(CNTWRAP):   end;
MPRINT(CNTWRAP):   if _splitcol then do;
MPRINT(CNTWRAP):   _tmp2_ = substr(_tmp_,_splitcol+1);
MPRINT(CNTWRAP):   if (length(_tmp2_)=50) then do;
MPRINT(CNTWRAP):   _gotword = 0;
MPRINT(CNTWRAP):   do _j_ = 50 to _fill_+1 by -1;
MPRINT(CNTWRAP):   _lettr1_ = substr(_tmp2_,_j_,1);
MPRINT(CNTWRAP):   if (_lettr1_ = ' ') then do;
MPRINT(CNTWRAP):   _tmp2_ = substr(_tmp2_,1,_j_-1) || "~" || repeat(" ",_fill_-1) || substr(_tmp2_,_j_);
MPRINT(CNTWRAP):   _wrap_ + 1;
MPRINT(CNTWRAP):   _gotword = 1;
MPRINT(CNTWRAP):   _j_ = 0;
MPRINT(CNTWRAP):   end;
MPRINT(CNTWRAP):   end;
MPRINT(CNTWRAP):   if (not(_gotword)) then do;
MPRINT(CNTWRAP):   _j_ = 50-1;
MPRINT(CNTWRAP):   _tmp2_ = substr(_tmp2_,1,_j_-1) || "~" || repeat(" ",_fill_-1) || substr(_tmp2_,_j_);
MPRINT(CNTWRAP):   _wrap_ + 1;
MPRINT(CNTWRAP):   end;
MPRINT(CNTWRAP):   _tmp_ = substr(_tmp_,1,_splitcol)||_tmp2_;
MPRINT(CNTWRAP):   end;
MPRINT(CNTWRAP):   else _tmp_ = substr(_tmp_,1,_splitcol)||" "||substr(_tmp_,_splitcol+1);
MPRINT(CNTWRAP):   end;
MPRINT(CNTWRAP):   end;
MPRINT(CNTWRAP):   linlabel = _tmp_;
MPRINT(TABPREP):  ;
MPRINT(TABPREP):   if (10-length(compress(put( 50, 8.0 )))-1>=0) then value1 = repeat(' ',10-length(compress(put( 50, 8.0 )))-1)||compress(put( 50, 
8.0 ));
MPRINT(TABPREP):   if (10-length(compress(put( 50, 8.0 )))-1>=0) then value2 = repeat(' ',10-length(compress(put( 50, 8.0 )))-1)||compress(put( 50, 
8.0 ));
MPRINT(TABPREP):   output;
MPRINT(TABPREP):   end;
MPRINT(TABPREP):   run;

NOTE: There were 1 observations read from the data set WORK.HDPAGE.
NOTE: The data set WORK.HEADER1 has 1 observations and 7 variables.
NOTE: DATA statement used (Total process time):
      real time           0.00 seconds
      cpu time            0.01 seconds
                                                                    The SAS System

      

MPRINT(TABPREP):   proc sort data = header1;
MPRINT(TABPREP):   where statord ^= '1';
MPRINT(TABPREP):   by pageno sortord statord;
MPRINT(TABPREP):   run;

NOTE: Input data set is empty.
NOTE: SAS sort was used.
NOTE: There were 0 observations read from the data set WORK.HEADER1.
      WHERE statord not = '1';
NOTE: The data set WORK.HEADER1 has 0 observations and 7 variables.
NOTE: PROCEDURE SORT used (Total process time):
      real time           0.00 seconds
      cpu time            0.00 seconds
      

MPRINT(TABPREP):   proc sort data = summary;
MPRINT(TABPREP):   by pageno;
MPRINT(TABPREP):   run;

NOTE: There were 13 observations read from the data set WORK.SUMMARY.
NOTE: SAS sort was used.
NOTE: The data set WORK.SUMMARY has 13 observations and 46 variables.
NOTE: PROCEDURE SORT used (Total process time):
      real time           0.00 seconds
      cpu time            0.01 seconds
      

MPRINT(TABPREP):   data summary;
MPRINT(TABPREP):   set header1 summary;
MPRINT(TABPREP):   run;

NOTE: There were 0 observations read from the data set WORK.HEADER1.
NOTE: There were 13 observations read from the data set WORK.SUMMARY.
NOTE: The data set WORK.SUMMARY has 13 observations and 46 variables.
NOTE: DATA statement used (Total process time):
      real time           0.00 seconds
      cpu time            0.00 seconds
      

MPRINT(TABPREP):   proc sort data = summary;
MPRINT(TABPREP):   by pageno sortord statord statord1 event type;
MPRINT(TABPREP):   run;

NOTE: There were 13 observations read from the data set WORK.SUMMARY.
                                                                    The SAS System

NOTE: SAS sort was used.
NOTE: The data set WORK.SUMMARY has 13 observations and 46 variables.
NOTE: PROCEDURE SORT used (Total process time):
      real time           0.00 seconds
      cpu time            0.00 seconds
      

MPRINT(TABPREP):   ***--- Keep only the variables required in the reporting macro ---***;
MPRINT(TABPREP):   ***--- starting here ---*** ***--- VK 04AUG2006 ---***;
MPRINT(TABPREP):   data summary;
MPRINT(TABPREP):   set summary end=eof;
MPRINT(TABPREP):   retain maxoc 0;
MPRINT(TABPREP):   keep pageno sortord statord: event type level linlabel value: pval: ;
MPRINT(TABPREP):   if eof then call symput ('maxoc',compress(put(maxoc,best.)));
MPRINT(TABPREP):   run;

NOTE: There were 13 observations read from the data set WORK.SUMMARY.
NOTE: The data set WORK.SUMMARY has 13 observations and 15 variables.
NOTE: DATA statement used (Total process time):
      real time           0.00 seconds
      cpu time            0.00 seconds
      

MPRINT(TABPREP):   data _null_;
MPRINT(TABPREP):   ** create new dataset name that converts any dashes to underscores **;
MPRINT(TABPREP):   length vtitlekey $200.;
MPRINT(TABPREP):   vtitlekey = compress(tranwrd("t-os",'-','_'));
MPRINT(TABPREP):   call symput("vtitlekey",compress(vtitlekey));
MPRINT(TABPREP):   run;

NOTE: DATA statement used (Total process time):
      real time           0.00 seconds
      cpu time            0.00 seconds
      

MPRINT(TABPREP):   *** only output validation dataset if vdata is specified and first character ***;
MPRINT(TABPREP):   *** of titlekey does not start with V (i.e. not a validation program) ***;
MPRINT(TABPREP):   data vdata.v_t_os;
MPRINT(TABPREP):   set summary;
MPRINT(TABPREP):   run;

NOTE: There were 13 observations read from the data set WORK.SUMMARY.
NOTE: The data set VDATA.V_T_OS has 13 observations and 15 variables.
NOTE: DATA statement used (Total process time):
      real time           0.02 seconds
      cpu time            0.00 seconds
                                                                    The SAS System

      

MPRINT(TABPREP):   ***--- till here ---*** ***--- VK 04AUG2006 ---***;
MPRINT(TABPREP):  ;
MPRINT(TABPREP):   ***--- starting here ---*** ***--- VK 20JUL2006 ---***;
MPRINT(TABPREP):   data m_macvar;
MPRINT(TABPREP):   set sashelp.vmacro;
MPRINT(TABPREP):   if scope not in ('GLOBAL','AUTOMATIC');
MPRINT(TABPREP):   run;

NOTE: There were 411 observations read from the data set SASHELP.VMACRO.
NOTE: The data set WORK.M_MACVAR has 55 observations and 4 variables.
NOTE: DATA statement used (Total process time):
      real time           0.00 seconds
      cpu time            0.00 seconds
      

MPRINT(TABPREP):   *** Merge long macro values back into one record ***;
MPRINT(TABPREP):   data m_macvar (drop=nam);
MPRINT(TABPREP):   set m_macvar;
MPRINT(TABPREP):   format nam $40.;
MPRINT(TABPREP):   retain nam ' ';
MPRINT(TABPREP):   retain seq 0;
MPRINT(TABPREP):   if (name^=nam) then seq = seq + 1;
MPRINT(TABPREP):   output;
MPRINT(TABPREP):   nam = name;
MPRINT(TABPREP):   run;

NOTE: There were 55 observations read from the data set WORK.M_MACVAR.
NOTE: The data set WORK.M_MACVAR has 55 observations and 5 variables.
NOTE: DATA statement used (Total process time):
      real time           0.00 seconds
      cpu time            0.00 seconds
      

MPRINT(TABPREP):   data m_macvar (drop=seq val);
MPRINT(TABPREP):   set m_macvar (rename=(value=val));
MPRINT(TABPREP):   by seq;
MPRINT(TABPREP):   format value $4000.;
MPRINT(TABPREP):   retain value;
MPRINT(TABPREP):   if (first.seq) then do;
MPRINT(TABPREP):   value= val;
MPRINT(TABPREP):   end;
MPRINT(TABPREP):   else do;
MPRINT(TABPREP):   value= substr(value,1,offset)||trim(val);
MPRINT(TABPREP):   end;
                                                                    The SAS System

MPRINT(TABPREP):   if (last.seq);
MPRINT(TABPREP):   run;

NOTE: There were 55 observations read from the data set WORK.M_MACVAR.
NOTE: The data set WORK.M_MACVAR has 55 observations and 4 variables.
NOTE: DATA statement used (Total process time):
      real time           0.00 seconds
      cpu time            0.00 seconds
      

MPRINT(TABPREP):   *** Merge long macro values back into one record ***;
MPRINT(TABPREP):   ***--- till here ---*** ***--- VK 20JUL2006 ---***;
MPRINT(TABPREP):   * proc print data = m_macvar;
MPRINT(TABPREP):   * title3 'File M_MACVAR';
MPRINT(TABPREP):   * run;
MPRINT(TABPREP):   * proc print data = summary;
MPRINT(TABPREP):   * title3 'File SUMMARY as printed by PROC REPORT';
MPRINT(TABPREP):   * run;
MPRINT(MAIN):  ;
MPRINT(PRINTSET):   data _null_;
MPRINT(PRINTSET):   if index("t-os",'-')>0 then hyund="-";
MPRINT(PRINTSET):   else hyund="_";
MPRINT(PRINTSET):   call symput("hyund",compress(hyund));
MPRINT(PRINTSET):   run;

NOTE: DATA statement used (Total process time):
      real time           0.00 seconds
      cpu time            0.00 seconds
      

MPRINT(PRINTSET):   data _null_;
MPRINT(PRINTSET):   formchar='|----|+|----+=|-/\<>*™';
MPRINT(PRINTSET):   substr(formchar,2,1)='_';
MPRINT(PRINTSET):   call symput('formchar',formchar);
MPRINT(PRINTSET):   run;

NOTE: DATA statement used (Total process time):
      real time           0.00 seconds
      cpu time            0.00 seconds
      

MPRINT(PRINTSET):   options orientation = LANDSCAPE papersize = letter topmargin = "1 in" bottommargin = "1 in" leftmargin = "1 in" rightmargin = "1 
in" formchar="|_---|+|----+=|-/\<>*™";
MPRINT(PRINTSET):   options pagesize = 48 linesize = 150 nodate nonumber;
MPRINT(TNFSET):   filename _tnftmp temp;
MPRINT(TNFSET):   data _null_;
                                                                    The SAS System

MPRINT(TNFSET):   file _tnftmp lrecl=1000 recfm=v;
MPRINT(TNFSET):   infile "../tools/tnf.inc" lrecl=1000 pad;
MPRINT(TNFSET):   length testtext $ 40;
MPRINT(TNFSET):   input @1 text $1000.;
MPRINT(TNFSET):   testtext = scan(text,1," ");
MPRINT(TNFSET):   if testtext = "/*";
MPRINT(TNFSET):   testtext = scan(text,2," ");
MPRINT(TNFSET):   if upcase(testtext) in ("T-OS" , "DEFAULT");
MPRINT(TNFSET):   testtext = scan(text,3," ");
MPRINT(TNFSET):   if testtext =: "*/";
MPRINT(TNFSET):   put text;
MPRINT(TNFSET):   run;

NOTE: The file _TNFTMP is:
      Filename=/saswork/SAS_workAAA40009D507_sjgsasappprdg01/#LN00078,
      Owner Name=cpearson1,
      Group Name=NA\domain^users,
      Access Permission=-rw--w-rw-,
      Last Modified=30Aug2026:15:52:14

NOTE: The infile "../tools/tnf.inc" is:
      Filename=/biometrics/gsi_stds/dss_2026/s0000000/final/draft1/tools/tnf.inc,
      Owner Name=cpearson1,
      Group Name=NA\domain^users,
      Access Permission=-rwxrwxrwx,
      Last Modified=30Aug2026:15:39:33,
      File Size (bytes)=10383

NOTE: 10 records were written to the file _TNFTMP.
      The minimum record length was 45.
      The maximum record length was 158.
NOTE: 109 records were read from the infile "../tools/tnf.inc".
      The minimum record length was 0.
      The maximum record length was 187.
NOTE: DATA statement used (Total process time):
      real time           0.02 seconds
      cpu time            0.01 seconds
      

NOTE: %INCLUDE (level 2) file _TNFTMP is file /saswork/SAS_workAAA40009D507_sjgsasappprdg01/#LN00078.
1597      +/* default       */ %let ttl1 = NO ASSIGNED TITLE FOR JOB &titlekey;
1598      +/* t-os */ %let ttl1 = %str(Table 15.9.1.x: Overall Survival %(OS%));
1599      +/* t-os */ %let ttl2 = %str(ITT Analysis Set);
1600      +/* t-os */ %let fnl1 = %str(NEst = Not Estimable.);
1601      +/* t-os */ %let fnl2 = %str(a   OS %(months%) = %(date of death or censoring – date of randomization + 1%)/30.4375, and the 95%% CI is
1601     !+derived using log-log);
                                                                    The SAS System

1602      +/* t-os */ %let fnl3 = %str(transformation.);
1603      +/* t-os */ %let fnl4 = %str(b   Hazard ratio and 95%% CIs are calculated using the Cox proportional hazards model / statistical method.);
1604      +/* t-os */ %let fnl5 = %str(c   P value for comparing the overall survival functions from the two treatment groups is from.);
1605      +/* t-os */ %let fnl6 = %str(d   Duration of OS follow-up %(months%) = %(date of death or censoring – date of randomization + 1%)/30.4375.);
1606      +/* t-os */ %let fnl7 = %str(Source: Listing 16.2.6.x);
NOTE: %INCLUDE (level 2) ending.
NOTE: %INCLUDE (level 1) resuming.
MPRINT(TNFSET):   filename _tnftmp clear;
NOTE: Fileref _TNFTMP has been deassigned.
MPRINT(TNFSET):   title1 j=r "                                                                                                                        
         Gilead Sciences, Inc.";
MPRINT(TNFSET):   title2 j=r "                                                                                                                        
          Study GS-US-000-0000";
MPRINT(TNFSET):   title3 j=c "                                                        Table 15.9.1.x: Overall Survival (OS)                           
                              ";
MPRINT(TNFSET):   title4 j=c "                                                                   ITT Analysis Set                                     
                              ";
MPRINT(TNFSET):   footnote1 j=l "NEst = Not Estimable.                                                                                                
                                 ";
MPRINT(TNFSET):   footnote2 j=l "a   OS (months) = (date of death or censoring – date of randomization + 1)/30.4375, and the 95% CI is derived using 
log-log                           ";
MPRINT(TNFSET):   footnote3 j=l "transformation.                                                                                                      
                                 ";
MPRINT(TNFSET):   footnote4 j=l "b   Hazard ratio and 95% CIs are calculated using the Cox proportional hazards model / statistical method.           
                                 ";
MPRINT(TNFSET):   footnote5 j=l "c   P value for comparing the overall survival functions from the two treatment groups is from.                      
                                 ";
MPRINT(TNFSET):   footnote6 j=l "d   Duration of OS follow-up (months) = (date of death or censoring – date of randomization + 1)/30.4375.            
                                 ";
MPRINT(TNFSET):   footnote7 j=l "Source: Listing 16.2.6.x                                                                                             
                                 ";
MPRINT(TNFSET):   footnote9 j=l "Data Extracted: ddmmmyyyy                                                                                            
                                 ";
MPRINT(TNFSET):   footnote10 j=l "Source: .../final/draft1/prog/t-os.sas v9.4  Output file: t-os.pdf 30AUG2026:15:52                                  
                   PAGE XX OF YYY ";
MPRINT(PRINTSET):  ;
MPRINT(PRINTSET):   proc printto print = "t-os.out" new ;
MPRINT(PRINTSET):   run;

NOTE: PROCEDURE PRINTTO used (Total process time):
      real time           0.01 seconds
      cpu time            0.00 seconds
      

MPRINT(MAIN):  ;
MPRINT(TABDRPT):   ***--- create local macro variables used locally in previous macro ---***;
                                                                    The SAS System

MPRINT(TABDRPT):   ***--- starting here ---*** ***--- VK 21JUL2006 ---***;
MPRINT(TABDRPT):   *** use call symput to avoide %bquote maximum nesting issue ***;
MPRINT(TABDRPT):   data _null_;
MPRINT(TABDRPT):   set m_macvar;
MPRINT(TABDRPT):   if (index(' STATS GSPACE SSPACE CWIDTH HEADTOT MMODE DRPTCOL LLABEL EMPTYLBL SORDSKIP COLBRKS PGBRK BYVAR HDRMOD SKIPVAR', ' 
'||trim(name)||' ')=0) then do;
MPRINT(TABDRPT):   call symput( trim(name), trim(value));
MPRINT(TABDRPT):   end;
MPRINT(TABDRPT):   else if ("t-os "=" " and name='TITLEKEY') then call symput( trim(name), trim(value));
MPRINT(TABDRPT):   else if ("t-os "=" " and name='OUTNAME') then call symput( trim(name), trim(value));
MPRINT(TABDRPT):   run;

NOTE: There were 55 observations read from the data set WORK.M_MACVAR.
NOTE: DATA statement used (Total process time):
      real time           0.00 seconds
      cpu time            0.00 seconds
      

MPRINT(TABDRPT):   ;
MPRINT(TABDRPT):   ;
MPRINT(TABDRPT):   ***--- till here ---***;
MPRINT(TABDRPT):   ***--- VK 21JUL2006 ---***;
MPRINT(TABDRPT):   ***--- reformat drptcol to have a space around each valueX with parentheses ***;
MPRINT(TABDRPT):   ;
MPRINT(TABDRPT):   ***--- number of columns to be printed in the report VK 23SEP2007 ---***;
MPRINT(TABDRPT):   ***--- check number of columns to print as specified in showallcol option in tabdesc call ---***;
MPRINT(TABDRPT):   ***--- Start ---***;
MPRINT(TABDRPT):   ***--- VK 31MAY2007---***;
MPRINT(TABDRPT):   ***--- End ---***;
MPRINT(TABDRPT):   ***--- VK 31MAY2007---***;
MPRINT(TABDRPT):   ODS LISTING;
MPRINT(TABDRPT):   ** Remove the following record to clarify if it is a no data situation;
MPRINT(TABDRPT):   data summary;
MPRINT(TABDRPT):   set summary;
MPRINT(TABDRPT):   if _n_=1 and strip(linlabel)="No data available for this table" then delete;
MPRINT(TABDRPT):   run;

NOTE: There were 13 observations read from the data set WORK.SUMMARY.
NOTE: The data set WORK.SUMMARY has 13 observations and 15 variables.
NOTE: DATA statement used (Total process time):
      real time           0.00 seconds
      cpu time            0.00 seconds
      

MPRINT(TABDRPT):  ;
nobs=13
                                                                    The SAS System

MPRINT(PRINTSET):   data _null_;
MPRINT(PRINTSET):   if index("t-os",'-')>0 then hyund="-";
MPRINT(PRINTSET):   else hyund="_";
MPRINT(PRINTSET):   call symput("hyund",compress(hyund));
MPRINT(PRINTSET):   run;

NOTE: DATA statement used (Total process time):
      real time           0.00 seconds
      cpu time            0.00 seconds
      

MPRINT(PRINTSET):   data _null_;
MPRINT(PRINTSET):   formchar='|----|+|----+=|-/\<>*™';
MPRINT(PRINTSET):   substr(formchar,2,1)='_';
MPRINT(PRINTSET):   call symput('formchar',formchar);
MPRINT(PRINTSET):   run;

NOTE: DATA statement used (Total process time):
      real time           0.00 seconds
      cpu time            0.00 seconds
      

MPRINT(PRINTSET):   options orientation = LANDSCAPE papersize = letter topmargin = "1 in" bottommargin = "1 in" leftmargin = "1 in" rightmargin = "1 
in" formchar="|_---|+|----+=|-/\<>*™";
MPRINT(PRINTSET):   options pagesize = 48 linesize = 150 nodate nonumber;
MPRINT(TNFSET):   filename _tnftmp temp;
MPRINT(TNFSET):   data _null_;
MPRINT(TNFSET):   file _tnftmp lrecl=1000 recfm=v;
MPRINT(TNFSET):   infile "../tools/tnf.inc" lrecl=1000 pad;
MPRINT(TNFSET):   length testtext $ 40;
MPRINT(TNFSET):   input @1 text $1000.;
MPRINT(TNFSET):   testtext = scan(text,1," ");
MPRINT(TNFSET):   if testtext = "/*";
MPRINT(TNFSET):   testtext = scan(text,2," ");
MPRINT(TNFSET):   if upcase(testtext) in ("T-OS" , "DEFAULT");
MPRINT(TNFSET):   testtext = scan(text,3," ");
MPRINT(TNFSET):   if testtext =: "*/";
MPRINT(TNFSET):   put text;
MPRINT(TNFSET):   run;

NOTE: The file _TNFTMP is:
      Filename=/saswork/SAS_workAAA40009D507_sjgsasappprdg01/#LN00082,
      Owner Name=cpearson1,
      Group Name=NA\domain^users,
      Access Permission=-rw--w-rw-,
      Last Modified=30Aug2026:15:52:14
                                                                    The SAS System


NOTE: The infile "../tools/tnf.inc" is:
      Filename=/biometrics/gsi_stds/dss_2026/s0000000/final/draft1/tools/tnf.inc,
      Owner Name=cpearson1,
      Group Name=NA\domain^users,
      Access Permission=-rwxrwxrwx,
      Last Modified=30Aug2026:15:39:33,
      File Size (bytes)=10383

NOTE: 10 records were written to the file _TNFTMP.
      The minimum record length was 45.
      The maximum record length was 158.
NOTE: 109 records were read from the infile "../tools/tnf.inc".
      The minimum record length was 0.
      The maximum record length was 187.
NOTE: DATA statement used (Total process time):
      real time           0.01 seconds
      cpu time            0.01 seconds
      

NOTE: %INCLUDE (level 2) file _TNFTMP is file /saswork/SAS_workAAA40009D507_sjgsasappprdg01/#LN00082.
1607      +/* default       */ %let ttl1 = NO ASSIGNED TITLE FOR JOB &titlekey;
1608      +/* t-os */ %let ttl1 = %str(Table 15.9.1.x: Overall Survival %(OS%));
1609      +/* t-os */ %let ttl2 = %str(ITT Analysis Set);
1610      +/* t-os */ %let fnl1 = %str(NEst = Not Estimable.);
1611      +/* t-os */ %let fnl2 = %str(a   OS %(months%) = %(date of death or censoring – date of randomization + 1%)/30.4375, and the 95%% CI is
1611     !+derived using log-log);
1612      +/* t-os */ %let fnl3 = %str(transformation.);
1613      +/* t-os */ %let fnl4 = %str(b   Hazard ratio and 95%% CIs are calculated using the Cox proportional hazards model / statistical method.);
1614      +/* t-os */ %let fnl5 = %str(c   P value for comparing the overall survival functions from the two treatment groups is from.);
1615      +/* t-os */ %let fnl6 = %str(d   Duration of OS follow-up %(months%) = %(date of death or censoring – date of randomization + 1%)/30.4375.);
1616      +/* t-os */ %let fnl7 = %str(Source: Listing 16.2.6.x);
NOTE: %INCLUDE (level 2) ending.
NOTE: %INCLUDE (level 1) resuming.
MPRINT(TNFSET):   filename _tnftmp clear;
NOTE: Fileref _TNFTMP has been deassigned.
MPRINT(TNFSET):   title1 j=r "                                                                                                                        
         Gilead Sciences, Inc.";
MPRINT(TNFSET):   title2 j=r "                                                                                                                        
          Study GS-US-000-0000";
MPRINT(TNFSET):   title3 j=c "                                                        Table 15.9.1.x: Overall Survival (OS)                           
                              ";
MPRINT(TNFSET):   title4 j=c "                                                                   ITT Analysis Set                                     
                              ";
MPRINT(TNFSET):   footnote1 j=l "NEst = Not Estimable.                                                                                                
                                 ";
                                                                    The SAS System

MPRINT(TNFSET):   footnote2 j=l "a   OS (months) = (date of death or censoring – date of randomization + 1)/30.4375, and the 95% CI is derived using 
log-log                           ";
MPRINT(TNFSET):   footnote3 j=l "transformation.                                                                                                      
                                 ";
MPRINT(TNFSET):   footnote4 j=l "b   Hazard ratio and 95% CIs are calculated using the Cox proportional hazards model / statistical method.           
                                 ";
MPRINT(TNFSET):   footnote5 j=l "c   P value for comparing the overall survival functions from the two treatment groups is from.                      
                                 ";
MPRINT(TNFSET):   footnote6 j=l "d   Duration of OS follow-up (months) = (date of death or censoring – date of randomization + 1)/30.4375.            
                                 ";
MPRINT(TNFSET):   footnote7 j=l "Source: Listing 16.2.6.x                                                                                             
                                 ";
MPRINT(TNFSET):   footnote9 j=l "Data Extracted: ddmmmyyyy                                                                                            
                                 ";
MPRINT(TNFSET):   footnote10 j=l "Source: .../final/draft1/prog/t-os.sas v9.4  Output file: t-os.pdf 30AUG2026:15:52                                  
                   PAGE XX OF YYY ";
MPRINT(PRINTSET):  ;
MPRINT(PRINTSET):   proc printto print = "t-os.out" new ;
MPRINT(PRINTSET):   run;

NOTE: PROCEDURE PRINTTO used (Total process time):
      real time           0.00 seconds
      cpu time            0.00 seconds
      

MPRINT(TABDRPT):  ;
MPRINT(TABDRPT):   filename mprint "__644359.tmp";
MPRINT(TABDRPT):   option mfile;
MPRINT(TABDRPT):   proc report data = summary split = '~' missing headline spacing = 19 formchar(2) = "_" nowindows;
NOTE: The macro generated output from MPRINT will also be written to external file 
      /biometrics/gsi_stds/dss_2026/s0000000/final/draft1/prog/__644359.tmp while OPTIONS MPRINT and MFILE are set.
MPRINT(TABDRPT):   column ( '__' ( pageno sortord statord1 event type linlabel value1 value2 ));
MPRINT(TABDRPT):   *********************************************;
MPRINT(TABDRPT):   *** End of COLUMN statement specification ***;
MPRINT(TABDRPT):   *** begin define statement ***;
MPRINT(TABDRPT):   *********************************************;
MPRINT(TABDRPT):   define pageno / order order=internal noprint;
MPRINT(TABDRPT):   define sortord / order order=internal noprint;
MPRINT(TABDRPT):   define statord1 / order order=internal noprint;
MPRINT(TABDRPT):   define event / order order=internal noprint;
MPRINT(TABDRPT):   define type / order order=internal noprint;
MPRINT(TABDRPT):   define linlabel / display width = 50 flow "";
MPRINT(TABDRPT):   define value1 / display width=20 center flow "Drug A~(N=50)";
MPRINT(TABDRPT):   define value2 / display width=20 center flow "Drug B~(N=50)";
MPRINT(TABDRPT):   *********************************************;
MPRINT(TABDRPT):   *** End of define statement specification ***;
                                                                    The SAS System

MPRINT(TABDRPT):   *** begin compute statement ***;
MPRINT(TABDRPT):   *********************************************;
MPRINT(TABDRPT):   **********************************************;
MPRINT(TABDRPT):   *** End of compute statement specification ***;
MPRINT(TABDRPT):   *** begin break statement ***;
MPRINT(TABDRPT):   **********************************************;
MPRINT(TABDRPT):   break after pageno / page;
MPRINT(TABDRPT):   break before sortord / skip;
MPRINT(TABDRPT):   run;

NOTE: Multiple concurrent threads will be used to summarize data.
NOTE: There were 13 observations read from the data set WORK.SUMMARY.
NOTE: The PROCEDURE REPORT printed page 1.
NOTE: PROCEDURE REPORT used (Total process time):
      real time           0.22 seconds
      cpu time            0.02 seconds
      

MPRINT(TABDRPT):   option nomfile;
MPRINT(TABDRPT):   filename mprint clear;
NOTE: Fileref MPRINT has been deassigned.
MPRINT(RPTEXPORT):   filename rptlog "__644359.tmp";
MPRINT(RPTEXPORT):   x "rm /biometrics/gsi_stds/dss_2026/s0000000/final/draft1/prog/__644359.tmp";
MPRINT(TABDRPT):  ;
MPRINT(PAGESET):   proc printto print=print;
MPRINT(PAGESET):   run;

NOTE: PROCEDURE PRINTTO used (Total process time):
      real time           0.00 seconds
      cpu time            0.00 seconds
      

MPRINT(PAGESET):   *** count pages and save text to temporary file ***;
MPRINT(PAGESET):   filename _outfil_ "t-os.out";
MPRINT(PAGESET):   data pagesettext(compress=yes keep=text obsnum) pagesetnums(keep=obsnum_u);
MPRINT(PAGESET):   infile _outfil_ lrecl=200 pad eof=eof;
MPRINT(PAGESET):   input text $char200.;
MPRINT(PAGESET):   obsnum + 1;
MPRINT(PAGESET):   output pagesettext;
MPRINT(PAGESET):   if( index(text,"PAGE XX OF YYY ") ) then do;
MPRINT(PAGESET):   obsnum_u = obsnum-10;
MPRINT(PAGESET):   totpages + 1;
MPRINT(PAGESET):   output pagesetnums;
MPRINT(PAGESET):   end;
MPRINT(PAGESET):   return;
MPRINT(PAGESET):   eof: call symput("totpages",compress(put(totpages,best.)));
                                                                    The SAS System

MPRINT(PAGESET):   run;

NOTE: The infile _OUTFIL_ is:
      Filename=/biometrics/gsi_stds/dss_2026/s0000000/final/draft1/prog/t-os.out,
      Owner Name=cpearson1,
      Group Name=NA\domain^users,
      Access Permission=-rwxrwxrwx,
      Last Modified=30Aug2026:15:52:15,
      File Size (bytes)=5280

NOTE: 48 records were read from the infile _OUTFIL_.
      The minimum record length was 0.
      The maximum record length was 150.
NOTE: The data set WORK.PAGESETTEXT has 48 observations and 2 variables.
NOTE: Compressing data set WORK.PAGESETTEXT increased size by 100.00 percent. 
      Compressed is 2 pages; un-compressed would require 1 pages.
NOTE: The data set WORK.PAGESETNUMS has 1 observations and 1 variables.
NOTE: DATA statement used (Total process time):
      real time           0.02 seconds
      cpu time            0.01 seconds
      

MPRINT(PAGESET):   *** Insert page numbering ***;
MPRINT(PAGESET):   data pagesettext;
MPRINT(PAGESET):   merge pagesettext(in=_txt_) pagesetnums(in=_num_ rename=(obsnum_u=obsnum));
MPRINT(PAGESET):   by obsnum;
MPRINT(PAGESET):   *** insert underline above footnotes ***;
MPRINT(PAGESET):   if _txt_ and _num_ then if text = " " then text = repeat("_",149);
MPRINT(PAGESET):   length pagenumtxt $ 20;
MPRINT(PAGESET):   retain totpages 1;
MPRINT(PAGESET):   file _outfil_ linesize = 200 recfm=v noprint;
MPRINT(PAGESET):   if text = ' ' then put;
MPRINT(PAGESET):   else do;
MPRINT(PAGESET):   if _n_ le 2 and substr(text,1,1) = "0c"x then text=substr(text,2);
MPRINT(PAGESET):   if length(left(text)) > 1 then if substr(left(text),1,2)='zf' then text=substr(left(text),3);
MPRINT(PAGESET):   *** process page numbering ***;
MPRINT(PAGESET):   pnumpos = index(text, "PAGE XX OF YYY ");
MPRINT(PAGESET):   if pnumpos > 0 then do;
MPRINT(PAGESET):   page + 1;
MPRINT(PAGESET):   pagenumtxt = 'Page ' || trim(left(put(page, 6.))) || ' of ' || trim(left(put(totpages, 6.)));
MPRINT(PAGESET):   pagenumlen = length(pagenumtxt);
MPRINT(PAGESET):   text = substr(text, 1, pnumpos-1);
MPRINT(PAGESET):   substr(text, 1+150-pagenumlen) = trim(pagenumtxt);
MPRINT(PAGESET):   end;
MPRINT(PAGESET):   outlen = length(text);
MPRINT(PAGESET):   put text $varying200. outlen;
                                                                    The SAS System

MPRINT(PAGESET):   end;
MPRINT(PAGESET):   delete;
MPRINT(PAGESET):   run;

NOTE: The file _OUTFIL_ is:
      Filename=/biometrics/gsi_stds/dss_2026/s0000000/final/draft1/prog/t-os.out,
      Owner Name=cpearson1,
      Group Name=NA\domain^users,
      Access Permission=-rwxrwxrwx,
      Last Modified=30Aug2026:15:52:15

NOTE: 48 records were written to the file _OUTFIL_.
      The minimum record length was 0.
      The maximum record length was 150.
NOTE: There were 48 observations read from the data set WORK.PAGESETTEXT.
NOTE: There were 1 observations read from the data set WORK.PAGESETNUMS.
NOTE: The data set WORK.PAGESETTEXT has 0 observations and 8 variables.
NOTE: DATA statement used (Total process time):
      real time           0.02 seconds
      cpu time            0.00 seconds
      

MPRINT(TXT2PDF):   **************************************************************************;
MPRINT(TXT2PDF):   ** Count pages in source file &in *;
MPRINT(TXT2PDF):   **************************************************************************;
MPRINT(TXT2PDF):   data _null_;
MPRINT(TXT2PDF):   retain firstobs 1;
MPRINT(TXT2PDF):   infile "t-os.out" pad end=eof;
MPRINT(TXT2PDF):   input char $char1.;
MPRINT(TXT2PDF):   if _n_ = 1 then do;
MPRINT(TXT2PDF):   pages + 1;
MPRINT(TXT2PDF):   if char="1b"x then do;
MPRINT(TXT2PDF):   firstobs = 2;
MPRINT(TXT2PDF):   return;
MPRINT(TXT2PDF):   end;
MPRINT(TXT2PDF):   end;
MPRINT(TXT2PDF):   totlines + 1;
MPRINT(TXT2PDF):   if char = "0c"x then pages + 1;
MPRINT(TXT2PDF):   else if char = "1b"x then do;
MPRINT(TXT2PDF):   pages + 1;
MPRINT(TXT2PDF):   totlines + -1;
MPRINT(TXT2PDF):   end;
MPRINT(TXT2PDF):   if eof then do;
MPRINT(TXT2PDF):   if (pages < totlines/48) then do;
MPRINT(TXT2PDF):   pagemode = "fixed   ";
MPRINT(TXT2PDF):   pages = ceil(totlines/48);
                                                                    The SAS System

MPRINT(TXT2PDF):   end;
MPRINT(TXT2PDF):   else pagemode = "standard";
MPRINT(TXT2PDF):   call symput("pagemode", trim(pagemode));
MPRINT(TXT2PDF):   call symput("pages", compress(put(pages,8.)));
MPRINT(TXT2PDF):   call symput("firstobs", put(firstobs,1.));
MPRINT(TXT2PDF):   call symput("totlines", put(totlines,8.));
MPRINT(TXT2PDF):   createtm = compress(put(time(),time8.),":");
MPRINT(TXT2PDF):   createtm = translate(createtm,"0"," ");
MPRINT(TXT2PDF):   call symput("createdt", put(date(),yymmddn8.)||substr(createtm,1,8));
MPRINT(TXT2PDF):   * put "NOTE: %&sysmacroname Version &toolver: " "page counter diagnostics " / " " pagemode= pages= firstobs= totlines= createtm=;
MPRINT(TXT2PDF):   stop;
MPRINT(TXT2PDF):   end;
MPRINT(TXT2PDF):   run;

NOTE: The infile "t-os.out" is:
      Filename=/biometrics/gsi_stds/dss_2026/s0000000/final/draft1/prog/t-os.out,
      Owner Name=cpearson1,
      Group Name=NA\domain^users,
      Access Permission=-rwxrwxrwx,
      Last Modified=30Aug2026:15:52:15,
      File Size (bytes)=3375

NOTE: 48 records were read from the infile "t-os.out".
      The minimum record length was 0.
      The maximum record length was 150.
NOTE: DATA statement used (Total process time):
      real time           0.01 seconds
      cpu time            0.00 seconds
      

MPRINT(TXT2PDF):   **************************************************************************;
MPRINT(TXT2PDF):   ** Write PDF file &out from source file &in *;
MPRINT(TXT2PDF):   **************************************************************************;
MPRINT(TXT2PDF):   data _null_;
MPRINT(TXT2PDF):   infile "t-os.out" firstobs=1 pad end=eof;
MPRINT(TXT2PDF):   file "t-os.pdf" noprint notitles recfm=v;
MPRINT(TXT2PDF):   length temptxt text setup $ 200;
MPRINT(TXT2PDF):   retain bytecnt objnum 0 crlf 2 lines -1 follow "ET";
MPRINT(TXT2PDF):   array objbyte {22} 8 _temporary_;
MPRINT(TXT2PDF):   array line {96} $ 200 _temporary_;
MPRINT(TXT2PDF):   array header {17} $ 200 _temporary_ ( '%PDF-1.4' "1 0 obj" "<<" "/Creator (cpearson1)" "/CreationDate (D:2026083015521500)" 
"/Producer (%TXT2PDF Version v4.19.01 at Gilead Sciences, Inc.)" "/Title (PDF Conversion of file t-os.out)" ">>" "endobj" "2 0 obj << /Type /Catalog 
/Pages 6 0 R /Outlines 3 0 R >> endobj" "3 0 obj << /Type /Outlines /Count 0 >> endobj" "4 0 obj << /Type /Font /Subtype /Type1 /Name /F1" "/BaseFont 
/CourierNew,Bold /Encoding /WinAnsiEncoding >> endobj" "5 0 obj [ /PDF /Text ] endobj" "6 0 obj << /Type /Pages /Count 1 /Kids [" "7 0 R" "] >> 
endobj" );
MPRINT(TXT2PDF):   ** Write standard PDF document header and general information **;
                                                                    The SAS System

MPRINT(TXT2PDF):   if _n_ = 1 then do;
MPRINT(TXT2PDF):   do i = 1 to dim(header);
MPRINT(TXT2PDF):   temptxt = header{i};
MPRINT(TXT2PDF):   if indexw(temptxt,"obj") then isobj = 1;
MPRINT(TXT2PDF):   link puttxt;
MPRINT(TXT2PDF):   end;
MPRINT(TXT2PDF):   end;
MPRINT(TXT2PDF):   ** Read next text line **;
MPRINT(TXT2PDF):   input text $char200.;
MPRINT(TXT2PDF):   ** Start new page **;
MPRINT(TXT2PDF):   if substr(text,1,1) in ("0c"x,"1b"x) or _n_ = 1 or mod(lines,48)=0 then link toppage;
MPRINT(TXT2PDF):   ** Modify text for proper inclusion in PDF **;
MPRINT(TXT2PDF):   if indexc(text,"0d0cc4"x,"\()") then do;
MPRINT(TXT2PDF):   text = compress(text,"0d0c"x);
MPRINT(TXT2PDF):   text = translate(text,"-","c4"x);
MPRINT(TXT2PDF):   text = tranwrd(text,"\","\\");
MPRINT(TXT2PDF):   text = tranwrd(text,"(","\(");
MPRINT(TXT2PDF):   text = tranwrd(text,")","\)");
MPRINT(TXT2PDF):   end;
MPRINT(TXT2PDF):   ** Store text for later writing **;
MPRINT(TXT2PDF):   lines + 1;
MPRINT(TXT2PDF):   line{lines} = "("||trim(text)||")'";
MPRINT(TXT2PDF):   pagesize + length(line{lines})+crlf;
MPRINT(TXT2PDF):   ** File termination routine **;
MPRINT(TXT2PDF):   if eof then do;
MPRINT(TXT2PDF):   link endpage;
MPRINT(TXT2PDF):   strtxref = bytecnt;
MPRINT(TXT2PDF):   temptxt = "xref";
MPRINT(TXT2PDF):   link puttxt;
MPRINT(TXT2PDF):   temptxt = "0 "||compress(put(objnum+1,8.));
MPRINT(TXT2PDF):   link puttxt;
MPRINT(TXT2PDF):   temptxt = "0000000000 65535 f";
MPRINT(TXT2PDF):   link puttxt;
MPRINT(TXT2PDF):   do i = 1 to objnum;
MPRINT(TXT2PDF):   temptxt = put(objbyte{i},z10.)||" 00000 n";
MPRINT(TXT2PDF):   link puttxt;
MPRINT(TXT2PDF):   end;
MPRINT(TXT2PDF):   temptxt = "trailer << /Size "||compress(put(objnum+1,8.))|| " /Info 1 0 R /Root 2 0 R >>";
MPRINT(TXT2PDF):   link puttxt;
MPRINT(TXT2PDF):   temptxt = "startxref";
MPRINT(TXT2PDF):   link puttxt;
MPRINT(TXT2PDF):   temptxt = compress(put(strtxref,12.));
MPRINT(TXT2PDF):   link puttxt;
MPRINT(TXT2PDF):   temptxt = '%%EOF';
MPRINT(TXT2PDF):   link puttxt;
MPRINT(TXT2PDF):   stop;
                                                                    The SAS System

MPRINT(TXT2PDF):   end;
MPRINT(TXT2PDF):   return;
MPRINT(TXT2PDF):   ** Beginning of page routine **;
MPRINT(TXT2PDF):   toppage: if substr(text,1,1) = "1b"x then input text $char200.;
MPRINT(TXT2PDF):   if _n_ gt 1 then link endpage;
MPRINT(TXT2PDF):   temptxt = compress(put(objnum+1,8.))|| " 0 obj << /Type /Page /Parent 6 0 R /Resources";
MPRINT(TXT2PDF):   isobj = 1;
MPRINT(TXT2PDF):   link puttxt;
MPRINT(TXT2PDF):   temptxt = "<< /Font << /F1 4 0 R >> /ProcSet 5 0 R >>";
MPRINT(TXT2PDF):   link puttxt;
MPRINT(TXT2PDF):   temptxt = "/MediaBox [ 0 0 792 612 ] /Contents " || compress(put(objnum+1,8.)) || " 0 R >> endobj";
MPRINT(TXT2PDF):   link puttxt;
MPRINT(TXT2PDF):   lines = 0;
MPRINT(TXT2PDF):   return;
MPRINT(TXT2PDF):   ** End of page routine - write out one full page worth of text **;
MPRINT(TXT2PDF):   endpage: setup = "BT /F1 7 Tf 10 TL 72 540 Td";
MPRINT(TXT2PDF):   temptxt = compress(put(objnum+1,8.)) || " 0 obj << /Length "|| compress(put(pagesize+length(setup)+length(follow)+crlf,8.))||" >>";
MPRINT(TXT2PDF):   isobj = 1;
MPRINT(TXT2PDF):   link puttxt;
MPRINT(TXT2PDF):   temptxt = "stream";
MPRINT(TXT2PDF):   link puttxt;
MPRINT(TXT2PDF):   temptxt = setup;
MPRINT(TXT2PDF):   link puttxt;
MPRINT(TXT2PDF):   do i = 1 to lines;
MPRINT(TXT2PDF):   temptxt = line{i};
MPRINT(TXT2PDF):   link puttxt;
MPRINT(TXT2PDF):   end;
MPRINT(TXT2PDF):   temptxt = follow;
MPRINT(TXT2PDF):   link puttxt;
MPRINT(TXT2PDF):   temptxt = "endstream";
MPRINT(TXT2PDF):   link puttxt;
MPRINT(TXT2PDF):   temptxt = "endobj";
MPRINT(TXT2PDF):   link puttxt;
MPRINT(TXT2PDF):   pagesize = 0;
MPRINT(TXT2PDF):   return;
MPRINT(TXT2PDF):   ** Write text and accumulate byte count routine **;
MPRINT(TXT2PDF):   puttxt: textlen = length(temptxt);
MPRINT(TXT2PDF):   if isobj then do;
MPRINT(TXT2PDF):   isobj = 0;
MPRINT(TXT2PDF):   objnum + 1;
MPRINT(TXT2PDF):   objbyte{objnum} = bytecnt;
MPRINT(TXT2PDF):   end;
MPRINT(TXT2PDF):   bytecnt + textlen+crlf;
MPRINT(TXT2PDF):   put temptxt $varying200. textlen "0d"x ;
MPRINT(TXT2PDF):   return;
MPRINT(TXT2PDF):   run;
                                                                    The SAS System


NOTE: The infile "t-os.out" is:
      Filename=/biometrics/gsi_stds/dss_2026/s0000000/final/draft1/prog/t-os.out,
      Owner Name=cpearson1,
      Group Name=NA\domain^users,
      Access Permission=-rwxrwxrwx,
      Last Modified=30Aug2026:15:52:15,
      File Size (bytes)=3375

NOTE: The file "t-os.pdf" is:
      Filename=/biometrics/gsi_stds/dss_2026/s0000000/final/draft1/prog/t-os.pdf,
      Owner Name=cpearson1,
      Group Name=NA\domain^users,
      Access Permission=-rwxrwxrwx,
      Last Modified=30Aug2026:15:52:15

NOTE: 48 records were read from the infile "t-os.out".
      The minimum record length was 0.
      The maximum record length was 150.
NOTE: 89 records were written to the file "t-os.pdf".
      The minimum record length was 3.
      The maximum record length was 154.
NOTE: DATA statement used (Total process time):
      real time           0.02 seconds
      cpu time            0.01 seconds
      

MPRINT(TABDRPT):  ;
MPRINT(TABDRPT):   * proc print data = summary;
MPRINT(TABDRPT):   * title3 'File SUMMARY as printed by PROC REPORT';
MPRINT(TABDRPT):   * run;
MPRINT(MAIN):  ;
MPRINT(M_VAL_LOG):   data _val_rec;
MPRINT(M_VAL_LOG):   length titlekey $16 dsname $16 varname $32 check $60 expected $100 actual $100 status $10 message $200;
MPRINT(M_VAL_LOG):   titlekey = "t-os";
MPRINT(M_VAL_LOG):   dsname = "adtte";
MPRINT(M_VAL_LOG):   varname = "";
MPRINT(M_VAL_LOG):   check = "PDF generation";
MPRINT(M_VAL_LOG):   expected = "t-os.pdf created";
MPRINT(M_VAL_LOG):   actual = "see log";
MPRINT(M_VAL_LOG):   status = "PASS";
MPRINT(M_VAL_LOG):   message = "Overall Survival table completed - see t-os.log for ODS/PROC PRINTTO confirmation.";
MPRINT(M_VAL_LOG):   rundttm = datetime();
MPRINT(M_VAL_LOG):   format rundttm datetime20.;
MPRINT(M_VAL_LOG):   run;

                                                                    The SAS System

NOTE: The data set WORK._VAL_REC has 1 observations and 9 variables.
NOTE: DATA statement used (Total process time):
      real time           0.00 seconds
      cpu time            0.00 seconds
      

MPRINT(M_VAL_LOG):   proc append base=tools.val_report data=_val_rec force;
MPRINT(M_VAL_LOG):   run;

NOTE: Appending WORK._VAL_REC to TOOLS.VAL_REPORT.
 
INFO: Engine's fast-append process in use.
INFO: 15:52:15 Reading DATA file, updating BASE file
INFO: Starting data set size is 7 pages
INFO: Engine's block-read method is in use.
INFO: Engine's block-write  method is in use.
INFO: Ending data set size is 7 pages, 0 added.
INFO: 00:00:00 Elapsed time
INFO: 15:52:15 Finished updating BASE file
 
NOTE: There were 1 observations read from the data set WORK._VAL_REC.
NOTE: 1 observations added.
NOTE: The data set TOOLS.VAL_REPORT has 724 observations and 9 variables.
NOTE: PROCEDURE APPEND used (Total process time):
      real time           0.02 seconds
      cpu time            0.00 seconds
      

MPRINT(M_VAL_LOG):   proc datasets library=work nolist memtype=data;
MPRINT(M_VAL_LOG):   delete _val_rec;
MPRINT(M_VAL_LOG):   quit;

NOTE: Deleting WORK._VAL_REC (memtype=DATA).
NOTE: PROCEDURE DATASETS used (Total process time):
      real time           0.00 seconds
      cpu time            0.00 seconds
      

MPRINT(MAIN):  ;
NOTE: [USER] t-os final status = PASS
NOTE: %INCLUDE (level 1) ending.
NOTE: SAS Institute Inc., SAS Campus Drive, Cary, NC USA 27513-2414
NOTE: The SAS System used:
      real time           3.54 seconds
      cpu time            1.74 seconds
      

Grid Job Id: 214373
