#### start of automatic log check result(s) ####
   /biometrics/gsi_stds/dss_2026/s0000000/final/draft1/prog/t-s-demog.log
      No issue found...
##### end of automatic log check result(s) #####
1                                                          The SAS System                              15:40 Sunday, August 30, 2026

NOTE: Copyright (c) 2016 by SAS Institute Inc., Cary, NC, USA. 
NOTE: SAS (r) Proprietary Software 9.4 (TS1M7) 
      Licensed to GILEAD SCIENCES - CONTROL NODE 1, Site 70173328.
NOTE: This session is executing on the Linux 4.18.0-553.58.1.el8_10.x86_64 (LIN X64) platform.



NOTE: Analytical products:
      
      SAS/STAT 15.2
      SAS/IML 15.2
      SAS/QC 15.2

NOTE: Additional host information:

 Linux LIN X64 4.18.0-553.58.1.el8_10.x86_64 #1 SMP Thu Jun 12 14:27:07 EDT 2025 x86_64 Red Hat Enterprise Linux release 8.10 
      (Ootpa) 

You are running SAS 9. Some SAS 8 files will be automatically converted 
by the V9 engine; others are incompatible.  Please see 
http://support.sas.com/rnd/migration/planning/platform/64bit.html

PROC MIGRATE will preserve current SAS file attributes and is 
recommended for converting all your SAS libraries from any 
SAS 8 release to SAS 9.  For details and examples, please see
http://support.sas.com/rnd/migration/index.html


This message is contained in the SAS news file, and is presented upon
initialization.  Edit the file "news" in the "misc/base" directory to
display site-specific news and information in the program log.
The command line option "-nonews" will prevent this display.




NOTE: SAS initialization used:
      real time           0.05 seconds
      cpu time            0.04 seconds
      
NOTE: Libref SASDATA successfully assigned from logical server.
NOTE: Libref STPSAMP successfully assigned from logical server.

NOTE: AUTOEXEC processing beginning; file is /opt/sas/sas94/m3/Config_GCS/Lev1/SASApp/appserver_autoexec.sas.


NOTE: AUTOEXEC processing completed.

1          /******************************************************************************
2           * Description: This code ensures that a SAS program, submitted to the SAS    *
3           *              GRID using 'gsub', is run in a SAS session whose current      *
4           *              working directory matches the directory from which the 'gsub' *
5           *              command was issued or directory identified by the argument    *
6           *              associated with the 'gsub' 'cwd' option                       *
7           *                                                                            *
8           * Note:        GSUB reserves the prefix 'gsub_' for the naming of macro      *
9           *              variables. In order to prevent naming collisions please       *
10          *              refrain from using the prefix 'gsub_' when naming macros      *
2                                                          The SAS System                              15:40 Sunday, August 30, 2026

11          *              in any program that will be submitted to the GSUB GS2         *
12          *              environment                                                   *
13          *                                                                            *
14          * Author:      Gilead Sciences, Inc.                                         *
15          *                                                                            *
16          * Date:        01 September 2016                                             *
17          *****************************************************************************/
18         
19         %*** Remember the original program ***;
20         %let gsas_orig_abs_pgm_name = /biometrics/gsi_stds/dss_2026/s0000000/final/draft1/prog/t-s-demog.sas;
21         %let gsas_orig_pgm_name = t-s-demog.sas;
22         
23         %*** Remember the log path ***;
24         %let gsub_log_path = /biometrics/gsi_stds/dss_2026/s0000000/final/draft1/prog;
25         
26         %*** Set the current working directory ***;
27         %sysexec cd /biometrics/gsi_stds/dss_2026/s0000000/final/draft1/prog;
28         
29         %*** Update UNIX PWD environment variable to reflect the current working directory ***;
30         %sysexec setenv PWD /biometrics/gsi_stds/dss_2026/s0000000/final/draft1/prog;
31         
32         %*** Precode ***;
33         %include "/gridwork/gsubwork/cpearson1/t-s-demog.sas_1788129631.910598@sjgsasappprdg09/init_sys.sas";
G_SYSVER=v9.4
G_SYSUSERID_SHORT=cpearson1
G_SYSUSERID_LONG=_NULL_
G_SYSJOBID=2122999
   Got toolver from &progpath/../tools/init.inc : v4.19.01;				/*
 
      *******************************************************************************
      * SAS Program:    /biometrics/gsi_stds/dss_2026/s0000000/final/draft1/prog/t-s-demog.sas
      * Run by:         cpearson1 on sjgsasappprdg10
      * On Date:        30AUG2026:15:40
      * Tools Version:  v4.19.01 (from init_sys.sas)
      * SAS Version:    LIN X64 v9.4
      *******************************************************************************
 
CURRPATH=/biometrics/gsi_stds/dss_2026/s0000000/final/draft1/prog
PROGPATH=/biometrics/gsi_stds/dss_2026/s0000000/final/draft1/prog
G_SYSPROG=0
G_DEV=0
G_QUAL=0
NOTE: %INCLUDE (level 1) ending.
985        
986        *** Include the original SAS program ***;
987        %include "/gridwork/gsubwork/cpearson1/t-s-demog.sas_1788129631.910598@sjgsasappprdg09/original_t-s-demog.sas" / source2;
                                                                    The SAS System

NOTE: %INCLUDE (level 1) file /gridwork/gsubwork/cpearson1/t-s-demog.sas_1788129631.910598@sjgsasappprdg09/original_t-s-demog.sas is file 
      /gridwork/gsubwork/cpearson1/t-s-demog.sas_1788129631.910598@sjgsasappprdg09/original_t-s-demog.sas.
988       +/* start of header *********************************************************************************
989       +Program Name:      t-s-demog.sas
990       +Program Author:    Caroline Pearson (cpearson1)
991       +Program Purpose:   Create Standard Demographics Table
992       +
993       +*********************************************************************************** end of header */
994       +
995       +%macro mk_t_s_demog(subjid=,
996       +                   statlen=,
997       +                  titlekey=,
998       +                       lib=,
999       +                      dsin=,
1000      +                  pop_flag=,
1001      +              where_cl_pop=,
1002      +                    tmacro=,
1003      +                    colvar=,
1004      +                   trt_fmt=,
1005      +                       age=,
1006      +                      ageu=,
1007      +                   age_grp=,
1008      +                  age_grpf=,
1009      +                   notperm=,
1010      +                   misspct=,
1011      +                     d_bwt=,
1012      +                  d_bwtsex=,
1013      +                     d_bht=,
1014      +                  d_bhtsex=,
1015      +                    d_bbmi=,
1016      +                 d_bbmisex=,
1017      +                    d_bbsa=,
1018      +                 d_bbsasex=,
1019      +				    d_genident=,
1020      +                 d_sexorie=,
1021      +                   bmi_grp=,
1022      +                  bmi_grpf=,
1023      +                    region=,
1024      +                   regionf=,
1025      +                   ocprint=,
1026      +                   showall=,
1027      +                  pvalcont=,
1028      +                   pvalcat=,
1029      +                  opgroups=,
1030      +                  misspval=,
1031      +                  nomisspc=,
                                                                    The SAS System

1032      +			      pval_header=,
1033      +                 col1width=,
1034      +                    cwidth=,
1035      +                   spacing=,
1036      +                   spanhdr=,
1037      +                  spanrang=,
1038      +                   cleanup=);
1039      +
1040      +   options missing='';
1041      +
1042      +   %** upcase certain parameters and only keep certain number of characters for each parameter, if needed **;
1043      +   %m_stars_upcase(varlist=misspct~1 d_bwt~1 d_bwtsex~1 d_bht~1 d_bhtsex~1 d_bbmi~1 d_bbmisex~1 d_bbsa~1 d_bbsasex~1 d_genident~1
1043     !+d_sexorie~1 ocprint~1
1044      +                   showall~1 misspval~1 nomisspc~1 cleanup~1);
1045      +
1046      +   %** initialize msgcnt for checks below and to be used in m_stars_chk_keyparms **;
1047      +   %let msgcnt=0;
1048      +
1049      +   %if &nomisspc = N and %nrbquote(&notperm)^= %then %do;
1050      +      %let msgcnt=%eval(&msgcnt+1);
1051      +      %let msg&msgcnt=NOTPERM must be NULL if NOMISSPC is set to N.;
1052      +   %end;
1053      +
1054      +   %if &misspval = Y and %nrbquote(&notperm)^= %then %do;
1055      +      %let msgcnt=%eval(&msgcnt+1);
1056      +      %let msg&msgcnt=NOTPERM must be NULL if MISSPVAL is set to Y.;
1057      +   %end;
1058      +
1059      +   %** will create message to log if any of these parameters are not populated **;
1060      +   %m_stars_chk_keyparms (parameters=pop_flag colvar trt_fmt);
1061      +
1062      +   %** ERRFLAG is created in M_STARS_CHK_KEYPARMS **;
1063      +   %if &errflag gt 0 %then %goto endprogram;
1064      +
1065      +   ****************************************************************************;
1066      +   * AGE_GRP and AGE_GRPF processing                                         *;
1067      +   ****************************************************************************;
1068      +   %if %length(&age_grp.)>0 %then %do;
1069      +      %do i = 1 %to %eval(%sysfunc(countw(&age_grp%str( ))));
1070      +          %let age_grp_cnt = %eval(%sysfunc(countw(&age_grp%str( ))));
1071      +          %let age_grp&i. = %qscan(&age_grp, &i, %str( ));
1072      +
1073      +         %if %nrbquote(&age_grpf.) ne %then %do;
1074      +            %let age_grpf_cnt = %eval(%sysfunc(countw(&age_grpf%str( ))));
1075      +            *******************************************************************;
1076      +            * Confirm that number of age_grpf matches age_grp                *;
                                                                    The SAS System

1077      +            *******************************************************************;
1078      +            %if &age_grp_cnt. = &age_grpf_cnt. %then %do;
1079      +               %let age_grpf&i. = %qscan(&age_grpf, &i, %str( ));
1080      +            %end;
1081      +            %else %do;
1082      +               data _null_;
1083      +                  put "ERR" "OR: [USER] Number of age_grpf must match number of age_grp variables";
1084      +                  abort abend;
1085      +               run;
1086      +            %end;
1087      +         %end;
1088      +	  %end;
1089      +   %end; %else %do;
1090      +      %let age_grp_cnt = 0;
1091      +      %let age_grpf_cnt = 0;
1092      +   %end;
1093      +
1094      +   ****************************************************************************;
1095      +   * BMI_GRP and BMI_GRPF processing                                         *;
1096      +   ****************************************************************************;
1097      +   %if %length(&bmi_grp.)>0 %then %do;
1098      +      %do i = 1 %to %eval(%sysfunc(countw(&bmi_grp%str( ))));
1099      +          %let bmi_grp_cnt = %eval(%sysfunc(countw(&bmi_grp%str( ))));
1100      +          %let bmi_grp&i. = %qscan(&bmi_grp, &i, %str( ));
1101      +
1102      +         %if %nrbquote(&bmi_grpf.) ne %then %do;
1103      +            %let bmi_grpf_cnt = %eval(%sysfunc(countw(&bmi_grpf%str( ))));
1104      +            *******************************************************************;
1105      +            * Confirm that number of bmi_grpf matches bmi_grp                *;
1106      +            *******************************************************************;
1107      +            %if &bmi_grp_cnt. = &bmi_grpf_cnt. %then %do;
1108      +               %let bmi_grpf&i. = %qscan(&bmi_grpf, &i, %str( ));
1109      +            %end;
1110      +            %else %do;
1111      +               data _null_;
1112      +                  put "ERR" "OR: [USER] Number of bmi_grpf must match number of bmi_grp variables";
1113      +                  abort abend;
1114      +               run;
1115      +            %end;
1116      +         %end;
1117      +	  %end;
1118      +   %end; %else %do;
1119      +      %let bmi_grp_cnt = 0;
1120      +      %let bmi_grpf_cnt = 0;
1121      +   %end;
1122      +
                                                                    The SAS System

1123      +   ****************************************************************************;
1124      +   * REGION and REGIONF processing                                         *;
1125      +   ****************************************************************************;
1126      +   %if %length(&region.)>0 %then %do;
1127      +      %do i = 1 %to %eval(%sysfunc(countw(&region%str( ))));
1128      +          %let region_cnt = %eval(%sysfunc(countw(&region%str( ))));
1129      +          %let region&i. = %qscan(&region, &i, %str( ));
1130      +
1131      +         %if %nrbquote(&regionf.) ne %then %do;
1132      +            %let regionf_cnt = %eval(%sysfunc(countw(&regionf%str( ))));
1133      +            *******************************************************************;
1134      +            * Confirm that number of regionf matches region                *;
1135      +            *******************************************************************;
1136      +            %if &region_cnt. = &regionf_cnt. %then %do;
1137      +               %let regionf&i. = %qscan(&regionf, &i, %str( ));
1138      +            %end;
1139      +            %else %do;
1140      +               data _null_;
1141      +                  put "ERR" "OR: [USER] Number of regionf must match number of region variables";
1142      +                  abort abend;
1143      +               run;
1144      +            %end;
1145      +         %end;
1146      +	  %end;
1147      +   %end; %else %do;
1148      +      %let region_cnt = 0;
1149      +      %let regionf_cnt = 0;
1150      +   %end;
1151      +
1152      +   /************************************/
1153      +   /*** Process source data ***/
1154      +   /************************************/
1155      +   %fetch(library = &lib,
1156      +             data = &dsin,
1157      +              out = _&dsin._,
1158      +          dataopt = where=(&pop_flag = 'Y' ),
1159      +          sortby  = &subjid);
1160      +
1161      +
1162      +   %if %str(&tmacro) ^= %str() and %upcase(&tmacro)^=NULL %then %do;
1163      +       %&tmacro(data=_&dsin._);
1164      +    %end;
1165      +
1166      +   *** Check existence of BBSA in ADSL;
1167      +   %if %upcase(&d_bbsa) = Y or %upcase(&d_bbsasex) = Y %then %do;
1168      +      %M_CHKVAR(var = bbsa,  inds = _&dsin._,  libnm = work, abort=y);
                                                                    The SAS System

1169      +      %let chk_bbsa=&m_chkvar;
1170      +      /*
1171      +      %if &chk_bbsa=0 %then %do;
1172      +         data _null_;
1173      +            put "ERR" "OR: [USER] d_bbsa=Y or d_bbsasex=Y but BBSA does not exist in %upcase(&dsin)";
1174      +            abort abend;
1175      +         run;
1176      +       %end;
1177      +       */
1178      +   %end;
1179      +
1180      +   data adsl;
1181      +      set _&dsin._ &where_cl_pop;
1182      +      *************************************************************************;
1183      +      * Create numeric var versions to control output order                   *;
1184      +      *************************************************************************;
1185      +      racen = input(upcase(race), fracec.);
1186      +      sexn = input(upcase(sex), fsexc.);
1187      +      ethnicn = input(upcase(ethnic), fethnicc.);
1188      +      *************************************************************************;
1189      +      * E rror check vars                                                     *;
1190      +      *************************************************************************;
1191      +      if min(racen)   < 1 then put "User W" "arning: in" "valid Race variable value, race = " race;
1192      +      if min(sexn)    < 1 then put "User W" "arning: in" "valid Sex variable value, sex = "  sex;
1193      +      if min(ethnicn) < 1 then put "User W" "arning: in" "valid Ethnic variable value, ethnic = " ethnic;
1194      +      %if %nrbquote(&notperm)^= %then %do;
1195      +      racen2 = racen;
1196      +      ethnicn2 = ethnicn;
1197      +         %let _ii_ = 1;
1198      +         %do %while(%nrbquote(%scan(&notperm,&_ii_,"|"))^=);
1199      +            if upcase(race)="%upcase(%scan(&notperm,&_ii_,"|"))" then racen2=.;
1200      +            if upcase(ethnic)="%upcase(%scan(&notperm,&_ii_,"|"))" then ethnicn2=.;
1201      +            %let _ii_=%eval(&_ii_+1);
1202      +         %end;
1203      +      %end;
1204      +      %if %upcase(&d_bwtsex.) = Y %then %do;
1205      +         if      sexn = 1 then bwt_m = bwt;
1206      +         else if sexn = 2 then bwt_f = bwt;
1207      +      %end;
1208      +      %if %upcase(&d_bhtsex.) = Y %then %do;
1209      +         if      sexn = 1 then bht_m = bht;
1210      +         else if sexn = 2 then bht_f = bht;
1211      +      %end;
1212      +      %if %upcase(&d_bbmisex.) = Y %then %do;
1213      +         if      sexn = 1 then bbmi_m = bbmi;
1214      +         else if sexn = 2 then bbmi_f = bbmi;
                                                                    The SAS System

1215      +      %end;
1216      +      %if %upcase(&d_bbsasex.) = Y %then %do;
1217      +         if      sexn = 1 then bbsa_m = bbsa;
1218      +         else if sexn = 2 then bbsa_f = bbsa;
1219      +      %end;
1220      +      *************************************************************************;
1221      +      * Set labels dynamically for age in case different age units are used   *;
1222      +      *************************************************************************;
1223      +      age_l = 'Age (' || compress(lowcase(&ageu) || ')');
1224      +      call symput('age_l', trim(age_l));
1225      +      format
1226      +            sexn fsexn.
1227      +           racen fracen.
1228      +         ethnicn fethnicn.
1229      +         &colvar &trt_fmt..
1230      +      %if %nrbquote(&notperm)^= %then %do;
1231      +          racen2 fracen. ethnicn2 fethnicn.
1232      +      %end;
1233      +	  %if %upcase(&d_genident.) = Y %then %do;
1234      +          genidentn genidentn.
1235      +	  %end;
1236      +
1237      +      %if %upcase(&d_sexorie.) = Y %then %do;
1238      +          sexorien sexorn.
1239      +	  %end;
1240      +      ;
1241      +
1242      +      %if %nrbquote(&age_grp)^= %then %do;
1243      +         %let _ii_=1;
1244      +         %do %while(%scan(&age_grp,&_ii_," ")^=);
1245      +            format %scan(&age_grp,&_ii_," ") %scan(&age_grpf,&_ii_," ").;
1246      +            %let _ii_=%eval(&_ii_+1);
1247      +         %end;
1248      +      %end;
1249      +
1250      +      %if %nrbquote(&bmi_grp)^= %then %do;
1251      +         %let _ii_=1;
1252      +         %do %while(%scan(&bmi_grp,&_ii_," ")^=);
1253      +            format %scan(&bmi_grp,&_ii_," ") %scan(&bmi_grpf,&_ii_," ").;
1254      +            %let _ii_=%eval(&_ii_+1);
1255      +         %end;
1256      +      %end;
1257      +
1258      +      %if %nrbquote(&region)^= %then %do;
1259      +         %let _ii_=1;
1260      +         %do %while(%scan(&region,&_ii_," ")^=);
                                                                    The SAS System

1261      +            format %scan(&region,&_ii_," ") %scan(&regionf,&_ii_," ").;
1262      +            %let _ii_=%eval(&_ii_+1);
1263      +         %end;
1264      +      %end;
1265      +   run;
1266      +
1267      +   data final;
1268      +      set adsl;
1269      +      label &age    = "&age_l."
1270      +           sexn    = "Sex at Birth"
1271      +           racen   = "Race"
1272      +           ethnicn = "Ethnicity"
1273      +           %if %nrbquote(&notperm)^= %then %do;
1274      +              racen2  = "Race"
1275      +              ethnicn2= "Ethnicity"
1276      +           %end;
1277      +           %if %upcase(&d_bwt.) = Y %then %do;
1278      +              bwt      = "Weight (kg)"
1279      +           %end;
1280      +           %if %upcase(&d_bwtsex.) = Y %then %do;
1281      +              bwt_m = "Weight (kg): Male"
1282      +              bwt_f = "Weight (kg): Female"
1283      +           %end;
1284      +            %if %upcase(&d_bht.) = Y %then %do;
1285      +              bht      = "Height (cm)"
1286      +           %end;
1287      +           %if %upcase(&d_bhtsex.) = Y %then %do;
1288      +              bht_m = "Height (cm): Male"
1289      +              bht_f = "Height (cm): Female"
1290      +           %end;
1291      +           %if %upcase(&d_bbmi.) = Y %then %do;
1292      +              bbmi   = "Body Mass Index (kg/m^2)"
1293      +           %end;
1294      +           %if %upcase(&d_bbmisex.) = Y %then %do;
1295      +              bbmi_m = "Body Mass Index (kg/m^2): Male"
1296      +              bbmi_f = "Body Mass Index (kg/m^2): Female"
1297      +           %end;
1298      +           %if %upcase(&d_bbsa. = Y) %then %do;
1299      +              bbsa   = "Body Surface Area (m^2)"
1300      +           %end;
1301      +           %if %upcase(&d_bbsasex.) = Y %then %do;
1302      +              bbsa_m = "Body Surface Area (m^2): Male"
1303      +              bbsa_f = "Body Surface Area (m^2): Female"
1304      +           %end;
1305      +	       %if %upcase(&d_genident.) = Y %then %do;
1306      +               genidentn = "Gender Identity"
                                                                    The SAS System

1307      +	       %end;
1308      +           %if %upcase(&d_sexorie.) = Y %then %do;
1309      +              sexorien = "Sexual Orientation"
1310      +	       %end;
1311      +           %if %nrbquote(&age_grp)^= %then %do;
1312      +              %let _ii_=1;
1313      +              %do %while(%scan(&age_grp,&_ii_," ")^=);
1314      +                 %if &_ii_=1 %then %do;
1315      +                    %scan(&age_grp,&_ii_," ")="Age Group"
1316      +                 %end;
1317      +                 %else %do;
1318      +                    %scan(&age_grp,&_ii_," ")=" "
1319      +                 %end;
1320      +                 %let _ii_=%eval(&_ii_+1);
1321      +              %end;
1322      +           %end;
1323      +           %if %nrbquote(&bmi_grp)^= %then %do;
1324      +              %let _ii_=1;
1325      +              %do %while(%scan(&bmi_grp,&_ii_," ")^=);
1326      +                 %if &_ii_=1 %then %do;
1327      +                    %scan(&bmi_grp,&_ii_," ")="Body Mass Index Group"
1328      +                 %end;
1329      +                 %else %do;
1330      +                    %scan(&bmi_grp,&_ii_," ")=" "
1331      +                 %end;
1332      +                 %let _ii_=%eval(&_ii_+1);
1333      +              %end;
1334      +           %end;
1335      +           %if %nrbquote(&region)^= %then %do;
1336      +              %let _ii_=1;
1337      +              %do %while(%scan(&region,&_ii_," ")^=);
1338      +                 %if &_ii_=1 %then %do;
1339      +                    %scan(&region,&_ii_," ")="Region"
1340      +                 %end;
1341      +                 %else %do;
1342      +                    %scan(&region,&_ii_," ")=" "
1343      +                 %end;
1344      +                 %let _ii_=%eval(&_ii_+1);
1345      +              %end;
1346      +           %end;
1347      +
1348      +      ;
1349      +   run;
1350      +
1351      +   ****************************************************************************;
1352      +   * Determine total number of trt groups to appear across table to find best *;
                                                                    The SAS System

1353      +   * col2 width.                                                              *;
1354      +   * Add one to account for total col if &OCPRINT = Y                         *;
1355      +   ****************************************************************************;
1356      +   proc sql noprint;
1357      +      select count(distinct(&colvar.)) into: totcol
1358      +      from final;
1359      +   quit;
1360      +
1361      +   %let totcol = %cmpres(&totcol.);
1362      +   %if &ocprint. = Y %then %let totcol = %cmpres(%eval(&totcol. + 1));
1363      +   %let totvar = %cmpres(value&totcol.);
1364      +   *%put totvar = &totvar;
1365      +
1366      +   ****************************************************************************;
1367      +   *                       CREATE OUTPUT REPORT                               *;
1368      +   ****************************************************************************;
1369      +   %tabdesc(analfile = final,
1370      +               ptvar = &subjid,
1371      +             statlen = &statlen,
1372      +              colvar = &colvar,
1373      +             opvalue = Y,
1374      +             ocprint = &ocprint,
1375      +                col2 = &col1width,
1376      +             spacing = &spacing,
1377      +            pvalcont = &pvalcont,
1378      +             pvalcat = &pvalcat,
1379      +            opgroups = &opgroups);
1380      +
1381      +   *** OUTPUT REPORT VARIABLES ****;
1382      +   %tabdcont( sortord = 1,
1383      +                  var = &age,
1384      +              meandec = 0,
1385      +                sddec = 1,
1386      +               meddec = 0,
1387      +               qrtdec = 0,
1388      +             rangedec = 0);
1389      +
1390      +   %if %nrbquote(&age_grp)^= %then %do;
1391      +      %let _ii_=1;
1392      +      %do %while(%scan(&age_grp,&_ii_," ")^=);
1393      +         %tabdcat(sortord = 1.&_ii_,
1394      +                      var = %scan(&age_grp,&_ii_," "),
1395      +                  misspct = &misspct,
1396      +                 misspval = &misspval,
1397      +                 nomisspc = &nomisspc,
1398      +                     stat = N PCT,
                                                                    The SAS System

1399      +                  showall = &showall);
1400      +         %let _ii_=%eval(&_ii_+1);
1401      +      %end;
1402      +   %end;
1403      +
1404      +   %tabdcat(sortord = 2,
1405      +                var = sexn,
1406      +            misspct = &misspct,
1407      +           misspval = &misspval,
1408      +           nomisspc = &nomisspc,
1409      +               stat = N PCT,
1410      +            showall = &showall);
1411      +
1412      +   %if %upcase(&d_genident.) = Y %then %do;
1413      +      %tabdcat(sortord = 2.3,
1414      +                var = genidentn,
1415      +            misspct = &misspct,
1416      +           misspval = &misspval,
1417      +           nomisspc = &nomisspc,
1418      +               stat = N PCT,
1419      +            showall = &showall);
1420      +	%end;
1421      +
1422      +   %if %upcase(&d_sexorie.) = Y %then %do;
1423      +       %tabdcat(sortord = 2.6,
1424      +                var = sexorien,
1425      +            misspct = &misspct,
1426      +           misspval = &misspval,
1427      +           nomisspc = &nomisspc,
1428      +               stat = N PCT,
1429      +            showall = &showall);
1430      +   %end;
1431      +
1432      +   %tabdcat(sortord = 3,
1433      +                var = racen,
1434      +            misspct = &misspct,
1435      +           misspval = &misspval,
1436      +           nomisspc = &nomisspc,
1437      +           %if %nrbquote(&notperm)^= %then %do;
1438      +               stat = N,
1439      +           %end;
1440      +           %else %do;
1441      +               stat = N PCT,
1442      +           %end;
1443      +            showall = &showall);
1444      +
                                                                    The SAS System

1445      +   %tabdcat(sortord = 4,
1446      +                var = ethnicn,
1447      +            misspct = &misspct,
1448      +           misspval = &misspval,
1449      +           nomisspc = &nomisspc,
1450      +           %if %nrbquote(&notperm)^= %then %do;
1451      +               stat = N,
1452      +           %end;
1453      +           %else %do;
1454      +               stat = N PCT,
1455      +           %end;
1456      +            showall = &showall);
1457      +
1458      +   %if %upcase(&d_bwt.) = Y %then %do;
1459      +      %TABDCONT(sortord = 5, var = bwt, meandec = 1, sddec = 2, meddec  = 1, qrtdec = 1, rangedec = 1);
1460      +      %if &d_bwtsex. = Y %then %do;
1461      +         %TABDCONT(sortord = 6, var = bwt_m, meandec = 1, sddec = 2, meddec  = 1, qrtdec = 1, rangedec = 1);
1462      +         %TABDCONT(sortord = 7, var = bwt_f, meandec = 1, sddec = 2, meddec  = 1, qrtdec = 1, rangedec = 1);
1463      +      %end;
1464      +   %end;
1465      +
1466      +   %if %upcase(&d_bht.) = Y %then %do;
1467      +      %TABDCONT(sortord = 8, var = bht, meandec = 1, sddec = 2, meddec  = 1, qrtdec = 1, rangedec = 1);
1468      +      %if &d_bhtsex. = Y %then %do;
1469      +         %TABDCONT(sortord = 9, var = bht_m, meandec = 1, sddec = 2, meddec  = 1, qrtdec = 1, rangedec = 1);
1470      +         %TABDCONT(sortord = 10, var = bht_f, meandec = 1, sddec = 2, meddec  = 1, qrtdec = 1, rangedec = 1);
1471      +      %end;
1472      +   %end;
1473      +
1474      +   %if %upcase(&d_bbmi.) = Y %then %do;
1475      +      %TABDCONT(sortord = 11, var = bbmi, meandec = 1, sddec = 2, meddec  = 1, qrtdec = 1, rangedec = 1);
1476      +      %if &d_bbmisex. = Y %then %do;
1477      +         %TABDCONT(sortord = 12, var = bbmi_m, meandec = 1, sddec = 2, meddec  = 1, qrtdec = 1, rangedec = 1);
1478      +         %TABDCONT(sortord = 13, var = bbmi_f, meandec = 1, sddec = 2, meddec  = 1, qrtdec = 1, rangedec = 1);
1479      +      %end;
1480      +   %end;
1481      +
1482      +   %if %nrbquote(&bmi_grp)^= %then %do;
1483      +      %let _ii_=1;
1484      +      %do %while(%scan(&bmi_grp,&_ii_," ")^=);
1485      +         %tabdcat(sortord = 11.&_ii_,
1486      +                      var = %scan(&bmi_grp,&_ii_," "),
1487      +                  misspct = &misspct,
1488      +                 misspval = &misspval,
1489      +                 nomisspc = &nomisspc,
1490      +                     stat = N PCT,
                                                                    The SAS System

1491      +                  showall = &showall);
1492      +         %let _ii_=%eval(&_ii_+1);
1493      +      %end;
1494      +   %end;
1495      +
1496      +   %if %upcase(&d_bbsa.) = Y %then %do;
1497      +      %TABDCONT(sortord = 14, var = bbsa, meandec = 1, sddec = 2, meddec  = 1, qrtdec = 1, rangedec = 1);
1498      +      %if &d_bbsasex. = Y %then %do;
1499      +         %TABDCONT(sortord = 15, var = bbsa_m, meandec = 1, sddec = 2, meddec  = 1, qrtdec = 1, rangedec = 1);
1500      +         %TABDCONT(sortord = 16, var = bbsa_f, meandec = 1, sddec = 2, meddec  = 1, qrtdec = 1, rangedec = 1);
1501      +      %end;
1502      +   %end;
1503      +
1504      +   %if %nrbquote(&region)^= %then %do;
1505      +      %let _ii_=1;
1506      +      %do %while(%scan(&region,&_ii_," ")^=);
1507      +         %tabdcat(sortord = 20.&_ii_,
1508      +                      var = %scan(&region,&_ii_," "),
1509      +                  misspct = &misspct,
1510      +                 misspval = &misspval,
1511      +                 nomisspc = &nomisspc,
1512      +                     stat = N PCT,
1513      +                  showall = &showall);
1514      +         %let _ii_=%eval(&_ii_+1);
1515      +      %end;
1516      +   %end;
1517      +
1518      +   %if %nrbquote(&notperm)^= %then %do;
1519      +      data combine1;
1520      +         set combine;
1521      +         if sortord in (3,4) then do;
1522      +           call missing(pval1, pval2, pvalc1, pvalc2);
1523      +         end;
1524      +      run;
1525      +
1526      +      *************************************************************************;
1527      +      *                        CREATE OUTPUT REPORT                           *;
1528      +      *************************************************************************;
1529      +      %tabdesc( analfile = final,
1530      +                   ptvar = &subjid,
1531      +                 statlen = &statlen,
1532      +                  colvar = &colvar,
1533      +                 opvalue = Y,
1534      +                 ocprint = &ocprint,
1535      +                    col2 = &col1width,
1536      +                 spacing = &spacing,
                                                                    The SAS System

1537      +                pvalcont = &pvalcont,
1538      +                 pvalcat = &pvalcat);
1539      +
1540      +      %tabdcat( sortord = 3,
1541      +                    var = racen2,
1542      +                misspct = N,
1543      +               misspval = N,
1544      +               nomisspc = Y,
1545      +                   stat = N PCT,
1546      +                showall = N);
1547      +
1548      +      %tabdcat( sortord = 4,
1549      +                    var = ethnicn2,
1550      +                misspct = N,
1551      +               misspval = N,
1552      +               nomisspc = Y,
1553      +                   stat = N PCT,
1554      +                showall = N);
1555      +
1556      +      proc sort data = combine;
1557      +        by sortord statord;
1558      +      run;
1559      +
1560      +      proc sort data = combine1;
1561      +        by sortord statord;
1562      +      run;
1563      +
1564      +      data pval(keep = sortord pval:);
1565      +         set combine;
1566      +         by sortord;
1567      +         if last.sortord;
1568      +      run;
1569      +
1570      +      data combine;
1571      +         merge
1572      +            combine1
1573      +            combine;
1574      +         by sortord statord;
1575      +      run;
1576      +
1577      +      data combine;
1578      +         merge
1579      +            combine
1580      +            pval;
1581      +         by sortord;
1582      +      run;
                                                                    The SAS System

1583      +   %end;
1584      +
1585      +   %tabprep(titlekey= &titlekey,
1586      +            outname = &titlekey,
1587      +            spanhdr = &spanhdr,
1588      +           spanrang = &spanrang);
1589      +
1590      +   data summary vdata.%sysfunc(tranwrd(&titlekey, -, _));
1591      +      set summary;
1592      +      allmiss = compress(cats(of value1-&totvar.),'0');
1593      +      if allmiss = '' and  compress(upcase(linlabel)) = '-MISSING-' then delete; *remove all 0 _Missing_ rows;
1594      +   run;
1595      +
1596      +   %if %length(&pvalcont)>0 or %length(&pvalcat)>0 %then %do;
1597      +      ** count number of characters for pval_header for each line **;
1598      +      data _null_;
1599      +         %let _ii_=1;
1600      +         %do %while(%nrbquote(%scan(&pval_header,&_ii_,"~"))^=);
1601      +            var&_ii_="%scan(&pval_header,&_ii_,"~")";
1602      +            len&_ii_=length(var&_ii_);
1603      +            %let _ii_=%eval(&_ii_+1);
1604      +         %end;
1605      +         mx_len=max(of len1-len%eval(&_ii_-1));
1606      +         call symput("mx_len",strip(put(mx_len,best.)));
1607      +      run;
1608      +
1609      +      %let m_pr_pv1=&pval_header;
1610      +      %let m_prw_pv=%eval(&mx_len+1);
1611      +   %end;
1612      +
1613      +   %tabdrpt(cwidth = &cwidth.);
1614      +
1615      +   %if &cleanup=Y %then %do;
1616      +      proc datasets library = work
1617      +                    nolist
1618      +                    memtype = data
1619      +                    kill;
1620      +         run;
1621      +      quit;
1622      +   %end;
1623      +
1624      +   %endprogram:
1625      +
1626      +%mend mk_t_s_demog;
1627      +
1628      +%mk_t_s_demog(
                                                                    The SAS System

1629      +   subjid=subjid,
1630      +   statlen=3,
1631      +   titlekey=t-s-demog,
1632      +   lib=adamdata,
1633      +   dsin=adsl,
1634      +   pop_flag=ittfl,
1635      +   where_cl_pop= ,
1636      +   tmacro= ,
1637      +   colvar=trt01pn,
1638      +   trt_fmt=trtfmt,
1639      +   age=age,
1640      +   ageu=ageu,
1641      +   age_grp=agegr1n,
1642      +   age_grpf=agegrfmt,
1643      +   notperm= ,
1644      +   misspct=N,
1645      +   d_bwt=Y,
1646      +   d_bwtsex=N,
1647      +   d_bht=Y,
1648      +   d_bhtsex=N,
1649      +   d_bbmi=Y,
1650      +   d_bbmisex=N,
1651      +   d_bbsa=N,
1652      +   d_bbsasex=N,
1653      +   d_genident=N,
1654      +   d_sexorie=N,
1655      +   bmi_grp= ,
1656      +   bmi_grpf= ,
1657      +   region= ,
1658      +   regionf= ,
1659      +   ocprint=Y,
1660      +   showall=N,
1661      +   pvalcont= ,
1662      +   pvalcat= ,
1663      +   opgroups= ,
1664      +   misspval=N,
1665      +   nomisspc=N,
1666      +   pval_header=P Value,
1667      +   col1width=50,
1668      +   cwidth= ,
1669      +   spacing=3,
1670      +   spanhdr= ,
1671      +   spanrang= ,
1672      +   cleanup=Y
1673      +   );
MPRINT(MK_T_S_DEMOG):   options missing='';
                                                                    The SAS System

MPRINT(M_STARS_UPCASE):   proc sql noprint;
MPRINT(M_STARS_UPCASE):   select name into :macvars separated by ' ' from dictionary.macros where upcase(name) in ( "MISSPCT" , "D_BWT" , "D_BWTSEX" 
, "D_BHT" , "D_BHTSEX" , "D_BBMI" , "D_BBMISEX" , "D_BBSA" , "D_BBSASEX" , "D_GENIDENT" , "D_SEXORIE" , "OCPRINT" , "SHOWALL" , "MISSPVAL" , 
"NOMISSPC" , "CLEANUP" );
MPRINT(M_STARS_UPCASE):   quit;
NOTE: PROCEDURE SQL used (Total process time):
      real time           0.00 seconds
      cpu time            0.00 seconds
      

MPRINT(MK_T_S_DEMOG):  ;
MPRINT(M_STARS_CHK_KEYPARMS):   proc sql noprint;
MPRINT(M_STARS_CHK_KEYPARMS):   select distinct(name) into :chkmsg separated by ' ' from dictionary.macros where upcase(name) in ('MSGCNT');
MPRINT(M_STARS_CHK_KEYPARMS):   select distinct(name) into :chkerr separated by ' ' from dictionary.macros where upcase(name) in ('ERRFLAG');
NOTE: No rows were selected.
MPRINT(M_STARS_CHK_KEYPARMS):   select distinct(name), count(name) into :paramlst separated by ' ', :numparms from dictionary.macros where 
upcase(name) in ( "POP_FLAG" , "COLVAR" , "TRT_FMT" );
NOTE: The query requires remerging summary statistics back with the original data.
MPRINT(M_STARS_CHK_KEYPARMS):   quit;
NOTE: PROCEDURE SQL used (Total process time):
      real time           0.00 seconds
      cpu time            0.00 seconds
      

MPRINT(MK_T_S_DEMOG):  ;
MPRINT(MK_T_S_DEMOG):   ****************************************************************************;
MPRINT(MK_T_S_DEMOG):   * AGE_GRP and AGE_GRPF processing *;
MPRINT(MK_T_S_DEMOG):   ****************************************************************************;
MPRINT(MK_T_S_DEMOG):   *******************************************************************;
MPRINT(MK_T_S_DEMOG):   * Confirm that number of age_grpf matches age_grp *;
MPRINT(MK_T_S_DEMOG):   *******************************************************************;
MPRINT(MK_T_S_DEMOG):   ****************************************************************************;
MPRINT(MK_T_S_DEMOG):   * BMI_GRP and BMI_GRPF processing *;
MPRINT(MK_T_S_DEMOG):   ****************************************************************************;
MPRINT(MK_T_S_DEMOG):   ****************************************************************************;
MPRINT(MK_T_S_DEMOG):   * REGION and REGIONF processing *;
MPRINT(MK_T_S_DEMOG):   ****************************************************************************;
MPRINT(FETCH):   proc sort data=adamdata.adsl ( where=(ittfl = 'Y' ) ) out=_adsl_ ;
MPRINT(FETCH):   by subjid;
MPRINT(FETCH):   run;

NOTE: There were 100 observations read from the data set ADAMDATA.ADSL.
      WHERE ittfl='Y';
NOTE: SAS sort was used.
NOTE: The data set WORK._ADSL_ has 100 observations and 39 variables.
NOTE: PROCEDURE SORT used (Total process time):
                                                                    The SAS System

      real time           0.00 seconds
      cpu time            0.00 seconds
      

MPRINT(FETCH):   options _last_ = _adsl_;
MPRINT(MK_T_S_DEMOG):  ;
MPRINT(MK_T_S_DEMOG):   *** Check existence of BBSA in ADSL;
MPRINT(MK_T_S_DEMOG):   data adsl;
MPRINT(MK_T_S_DEMOG):   set _adsl_ ;
MPRINT(MK_T_S_DEMOG):   *************************************************************************;
MPRINT(MK_T_S_DEMOG):   * Create numeric var versions to control output order *;
MPRINT(MK_T_S_DEMOG):   *************************************************************************;
MPRINT(MK_T_S_DEMOG):   racen = input(upcase(race), fracec.);
MPRINT(MK_T_S_DEMOG):   sexn = input(upcase(sex), fsexc.);
MPRINT(MK_T_S_DEMOG):   ethnicn = input(upcase(ethnic), fethnicc.);
MPRINT(MK_T_S_DEMOG):   *************************************************************************;
MPRINT(MK_T_S_DEMOG):   * E rror check vars *;
MPRINT(MK_T_S_DEMOG):   *************************************************************************;
MPRINT(MK_T_S_DEMOG):   if min(racen) < 1 then put "User W" "arning: in" "valid Race variable value, race = " race;
MPRINT(MK_T_S_DEMOG):   if min(sexn) < 1 then put "User W" "arning: in" "valid Sex variable value, sex = " sex;
MPRINT(MK_T_S_DEMOG):   if min(ethnicn) < 1 then put "User W" "arning: in" "valid Ethnic variable value, ethnic = " ethnic;
MPRINT(MK_T_S_DEMOG):   *************************************************************************;
MPRINT(MK_T_S_DEMOG):   * Set labels dynamically for age in case different age units are used *;
MPRINT(MK_T_S_DEMOG):   *************************************************************************;
MPRINT(MK_T_S_DEMOG):   age_l = 'Age (' || compress(lowcase(ageu) || ')');
MPRINT(MK_T_S_DEMOG):   call symput('age_l', trim(age_l));
MPRINT(MK_T_S_DEMOG):   format sexn fsexn. racen fracen. ethnicn fethnicn. trt01pn trtfmt. ;
MPRINT(MK_T_S_DEMOG):   format agegr1n agegrfmt.;
MPRINT(MK_T_S_DEMOG):   run;

NOTE: There were 100 observations read from the data set WORK._ADSL_.
NOTE: The data set WORK.ADSL has 100 observations and 43 variables.
NOTE: DATA statement used (Total process time):
      real time           0.04 seconds
      cpu time            0.00 seconds
      

MPRINT(MK_T_S_DEMOG):   data final;
MPRINT(MK_T_S_DEMOG):   set adsl;
MPRINT(MK_T_S_DEMOG):   label age = "Age (years)" sexn = "Sex at Birth" racen = "Race" ethnicn = "Ethnicity" bwt = "Weight (kg)" bht = "Height (cm)" 
bbmi = "Body Mass Index (kg/m^2)" agegr1n= "Age Group" ;
MPRINT(MK_T_S_DEMOG):   run;

NOTE: There were 100 observations read from the data set WORK.ADSL.
NOTE: The data set WORK.FINAL has 100 observations and 43 variables.
NOTE: DATA statement used (Total process time):
                                                                    The SAS System

      real time           0.03 seconds
      cpu time            0.01 seconds
      

MPRINT(MK_T_S_DEMOG):   ****************************************************************************;
MPRINT(MK_T_S_DEMOG):   * Determine total number of trt groups to appear across table to find best *;
MPRINT(MK_T_S_DEMOG):   * col2 width. *;
MPRINT(MK_T_S_DEMOG):   * Add one to account for total col if &OCPRINT = Y *;
MPRINT(MK_T_S_DEMOG):   ****************************************************************************;
MPRINT(MK_T_S_DEMOG):   proc sql noprint;
MPRINT(MK_T_S_DEMOG):   select count(distinct(trt01pn)) into: totcol from final;
MPRINT(MK_T_S_DEMOG):   quit;
NOTE: PROCEDURE SQL used (Total process time):
      real time           0.00 seconds
      cpu time            0.00 seconds
      

totvar = value3
MPRINT(MK_T_S_DEMOG):   * ****************************************************************************;
MPRINT(MK_T_S_DEMOG):   * CREATE OUTPUT REPORT *;
MPRINT(MK_T_S_DEMOG):   ****************************************************************************;
MPRINT(TABDESC):   ** only one of &spctvar,&sdpvar,&stpvar, or &sopvar should be populated **;
MPRINT(TABDESC):   data ck_ssvars;
MPRINT(TABDESC):   sv1=0;
MPRINT(TABDESC):   sv2=0;
MPRINT(TABDESC):   sv3=0;
MPRINT(TABDESC):   sv4=0;
MPRINT(TABDESC):   all_ss=sum(sv1,sv2,sv3,sv4);
MPRINT(TABDESC):   call symput("all_ss",strip(put(all_ss,best.)));
MPRINT(TABDESC):   run;

NOTE: The data set WORK.CK_SSVARS has 1 observations and 5 variables.
NOTE: DATA statement used (Total process time):
      real time           0.00 seconds
      cpu time            0.01 seconds
      

MPRINT(TABDESC):   ***--- print all/selected columns ---***;
MPRINT(TABDESC):   ***---31may2007 VK ---***;
MPRINT(TABDESC):   ***--- create data set showing the showallcol values...21Sep2010...saw ---***;
MPRINT(TABDESC):   *----------------------------------------------------------------------------;
MPRINT(TABDESC):   * initialize the dataset that will accumulate the statistic records ;
MPRINT(TABDESC):   *----------------------------------------------------------------------------;
MPRINT(TABDESC):   data combine;
MPRINT(TABDESC):   stop;
MPRINT(TABDESC):   pval1 = .;
                                                                    The SAS System

MPRINT(TABDESC):   pval2 = .;
MPRINT(TABDESC):   length pvalc1 pvalc2 $10;
MPRINT(TABDESC):   pvalc1='';
MPRINT(TABDESC):   pvalc2='';
MPRINT(TABDESC):   run;

NOTE: The data set WORK.COMBINE has 0 observations and 4 variables.
NOTE: DATA statement used (Total process time):
      real time           0.00 seconds
      cpu time            0.00 seconds
      

MPRINT(TABDESC):   *----------------------------------------------------------------------------;
MPRINT(TABDESC):   * if > 1 byvar variable, set up individual macro vars ;
MPRINT(TABDESC):   *----------------------------------------------------------------------------;
MPRINT(TABDESC):   *----------------------------------------------------------------------------;
MPRINT(TABDESC):   * Prepare for p-value calculations ;
MPRINT(TABDESC):   * if pairwise p-values are requested, calculate how many pairs ;
MPRINT(TABDESC):   *----------------------------------------------------------------------------;
MPRINT(TABDESC):  ;
MPRINT(TABDESC):  ;
MPRINT(TABDESC):  ;
MPRINT(TABDESC):  ;
MPRINT(TABDESC):  ;
MPRINT(TABDESC):  ;
MPRINT(TABDESC):  ;
MPRINT(TABDESC):   *----------------------------------------------------------------------------;
MPRINT(TABDESC):   * Check input dataset for existence, var names, var formats and type ;
MPRINT(TABDESC):   *----------------------------------------------------------------------------;
MPRINT(TABDESC):   data _null_;
MPRINT(TABDESC):   set final;
MPRINT(TABDESC):   where trt01pn <=0;
MPRINT(TABDESC):   if _n_ = 1 then do;
MPRINT(TABDESC):   call symput("_errcode",'F');
MPRINT(TABDESC):   call symput("_errmsg","Column variable (in COLVAR) trt01pn contains a zero or a missing "||"value - canceling run" );
MPRINT(TABDESC):   end;
MPRINT(TABDESC):   run;

NOTE: There were 0 observations read from the data set WORK.FINAL.
      WHERE trt01pn<=0;
NOTE: DATA statement used (Total process time):
      real time           0.08 seconds
      cpu time            0.00 seconds
      

MPRINT(TABDESC):   data _null_;
                                                                    The SAS System

MPRINT(TABDESC):   rc = exist("final","DATA");
MPRINT(TABDESC):   if not(rc) then do;
MPRINT(TABDESC):   call symput("_errcode",'F');
MPRINT(TABDESC):   call symput("_errmsg","Input dataset (in DATA) final does not "||"exist - canceling run" );
MPRINT(TABDESC):   goto errout;
MPRINT(TABDESC):   end;
MPRINT(TABDESC):   ds = open("final","i");
MPRINT(TABDESC):   var = varnum(ds, "trt01pn");
MPRINT(TABDESC):   if not(var) then do;
MPRINT(TABDESC):   call symput("_errcode",'F');
MPRINT(TABDESC):   call symput("_errmsg","Column variable (in COLVAR) trt01pn does not "||"exist - canceling run" );
MPRINT(TABDESC):   goto errout;
MPRINT(TABDESC):   end;
MPRINT(TABDESC):   call symput("_colvarf",varfmt(ds,var));
MPRINT(TABDESC):   *** Check population variables ***;
MPRINT(TABDESC):   *** Check stratification variables ***;
MPRINT(TABDESC):   var = varnum(ds, "subjid");
MPRINT(TABDESC):   if not(var) then do;
MPRINT(TABDESC):   call symput("_errcode",'F');
MPRINT(TABDESC):   call symput("_errmsg","Patient identifying variable (in PTVAR) subjid does not "||"exist - canceling run" );
MPRINT(TABDESC):   goto errout;
MPRINT(TABDESC):   end;
MPRINT(TABDESC):   errout: run;

NOTE: DATA statement used (Total process time):
      real time           0.00 seconds
      cpu time            0.00 seconds
      

MPRINT(TABDESC):   *----------------------------------------------------------------------------;
MPRINT(TABDESC):   * Subset the analysis file for the right sample and ;
MPRINT(TABDESC):   * perform all necessary data massage here. ;
MPRINT(TABDESC):   *----------------------------------------------------------------------------;
MPRINT(TABDESC):   data analf analfall;
MPRINT(TABDESC):   set final ;
MPRINT(TABDESC):   ;
MPRINT(TABDESC):   call symput('_empty','0');
MPRINT(TABDESC):   run;

NOTE: There were 100 observations read from the data set WORK.FINAL.
NOTE: The data set WORK.ANALF has 100 observations and 43 variables.
NOTE: The data set WORK.ANALFALL has 100 observations and 43 variables.
NOTE: DATA statement used (Total process time):
      real time           0.07 seconds
      cpu time            0.00 seconds
      
                                                                    The SAS System


MPRINT(TABDESC):   *----------------------------------------------------------------------------;
MPRINT(TABDESC):   * Find the maximum value of the column variable ;
MPRINT(TABDESC):   * Use the highest value in the data. Override with the highest value in the;
MPRINT(TABDESC):   * format if higher ;
MPRINT(TABDESC):   *----------------------------------------------------------------------------;
MPRINT(GETFMT):   data _null_;
MPRINT(GETFMT):   set sashelp.voption;
MPRINT(GETFMT):   where optname = 'FMTSEARCH';
MPRINT(GETFMT):   length fmtpath $2000;
MPRINT(GETFMT):   fmtpath = 'WORK ' || compress(setting,'()');
MPRINT(GETFMT):   call symput('_fmtpath',fmtpath);
MPRINT(GETFMT):   fmtname = "TRTFMT. ";
MPRINT(GETFMT):   if substr(fmtname,1,1) = '$' then call symput("fmttype","C");
MPRINT(GETFMT):   if substr(fmtname,1,1) ^= '$' then call symput("fmttype","N");
MPRINT(GETFMT):   fmtname = compress(fmtname,'$. ');
MPRINT(GETFMT):   call symput("fmtname",fmtname);
MPRINT(GETFMT):   run;

NOTE: There were 1 observations read from the data set SASHELP.VOPTION.
      WHERE optname='FMTSEARCH';
NOTE: DATA statement used (Total process time):
      real time           0.00 seconds
      cpu time            0.02 seconds
      

MPRINT(GETFMT):   data _getfmt1;
MPRINT(GETFMT):   set sashelp.vcatalg;
MPRINT(GETFMT):   memname = upcase(memname);
MPRINT(GETFMT):   objname = upcase(objname);
MPRINT(GETFMT):   ** kdaughtry - 29Aug2008 **;
MPRINT(GETFMT):   **where memname = 'FORMATS' and trim(objname) = trim("&fmtname");
MPRINT(GETFMT):   where trim(objname) = trim("TRTFMT  ") and libname^='SASHELP' and objtype=:'FORMAT';
MPRINT(GETFMT):   **indx = indexw("%upcase( &_fmtpath)",upcase(trim(libname)));
MPRINT(GETFMT):   indx = index("WORK _FMTS_1",upcase(trim(libname)));
MPRINT(GETFMT):   if indx;
MPRINT(GETFMT):   run;

NOTE: There were 2 observations read from the data set SASHELP.VCATALG.
      WHERE (TRIM(objname)='TRTFMT') and (libname not = 'SASHELP') and (objtype=:'FORMAT');
NOTE: The data set WORK._GETFMT1 has 1 observations and 11 variables.
NOTE: DATA statement used (Total process time):
      real time           0.08 seconds
      cpu time            0.00 seconds
      

                                                                    The SAS System

MPRINT(GETFMT):   proc sort data = _getfmt1;
MPRINT(GETFMT):   by indx;
MPRINT(GETFMT):   run;

NOTE: There were 1 observations read from the data set WORK._GETFMT1.
NOTE: SAS sort was used.
NOTE: The data set WORK._GETFMT1 has 1 observations and 11 variables.
NOTE: PROCEDURE SORT used (Total process time):
      real time           0.00 seconds
      cpu time            0.00 seconds
      

MPRINT(GETFMT):   data _null_;
MPRINT(GETFMT):   set _getfmt1 end = eof;
MPRINT(GETFMT):   **call symput("_flib" || compress(put(_n_,best.)) , libname );
MPRINT(GETFMT):   ** kdaughtry - 29Aug2008 **;
MPRINT(GETFMT):   ** chg _flib to be libname and memname together so can handle format **;
MPRINT(GETFMT):   ** catalogs with a name other than formats **;
MPRINT(GETFMT):   call symput("_flib" || compress(put(_n_,best.)) , compress(libname) || "." || compress(memname) );
MPRINT(GETFMT):   if eof then call symput("_nlib",compress(put(_n_,best.)));
MPRINT(GETFMT):   run;

NOTE: There were 1 observations read from the data set WORK._GETFMT1.
NOTE: DATA statement used (Total process time):
      real time           0.00 seconds
      cpu time            0.00 seconds
      

MPRINT(GETFMT):   proc format library = _FMTS_1.FORMATS cntlout = _getfmt2;
MPRINT(GETFMT):   run;
NOTE: PROCEDURE FORMAT used (Total process time):
      real time           0.05 seconds
      cpu time            0.00 seconds
      
NOTE: The data set WORK._GETFMT2 has 499 observations and 21 variables.

MPRINT(GETFMT):   data _tabd1;
MPRINT(GETFMT):   set _getfmt2;
MPRINT(GETFMT):   if upcase(trim(fmtname)) = trim("TRTFMT  ") and upcase(type) = "N" then do;
MPRINT(GETFMT):   start = left(start);
MPRINT(GETFMT):   output;
MPRINT(GETFMT):   call symput('_gotfmt','Y');
MPRINT(GETFMT):   end;
MPRINT(GETFMT):   run;

NOTE: There were 499 observations read from the data set WORK._GETFMT2.
                                                                    The SAS System

NOTE: The data set WORK._TABD1 has 2 observations and 21 variables.
NOTE: DATA statement used (Total process time):
      real time           0.00 seconds
      cpu time            0.00 seconds
      

MPRINT(TABDESC):  ;
MPRINT(TABDESC):   data _tabd1_sw (keep=trt01pn);
MPRINT(TABDESC):   set _tabd1 end=eof nobs=numobs;
MPRINT(TABDESC):   *** kaling 19jun2015 nobs ***;
MPRINT(TABDESC):   trt01pn = input(left(start),best8.);
MPRINT(TABDESC):   if eof then call symput('ntrt_fmt',compress(put(numobs,5.)) );
MPRINT(TABDESC):   *** kaling 19jun2015 ***;
MPRINT(TABDESC):   run;

NOTE: There were 2 observations read from the data set WORK._TABD1.
NOTE: The data set WORK._TABD1_SW has 2 observations and 1 variables.
NOTE: DATA statement used (Total process time):
      real time           0.00 seconds
      cpu time            0.00 seconds
      

MPRINT(TABDESC):   proc sort data= analf out = analfpt (keep = trt01pn subjid) nodupkey;
MPRINT(TABDESC):   by trt01pn subjid;
MPRINT(TABDESC):   run;

NOTE: There were 100 observations read from the data set WORK.ANALF.
NOTE: SAS sort was used.
NOTE: 0 observations with duplicate key values were deleted.
NOTE: The data set WORK.ANALFPT has 100 observations and 2 variables.
NOTE: PROCEDURE SORT used (Total process time):
      real time           0.08 seconds
      cpu time            0.01 seconds
      

MPRINT(TABDESC):   data analfpt;
MPRINT(TABDESC):   set analfpt;
MPRINT(TABDESC):   format trt01pn;
MPRINT(TABDESC):   run;

NOTE: There were 100 observations read from the data set WORK.ANALFPT.
NOTE: The data set WORK.ANALFPT has 100 observations and 2 variables.
NOTE: DATA statement used (Total process time):
      real time           0.00 seconds
      cpu time            0.00 seconds
      
                                                                    The SAS System


MPRINT(TABDESC):   proc summary data=analfpt nway;
MPRINT(TABDESC):   class trt01pn;
MPRINT(TABDESC):   output out=_tabd2;
MPRINT(TABDESC):   run;

NOTE: Multiple concurrent threads will be used to summarize data.
NOTE: There were 100 observations read from the data set WORK.ANALFPT.
NOTE: The data set WORK._TABD2 has 2 observations and 3 variables.
NOTE: PROCEDURE SUMMARY used (Total process time):
      real time           0.00 seconds
      cpu time            0.01 seconds
      

MPRINT(TABDESC):   data _null_;
MPRINT(TABDESC):   merge _tabd2 (in=_V)
MPRINT(TABDESC):   _tabd1_sw (in=_F) end = eof;
MPRINT(TABDESC):   BY trt01pn;
MPRINT(TABDESC):   LENGTH _A $8 _B $50;
MPRINT(TABDESC):   IF trt01pn NE _N_ THEN DO;
MPRINT(TABDESC):   _A='ER'||'ROR:';
MPRINT(TABDESC):   _B="The value "||strip(put(trt01pn,best.))||'is out of sequence.';
MPRINT(TABDESC):   PUT _A "**---------------------------------------------------------------------------------------**";
MPRINT(TABDESC):   PUT _A "The variable trt01pn and its format must contain consecutive positive integers starting from 1. " _B;
MPRINT(TABDESC):   PUT _A "**---------------------------------------------------------------------------------------**";
MPRINT(TABDESC):   ABORT;
MPRINT(TABDESC):   END;
MPRINT(TABDESC):  ;
MPRINT(TABDESC):   IF _V AND (NOT(_F)) THEN DO;
MPRINT(TABDESC):   _A='WAR'||'NING:';
MPRINT(TABDESC):   _B="You have an unformatted trt01pn value of "||strip(put(trt01pn,best.))||'.';
MPRINT(TABDESC):   PUT _A "**---------------------------------------------------------------------------------------**";
MPRINT(TABDESC):   PUT _A _B " Use the SHOWALLCOL parameter in tabdesc when you have columns you do not wish to display.";
MPRINT(TABDESC):   PUT _A "**---------------------------------------------------------------------------------------**";
MPRINT(TABDESC):   END;
MPRINT(TABDESC):   ELSE IF (NOT(_V)) AND _F THEN DO;
MPRINT(TABDESC):   _A='WAR'||'NING:';
MPRINT(TABDESC):   _B="You have a format for the value "||strip(put(trt01pn,best.))||',';
MPRINT(TABDESC):   PUT _A "**---------------------------------------------------------------------------------------**";
MPRINT(TABDESC):   PUT _A _B " but this value does not appear in the passed data.";
MPRINT(TABDESC):   PUT _A "**---------------------------------------------------------------------------------------**";
MPRINT(TABDESC):   END;
MPRINT(TABDESC):   IF NOT(EOF) THEN DO;
MPRINT(TABDESC):   IF NOT(_V) THEN DO;
MPRINT(TABDESC):   _A='WAR'||'NING:';
MPRINT(TABDESC):   _B="You have requested printing the trt01pn value of "||strip(put(trt01pn,best.))||',';
                                                                    The SAS System

MPRINT(TABDESC):   PUT _A "**---------------------------------------------------------------------------------------**";
MPRINT(TABDESC):   PUT _A _B " but this value is not present in the passed data.";
MPRINT(TABDESC):   PUT _A "**---------------------------------------------------------------------------------------**";
MPRINT(TABDESC):   END;
MPRINT(TABDESC):   END;
MPRINT(TABDESC):  ;
MPRINT(TABDESC):   RUN;

NOTE: There were 2 observations read from the data set WORK._TABD2.
NOTE: There were 2 observations read from the data set WORK._TABD1_SW.
NOTE: DATA statement used (Total process time):
      real time           0.00 seconds
      cpu time            0.00 seconds
      

MPRINT(TABDESC):   ************* kaling begin 19jun2015 ************;
MPRINT(TABDESC):   data _null_;
MPRINT(TABDESC):   if 1 eq 2 then set _tabd2 nobs=ntrt_data;
MPRINT(TABDESC):   maxcol =max(ntrt_data, 2 );
MPRINT(TABDESC):   maxcol_1=maxcol;
MPRINT(TABDESC):   maxcol_1=maxcol +1;
MPRINT(TABDESC):   call symput( 'maxcol',compress(put(maxcol ,5.)) );
MPRINT(TABDESC):   call symput('_maxcol',compress(put(maxcol_1 ,5.)) );
MPRINT(TABDESC):   stop;
MPRINT(TABDESC):   run;

NOTE: DATA statement used (Total process time):
      real time           0.00 seconds
      cpu time            0.00 seconds
      

'TOOLVER=' v4.19.01   ' MAXCOL=' 2   ' _MAXCOL= '  3
' SHOWALLCOL=' Y
'line 721 _SHOWALLCOL=' Y
MPRINT(TABDESC):   ************** kaling end 19jun2015 ************;
MPRINT(TABDESC):   data _null_;
MPRINT(TABDESC):   set _tabd2 end = eof;
MPRINT(TABDESC):   call symput("_colct" || compress(put(trt01pn,best.)) , put(_freq_,best.) );
MPRINT(TABDESC):   run;

NOTE: There were 2 observations read from the data set WORK._TABD2.
NOTE: DATA statement used (Total process time):
      real time           0.00 seconds
      cpu time            0.00 seconds
      

                                                                    The SAS System

MPRINT(TABDESC):   *----------------------------------------------------------------------------;
MPRINT(TABDESC):   * determine total number of patients in each column and in the whole file ;
MPRINT(TABDESC):   *----------------------------------------------------------------------------;
MPRINT(TABDESC):   proc sort data= analf out = analfpt (keep = subjid) nodupkey;
MPRINT(TABDESC):   by subjid;
MPRINT(TABDESC):   run;

NOTE: There were 100 observations read from the data set WORK.ANALF.
NOTE: SAS sort was used.
NOTE: 0 observations with duplicate key values were deleted.
NOTE: The data set WORK.ANALFPT has 100 observations and 1 variables.
NOTE: PROCEDURE SORT used (Total process time):
      real time           0.03 seconds
      cpu time            0.01 seconds
      

MPRINT(TABDESC):   data _null_;
MPRINT(TABDESC):   set analfpt nobs = _freq_;
MPRINT(TABDESC):   call symput("_patct", put(_freq_,best.));
MPRINT(TABDESC):   call symput("_colct3", put(_freq_,best.) );
MPRINT(TABDESC):   if _freq_ = 0 then do;
MPRINT(TABDESC):   call symput("_errcode",'F');
MPRINT(TABDESC):   call symput("_errmsg","No patients meet subset criteria - canceling run" );
MPRINT(TABDESC):   end;
MPRINT(TABDESC):   stop;
MPRINT(TABDESC):   run;

NOTE: There were 1 observations read from the data set WORK.ANALFPT.
NOTE: DATA statement used (Total process time):
      real time           0.00 seconds
      cpu time            0.00 seconds
      

MPRINT(TABDESC):   ** # of subj at top of table will not reflect subset of subjects **;
MPRINT(TABDESC):   *----------------------------------------------------------------------------;
MPRINT(TABDESC):   * Set up file with duplicate records for total column if necessary ;
MPRINT(TABDESC):   *----------------------------------------------------------------------------;
MPRINT(TABDESC):   data analf analfnot;
MPRINT(TABDESC):   set analf;
MPRINT(TABDESC):   format trt01pn;
MPRINT(TABDESC):   output analf;
MPRINT(TABDESC):   output analfnot;
MPRINT(TABDESC):   trt01pn=3;
MPRINT(TABDESC):   output analf;
MPRINT(TABDESC):   run;

                                                                    The SAS System

NOTE: There were 100 observations read from the data set WORK.ANALF.
NOTE: The data set WORK.ANALF has 200 observations and 43 variables.
NOTE: The data set WORK.ANALFNOT has 100 observations and 43 variables.
NOTE: DATA statement used (Total process time):
      real time           0.02 seconds
      cpu time            0.01 seconds
      

MPRINT(TABDESC):   proc sort data=analf;
MPRINT(TABDESC):   by trt01pn;
MPRINT(TABDESC):   run;

NOTE: There were 200 observations read from the data set WORK.ANALF.
NOTE: SAS sort was used.
NOTE: The data set WORK.ANALF has 200 observations and 43 variables.
NOTE: PROCEDURE SORT used (Total process time):
      real time           0.00 seconds
      cpu time            0.00 seconds
      

MPRINT(TABDESC):   proc sort data=analfnot;
MPRINT(TABDESC):   by trt01pn;
MPRINT(TABDESC):   run;

NOTE: There were 100 observations read from the data set WORK.ANALFNOT.
NOTE: SAS sort was used.
NOTE: The data set WORK.ANALFNOT has 100 observations and 43 variables.
NOTE: PROCEDURE SORT used (Total process time):
      real time           0.00 seconds
      cpu time            0.00 seconds
      

MPRINT(TABDESC):   data analfall;
MPRINT(TABDESC):   set analfall;
MPRINT(TABDESC):   format trt01pn;
MPRINT(TABDESC):   output analfall;
MPRINT(TABDESC):   trt01pn=3;
MPRINT(TABDESC):   output analfall;
MPRINT(TABDESC):   run;

NOTE: There were 100 observations read from the data set WORK.ANALFALL.
NOTE: The data set WORK.ANALFALL has 200 observations and 43 variables.
NOTE: DATA statement used (Total process time):
      real time           0.05 seconds
      cpu time            0.00 seconds
      
                                                                    The SAS System


MPRINT(TABDESC):   *----------------------------------------------------------------------------;
MPRINT(TABDESC):   * determine total number of patients per &byvar value, if necessary ;
MPRINT(TABDESC):   *----------------------------------------------------------------------------;
MPRINT(TABDESC):   *----------------------------------------------------------------------------;
MPRINT(TABDESC):   * If pairwise=ALL, set to a list of all the pairs in the data ;
MPRINT(TABDESC):   *----------------------------------------------------------------------------;
MPRINT(TABPAIR):   *** change pairwise if = ALL ***;
MPRINT(TABPAIR):   *** call macro for each pair of pair_wise ***;
MPRINT(TABDESC):  ;
'TOOLVER=' v4.19.01   ' MAXCOL=' 2   ' _MAXCOL= '  3
' SHOWALLCOL=' Y
'line 1269 _SHOWALLCOL=' Y
MPRINT(TABDESC):  ;
MPRINT(TABDESC):   proc datasets library = work nolist;
MPRINT(TABDESC):   *delete _tabd1 _tabd2 _tabd3 _tabd4 _tabd5 _tabd6 _tabd7;
MPRINT(TABDESC):   delete _tabd: ;
MPRINT(TABDESC):   *2016-12-29 kchan07 replace _tabd1.... _tabd7;
MPRINT(TABDESC):   quit;

NOTE: Deleting WORK._TABD1 (memtype=DATA).
NOTE: Deleting WORK._TABD1_SW (memtype=DATA).
NOTE: Deleting WORK._TABD2 (memtype=DATA).
NOTE: PROCEDURE DATASETS used (Total process time):
      real time           0.01 seconds
      cpu time            0.01 seconds
      

MPRINT(MK_T_S_DEMOG):  ;
MPRINT(MK_T_S_DEMOG):   *** OUTPUT REPORT VARIABLES ****;
MPRINT(TABDCONT):   *** if cileveld=95 then alpha = .05 ***;
MPRINT(TABDCONT):   *** default is .05 ***;
MPRINT(TABDCONT):   *-----------------------------------------------------------------------------------------------* | Definition of internal macros 
| *-----------------------------------------------------------------------------------------------*;
MPRINT(TABDCONT):   ************************************************************;
MPRINT(TABDCONT):   *** macro tab_anova2 for m_dif=ANOVA2 ***;
MPRINT(TABDCONT):   *** ***;
MPRINT(TABDCONT):   *** Calculate ANOVA using contrast for each pairwise ***;
MPRINT(TABDCONT):   *** if byvar is used, byvar=0 is the baseline ***;
MPRINT(TABDCONT):   *** if no byvar used, var=_0 is the baseline ***;
MPRINT(TABDCONT):   ************************************************************;
MPRINT(TABDCONT):   ************************************************************;
MPRINT(TABDCONT):   *** macro p_npar ***;
MPRINT(TABDCONT):   *** ***;
MPRINT(TABDCONT):   *** Calculate nonparametric p-values like Wilcoxon and ***;
MPRINT(TABDCONT):   *** Van der Waerden using proc npar1way ***;
                                                                    The SAS System

MPRINT(TABDCONT):   ************************************************************;
MPRINT(TABDCONT):   ************************************************************;
MPRINT(TABDCONT):   *** macro p_glm ***;
MPRINT(TABDCONT):   *** ***;
MPRINT(TABDCONT):   *** Calculate stratum weighted ANOVA p-values using ***;
MPRINT(TABDCONT):   *** proc glm ***;
MPRINT(TABDCONT):   ************************************************************;
MPRINT(TABDCONT):   ************************************;
MPRINT(TABDCONT):   *** macro p_rank ***;
MPRINT(TABDCONT):   *** ***;
MPRINT(TABDCONT):   *** Calculate p-values using ***;
MPRINT(TABDCONT):   *** Stratified Rank Sum test ***;
MPRINT(TABDCONT):   ************************************;
MPRINT(TABDCONT):   *******************************************************;
MPRINT(TABDCONT):   *** macro tab_nump ***;
MPRINT(TABDCONT):   *** ***;
MPRINT(TABDCONT):   *** call the 3 macros p_npar p_glm and p_rank to do ***;
MPRINT(TABDCONT):   *** p-value for pairwise comparisons ***;
MPRINT(TABDCONT):   *******************************************************;
MPRINT(TABDCONT):   ***********************************************************;
MPRINT(TABDCONT):   *** macro tab_cimd ***;
MPRINT(TABDCONT):   *** ***;
MPRINT(TABDCONT):   *** call the 3 macros p_npar p_glm and p_rank to do ***;
MPRINT(TABDCONT):   *** dif and ci for pairwise comparison ***;
MPRINT(TABDCONT):   ***********************************************************;
MPRINT(TABDCONT):   *****************************************************************************;
MPRINT(TABDCONT):   *** macro dif_hl ***;
MPRINT(TABDCONT):   *** ***;
MPRINT(TABDCONT):   *** use the algorithm describe in 'Calculating a Nonparametric Estimate ***;
MPRINT(TABDCONT):   *** and Confidence Interval Using SAS Sorfware' a SUGI paper by Chris ***;
MPRINT(TABDCONT):   *** Decker to calculate the Hodges-Lehmann estimates. ***;
MPRINT(TABDCONT):   *****************************************************************************;
MPRINT(TABDCONT):   ********************************************************************;
MPRINT(TABDCONT):   *** macro dif_ano ***;
MPRINT(TABDCONT):   *** ***;
MPRINT(TABDCONT):   *** using prog glm to generate stratum weighted ANOVA estimates ***;
MPRINT(TABDCONT):   *** of differences in mean and confidence limit ***;
MPRINT(TABDCONT):   ********************************************************************;
MPRINT(TABDCONT):   *************************************************************************;
MPRINT(TABDCONT):   *** macro dif_std ***;
MPRINT(TABDCONT):   *** ***;
MPRINT(TABDCONT):   *** calculate standard differences in mean and confidence limit ***;
MPRINT(TABDCONT):   *************************************************************************;
MPRINT(TABDCONT):   ******************************************************************;
MPRINT(TABDCONT):   *** macro univar ***;
MPRINT(TABDCONT):   *** ***;
                                                                    The SAS System

MPRINT(TABDCONT):   *** calculate univariate statistics in normal and/or log scale ***;
MPRINT(TABDCONT):   ******************************************************************;
MPRINT(TABDCONT):   *-----------------------------------------------------------------------------------------------------------* | End of internal 
macro definition and beginning of tabdcont main section | 
*-----------------------------------------------------------------------------------------------------------*;
MPRINT(TABDCONT):   * ---------------------------------------- *;
MPRINT(TABDCONT):   * debug code - turn off noprint options *;
MPRINT(TABDCONT):   * ---------------------------------------- *;
MPRINT(TABDCONT):   *** local pairwise variable ***;
MPRINT(TABDCONT):   **********************************************************************************;
MPRINT(TABDCONT):   *** set default for decimal places in output ***;
MPRINT(TABDCONT):   *** If median, quartile, range, cv, difference decimals not set, use mean dec ***;
MPRINT(TABDCONT):   **********************************************************************************;
MPRINT(TABDCONT):   *****************;
MPRINT(TABDCONT):   *** SD or SE? ***;
MPRINT(TABDCONT):   *****************;
MPRINT(TABDCONT):   **************************************************;
MPRINT(TABDCONT):   *** modify stratification locally if requested ***;
MPRINT(TABDCONT):   **************************************************;
MPRINT(TABDCONT):   *----------------------------------------------------------------------------;
MPRINT(TABDCONT):   * Get variable information from dataset - abort if it is not there ;
MPRINT(TABDCONT):   *----------------------------------------------------------------------------;
MPRINT(TABDCONT):   data _null_;
MPRINT(TABDCONT):   length label1 label2 $250;
MPRINT(TABDCONT):   ds = open("analf","i");
MPRINT(TABDCONT):   var = varnum(ds , "age");
MPRINT(TABDCONT):   if not(var) then do;
MPRINT(TABDCONT):   call symput("_errcode","F");
MPRINT(TABDCONT):   call symput("_errmsg","Continuous analysis variable age .does not. exist - canceling run" );
MPRINT(TABDCONT):   end;
MPRINT(TABDCONT):   else do;
MPRINT(TABDCONT):   label1 = varlabel(ds,var);
MPRINT(TABDCONT):   if index(label1,'~') > 0 then do;
MPRINT(TABDCONT):   label2 = scan(label1,2,'~');
MPRINT(TABDCONT):   label1 = scan(label1,1,'~');
MPRINT(TABDCONT):   end;
MPRINT(TABDCONT):   call symput("label1",label1);
MPRINT(TABDCONT):   call symput("label2",label2);
MPRINT(TABDCONT):   end;
MPRINT(TABDCONT):   *** Check stratification variables ***;
MPRINT(TABDCONT):   run;

NOTE: DATA statement used (Total process time):
      real time           0.00 seconds
      cpu time            0.00 seconds
      
                                                                    The SAS System


MPRINT(TABDCONT):   *********************************;
MPRINT(TABDCONT):   *** end of macro set up ***;
MPRINT(TABDCONT):   *** beginning of calculations ***;
MPRINT(TABDCONT):   *********************************;
MPRINT(TABDCONT):   *----------------------------------------------------------------------------;
MPRINT(TABDCONT):   * Generate and format descriptive statistics ;
MPRINT(TABDCONT):   *----------------------------------------------------------------------------;
MPRINT(UNIVAR):   *-----------------------------------------------*;
MPRINT(UNIVAR):   * Generate and format univariate statistics *;
MPRINT(UNIVAR):   ;
MPRINT(UNIVAR):   *-----------------------------------------------*;
MPRINT(UNIVAR):   proc univariate data=analf NOPRINT;
MPRINT(UNIVAR):   by trt01pn ;
MPRINT(UNIVAR):   var age;
MPRINT(UNIVAR):   output out=_tabcon0 n = n mean = mean median = median stdmean = stdmean std = sd q1 = qone q3 = qthre min = min max = max var = var 
t = t probt = probt probm = probm probs = probs msign = msign signrank = signrank cv = cv ;
MPRINT(UNIVAR):   * title2 'Macro tabdcont: File _TABCON0';
MPRINT(UNIVAR):   run;

NOTE: The data set WORK._TABCON0 has 3 observations and 18 variables.
NOTE: PROCEDURE UNIVARIATE used (Total process time):
      real time           0.01 seconds
      cpu time            0.01 seconds
      

MPRINT(UNIVAR):   *----------------------------------------------------------------------------;
MPRINT(UNIVAR):   * If geometric mean or ci is requested, check for negative value in &var ;
MPRINT(UNIVAR):   *----------------------------------------------------------------------------;
MPRINT(UNIVAR):   data _tabcon1;
MPRINT(UNIVAR):   set _tabcon0;
MPRINT(UNIVAR):   length statval $ 40 linlabel $250 statord $ 40;
MPRINT(UNIVAR):   statord = '1';
MPRINT(UNIVAR):   linlabel = 'N';
MPRINT(UNIVAR):   statval = ' ';
MPRINT(UNIVAR):   if (n>.) then statval = put(n, 5. );
MPRINT(UNIVAR):   output;
MPRINT(UNIVAR):   *** Special clause, used to prevent some means from ***;
MPRINT(UNIVAR):   *** being printed as "-0.00", just show as "0.00" ***;
MPRINT(UNIVAR):   *** if n=0, then statval had carried through at 0 also ***;
MPRINT(UNIVAR):   *** force it to be missing ***;
MPRINT(UNIVAR):   statord = '2';
MPRINT(UNIVAR):   linlabel = "Mean (SD)";
MPRINT(UNIVAR):   statval = ' ';
MPRINT(UNIVAR):   if (n>0) then do;
MPRINT(UNIVAR):   statval = left(put( round(mean,10**(-1*0)), 8.0 ));
                                                                    The SAS System

MPRINT(UNIVAR):   if abs(input(statval,??best.)) eq 0 then do;
MPRINT(UNIVAR):   statval = left(put( 0, 8.0 ));
MPRINT(UNIVAR):   end;
MPRINT(UNIVAR):   end;
MPRINT(UNIVAR):   if (n>1) then do;
MPRINT(UNIVAR):   statval = trim(statval) || ' (' || trim(left(put(round(sd,10**(-1*1)), 8.1 ))) || ')';
MPRINT(UNIVAR):   end;
MPRINT(UNIVAR):   output;
MPRINT(UNIVAR):   statord = '6';
MPRINT(UNIVAR):   linlabel = 'Median';
MPRINT(UNIVAR):   statval = ' ';
MPRINT(UNIVAR):   if (n>0) then do;
MPRINT(UNIVAR):   **if median^=. then statval = trim(put(median, &_statlenc..&meddec ));
MPRINT(UNIVAR):   if median^=. then statval = trim(put(round(median, 10**(-1*0)), 8.0 ));
MPRINT(UNIVAR):   if abs(input(statval,??best.)) eq 0 then statval = left(put(0, 8.0 ));
MPRINT(UNIVAR):   end;
MPRINT(UNIVAR):   output;
MPRINT(UNIVAR):   statord = '7';
MPRINT(UNIVAR):   linlabel = 'Q1, Q3';
MPRINT(UNIVAR):   statval = ' ';
MPRINT(UNIVAR):   if (n>0) then do;
MPRINT(UNIVAR):   statval = trim(put(round(qone,10**(-1*0)), 8.0 ))|| ', ' || left(put(round(qthre,10**(-1*0)),8.0));
MPRINT(UNIVAR):   end;
MPRINT(UNIVAR):   output;
MPRINT(UNIVAR):   statord = '8';
MPRINT(UNIVAR):   linlabel = 'Min, Max';
MPRINT(UNIVAR):   statval = ' ';
MPRINT(UNIVAR):   if (n>0) then do;
MPRINT(UNIVAR):   statval = trim(put(round(min,10**(-1*0)), 8.0 )) || ', ' || left(put(round(max,10**(-1*0)),8.0 ));
MPRINT(UNIVAR):   end;
MPRINT(UNIVAR):   output;
MPRINT(UNIVAR):   ***************************************************;
MPRINT(UNIVAR):   ** add change-from-baseline p-value if requested **;
MPRINT(UNIVAR):   ***************************************************;
MPRINT(UNIVAR):   run;

NOTE: There were 3 observations read from the data set WORK._TABCON0.
NOTE: The data set WORK._TABCON1 has 15 observations and 21 variables.
NOTE: DATA statement used (Total process time):
      real time           0.00 seconds
      cpu time            0.00 seconds
      

MPRINT(UNIVAR):   **********************************************************;
MPRINT(UNIVAR):   *** add geometric mean and CV to _tabcon1 if requested ***;
MPRINT(UNIVAR):   **********************************************************;
                                                                    The SAS System

MPRINT(UNIVAR):   ********************************************************************;
MPRINT(UNIVAR):   *** spaces added to line up the output based on new standard SAP ***;
MPRINT(UNIVAR):   ********************************************************************;
MPRINT(UNIVAR):   data _tabcon1;
MPRINT(UNIVAR):   set _tabcon1;
MPRINT(UNIVAR):   retain padlen 0;
MPRINT(UNIVAR):   len=length(scan(left(statval),1,'., '));
MPRINT(UNIVAR):   if len>padlen then padlen=len;
MPRINT(UNIVAR):   call symput("padlen",compress(put(padlen,8.)));
MPRINT(UNIVAR):   run;

NOTE: There were 15 observations read from the data set WORK._TABCON1.
NOTE: The data set WORK._TABCON1 has 15 observations and 23 variables.
NOTE: DATA statement used (Total process time):
      real time           0.00 seconds
      cpu time            0.00 seconds
      

MPRINT(UNIVAR):   data _tabcon1 (drop=statval rename=(statval2=statval));
MPRINT(UNIVAR):   set _tabcon1 (drop=padlen);
MPRINT(UNIVAR):   if left(linlabel)='N' then do;
MPRINT(UNIVAR):   if 3-length(scan(left(statval),1,'.'))>0 then statval2=trim(repeat(' ',3-length(scan(left(statval),1,'.'))-1)||left(statval));
MPRINT(UNIVAR):   else statval2=left(statval);
MPRINT(UNIVAR):   end;
MPRINT(UNIVAR):   else do;
MPRINT(UNIVAR):   if len=3 then statval2=left(statval);
MPRINT(UNIVAR):   else statval2=trim(repeat(' ',3-len-1)||left(statval));
MPRINT(UNIVAR):   end;
MPRINT(UNIVAR):   run;

NOTE: There were 15 observations read from the data set WORK._TABCON1.
NOTE: The data set WORK._TABCON1 has 15 observations and 22 variables.
NOTE: DATA statement used (Total process time):
      real time           0.00 seconds
      cpu time            0.01 seconds
      

MPRINT(UNIVAR):   proc sort data = _tabcon1;
MPRINT(UNIVAR):   by statord linlabel trt01pn;
MPRINT(UNIVAR):   where trt01pn ne .;
MPRINT(UNIVAR):   run;

NOTE: There were 15 observations read from the data set WORK._TABCON1.
      WHERE trt01pn not = .;
NOTE: SAS sort was used.
NOTE: The data set WORK._TABCON1 has 15 observations and 22 variables.
                                                                    The SAS System

NOTE: PROCEDURE SORT used (Total process time):
      real time           0.00 seconds
      cpu time            0.00 seconds
      

MPRINT(UNIVAR):   proc transpose data=_tabcon1 prefix=value out=_tabcon2 ;
MPRINT(UNIVAR):   var statval;
MPRINT(UNIVAR):   by statord linlabel ;
MPRINT(UNIVAR):   id trt01pn;
MPRINT(UNIVAR):   run;

NOTE: There were 15 observations read from the data set WORK._TABCON1.
NOTE: The data set WORK._TABCON2 has 5 observations and 6 variables.
NOTE: PROCEDURE TRANSPOSE used (Total process time):
      real time           0.00 seconds
      cpu time            0.00 seconds
      

MPRINT(UNIVAR):   data _tabcon2;
MPRINT(UNIVAR):   set _tabcon2;
MPRINT(UNIVAR):   pval1=.;
MPRINT(UNIVAR):   pval2=.;
MPRINT(UNIVAR):   run;

NOTE: There were 5 observations read from the data set WORK._TABCON2.
NOTE: The data set WORK._TABCON2 has 5 observations and 8 variables.
NOTE: DATA statement used (Total process time):
      real time           0.00 seconds
      cpu time            0.00 seconds
      

MPRINT(TABDCONT):  ;
MPRINT(TABDCONT):   ******************************************************************;
MPRINT(TABDCONT):   *** test: if n=0 then skip rest of calculation for that colvar ***;
MPRINT(TABDCONT):   *** assumption: number of column < 10 ***;
MPRINT(TABDCONT):   ******************************************************************;
MPRINT(TABDCONT):   proc sort data=_tabcon1 out=test (keep=n trt01pn) nodupkey;
MPRINT(TABDCONT):   by trt01pn descending n;
MPRINT(TABDCONT):   run;

NOTE: There were 15 observations read from the data set WORK._TABCON1.
NOTE: SAS sort was used.
NOTE: 12 observations with duplicate key values were deleted.
NOTE: The data set WORK.TEST has 3 observations and 2 variables.
NOTE: PROCEDURE SORT used (Total process time):
      real time           0.00 seconds
                                                                    The SAS System

      cpu time            0.00 seconds
      

MPRINT(TABDCONT):   ** this code was added so when byvar is specified, and 0 obs exist **;
MPRINT(TABDCONT):   ** for that byvar value for colvar, then it will still create the **;
MPRINT(TABDCONT):   ** table spacing properly - kad 11May2010 **;
MPRINT(TABDCONT):  ;
MPRINT(TABDCONT):   *----------------------------------------------------------------------------*;
MPRINT(TABDCONT):   * If overall p-values are requested, generate and add to the dataset *;
MPRINT(TABDCONT):   * Up to two can be requested *;
MPRINT(TABDCONT):   *----------------------------------------------------------------------------*;
MPRINT(TABDCONT):   ********************************;
MPRINT(TABDCONT):   *** do pairwise calculations ***;
MPRINT(TABDCONT):   ********************************;
MPRINT(TABDCONT):   *----------------------------------------------------------------------------*;
MPRINT(TABDCONT):   * combine the output files *;
MPRINT(TABDCONT):   *----------------------------------------------------------------------------*;
MPRINT(TABDCONT):   data _tabcon2 (drop=value: rename=( _val_1=value1 _val_2=value2 _val_3=value3));
MPRINT(TABDCONT):   length label1 label2 $250 _val_1 - _val_3 $ 40;
MPRINT(TABDCONT):   set _tabcon2;
MPRINT(TABDCONT):   array _val {*} $ value1 - value3;
MPRINT(TABDCONT):   array nval {*} $ _val_1 - _val_3;
MPRINT(TABDCONT):   do __i = 1 to 3;
MPRINT(TABDCONT):   nval[__i] = _val[__i];
MPRINT(TABDCONT):   if (compress(linlabel)='N' and nval[__i] = '') then nval[__i] = '    0';
MPRINT(TABDCONT):   end;
MPRINT(TABDCONT):   type = "CONT";
MPRINT(TABDCONT):   sortord = 1;
MPRINT(TABDCONT):   label1 = "Age (years)                                                                                                             
                                                                                                                                  ";
MPRINT(TABDCONT):   label2 = "                                                                                                                        
                                                                                                                                  ";
MPRINT(TABDCONT):   run;

NOTE: There were 5 observations read from the data set WORK._TABCON2.
NOTE: The data set WORK._TABCON2 has 5 observations and 13 variables.
NOTE: DATA statement used (Total process time):
      real time           0.00 seconds
      cpu time            0.00 seconds
      

MPRINT(PVALUE):   data _tabcon2;
MPRINT(PVALUE):   set _tabcon2;
MPRINT(PVALUE):   drop _tmp_value;
MPRINT(PVALUE):   format pvalc1 $8.;
MPRINT(PVALUE):   label pvalc1= 'p-value';
                                                                    The SAS System

MPRINT(PVALUE):   if (missing(pval1)) then pvalc1 = 'N/A';
MPRINT(PVALUE):   else do;
MPRINT(PVALUE):   _tmp_value = pval1;
MPRINT(PVALUE):   if (_tmp_value<0 or _tmp_value>1) then pvalc1 = 'ER'||'ROR';
MPRINT(PVALUE):   else if (_tmp_value<0.0001) then pvalc1 ='<0.0001';
MPRINT(PVALUE):   else pvalc1 = put( _tmp_value, 6.4);
MPRINT(PVALUE):   end;
MPRINT(PVALUE):   run;

NOTE: There were 5 observations read from the data set WORK._TABCON2.
NOTE: The data set WORK._TABCON2 has 5 observations and 14 variables.
NOTE: DATA statement used (Total process time):
      real time           0.00 seconds
      cpu time            0.00 seconds
      

MPRINT(TABDCONT):  ;
MPRINT(PVALUE):   data _tabcon2;
MPRINT(PVALUE):   set _tabcon2;
MPRINT(PVALUE):   drop _tmp_value;
MPRINT(PVALUE):   format pvalc2 $8.;
MPRINT(PVALUE):   label pvalc2= 'p-value';
MPRINT(PVALUE):   if (missing(pval2)) then pvalc2 = 'N/A';
MPRINT(PVALUE):   else do;
MPRINT(PVALUE):   _tmp_value = pval2;
MPRINT(PVALUE):   if (_tmp_value<0 or _tmp_value>1) then pvalc2 = 'ER'||'ROR';
MPRINT(PVALUE):   else if (_tmp_value<0.0001) then pvalc2 ='<0.0001';
MPRINT(PVALUE):   else pvalc2 = put( _tmp_value, 6.4);
MPRINT(PVALUE):   end;
MPRINT(PVALUE):   run;

NOTE: There were 5 observations read from the data set WORK._TABCON2.
NOTE: The data set WORK._TABCON2 has 5 observations and 15 variables.
NOTE: DATA statement used (Total process time):
      real time           0.00 seconds
      cpu time            0.00 seconds
      

MPRINT(TABDCONT):  ;
MPRINT(TABDCONT):   data _tabcon2;
MPRINT(TABDCONT):   set _tabcon2;
MPRINT(TABDCONT):   format pvalc1 pvalc2;
MPRINT(TABDCONT):   run;

NOTE: There were 5 observations read from the data set WORK._TABCON2.
NOTE: The data set WORK._TABCON2 has 5 observations and 15 variables.
                                                                    The SAS System

NOTE: DATA statement used (Total process time):
      real time           0.00 seconds
      cpu time            0.00 seconds
      

MPRINT(TABDCONT):   data combine;
MPRINT(TABDCONT):   set combine _tabcon2;
MPRINT(TABDCONT):   run;

NOTE: There were 0 observations read from the data set WORK.COMBINE.
NOTE: There were 5 observations read from the data set WORK._TABCON2.
NOTE: The data set WORK.COMBINE has 5 observations and 15 variables.
NOTE: DATA statement used (Total process time):
      real time           0.00 seconds
      cpu time            0.01 seconds
      

MPRINT(TABDCONT):   *----------------------------------------------------------------------------;
MPRINT(TABDCONT):   * Cleanup ;
MPRINT(TABDCONT):   *----------------------------------------------------------------------------;
MPRINT(TABDCONT):   proc datasets library = work nolist;
MPRINT(TABDCONT):   delete _tabcon: ;
MPRINT(TABDCONT):   quit;

NOTE: Deleting WORK._TABCON0 (memtype=DATA).
NOTE: Deleting WORK._TABCON1 (memtype=DATA).
NOTE: Deleting WORK._TABCON2 (memtype=DATA).
NOTE: PROCEDURE DATASETS used (Total process time):
      real time           0.00 seconds
      cpu time            0.00 seconds
      

MPRINT(MK_T_S_DEMOG):  ;
MPRINT(TABDCAT):   *-----------------------------------------------------------------------------------------------* | Definition of internal macros 
| *-----------------------------------------------------------------------------------------------*;
MPRINT(TABDCAT):   *------------------------------------------------------------------------;
MPRINT(TABDCAT):   * macro tab_sam_hp ;
MPRINT(TABDCAT):   * Calculate Stratum-Adjusted Mantel-Haenszel Proportion ;
MPRINT(TABDCAT):   *------------------------------------------------------------------------;
MPRINT(TABDCAT):   *------------------------------------------------------------------------;
MPRINT(TABDCAT):   * macro ciexact ;
MPRINT(TABDCAT):   * Calculate Confidence intervals using exact method - VK 15AUG2007;
MPRINT(TABDCAT):   *------------------------------------------------------------------------;
MPRINT(TABDCAT):   *----------------------------------------------------------------------------;
MPRINT(TABDCAT):   * macro ciprep ;
MPRINT(TABDCAT):   * Prepare file for CI calculation ;
                                                                    The SAS System

MPRINT(TABDCAT):   *----------------------------------------------------------------------------;
MPRINT(TABDCAT):   *----------------------------------------------------------------------------;
MPRINT(TABDCAT):   * macro ciprop ;
MPRINT(TABDCAT):   * Do CI calculation ;
MPRINT(TABDCAT):   *----------------------------------------------------------------------------;
MPRINT(TABDCAT):   *----------------------------------------------------------------------------;
MPRINT(TABDCAT):   * macro rratio ;
MPRINT(TABDCAT):   * Do risk ratio calculations ;
MPRINT(TABDCAT):   *----------------------------------------------------------------------------;
MPRINT(TABDCAT):   *----------------------------------------------------------------------------;
MPRINT(TABDCAT):   * macro rrcalc ;
MPRINT(TABDCAT):   * Do risk ratio calculations for each selected pair ;
MPRINT(TABDCAT):   *----------------------------------------------------------------------------;
MPRINT(TABDCAT):   *------------------------------------------------------------------;
MPRINT(TABDCAT):   * macro pval ;
MPRINT(TABDCAT):   * p-value calculation ;
MPRINT(TABDCAT):   *------------------------------------------------------------------;
MPRINT(TABDCAT):   *-----------------------------------------------------------------------------------------------------------* | End of internal 
macro definition and beginning of tabdcat main section | 
*-----------------------------------------------------------------------------------------------------------*;
MPRINT(TABDCAT):   *** use default risktype if no local override ***;
MPRINT(TABDCAT):  ;
MPRINT(TABDCAT):   **************************************************;
MPRINT(TABDCAT):   *** modify stratification locally if requested ***;
MPRINT(TABDCAT):   **************************************************;
MPRINT(TABDCAT):   *----------------------------------------------------------------------------;
MPRINT(TABDCAT):   * Get analysis variable attributes (type, label, format) ;
MPRINT(TABDCAT):   * Cancel run if variable .does not. exist ;
MPRINT(TABDCAT):   *----------------------------------------------------------------------------;
MPRINT(TABDCAT):   data _null_;
MPRINT(TABDCAT):   length label1 label2 $250;
MPRINT(TABDCAT):   ds = open("analf","i");
MPRINT(TABDCAT):   var = varnum(ds , "agegr1n");
MPRINT(TABDCAT):   if not(var) then do;
MPRINT(TABDCAT):   call symput("_errcode","F");
MPRINT(TABDCAT):   call symput("_errmsg","Categorical analysis variable agegr1n .does not. exist - canceling run" );
MPRINT(TABDCAT):   end;
MPRINT(TABDCAT):   else do;
MPRINT(TABDCAT):   call symput("catvfmt",varfmt(ds,var));
MPRINT(TABDCAT):   label1 = varlabel(ds,var);
MPRINT(TABDCAT):   if index(label1,'~') > 0 then do;
MPRINT(TABDCAT):   label2 = scan(label1,2,'~');
MPRINT(TABDCAT):   label1 = scan(label1,1,'~');
MPRINT(TABDCAT):   end;
MPRINT(TABDCAT):   call symput("label1",label1);
MPRINT(TABDCAT):   call symput("label2",label2);
                                                                    The SAS System

MPRINT(TABDCAT):   typ = vartype(ds,var);
MPRINT(TABDCAT):   call symput("type",typ);
MPRINT(TABDCAT):   end;
MPRINT(TABDCAT):   run;

INFO: Character variables have defaulted to a length of 200 at the places given by: (Line):(Column). Truncation can result.
      1673:194 TYP
NOTE: DATA statement used (Total process time):
      real time           0.00 seconds
      cpu time            0.00 seconds
      

MPRINT(TABDCAT):   *****************************************;
MPRINT(TABDCAT):   *** crate template of categories that ***;
MPRINT(TABDCAT):   *** would appear in output. ***;
MPRINT(TABDCAT):   *****************************************;
MPRINT(TABDCAT):   proc sort data = analf out=col (keep= trt01pn) nodupkey;
MPRINT(TABDCAT):   by trt01pn;
MPRINT(TABDCAT):   run;

NOTE: There were 200 observations read from the data set WORK.ANALF.
NOTE: SAS sort was used.
NOTE: 197 observations with duplicate key values were deleted.
NOTE: The data set WORK.COL has 3 observations and 1 variables.
NOTE: PROCEDURE SORT used (Total process time):
      real time           0.02 seconds
      cpu time            0.01 seconds
      

MPRINT(TABDCAT):   ********************************************************************************;
MPRINT(TABDCAT):   *** 1) If there is no format assigned to analysis variabe then ***;
MPRINT(TABDCAT):   *** create template based on data and will alsways incluse missing as a cat. ***;
MPRINT(TABDCAT):   ********************************************************************************;
MPRINT(TABDCAT):   ********************************************************************;
MPRINT(TABDCAT):   *** 2) If there is format assigned to analysis variabe then ***;
MPRINT(TABDCAT):   *** create template based on format (and data, if showall=Y) and ***;
MPRINT(TABDCAT):   *** whether to incluse missing as a cat. ***;
MPRINT(TABDCAT):   ********************************************************************;
MPRINT(TABDCAT):   ** this proc summary is to determine numerator - if need only formatted values or not **;
MPRINT(TABDCAT):   proc summary nway data=analf n noprint;
MPRINT(TABDCAT):   class agegr1n / preloadfmt exclusive;
MPRINT(TABDCAT):   output out=_catnumer (keep=agegr1n rename=(agegr1n=agegr1n));
MPRINT(TABDCAT):   run;

NOTE: Multiple concurrent threads will be used to summarize data.
NOTE: There were 200 observations read from the data set WORK.ANALF.
                                                                    The SAS System

NOTE: The data set WORK._CATNUMER has 2 observations and 1 variables.
NOTE: PROCEDURE SUMMARY used (Total process time):
      real time           0.06 seconds
      cpu time            0.00 seconds
      

MPRINT(TABDCAT):   ** this proc summary is to determine denominator - all non-missing values **;
MPRINT(TABDCAT):   proc summary nway data=analf n completetypes noprint;
MPRINT(TABDCAT):   class agegr1n / preloadfmt;
MPRINT(TABDCAT):   output out=_cat (keep=agegr1n rename=(agegr1n=agegr1n));
MPRINT(TABDCAT):   run;

NOTE: Multiple concurrent threads will be used to summarize data.
NOTE: There were 200 observations read from the data set WORK.ANALF.
NOTE: The data set WORK._CAT has 2 observations and 1 variables.
NOTE: PROCEDURE SUMMARY used (Total process time):
      real time           0.04 seconds
      cpu time            0.02 seconds
      

MPRINT(TABDCAT):   proc sort data=_cat;
MPRINT(TABDCAT):   by agegr1n;
MPRINT(TABDCAT):   run;

NOTE: There were 2 observations read from the data set WORK._CAT.
NOTE: SAS sort was used.
NOTE: The data set WORK._CAT has 2 observations and 1 variables.
NOTE: PROCEDURE SORT used (Total process time):
      real time           0.00 seconds
      cpu time            0.00 seconds
      

MPRINT(TABDCAT):   *** then output the template ***;
MPRINT(TABDCAT):   data _cat;
MPRINT(TABDCAT):   set col end=eof;
MPRINT(TABDCAT):   do i = 1 to x;
MPRINT(TABDCAT):   set _cat nobs=x point=i;
MPRINT(TABDCAT):   output;
MPRINT(TABDCAT):   end;
MPRINT(TABDCAT):   run;

NOTE: There were 3 observations read from the data set WORK.COL.
NOTE: The data set WORK._CAT has 6 observations and 2 variables.
NOTE: DATA statement used (Total process time):
      real time           0.01 seconds
      cpu time            0.00 seconds
                                                                    The SAS System

      

MPRINT(TABDCAT):   *** make sure missing value is in the template ***;
MPRINT(TABDCAT):   proc sort data=_cat;
MPRINT(TABDCAT):   by trt01pn;
MPRINT(TABDCAT):   run;

NOTE: There were 6 observations read from the data set WORK._CAT.
NOTE: SAS sort was used.
NOTE: The data set WORK._CAT has 6 observations and 2 variables.
NOTE: PROCEDURE SORT used (Total process time):
      real time           0.00 seconds
      cpu time            0.00 seconds
      

MPRINT(TABDCAT):   data _cat;
MPRINT(TABDCAT):   set _cat;
MPRINT(TABDCAT):   by trt01pn;
MPRINT(TABDCAT):   output;
MPRINT(TABDCAT):   if first.trt01pn and agegr1n ne . then do;
MPRINT(TABDCAT):   agegr1n = .;
MPRINT(TABDCAT):   output;
MPRINT(TABDCAT):   end;
MPRINT(TABDCAT):   run;

NOTE: There were 6 observations read from the data set WORK._CAT.
NOTE: The data set WORK._CAT has 9 observations and 2 variables.
NOTE: DATA statement used (Total process time):
      real time           0.02 seconds
      cpu time            0.00 seconds
      

MPRINT(TABDCAT):   *** out option value into template ***;
MPRINT(TABDCAT):   data _cat;
MPRINT(TABDCAT):   set _cat;
MPRINT(TABDCAT):   if agegr1n=. then do;
MPRINT(TABDCAT):   nomisspc="N";
MPRINT(TABDCAT):   misspct ="N";
MPRINT(TABDCAT):   misspval="N";
MPRINT(TABDCAT):   end;
MPRINT(TABDCAT):   run;

NOTE: There were 9 observations read from the data set WORK._CAT.
NOTE: The data set WORK._CAT has 9 observations and 5 variables.
NOTE: DATA statement used (Total process time):
      real time           0.02 seconds
                                                                    The SAS System

      cpu time            0.00 seconds
      

MPRINT(TABDCAT):   proc sort;
MPRINT(TABDCAT):   by trt01pn agegr1n;
MPRINT(TABDCAT):   run;

NOTE: There were 9 observations read from the data set WORK._CAT.
NOTE: SAS sort was used.
NOTE: The data set WORK._CAT has 9 observations and 5 variables.
NOTE: PROCEDURE SORT used (Total process time):
      real time           0.00 seconds
      cpu time            0.00 seconds
      

MPRINT(TABDCAT):   * proc print data=_cat;
MPRINT(TABDCAT):   * title 'Cat. template';
MPRINT(TABDCAT):   * run;
MPRINT(TABDCAT):   *-------------------------;
MPRINT(TABDCAT):   * Count all data ;
MPRINT(TABDCAT):   *-------------------------;
MPRINT(TABDCAT):   proc sort data = analf out = _tabcat1;
MPRINT(TABDCAT):   by trt01pn agegr1n;
MPRINT(TABDCAT):   run;

NOTE: There were 200 observations read from the data set WORK.ANALF.
NOTE: SAS sort was used.
NOTE: The data set WORK._TABCAT1 has 200 observations and 43 variables.
NOTE: PROCEDURE SORT used (Total process time):
      real time           0.00 seconds
      cpu time            0.01 seconds
      

MPRINT(TABDCAT):   proc freq data=_tabcat1 noprint;
MPRINT(TABDCAT):   by trt01pn;
MPRINT(TABDCAT):   tables agegr1n / missing out=_tabcat3 (drop=percent);
MPRINT(TABDCAT):   * title "Macro tabdcat: File _tabcat3 after first freq ";
MPRINT(TABDCAT):   run;

NOTE: There were 200 observations read from the data set WORK._TABCAT1.
NOTE: The data set WORK._TABCAT3 has 6 observations and 3 variables.
NOTE: PROCEDURE FREQ used (Total process time):
      real time           0.01 seconds
      cpu time            0.01 seconds
      

                                                                    The SAS System

MPRINT(TABDCAT):   ****************************************;
MPRINT(TABDCAT):   *** merge with _cat to expand levels ***;
MPRINT(TABDCAT):   ****************************************;
MPRINT(TABDCAT):   data _tabcat3;
MPRINT(TABDCAT):   merge _tabcat3 (in=int) _cat (in=ins);
MPRINT(TABDCAT):   by trt01pn agegr1n;
MPRINT(TABDCAT):   if ins;
MPRINT(TABDCAT):   if not int then count = 0;
MPRINT(TABDCAT):   run;

NOTE: There were 6 observations read from the data set WORK._TABCAT3.
NOTE: There were 9 observations read from the data set WORK._CAT.
NOTE: The data set WORK._TABCAT3 has 9 observations and 6 variables.
NOTE: DATA statement used (Total process time):
      real time           0.02 seconds
      cpu time            0.00 seconds
      

MPRINT(TABDCAT):   * proc print;
MPRINT(TABDCAT):   * title "Macro tabdcat: File _tabcat3 after expanding categories";
MPRINT(TABDCAT):   * run;
MPRINT(TABDCAT):   *-----------------------------------------------------------;
MPRINT(TABDCAT):   * Get column totals for denominator ;
MPRINT(TABDCAT):   * If needed to, change the denominator base on denom option;
MPRINT(TABDCAT):   * then calculate percent from count and coldenom ;
MPRINT(TABDCAT):   *-----------------------------------------------------------;
MPRINT(TABDCAT):   proc summary nway data=_tabcat3 noprint;
MPRINT(TABDCAT):   where nomisspc ne 'Y';
MPRINT(TABDCAT):   class trt01pn;
MPRINT(TABDCAT):   var count;
MPRINT(TABDCAT):   output out=_tabcat3b(keep= trt01pn coldenom) sum=coldenom;
MPRINT(TABDCAT):   run;

NOTE: Multiple concurrent threads will be used to summarize data.
NOTE: There were 9 observations read from the data set WORK._TABCAT3.
      WHERE nomisspc not = 'Y';
NOTE: The data set WORK._TABCAT3B has 3 observations and 2 variables.
NOTE: PROCEDURE SUMMARY used (Total process time):
      real time           0.00 seconds
      cpu time            0.00 seconds
      

MPRINT(TABDCAT):   data _tabcat3;
MPRINT(TABDCAT):   merge _tabcat3 (in=in3) _tabcat3b (in=inb) ;
MPRINT(TABDCAT):   by trt01pn;
MPRINT(TABDCAT):   if in3;
                                                                    The SAS System

MPRINT(TABDCAT):   if not inb then coldenom = 0;
MPRINT(TABDCAT):   ** kdaughtry - 09Sep2008 **;
MPRINT(TABDCAT):   **if coldenom ne 0 and .<count<=coldenom then percent = count / coldenom * 100;
MPRINT(TABDCAT):   if count>0 and coldenom ne 0 and .<count<=coldenom then percent = count / coldenom * 100;
MPRINT(TABDCAT):   run;

NOTE: There were 9 observations read from the data set WORK._TABCAT3.
NOTE: There were 3 observations read from the data set WORK._TABCAT3B.
NOTE: The data set WORK._TABCAT3 has 9 observations and 8 variables.
NOTE: DATA statement used (Total process time):
      real time           0.02 seconds
      cpu time            0.00 seconds
      

MPRINT(TABDCAT):   proc sort data=_tabcat3;
MPRINT(TABDCAT):   by agegr1n;
MPRINT(TABDCAT):   run;

NOTE: There were 9 observations read from the data set WORK._TABCAT3.
NOTE: SAS sort was used.
NOTE: The data set WORK._TABCAT3 has 9 observations and 8 variables.
NOTE: PROCEDURE SORT used (Total process time):
      real time           0.00 seconds
      cpu time            0.01 seconds
      

MPRINT(TABDCAT):   proc sort data=_catnumer;
MPRINT(TABDCAT):   by agegr1n;
MPRINT(TABDCAT):   run;

NOTE: There were 2 observations read from the data set WORK._CATNUMER.
NOTE: SAS sort was used.
NOTE: The data set WORK._CATNUMER has 2 observations and 1 variables.
NOTE: PROCEDURE SORT used (Total process time):
      real time           0.00 seconds
      cpu time            0.00 seconds
      

MPRINT(TABDCAT):   ** only keep &var values from _catnumer dataset since this ds **;
MPRINT(TABDCAT):   ** only contains formatted values of &var **;
MPRINT(TABDCAT):   data _tabcat3;
MPRINT(TABDCAT):   merge _tabcat3 _catnumer (in=inn);
MPRINT(TABDCAT):   by agegr1n;
MPRINT(TABDCAT):   if inn or agegr1n=.;
MPRINT(TABDCAT):   run;

                                                                    The SAS System

NOTE: There were 9 observations read from the data set WORK._TABCAT3.
NOTE: There were 2 observations read from the data set WORK._CATNUMER.
NOTE: The data set WORK._TABCAT3 has 9 observations and 8 variables.
NOTE: DATA statement used (Total process time):
      real time           0.02 seconds
      cpu time            0.00 seconds
      

MPRINT(TABDCAT):   proc sort data=_tabcat3;
MPRINT(TABDCAT):   by trt01pn;
MPRINT(TABDCAT):   run;

NOTE: There were 9 observations read from the data set WORK._TABCAT3.
NOTE: SAS sort was used.
NOTE: The data set WORK._TABCAT3 has 9 observations and 8 variables.
NOTE: PROCEDURE SORT used (Total process time):
      real time           0.00 seconds
      cpu time            0.00 seconds
      

MPRINT(TABDCAT):   * proc print data = _tabcat3 (obs=100);
MPRINT(TABDCAT):   * title "Macro tabdcat: File _tabcat3 after calc deniminator";
MPRINT(TABDCAT):   * run;
MPRINT(TABDCAT):   *----------------------------------------;
MPRINT(TABDCAT):   * Percents without missing ;
MPRINT(TABDCAT):   * numbers in denominator ;
MPRINT(TABDCAT):   *----------------------------------------;
MPRINT(TABDCAT):   *** Total patient count variable, used for calculating cell percents ***;
MPRINT(TABDCAT):   **********************************************************************;
MPRINT(TABDCAT):   *** Recalculate the counts without the missings ***;
MPRINT(TABDCAT):   *** if MISSPCT requested (print missings as a category) ***;
MPRINT(TABDCAT):   *** and NOMISSPC requested (do not use missings in the denominator ***;
MPRINT(TABDCAT):   **********************************************************************;
MPRINT(TABDCAT):   ***************************************************************************;
MPRINT(TABDCAT):   *** test: if n = 100 pct for any subgroup and then skip the calculation ***;
MPRINT(TABDCAT):   *** for cilevelw ***;
MPRINT(TABDCAT):   ***************************************************************************;
MPRINT(TABDCAT):   ******************************************;
MPRINT(TABDCAT):   *** put together the display data set ***;
MPRINT(TABDCAT):   ******************************************;
MPRINT(TABDCAT):   data _tabcat4;
MPRINT(TABDCAT):   length statval statval2 statval3 $40 start $200 linlabel $250;
MPRINT(TABDCAT):   set _tabcat3;
MPRINT(TABDCAT):   by trt01pn;
MPRINT(TABDCAT):   array tmpvarn len;
MPRINT(TABDCAT):   array tmpvarc $ statval statval2 statval3 linlabel;
                                                                    The SAS System

MPRINT(TABDCAT):   retain totcount;
MPRINT(TABDCAT):   if first.trt01pn then totcount = 0;
MPRINT(TABDCAT):   if nomisspc^='Y' then totcount + count;
MPRINT(TABDCAT):   start = left(put(agegr1n,best.));
MPRINT(TABDCAT):   linlabel = left(put(agegr1n,AGEGRFMT.));
MPRINT(TABDCAT):   if trim(linlabel) = '.' or linlabel = ' ' then linlabel = '- Missing -';
MPRINT(TABDCAT):   pct = percent;
MPRINT(TABDCAT):   *** NOMISSPC=Y only calculate cellpct if pct is not missing ***;
MPRINT(TABDCAT):   if (pct ne .) then cellpct = 100*(count/100);
MPRINT(TABDCAT):   else cellpct = .;
MPRINT(TABDCAT):   statval = ' ';
MPRINT(TABDCAT):   statval = put(count, 3. );
MPRINT(TABDCAT):   *** If coldenom requested, show N as N/COLUMN TOTAL ***;
MPRINT(TABDCAT):   len = length(statval);
MPRINT(TABDCAT):   *** NOMISSPC=Y only format the nonmissings ***;
MPRINT(TABDCAT):   if (pct ne .) then do;
MPRINT(TABDCAT):   *** Display "0" or "0.0" as "<1" or "<0.1" ***;
MPRINT(TABDCAT):   drop tmppct;
MPRINT(TABDCAT):   tmppct = 10**-1;
MPRINT(TABDCAT):   *** Normal case = percent=0 or is >= threshold ***;
MPRINT(TABDCAT):   if(pct eq 0 or pct>=tmppct) then statval = substr(statval,1,len) || " (" || put(pct,5.1) || "%)";
MPRINT(TABDCAT):   *** Number between 0 and lowest displayable value ***;
MPRINT(TABDCAT):   else statval = substr(statval,1,len) || " ( <" || put(tmppct,3.1) || "%)";
MPRINT(TABDCAT):   end;
MPRINT(TABDCAT):   if misspct ='N' then delete;
MPRINT(TABDCAT):   * delete missing cat if not used in rpt;
MPRINT(TABDCAT):   * if nomisspc='Y' then delete;
MPRINT(TABDCAT):   * delete missing cat if not part of calculations;
MPRINT(TABDCAT):   drop len agegr1n misspct;
MPRINT(TABDCAT):   run;

NOTE: There were 9 observations read from the data set WORK._TABCAT3.
NOTE: The data set WORK._TABCAT4 has 6 observations and 14 variables.
NOTE: DATA statement used (Total process time):
      real time           0.02 seconds
      cpu time            0.00 seconds
      

MPRINT(TABDCAT):   * proc print data=_tabcat4;
MPRINT(TABDCAT):   * title "Macro tabdcat: File _tabcat4 after formating statistics ";
MPRINT(TABDCAT):   * run;
MPRINT(TABDCAT):   proc sort data=_tabcat4;
MPRINT(TABDCAT):   by start linlabel;
MPRINT(TABDCAT):   run;

NOTE: There were 6 observations read from the data set WORK._TABCAT4.
                                                                    The SAS System

NOTE: SAS sort was used.
NOTE: The data set WORK._TABCAT4 has 6 observations and 14 variables.
NOTE: PROCEDURE SORT used (Total process time):
      real time           0.00 seconds
      cpu time            0.00 seconds
      

MPRINT(TABDCAT):   *----------------------------------------------------------------------------;
MPRINT(TABDCAT):   * Transpose the formatted and unformatted statistics ;
MPRINT(TABDCAT):   *----------------------------------------------------------------------------;
MPRINT(TABDCAT):   proc transpose data=_tabcat4 prefix=value out=_tabcat7;
MPRINT(TABDCAT):   var statval;
MPRINT(TABDCAT):   by start linlabel;
MPRINT(TABDCAT):   id trt01pn;
MPRINT(TABDCAT):   where trt01pn is not null;
MPRINT(TABDCAT):   run;

NOTE: There were 6 observations read from the data set WORK._TABCAT4.
      WHERE trt01pn is not null;
NOTE: The data set WORK._TABCAT7 has 2 observations and 6 variables.
NOTE: PROCEDURE TRANSPOSE used (Total process time):
      real time           0.00 seconds
      cpu time            0.00 seconds
      

MPRINT(TABDCAT):   * proc print data = _tabcat7 (obs=100);
MPRINT(TABDCAT):   * title "File _tabcat7 after transpose";
MPRINT(TABDCAT):   * run;
MPRINT(TABDCAT):   *----------------------------------------------------------------------------;
MPRINT(TABDCAT):   * Calculate confidence intervals if requested ;
MPRINT(TABDCAT):   * Redo proc freq, this time with the stratification vars, and run thru ;
MPRINT(TABDCAT):   * stratified CI formula. Output is one record per analysis var value per ;
MPRINT(TABDCAT):   * byvar value ;
MPRINT(TABDCAT):   *----------------------------------------------------------------------------;
MPRINT(TABDCAT):   *----------------------------------------------------------------------------;
MPRINT(TABDCAT):   * Calculate risk ratio if requested ;
MPRINT(TABDCAT):   * Redo proc freq, not using stratification or missing parameters, and call ;
MPRINT(TABDCAT):   * RR formula. Output is one record per analysis var per byvar value ;
MPRINT(TABDCAT):   *----------------------------------------------------------------------------;
MPRINT(TABDCAT):   *---------------------------------------;
MPRINT(TABDCAT):   * CHISQ, CMH, EXACT p-values ;
MPRINT(TABDCAT):   *---------------------------------------;
MPRINT(TABDCAT):   *---------------------------------------------------;
MPRINT(TABDCAT):   * Standard (statified) categorical p-values ;
MPRINT(TABDCAT):   *---------------------------------------------------;
MPRINT(TABDCAT):   proc sort data = analfnot out = _tabcat2;
                                                                    The SAS System

MPRINT(TABDCAT):   by trt01pn agegr1n;
MPRINT(TABDCAT):   run;

NOTE: There were 100 observations read from the data set WORK.ANALFNOT.
NOTE: SAS sort was used.
NOTE: The data set WORK._TABCAT2 has 100 observations and 43 variables.
NOTE: PROCEDURE SORT used (Total process time):
      real time           0.00 seconds
      cpu time            0.00 seconds
      

MPRINT(TABDCAT):   *----------------------------------------------------------------------------;
MPRINT(TABDCAT):   * If pairwise p-values are requested, generate and add to the dataset ;
MPRINT(TABDCAT):   *----------------------------------------------------------------------------;
MPRINT(TABDCAT):   *----------------------------------------------------------------------------;
MPRINT(TABDCAT):   * Final data massage before merging with accumulated statistics ;
MPRINT(TABDCAT):   *----------------------------------------------------------------------------;
MPRINT(TABDCAT):   * proc print data = _tabcat7;
MPRINT(TABDCAT):   * title "File _tabcat7 ";
MPRINT(TABDCAT):   * run;
MPRINT(TABDCAT):   data _tabcat7;
MPRINT(TABDCAT):   length label1 label2 $ 250 statord value1 - value3 $40;
MPRINT(TABDCAT):   set _tabcat7;
MPRINT(TABDCAT):   sortord=1.1;
MPRINT(TABDCAT):   label1="Age Group                                                                                                                  
                                                                                                                               ";
MPRINT(TABDCAT):   label2="                                                                                                                           
                                                                                                                               ";
MPRINT(TABDCAT):   type = "CAT ";
MPRINT(TABDCAT):   statord = left(start);
MPRINT(TABDCAT):   array vl {*} value1 - value3;
MPRINT(TABDCAT):   if trim(start) eq '.' or start = ' ' then delete;
MPRINT(TABDCAT):   if trim(linlabel) = '- Missing -' then statord = '999999999';
MPRINT(TABDCAT):   vct = 0;
MPRINT(TABDCAT):   do i = 1 to 3;
MPRINT(TABDCAT):   if vl{i} = ' ' and substr(linlabel,1,10) ^= 'Risk Ratio' then do;
MPRINT(TABDCAT):   vl{i} = put(0, 3. );
MPRINT(TABDCAT):   len = length(vl{i});
MPRINT(TABDCAT):   * vl{i} = substr(vl{i},1,len) || " (" || put(0,&pctfmt) || "%)";
MPRINT(TABDCAT):   if "N" = 'Y' and statord = '999999999' then do;
MPRINT(TABDCAT):   vl{i} = put(0, 3. );
MPRINT(TABDCAT):   end;
MPRINT(TABDCAT):   end;
MPRINT(TABDCAT):   *** Reset intentionally set "No CI" back to blank ***;
MPRINT(TABDCAT):   *** if all blank then delete ***;
MPRINT(TABDCAT):   if vl{i} = "No CI" then do;
                                                                    The SAS System

MPRINT(TABDCAT):   vl{i} = " ";
MPRINT(TABDCAT):   vct + 1;
MPRINT(TABDCAT):   end;
MPRINT(TABDCAT):   end;
MPRINT(TABDCAT):   if vct = 3 then delete;
MPRINT(TABDCAT):   drop i vct len ;
MPRINT(TABDCAT):   * &var;
MPRINT(TABDCAT):   run;

NOTE: There were 2 observations read from the data set WORK._TABCAT7.
NOTE: The data set WORK._TABCAT7 has 2 observations and 11 variables.
NOTE: DATA statement used (Total process time):
      real time           0.00 seconds
      cpu time            0.01 seconds
      

MPRINT(TABDCAT):   data combine;
MPRINT(TABDCAT):   set combine _tabcat7;
MPRINT(TABDCAT):   format pvalc1 pvalc2;
MPRINT(TABDCAT):   run;

NOTE: There were 5 observations read from the data set WORK.COMBINE.
NOTE: There were 2 observations read from the data set WORK._TABCAT7.
NOTE: The data set WORK.COMBINE has 7 observations and 16 variables.
NOTE: DATA statement used (Total process time):
      real time           0.00 seconds
      cpu time            0.00 seconds
      

MPRINT(TABDCAT):   ***--- End of EXACT CI ---***;
MPRINT(TABDCAT):   * proc print data = combine;
MPRINT(TABDCAT):   * title 'File combine after %tabdcat call';
MPRINT(TABDCAT):   * run;
MPRINT(TABDCAT):   *----------------------------------------------------------------------------;
MPRINT(TABDCAT):   * Cleanup ;
MPRINT(TABDCAT):   *----------------------------------------------------------------------------;
MPRINT(TABDCAT):   proc datasets library = work nolist;
MPRINT(TABDCAT):   delete _tabcat:;
MPRINT(TABDCAT):   quit;

NOTE: Deleting WORK._TABCAT1 (memtype=DATA).
NOTE: Deleting WORK._TABCAT2 (memtype=DATA).
NOTE: Deleting WORK._TABCAT3 (memtype=DATA).
NOTE: Deleting WORK._TABCAT3B (memtype=DATA).
NOTE: Deleting WORK._TABCAT4 (memtype=DATA).
NOTE: Deleting WORK._TABCAT7 (memtype=DATA).
                                                                    The SAS System

NOTE: PROCEDURE DATASETS used (Total process time):
      real time           0.00 seconds
      cpu time            0.00 seconds
      

MPRINT(MK_T_S_DEMOG):  ;
MPRINT(TABDCAT):   *-----------------------------------------------------------------------------------------------* | Definition of internal macros 
| *-----------------------------------------------------------------------------------------------*;
MPRINT(TABDCAT):   *------------------------------------------------------------------------;
MPRINT(TABDCAT):   * macro tab_sam_hp ;
MPRINT(TABDCAT):   * Calculate Stratum-Adjusted Mantel-Haenszel Proportion ;
MPRINT(TABDCAT):   *------------------------------------------------------------------------;
MPRINT(TABDCAT):   *------------------------------------------------------------------------;
MPRINT(TABDCAT):   * macro ciexact ;
MPRINT(TABDCAT):   * Calculate Confidence intervals using exact method - VK 15AUG2007;
MPRINT(TABDCAT):   *------------------------------------------------------------------------;
MPRINT(TABDCAT):   *----------------------------------------------------------------------------;
MPRINT(TABDCAT):   * macro ciprep ;
MPRINT(TABDCAT):   * Prepare file for CI calculation ;
MPRINT(TABDCAT):   *----------------------------------------------------------------------------;
MPRINT(TABDCAT):   *----------------------------------------------------------------------------;
MPRINT(TABDCAT):   * macro ciprop ;
MPRINT(TABDCAT):   * Do CI calculation ;
MPRINT(TABDCAT):   *----------------------------------------------------------------------------;
MPRINT(TABDCAT):   *----------------------------------------------------------------------------;
MPRINT(TABDCAT):   * macro rratio ;
MPRINT(TABDCAT):   * Do risk ratio calculations ;
MPRINT(TABDCAT):   *----------------------------------------------------------------------------;
MPRINT(TABDCAT):   *----------------------------------------------------------------------------;
MPRINT(TABDCAT):   * macro rrcalc ;
MPRINT(TABDCAT):   * Do risk ratio calculations for each selected pair ;
MPRINT(TABDCAT):   *----------------------------------------------------------------------------;
MPRINT(TABDCAT):   *------------------------------------------------------------------;
MPRINT(TABDCAT):   * macro pval ;
MPRINT(TABDCAT):   * p-value calculation ;
MPRINT(TABDCAT):   *------------------------------------------------------------------;
MPRINT(TABDCAT):   *-----------------------------------------------------------------------------------------------------------* | End of internal 
macro definition and beginning of tabdcat main section | 
*-----------------------------------------------------------------------------------------------------------*;
MPRINT(TABDCAT):   *** use default risktype if no local override ***;
MPRINT(TABDCAT):  ;
MPRINT(TABDCAT):   **************************************************;
MPRINT(TABDCAT):   *** modify stratification locally if requested ***;
MPRINT(TABDCAT):   **************************************************;
MPRINT(TABDCAT):   *----------------------------------------------------------------------------;
MPRINT(TABDCAT):   * Get analysis variable attributes (type, label, format) ;
                                                                    The SAS System

MPRINT(TABDCAT):   * Cancel run if variable .does not. exist ;
MPRINT(TABDCAT):   *----------------------------------------------------------------------------;
MPRINT(TABDCAT):   data _null_;
MPRINT(TABDCAT):   length label1 label2 $250;
MPRINT(TABDCAT):   ds = open("analf","i");
MPRINT(TABDCAT):   var = varnum(ds , "sexn");
MPRINT(TABDCAT):   if not(var) then do;
MPRINT(TABDCAT):   call symput("_errcode","F");
MPRINT(TABDCAT):   call symput("_errmsg","Categorical analysis variable sexn .does not. exist - canceling run" );
MPRINT(TABDCAT):   end;
MPRINT(TABDCAT):   else do;
MPRINT(TABDCAT):   call symput("catvfmt",varfmt(ds,var));
MPRINT(TABDCAT):   label1 = varlabel(ds,var);
MPRINT(TABDCAT):   if index(label1,'~') > 0 then do;
MPRINT(TABDCAT):   label2 = scan(label1,2,'~');
MPRINT(TABDCAT):   label1 = scan(label1,1,'~');
MPRINT(TABDCAT):   end;
MPRINT(TABDCAT):   call symput("label1",label1);
MPRINT(TABDCAT):   call symput("label2",label2);
MPRINT(TABDCAT):   typ = vartype(ds,var);
MPRINT(TABDCAT):   call symput("type",typ);
MPRINT(TABDCAT):   end;
MPRINT(TABDCAT):   run;

INFO: Character variables have defaulted to a length of 200 at the places given by: (Line):(Column). Truncation can result.
      1673:194 TYP
NOTE: DATA statement used (Total process time):
      real time           0.00 seconds
      cpu time            0.00 seconds
      

MPRINT(TABDCAT):   *****************************************;
MPRINT(TABDCAT):   *** crate template of categories that ***;
MPRINT(TABDCAT):   *** would appear in output. ***;
MPRINT(TABDCAT):   *****************************************;
MPRINT(TABDCAT):   proc sort data = analf out=col (keep= trt01pn) nodupkey;
MPRINT(TABDCAT):   by trt01pn;
MPRINT(TABDCAT):   run;

NOTE: There were 200 observations read from the data set WORK.ANALF.
NOTE: SAS sort was used.
NOTE: 197 observations with duplicate key values were deleted.
NOTE: The data set WORK.COL has 3 observations and 1 variables.
NOTE: PROCEDURE SORT used (Total process time):
      real time           0.07 seconds
      cpu time            0.00 seconds
                                                                    The SAS System

      

MPRINT(TABDCAT):   ********************************************************************************;
MPRINT(TABDCAT):   *** 1) If there is no format assigned to analysis variabe then ***;
MPRINT(TABDCAT):   *** create template based on data and will alsways incluse missing as a cat. ***;
MPRINT(TABDCAT):   ********************************************************************************;
MPRINT(TABDCAT):   ********************************************************************;
MPRINT(TABDCAT):   *** 2) If there is format assigned to analysis variabe then ***;
MPRINT(TABDCAT):   *** create template based on format (and data, if showall=Y) and ***;
MPRINT(TABDCAT):   *** whether to incluse missing as a cat. ***;
MPRINT(TABDCAT):   ********************************************************************;
MPRINT(TABDCAT):   ** this proc summary is to determine numerator - if need only formatted values or not **;
MPRINT(TABDCAT):   proc summary nway data=analf n noprint;
MPRINT(TABDCAT):   class sexn / preloadfmt exclusive;
MPRINT(TABDCAT):   output out=_catnumer (keep=sexn rename=(sexn=sexn));
MPRINT(TABDCAT):   run;

NOTE: Multiple concurrent threads will be used to summarize data.
NOTE: There were 200 observations read from the data set WORK.ANALF.
NOTE: The data set WORK._CATNUMER has 2 observations and 1 variables.
NOTE: PROCEDURE SUMMARY used (Total process time):
      real time           0.04 seconds
      cpu time            0.01 seconds
      

MPRINT(TABDCAT):   ** this proc summary is to determine denominator - all non-missing values **;
MPRINT(TABDCAT):   proc summary nway data=analf n completetypes noprint;
MPRINT(TABDCAT):   class sexn / preloadfmt;
MPRINT(TABDCAT):   output out=_cat (keep=sexn rename=(sexn=sexn));
MPRINT(TABDCAT):   run;

NOTE: Multiple concurrent threads will be used to summarize data.
NOTE: There were 200 observations read from the data set WORK.ANALF.
NOTE: The data set WORK._CAT has 3 observations and 1 variables.
NOTE: PROCEDURE SUMMARY used (Total process time):
      real time           0.03 seconds
      cpu time            0.01 seconds
      

MPRINT(TABDCAT):   proc sort data=_cat;
MPRINT(TABDCAT):   by sexn;
MPRINT(TABDCAT):   run;

NOTE: There were 3 observations read from the data set WORK._CAT.
NOTE: SAS sort was used.
NOTE: The data set WORK._CAT has 3 observations and 1 variables.
                                                                    The SAS System

NOTE: PROCEDURE SORT used (Total process time):
      real time           0.00 seconds
      cpu time            0.00 seconds
      

MPRINT(TABDCAT):   *** then output the template ***;
MPRINT(TABDCAT):   data _cat;
MPRINT(TABDCAT):   set col end=eof;
MPRINT(TABDCAT):   do i = 1 to x;
MPRINT(TABDCAT):   set _cat nobs=x point=i;
MPRINT(TABDCAT):   output;
MPRINT(TABDCAT):   end;
MPRINT(TABDCAT):   run;

NOTE: There were 3 observations read from the data set WORK.COL.
NOTE: The data set WORK._CAT has 9 observations and 2 variables.
NOTE: DATA statement used (Total process time):
      real time           0.01 seconds
      cpu time            0.01 seconds
      

MPRINT(TABDCAT):   *** make sure missing value is in the template ***;
MPRINT(TABDCAT):   proc sort data=_cat;
MPRINT(TABDCAT):   by trt01pn;
MPRINT(TABDCAT):   run;

NOTE: There were 9 observations read from the data set WORK._CAT.
NOTE: SAS sort was used.
NOTE: The data set WORK._CAT has 9 observations and 2 variables.
NOTE: PROCEDURE SORT used (Total process time):
      real time           0.00 seconds
      cpu time            0.00 seconds
      

MPRINT(TABDCAT):   data _cat;
MPRINT(TABDCAT):   set _cat;
MPRINT(TABDCAT):   by trt01pn;
MPRINT(TABDCAT):   output;
MPRINT(TABDCAT):   if first.trt01pn and sexn ne . then do;
MPRINT(TABDCAT):   sexn = .;
MPRINT(TABDCAT):   output;
MPRINT(TABDCAT):   end;
MPRINT(TABDCAT):   run;

NOTE: There were 9 observations read from the data set WORK._CAT.
NOTE: The data set WORK._CAT has 12 observations and 2 variables.
                                                                    The SAS System

NOTE: DATA statement used (Total process time):
      real time           0.01 seconds
      cpu time            0.00 seconds
      

MPRINT(TABDCAT):   *** out option value into template ***;
MPRINT(TABDCAT):   data _cat;
MPRINT(TABDCAT):   set _cat;
MPRINT(TABDCAT):   if sexn=. then do;
MPRINT(TABDCAT):   nomisspc="N";
MPRINT(TABDCAT):   misspct ="N";
MPRINT(TABDCAT):   misspval="N";
MPRINT(TABDCAT):   end;
MPRINT(TABDCAT):   run;

NOTE: There were 12 observations read from the data set WORK._CAT.
NOTE: The data set WORK._CAT has 12 observations and 5 variables.
NOTE: DATA statement used (Total process time):
      real time           0.00 seconds
      cpu time            0.00 seconds
      

MPRINT(TABDCAT):   proc sort;
MPRINT(TABDCAT):   by trt01pn sexn;
MPRINT(TABDCAT):   run;

NOTE: There were 12 observations read from the data set WORK._CAT.
NOTE: SAS sort was used.
NOTE: The data set WORK._CAT has 12 observations and 5 variables.
NOTE: PROCEDURE SORT used (Total process time):
      real time           0.00 seconds
      cpu time            0.00 seconds
      

MPRINT(TABDCAT):   * proc print data=_cat;
MPRINT(TABDCAT):   * title 'Cat. template';
MPRINT(TABDCAT):   * run;
MPRINT(TABDCAT):   *-------------------------;
MPRINT(TABDCAT):   * Count all data ;
MPRINT(TABDCAT):   *-------------------------;
MPRINT(TABDCAT):   proc sort data = analf out = _tabcat1;
MPRINT(TABDCAT):   by trt01pn sexn;
MPRINT(TABDCAT):   run;

NOTE: There were 200 observations read from the data set WORK.ANALF.
NOTE: SAS sort was used.
                                                                    The SAS System

NOTE: The data set WORK._TABCAT1 has 200 observations and 43 variables.
NOTE: PROCEDURE SORT used (Total process time):
      real time           0.00 seconds
      cpu time            0.01 seconds
      

MPRINT(TABDCAT):   proc freq data=_tabcat1 noprint;
MPRINT(TABDCAT):   by trt01pn;
MPRINT(TABDCAT):   tables sexn / missing out=_tabcat3 (drop=percent);
MPRINT(TABDCAT):   * title "Macro tabdcat: File _tabcat3 after first freq ";
MPRINT(TABDCAT):   run;

NOTE: There were 200 observations read from the data set WORK._TABCAT1.
NOTE: The data set WORK._TABCAT3 has 4 observations and 3 variables.
NOTE: PROCEDURE FREQ used (Total process time):
      real time           0.01 seconds
      cpu time            0.00 seconds
      

MPRINT(TABDCAT):   ****************************************;
MPRINT(TABDCAT):   *** merge with _cat to expand levels ***;
MPRINT(TABDCAT):   ****************************************;
MPRINT(TABDCAT):   data _tabcat3;
MPRINT(TABDCAT):   merge _tabcat3 (in=int) _cat (in=ins);
MPRINT(TABDCAT):   by trt01pn sexn;
MPRINT(TABDCAT):   if ins;
MPRINT(TABDCAT):   if not int then count = 0;
MPRINT(TABDCAT):   run;

NOTE: There were 4 observations read from the data set WORK._TABCAT3.
NOTE: There were 12 observations read from the data set WORK._CAT.
NOTE: The data set WORK._TABCAT3 has 12 observations and 6 variables.
NOTE: DATA statement used (Total process time):
      real time           0.02 seconds
      cpu time            0.01 seconds
      

MPRINT(TABDCAT):   * proc print;
MPRINT(TABDCAT):   * title "Macro tabdcat: File _tabcat3 after expanding categories";
MPRINT(TABDCAT):   * run;
MPRINT(TABDCAT):   *-----------------------------------------------------------;
MPRINT(TABDCAT):   * Get column totals for denominator ;
MPRINT(TABDCAT):   * If needed to, change the denominator base on denom option;
MPRINT(TABDCAT):   * then calculate percent from count and coldenom ;
MPRINT(TABDCAT):   *-----------------------------------------------------------;
MPRINT(TABDCAT):   proc summary nway data=_tabcat3 noprint;
                                                                    The SAS System

MPRINT(TABDCAT):   where nomisspc ne 'Y';
MPRINT(TABDCAT):   class trt01pn;
MPRINT(TABDCAT):   var count;
MPRINT(TABDCAT):   output out=_tabcat3b(keep= trt01pn coldenom) sum=coldenom;
MPRINT(TABDCAT):   run;

NOTE: Multiple concurrent threads will be used to summarize data.
NOTE: There were 12 observations read from the data set WORK._TABCAT3.
      WHERE nomisspc not = 'Y';
NOTE: The data set WORK._TABCAT3B has 3 observations and 2 variables.
NOTE: PROCEDURE SUMMARY used (Total process time):
      real time           0.00 seconds
      cpu time            0.00 seconds
      

MPRINT(TABDCAT):   data _tabcat3;
MPRINT(TABDCAT):   merge _tabcat3 (in=in3) _tabcat3b (in=inb) ;
MPRINT(TABDCAT):   by trt01pn;
MPRINT(TABDCAT):   if in3;
MPRINT(TABDCAT):   if not inb then coldenom = 0;
MPRINT(TABDCAT):   ** kdaughtry - 09Sep2008 **;
MPRINT(TABDCAT):   **if coldenom ne 0 and .<count<=coldenom then percent = count / coldenom * 100;
MPRINT(TABDCAT):   if count>0 and coldenom ne 0 and .<count<=coldenom then percent = count / coldenom * 100;
MPRINT(TABDCAT):   run;

NOTE: There were 12 observations read from the data set WORK._TABCAT3.
NOTE: There were 3 observations read from the data set WORK._TABCAT3B.
NOTE: The data set WORK._TABCAT3 has 12 observations and 8 variables.
NOTE: DATA statement used (Total process time):
      real time           0.01 seconds
      cpu time            0.00 seconds
      

MPRINT(TABDCAT):   proc sort data=_tabcat3;
MPRINT(TABDCAT):   by sexn;
MPRINT(TABDCAT):   run;

NOTE: There were 12 observations read from the data set WORK._TABCAT3.
NOTE: SAS sort was used.
NOTE: The data set WORK._TABCAT3 has 12 observations and 8 variables.
NOTE: PROCEDURE SORT used (Total process time):
      real time           0.00 seconds
      cpu time            0.00 seconds
      

MPRINT(TABDCAT):   proc sort data=_catnumer;
                                                                    The SAS System

MPRINT(TABDCAT):   by sexn;
MPRINT(TABDCAT):   run;

NOTE: There were 2 observations read from the data set WORK._CATNUMER.
NOTE: SAS sort was used.
NOTE: The data set WORK._CATNUMER has 2 observations and 1 variables.
NOTE: PROCEDURE SORT used (Total process time):
      real time           0.00 seconds
      cpu time            0.01 seconds
      

MPRINT(TABDCAT):   ** only keep &var values from _catnumer dataset since this ds **;
MPRINT(TABDCAT):   ** only contains formatted values of &var **;
MPRINT(TABDCAT):   data _tabcat3;
MPRINT(TABDCAT):   merge _tabcat3 _catnumer (in=inn);
MPRINT(TABDCAT):   by sexn;
MPRINT(TABDCAT):   if inn or sexn=.;
MPRINT(TABDCAT):   run;

NOTE: There were 12 observations read from the data set WORK._TABCAT3.
NOTE: There were 2 observations read from the data set WORK._CATNUMER.
NOTE: The data set WORK._TABCAT3 has 9 observations and 8 variables.
NOTE: DATA statement used (Total process time):
      real time           0.01 seconds
      cpu time            0.00 seconds
      

MPRINT(TABDCAT):   proc sort data=_tabcat3;
MPRINT(TABDCAT):   by trt01pn;
MPRINT(TABDCAT):   run;

NOTE: There were 9 observations read from the data set WORK._TABCAT3.
NOTE: SAS sort was used.
NOTE: The data set WORK._TABCAT3 has 9 observations and 8 variables.
NOTE: PROCEDURE SORT used (Total process time):
      real time           0.00 seconds
      cpu time            0.00 seconds
      

MPRINT(TABDCAT):   * proc print data = _tabcat3 (obs=100);
MPRINT(TABDCAT):   * title "Macro tabdcat: File _tabcat3 after calc deniminator";
MPRINT(TABDCAT):   * run;
MPRINT(TABDCAT):   *----------------------------------------;
MPRINT(TABDCAT):   * Percents without missing ;
MPRINT(TABDCAT):   * numbers in denominator ;
MPRINT(TABDCAT):   *----------------------------------------;
                                                                    The SAS System

MPRINT(TABDCAT):   *** Total patient count variable, used for calculating cell percents ***;
MPRINT(TABDCAT):   **********************************************************************;
MPRINT(TABDCAT):   *** Recalculate the counts without the missings ***;
MPRINT(TABDCAT):   *** if MISSPCT requested (print missings as a category) ***;
MPRINT(TABDCAT):   *** and NOMISSPC requested (do not use missings in the denominator ***;
MPRINT(TABDCAT):   **********************************************************************;
MPRINT(TABDCAT):   ***************************************************************************;
MPRINT(TABDCAT):   *** test: if n = 100 pct for any subgroup and then skip the calculation ***;
MPRINT(TABDCAT):   *** for cilevelw ***;
MPRINT(TABDCAT):   ***************************************************************************;
MPRINT(TABDCAT):   ******************************************;
MPRINT(TABDCAT):   *** put together the display data set ***;
MPRINT(TABDCAT):   ******************************************;
MPRINT(TABDCAT):   data _tabcat4;
MPRINT(TABDCAT):   length statval statval2 statval3 $40 start $200 linlabel $250;
MPRINT(TABDCAT):   set _tabcat3;
MPRINT(TABDCAT):   by trt01pn;
MPRINT(TABDCAT):   array tmpvarn len;
MPRINT(TABDCAT):   array tmpvarc $ statval statval2 statval3 linlabel;
MPRINT(TABDCAT):   retain totcount;
MPRINT(TABDCAT):   if first.trt01pn then totcount = 0;
MPRINT(TABDCAT):   if nomisspc^='Y' then totcount + count;
MPRINT(TABDCAT):   start = left(put(sexn,best.));
MPRINT(TABDCAT):   linlabel = left(put(sexn,FSEXN.));
MPRINT(TABDCAT):   if trim(linlabel) = '.' or linlabel = ' ' then linlabel = '- Missing -';
MPRINT(TABDCAT):   pct = percent;
MPRINT(TABDCAT):   *** NOMISSPC=Y only calculate cellpct if pct is not missing ***;
MPRINT(TABDCAT):   if (pct ne .) then cellpct = 100*(count/100);
MPRINT(TABDCAT):   else cellpct = .;
MPRINT(TABDCAT):   statval = ' ';
MPRINT(TABDCAT):   statval = put(count, 3. );
MPRINT(TABDCAT):   *** If coldenom requested, show N as N/COLUMN TOTAL ***;
MPRINT(TABDCAT):   len = length(statval);
MPRINT(TABDCAT):   *** NOMISSPC=Y only format the nonmissings ***;
MPRINT(TABDCAT):   if (pct ne .) then do;
MPRINT(TABDCAT):   *** Display "0" or "0.0" as "<1" or "<0.1" ***;
MPRINT(TABDCAT):   drop tmppct;
MPRINT(TABDCAT):   tmppct = 10**-1;
MPRINT(TABDCAT):   *** Normal case = percent=0 or is >= threshold ***;
MPRINT(TABDCAT):   if(pct eq 0 or pct>=tmppct) then statval = substr(statval,1,len) || " (" || put(pct,5.1) || "%)";
MPRINT(TABDCAT):   *** Number between 0 and lowest displayable value ***;
MPRINT(TABDCAT):   else statval = substr(statval,1,len) || " ( <" || put(tmppct,3.1) || "%)";
MPRINT(TABDCAT):   end;
MPRINT(TABDCAT):   if misspct ='N' then delete;
MPRINT(TABDCAT):   * delete missing cat if not used in rpt;
MPRINT(TABDCAT):   * if nomisspc='Y' then delete;
                                                                    The SAS System

MPRINT(TABDCAT):   * delete missing cat if not part of calculations;
MPRINT(TABDCAT):   drop len sexn misspct;
MPRINT(TABDCAT):   run;

NOTE: There were 9 observations read from the data set WORK._TABCAT3.
NOTE: The data set WORK._TABCAT4 has 6 observations and 14 variables.
NOTE: DATA statement used (Total process time):
      real time           0.01 seconds
      cpu time            0.00 seconds
      

MPRINT(TABDCAT):   * proc print data=_tabcat4;
MPRINT(TABDCAT):   * title "Macro tabdcat: File _tabcat4 after formating statistics ";
MPRINT(TABDCAT):   * run;
MPRINT(TABDCAT):   proc sort data=_tabcat4;
MPRINT(TABDCAT):   by start linlabel;
MPRINT(TABDCAT):   run;

NOTE: There were 6 observations read from the data set WORK._TABCAT4.
NOTE: SAS sort was used.
NOTE: The data set WORK._TABCAT4 has 6 observations and 14 variables.
NOTE: PROCEDURE SORT used (Total process time):
      real time           0.00 seconds
      cpu time            0.00 seconds
      

MPRINT(TABDCAT):   *----------------------------------------------------------------------------;
MPRINT(TABDCAT):   * Transpose the formatted and unformatted statistics ;
MPRINT(TABDCAT):   *----------------------------------------------------------------------------;
MPRINT(TABDCAT):   proc transpose data=_tabcat4 prefix=value out=_tabcat7;
MPRINT(TABDCAT):   var statval;
MPRINT(TABDCAT):   by start linlabel;
MPRINT(TABDCAT):   id trt01pn;
MPRINT(TABDCAT):   where trt01pn is not null;
MPRINT(TABDCAT):   run;

NOTE: There were 6 observations read from the data set WORK._TABCAT4.
      WHERE trt01pn is not null;
NOTE: The data set WORK._TABCAT7 has 2 observations and 6 variables.
NOTE: PROCEDURE TRANSPOSE used (Total process time):
      real time           0.00 seconds
      cpu time            0.00 seconds
      

MPRINT(TABDCAT):   * proc print data = _tabcat7 (obs=100);
MPRINT(TABDCAT):   * title "File _tabcat7 after transpose";
                                                                    The SAS System

MPRINT(TABDCAT):   * run;
MPRINT(TABDCAT):   *----------------------------------------------------------------------------;
MPRINT(TABDCAT):   * Calculate confidence intervals if requested ;
MPRINT(TABDCAT):   * Redo proc freq, this time with the stratification vars, and run thru ;
MPRINT(TABDCAT):   * stratified CI formula. Output is one record per analysis var value per ;
MPRINT(TABDCAT):   * byvar value ;
MPRINT(TABDCAT):   *----------------------------------------------------------------------------;
MPRINT(TABDCAT):   *----------------------------------------------------------------------------;
MPRINT(TABDCAT):   * Calculate risk ratio if requested ;
MPRINT(TABDCAT):   * Redo proc freq, not using stratification or missing parameters, and call ;
MPRINT(TABDCAT):   * RR formula. Output is one record per analysis var per byvar value ;
MPRINT(TABDCAT):   *----------------------------------------------------------------------------;
MPRINT(TABDCAT):   *---------------------------------------;
MPRINT(TABDCAT):   * CHISQ, CMH, EXACT p-values ;
MPRINT(TABDCAT):   *---------------------------------------;
MPRINT(TABDCAT):   *---------------------------------------------------;
MPRINT(TABDCAT):   * Standard (statified) categorical p-values ;
MPRINT(TABDCAT):   *---------------------------------------------------;
MPRINT(TABDCAT):   proc sort data = analfnot out = _tabcat2;
MPRINT(TABDCAT):   by trt01pn sexn;
MPRINT(TABDCAT):   run;

NOTE: There were 100 observations read from the data set WORK.ANALFNOT.
NOTE: SAS sort was used.
NOTE: The data set WORK._TABCAT2 has 100 observations and 43 variables.
NOTE: PROCEDURE SORT used (Total process time):
      real time           0.00 seconds
      cpu time            0.01 seconds
      

MPRINT(TABDCAT):   *----------------------------------------------------------------------------;
MPRINT(TABDCAT):   * If pairwise p-values are requested, generate and add to the dataset ;
MPRINT(TABDCAT):   *----------------------------------------------------------------------------;
MPRINT(TABDCAT):   *----------------------------------------------------------------------------;
MPRINT(TABDCAT):   * Final data massage before merging with accumulated statistics ;
MPRINT(TABDCAT):   *----------------------------------------------------------------------------;
MPRINT(TABDCAT):   * proc print data = _tabcat7;
MPRINT(TABDCAT):   * title "File _tabcat7 ";
MPRINT(TABDCAT):   * run;
MPRINT(TABDCAT):   data _tabcat7;
MPRINT(TABDCAT):   length label1 label2 $ 250 statord value1 - value3 $40;
MPRINT(TABDCAT):   set _tabcat7;
MPRINT(TABDCAT):   sortord=2;
MPRINT(TABDCAT):   label1="Sex at Birth                                                                                                               
                                                                                                                               ";
MPRINT(TABDCAT):   label2="                                                                                                                           
                                                                    The SAS System

                                                                                                                               ";
MPRINT(TABDCAT):   type = "CAT ";
MPRINT(TABDCAT):   statord = left(start);
MPRINT(TABDCAT):   array vl {*} value1 - value3;
MPRINT(TABDCAT):   if trim(start) eq '.' or start = ' ' then delete;
MPRINT(TABDCAT):   if trim(linlabel) = '- Missing -' then statord = '999999999';
MPRINT(TABDCAT):   vct = 0;
MPRINT(TABDCAT):   do i = 1 to 3;
MPRINT(TABDCAT):   if vl{i} = ' ' and substr(linlabel,1,10) ^= 'Risk Ratio' then do;
MPRINT(TABDCAT):   vl{i} = put(0, 3. );
MPRINT(TABDCAT):   len = length(vl{i});
MPRINT(TABDCAT):   * vl{i} = substr(vl{i},1,len) || " (" || put(0,&pctfmt) || "%)";
MPRINT(TABDCAT):   if "N" = 'Y' and statord = '999999999' then do;
MPRINT(TABDCAT):   vl{i} = put(0, 3. );
MPRINT(TABDCAT):   end;
MPRINT(TABDCAT):   end;
MPRINT(TABDCAT):   *** Reset intentionally set "No CI" back to blank ***;
MPRINT(TABDCAT):   *** if all blank then delete ***;
MPRINT(TABDCAT):   if vl{i} = "No CI" then do;
MPRINT(TABDCAT):   vl{i} = " ";
MPRINT(TABDCAT):   vct + 1;
MPRINT(TABDCAT):   end;
MPRINT(TABDCAT):   end;
MPRINT(TABDCAT):   if vct = 3 then delete;
MPRINT(TABDCAT):   drop i vct len ;
MPRINT(TABDCAT):   * &var;
MPRINT(TABDCAT):   run;

NOTE: There were 2 observations read from the data set WORK._TABCAT7.
NOTE: The data set WORK._TABCAT7 has 2 observations and 11 variables.
NOTE: DATA statement used (Total process time):
      real time           0.00 seconds
      cpu time            0.00 seconds
      

MPRINT(TABDCAT):   data combine;
MPRINT(TABDCAT):   set combine _tabcat7;
MPRINT(TABDCAT):   format pvalc1 pvalc2;
MPRINT(TABDCAT):   run;

NOTE: There were 7 observations read from the data set WORK.COMBINE.
NOTE: There were 2 observations read from the data set WORK._TABCAT7.
NOTE: The data set WORK.COMBINE has 9 observations and 16 variables.
NOTE: DATA statement used (Total process time):
      real time           0.00 seconds
      cpu time            0.00 seconds
                                                                    The SAS System

      

MPRINT(TABDCAT):   ***--- End of EXACT CI ---***;
MPRINT(TABDCAT):   * proc print data = combine;
MPRINT(TABDCAT):   * title 'File combine after %tabdcat call';
MPRINT(TABDCAT):   * run;
MPRINT(TABDCAT):   *----------------------------------------------------------------------------;
MPRINT(TABDCAT):   * Cleanup ;
MPRINT(TABDCAT):   *----------------------------------------------------------------------------;
MPRINT(TABDCAT):   proc datasets library = work nolist;
MPRINT(TABDCAT):   delete _tabcat:;
MPRINT(TABDCAT):   quit;

NOTE: Deleting WORK._TABCAT1 (memtype=DATA).
NOTE: Deleting WORK._TABCAT2 (memtype=DATA).
NOTE: Deleting WORK._TABCAT3 (memtype=DATA).
NOTE: Deleting WORK._TABCAT3B (memtype=DATA).
NOTE: Deleting WORK._TABCAT4 (memtype=DATA).
NOTE: Deleting WORK._TABCAT7 (memtype=DATA).
NOTE: PROCEDURE DATASETS used (Total process time):
      real time           0.00 seconds
      cpu time            0.00 seconds
      

MPRINT(MK_T_S_DEMOG):  ;
MPRINT(TABDCAT):   *-----------------------------------------------------------------------------------------------* | Definition of internal macros 
| *-----------------------------------------------------------------------------------------------*;
MPRINT(TABDCAT):   *------------------------------------------------------------------------;
MPRINT(TABDCAT):   * macro tab_sam_hp ;
MPRINT(TABDCAT):   * Calculate Stratum-Adjusted Mantel-Haenszel Proportion ;
MPRINT(TABDCAT):   *------------------------------------------------------------------------;
MPRINT(TABDCAT):   *------------------------------------------------------------------------;
MPRINT(TABDCAT):   * macro ciexact ;
MPRINT(TABDCAT):   * Calculate Confidence intervals using exact method - VK 15AUG2007;
MPRINT(TABDCAT):   *------------------------------------------------------------------------;
MPRINT(TABDCAT):   *----------------------------------------------------------------------------;
MPRINT(TABDCAT):   * macro ciprep ;
MPRINT(TABDCAT):   * Prepare file for CI calculation ;
MPRINT(TABDCAT):   *----------------------------------------------------------------------------;
MPRINT(TABDCAT):   *----------------------------------------------------------------------------;
MPRINT(TABDCAT):   * macro ciprop ;
MPRINT(TABDCAT):   * Do CI calculation ;
MPRINT(TABDCAT):   *----------------------------------------------------------------------------;
MPRINT(TABDCAT):   *----------------------------------------------------------------------------;
MPRINT(TABDCAT):   * macro rratio ;
MPRINT(TABDCAT):   * Do risk ratio calculations ;
                                                                    The SAS System

MPRINT(TABDCAT):   *----------------------------------------------------------------------------;
MPRINT(TABDCAT):   *----------------------------------------------------------------------------;
MPRINT(TABDCAT):   * macro rrcalc ;
MPRINT(TABDCAT):   * Do risk ratio calculations for each selected pair ;
MPRINT(TABDCAT):   *----------------------------------------------------------------------------;
MPRINT(TABDCAT):   *------------------------------------------------------------------;
MPRINT(TABDCAT):   * macro pval ;
MPRINT(TABDCAT):   * p-value calculation ;
MPRINT(TABDCAT):   *------------------------------------------------------------------;
MPRINT(TABDCAT):   *-----------------------------------------------------------------------------------------------------------* | End of internal 
macro definition and beginning of tabdcat main section | 
*-----------------------------------------------------------------------------------------------------------*;
MPRINT(TABDCAT):   *** use default risktype if no local override ***;
MPRINT(TABDCAT):  ;
MPRINT(TABDCAT):   **************************************************;
MPRINT(TABDCAT):   *** modify stratification locally if requested ***;
MPRINT(TABDCAT):   **************************************************;
MPRINT(TABDCAT):   *----------------------------------------------------------------------------;
MPRINT(TABDCAT):   * Get analysis variable attributes (type, label, format) ;
MPRINT(TABDCAT):   * Cancel run if variable .does not. exist ;
MPRINT(TABDCAT):   *----------------------------------------------------------------------------;
MPRINT(TABDCAT):   data _null_;
MPRINT(TABDCAT):   length label1 label2 $250;
MPRINT(TABDCAT):   ds = open("analf","i");
MPRINT(TABDCAT):   var = varnum(ds , "racen");
MPRINT(TABDCAT):   if not(var) then do;
MPRINT(TABDCAT):   call symput("_errcode","F");
MPRINT(TABDCAT):   call symput("_errmsg","Categorical analysis variable racen .does not. exist - canceling run" );
MPRINT(TABDCAT):   end;
MPRINT(TABDCAT):   else do;
MPRINT(TABDCAT):   call symput("catvfmt",varfmt(ds,var));
MPRINT(TABDCAT):   label1 = varlabel(ds,var);
MPRINT(TABDCAT):   if index(label1,'~') > 0 then do;
MPRINT(TABDCAT):   label2 = scan(label1,2,'~');
MPRINT(TABDCAT):   label1 = scan(label1,1,'~');
MPRINT(TABDCAT):   end;
MPRINT(TABDCAT):   call symput("label1",label1);
MPRINT(TABDCAT):   call symput("label2",label2);
MPRINT(TABDCAT):   typ = vartype(ds,var);
MPRINT(TABDCAT):   call symput("type",typ);
MPRINT(TABDCAT):   end;
MPRINT(TABDCAT):   run;

INFO: Character variables have defaulted to a length of 200 at the places given by: (Line):(Column). Truncation can result.
      1673:194 TYP
NOTE: DATA statement used (Total process time):
                                                                    The SAS System

      real time           0.00 seconds
      cpu time            0.00 seconds
      

MPRINT(TABDCAT):   *****************************************;
MPRINT(TABDCAT):   *** crate template of categories that ***;
MPRINT(TABDCAT):   *** would appear in output. ***;
MPRINT(TABDCAT):   *****************************************;
MPRINT(TABDCAT):   proc sort data = analf out=col (keep= trt01pn) nodupkey;
MPRINT(TABDCAT):   by trt01pn;
MPRINT(TABDCAT):   run;

NOTE: There were 200 observations read from the data set WORK.ANALF.
NOTE: SAS sort was used.
NOTE: 197 observations with duplicate key values were deleted.
NOTE: The data set WORK.COL has 3 observations and 1 variables.
NOTE: PROCEDURE SORT used (Total process time):
      real time           0.05 seconds
      cpu time            0.02 seconds
      

MPRINT(TABDCAT):   ********************************************************************************;
MPRINT(TABDCAT):   *** 1) If there is no format assigned to analysis variabe then ***;
MPRINT(TABDCAT):   *** create template based on data and will alsways incluse missing as a cat. ***;
MPRINT(TABDCAT):   ********************************************************************************;
MPRINT(TABDCAT):   ********************************************************************;
MPRINT(TABDCAT):   *** 2) If there is format assigned to analysis variabe then ***;
MPRINT(TABDCAT):   *** create template based on format (and data, if showall=Y) and ***;
MPRINT(TABDCAT):   *** whether to incluse missing as a cat. ***;
MPRINT(TABDCAT):   ********************************************************************;
MPRINT(TABDCAT):   ** this proc summary is to determine numerator - if need only formatted values or not **;
MPRINT(TABDCAT):   proc summary nway data=analf n noprint;
MPRINT(TABDCAT):   class racen / preloadfmt exclusive;
MPRINT(TABDCAT):   output out=_catnumer (keep=racen rename=(racen=racen));
MPRINT(TABDCAT):   run;

NOTE: Multiple concurrent threads will be used to summarize data.
NOTE: There were 200 observations read from the data set WORK.ANALF.
NOTE: The data set WORK._CATNUMER has 4 observations and 1 variables.
NOTE: PROCEDURE SUMMARY used (Total process time):
      real time           0.03 seconds
      cpu time            0.00 seconds
      

MPRINT(TABDCAT):   ** this proc summary is to determine denominator - all non-missing values **;
MPRINT(TABDCAT):   proc summary nway data=analf n completetypes noprint;
                                                                    The SAS System

MPRINT(TABDCAT):   class racen / preloadfmt;
MPRINT(TABDCAT):   output out=_cat (keep=racen rename=(racen=racen));
MPRINT(TABDCAT):   run;

NOTE: Multiple concurrent threads will be used to summarize data.
NOTE: There were 200 observations read from the data set WORK.ANALF.
NOTE: The data set WORK._CAT has 7 observations and 1 variables.
NOTE: PROCEDURE SUMMARY used (Total process time):
      real time           0.02 seconds
      cpu time            0.01 seconds
      

MPRINT(TABDCAT):   proc sort data=_cat;
MPRINT(TABDCAT):   by racen;
MPRINT(TABDCAT):   run;

NOTE: There were 7 observations read from the data set WORK._CAT.
NOTE: SAS sort was used.
NOTE: The data set WORK._CAT has 7 observations and 1 variables.
NOTE: PROCEDURE SORT used (Total process time):
      real time           0.00 seconds
      cpu time            0.00 seconds
      

MPRINT(TABDCAT):   *** then output the template ***;
MPRINT(TABDCAT):   data _cat;
MPRINT(TABDCAT):   set col end=eof;
MPRINT(TABDCAT):   do i = 1 to x;
MPRINT(TABDCAT):   set _cat nobs=x point=i;
MPRINT(TABDCAT):   output;
MPRINT(TABDCAT):   end;
MPRINT(TABDCAT):   run;

NOTE: There were 3 observations read from the data set WORK.COL.
NOTE: The data set WORK._CAT has 21 observations and 2 variables.
NOTE: DATA statement used (Total process time):
      real time           0.01 seconds
      cpu time            0.00 seconds
      

MPRINT(TABDCAT):   *** make sure missing value is in the template ***;
MPRINT(TABDCAT):   proc sort data=_cat;
MPRINT(TABDCAT):   by trt01pn;
MPRINT(TABDCAT):   run;

NOTE: There were 21 observations read from the data set WORK._CAT.
                                                                    The SAS System

NOTE: SAS sort was used.
NOTE: The data set WORK._CAT has 21 observations and 2 variables.
NOTE: PROCEDURE SORT used (Total process time):
      real time           0.00 seconds
      cpu time            0.00 seconds
      

MPRINT(TABDCAT):   data _cat;
MPRINT(TABDCAT):   set _cat;
MPRINT(TABDCAT):   by trt01pn;
MPRINT(TABDCAT):   output;
MPRINT(TABDCAT):   if first.trt01pn and racen ne . then do;
MPRINT(TABDCAT):   racen = .;
MPRINT(TABDCAT):   output;
MPRINT(TABDCAT):   end;
MPRINT(TABDCAT):   run;

NOTE: There were 21 observations read from the data set WORK._CAT.
NOTE: The data set WORK._CAT has 24 observations and 2 variables.
NOTE: DATA statement used (Total process time):
      real time           0.01 seconds
      cpu time            0.01 seconds
      

MPRINT(TABDCAT):   *** out option value into template ***;
MPRINT(TABDCAT):   data _cat;
MPRINT(TABDCAT):   set _cat;
MPRINT(TABDCAT):   if racen=. then do;
MPRINT(TABDCAT):   nomisspc="N";
MPRINT(TABDCAT):   misspct ="N";
MPRINT(TABDCAT):   misspval="N";
MPRINT(TABDCAT):   end;
MPRINT(TABDCAT):   run;

NOTE: There were 24 observations read from the data set WORK._CAT.
NOTE: The data set WORK._CAT has 24 observations and 5 variables.
NOTE: DATA statement used (Total process time):
      real time           0.01 seconds
      cpu time            0.00 seconds
      

MPRINT(TABDCAT):   proc sort;
MPRINT(TABDCAT):   by trt01pn racen;
MPRINT(TABDCAT):   run;

NOTE: There were 24 observations read from the data set WORK._CAT.
                                                                    The SAS System

NOTE: SAS sort was used.
NOTE: The data set WORK._CAT has 24 observations and 5 variables.
NOTE: PROCEDURE SORT used (Total process time):
      real time           0.00 seconds
      cpu time            0.00 seconds
      

MPRINT(TABDCAT):   * proc print data=_cat;
MPRINT(TABDCAT):   * title 'Cat. template';
MPRINT(TABDCAT):   * run;
MPRINT(TABDCAT):   *-------------------------;
MPRINT(TABDCAT):   * Count all data ;
MPRINT(TABDCAT):   *-------------------------;
MPRINT(TABDCAT):   proc sort data = analf out = _tabcat1;
MPRINT(TABDCAT):   by trt01pn racen;
MPRINT(TABDCAT):   run;

NOTE: There were 200 observations read from the data set WORK.ANALF.
NOTE: SAS sort was used.
NOTE: The data set WORK._TABCAT1 has 200 observations and 43 variables.
NOTE: PROCEDURE SORT used (Total process time):
      real time           0.00 seconds
      cpu time            0.00 seconds
      

MPRINT(TABDCAT):   proc freq data=_tabcat1 noprint;
MPRINT(TABDCAT):   by trt01pn;
MPRINT(TABDCAT):   tables racen / missing out=_tabcat3 (drop=percent);
MPRINT(TABDCAT):   * title "Macro tabdcat: File _tabcat3 after first freq ";
MPRINT(TABDCAT):   run;

NOTE: There were 200 observations read from the data set WORK._TABCAT1.
NOTE: The data set WORK._TABCAT3 has 8 observations and 3 variables.
NOTE: PROCEDURE FREQ used (Total process time):
      real time           0.00 seconds
      cpu time            0.01 seconds
      

MPRINT(TABDCAT):   ****************************************;
MPRINT(TABDCAT):   *** merge with _cat to expand levels ***;
MPRINT(TABDCAT):   ****************************************;
MPRINT(TABDCAT):   data _tabcat3;
MPRINT(TABDCAT):   merge _tabcat3 (in=int) _cat (in=ins);
MPRINT(TABDCAT):   by trt01pn racen;
MPRINT(TABDCAT):   if ins;
MPRINT(TABDCAT):   if not int then count = 0;
                                                                    The SAS System

MPRINT(TABDCAT):   run;

NOTE: There were 8 observations read from the data set WORK._TABCAT3.
NOTE: There were 24 observations read from the data set WORK._CAT.
NOTE: The data set WORK._TABCAT3 has 24 observations and 6 variables.
NOTE: DATA statement used (Total process time):
      real time           0.00 seconds
      cpu time            0.00 seconds
      

MPRINT(TABDCAT):   * proc print;
MPRINT(TABDCAT):   * title "Macro tabdcat: File _tabcat3 after expanding categories";
MPRINT(TABDCAT):   * run;
MPRINT(TABDCAT):   *-----------------------------------------------------------;
MPRINT(TABDCAT):   * Get column totals for denominator ;
MPRINT(TABDCAT):   * If needed to, change the denominator base on denom option;
MPRINT(TABDCAT):   * then calculate percent from count and coldenom ;
MPRINT(TABDCAT):   *-----------------------------------------------------------;
MPRINT(TABDCAT):   proc summary nway data=_tabcat3 noprint;
MPRINT(TABDCAT):   where nomisspc ne 'Y';
MPRINT(TABDCAT):   class trt01pn;
MPRINT(TABDCAT):   var count;
MPRINT(TABDCAT):   output out=_tabcat3b(keep= trt01pn coldenom) sum=coldenom;
MPRINT(TABDCAT):   run;

NOTE: Multiple concurrent threads will be used to summarize data.
NOTE: There were 24 observations read from the data set WORK._TABCAT3.
      WHERE nomisspc not = 'Y';
NOTE: The data set WORK._TABCAT3B has 3 observations and 2 variables.
NOTE: PROCEDURE SUMMARY used (Total process time):
      real time           0.00 seconds
      cpu time            0.00 seconds
      

MPRINT(TABDCAT):   data _tabcat3;
MPRINT(TABDCAT):   merge _tabcat3 (in=in3) _tabcat3b (in=inb) ;
MPRINT(TABDCAT):   by trt01pn;
MPRINT(TABDCAT):   if in3;
MPRINT(TABDCAT):   if not inb then coldenom = 0;
MPRINT(TABDCAT):   ** kdaughtry - 09Sep2008 **;
MPRINT(TABDCAT):   **if coldenom ne 0 and .<count<=coldenom then percent = count / coldenom * 100;
MPRINT(TABDCAT):   if count>0 and coldenom ne 0 and .<count<=coldenom then percent = count / coldenom * 100;
MPRINT(TABDCAT):   run;

NOTE: There were 24 observations read from the data set WORK._TABCAT3.
NOTE: There were 3 observations read from the data set WORK._TABCAT3B.
                                                                    The SAS System

NOTE: The data set WORK._TABCAT3 has 24 observations and 8 variables.
NOTE: DATA statement used (Total process time):
      real time           0.01 seconds
      cpu time            0.00 seconds
      

MPRINT(TABDCAT):   proc sort data=_tabcat3;
MPRINT(TABDCAT):   by racen;
MPRINT(TABDCAT):   run;

NOTE: There were 24 observations read from the data set WORK._TABCAT3.
NOTE: SAS sort was used.
NOTE: The data set WORK._TABCAT3 has 24 observations and 8 variables.
NOTE: PROCEDURE SORT used (Total process time):
      real time           0.00 seconds
      cpu time            0.00 seconds
      

MPRINT(TABDCAT):   proc sort data=_catnumer;
MPRINT(TABDCAT):   by racen;
MPRINT(TABDCAT):   run;

NOTE: There were 4 observations read from the data set WORK._CATNUMER.
NOTE: SAS sort was used.
NOTE: The data set WORK._CATNUMER has 4 observations and 1 variables.
NOTE: PROCEDURE SORT used (Total process time):
      real time           0.00 seconds
      cpu time            0.00 seconds
      

MPRINT(TABDCAT):   ** only keep &var values from _catnumer dataset since this ds **;
MPRINT(TABDCAT):   ** only contains formatted values of &var **;
MPRINT(TABDCAT):   data _tabcat3;
MPRINT(TABDCAT):   merge _tabcat3 _catnumer (in=inn);
MPRINT(TABDCAT):   by racen;
MPRINT(TABDCAT):   if inn or racen=.;
MPRINT(TABDCAT):   run;

NOTE: There were 24 observations read from the data set WORK._TABCAT3.
NOTE: There were 4 observations read from the data set WORK._CATNUMER.
NOTE: The data set WORK._TABCAT3 has 15 observations and 8 variables.
NOTE: DATA statement used (Total process time):
      real time           0.00 seconds
      cpu time            0.00 seconds
      

                                                                    The SAS System

MPRINT(TABDCAT):   proc sort data=_tabcat3;
MPRINT(TABDCAT):   by trt01pn;
MPRINT(TABDCAT):   run;

NOTE: There were 15 observations read from the data set WORK._TABCAT3.
NOTE: SAS sort was used.
NOTE: The data set WORK._TABCAT3 has 15 observations and 8 variables.
NOTE: PROCEDURE SORT used (Total process time):
      real time           0.00 seconds
      cpu time            0.00 seconds
      

MPRINT(TABDCAT):   * proc print data = _tabcat3 (obs=100);
MPRINT(TABDCAT):   * title "Macro tabdcat: File _tabcat3 after calc deniminator";
MPRINT(TABDCAT):   * run;
MPRINT(TABDCAT):   *----------------------------------------;
MPRINT(TABDCAT):   * Percents without missing ;
MPRINT(TABDCAT):   * numbers in denominator ;
MPRINT(TABDCAT):   *----------------------------------------;
MPRINT(TABDCAT):   *** Total patient count variable, used for calculating cell percents ***;
MPRINT(TABDCAT):   **********************************************************************;
MPRINT(TABDCAT):   *** Recalculate the counts without the missings ***;
MPRINT(TABDCAT):   *** if MISSPCT requested (print missings as a category) ***;
MPRINT(TABDCAT):   *** and NOMISSPC requested (do not use missings in the denominator ***;
MPRINT(TABDCAT):   **********************************************************************;
MPRINT(TABDCAT):   ***************************************************************************;
MPRINT(TABDCAT):   *** test: if n = 100 pct for any subgroup and then skip the calculation ***;
MPRINT(TABDCAT):   *** for cilevelw ***;
MPRINT(TABDCAT):   ***************************************************************************;
MPRINT(TABDCAT):   ******************************************;
MPRINT(TABDCAT):   *** put together the display data set ***;
MPRINT(TABDCAT):   ******************************************;
MPRINT(TABDCAT):   data _tabcat4;
MPRINT(TABDCAT):   length statval statval2 statval3 $40 start $200 linlabel $250;
MPRINT(TABDCAT):   set _tabcat3;
MPRINT(TABDCAT):   by trt01pn;
MPRINT(TABDCAT):   array tmpvarn len;
MPRINT(TABDCAT):   array tmpvarc $ statval statval2 statval3 linlabel;
MPRINT(TABDCAT):   retain totcount;
MPRINT(TABDCAT):   if first.trt01pn then totcount = 0;
MPRINT(TABDCAT):   if nomisspc^='Y' then totcount + count;
MPRINT(TABDCAT):   start = left(put(racen,best.));
MPRINT(TABDCAT):   linlabel = left(put(racen,FRACEN.));
MPRINT(TABDCAT):   if trim(linlabel) = '.' or linlabel = ' ' then linlabel = '- Missing -';
MPRINT(TABDCAT):   pct = percent;
MPRINT(TABDCAT):   *** NOMISSPC=Y only calculate cellpct if pct is not missing ***;
                                                                    The SAS System

MPRINT(TABDCAT):   if (pct ne .) then cellpct = 100*(count/100);
MPRINT(TABDCAT):   else cellpct = .;
MPRINT(TABDCAT):   statval = ' ';
MPRINT(TABDCAT):   statval = put(count, 3. );
MPRINT(TABDCAT):   *** If coldenom requested, show N as N/COLUMN TOTAL ***;
MPRINT(TABDCAT):   len = length(statval);
MPRINT(TABDCAT):   *** NOMISSPC=Y only format the nonmissings ***;
MPRINT(TABDCAT):   if (pct ne .) then do;
MPRINT(TABDCAT):   *** Display "0" or "0.0" as "<1" or "<0.1" ***;
MPRINT(TABDCAT):   drop tmppct;
MPRINT(TABDCAT):   tmppct = 10**-1;
MPRINT(TABDCAT):   *** Normal case = percent=0 or is >= threshold ***;
MPRINT(TABDCAT):   if(pct eq 0 or pct>=tmppct) then statval = substr(statval,1,len) || " (" || put(pct,5.1) || "%)";
MPRINT(TABDCAT):   *** Number between 0 and lowest displayable value ***;
MPRINT(TABDCAT):   else statval = substr(statval,1,len) || " ( <" || put(tmppct,3.1) || "%)";
MPRINT(TABDCAT):   end;
MPRINT(TABDCAT):   if misspct ='N' then delete;
MPRINT(TABDCAT):   * delete missing cat if not used in rpt;
MPRINT(TABDCAT):   * if nomisspc='Y' then delete;
MPRINT(TABDCAT):   * delete missing cat if not part of calculations;
MPRINT(TABDCAT):   drop len racen misspct;
MPRINT(TABDCAT):   run;

NOTE: There were 15 observations read from the data set WORK._TABCAT3.
NOTE: The data set WORK._TABCAT4 has 12 observations and 14 variables.
NOTE: DATA statement used (Total process time):
      real time           0.00 seconds
      cpu time            0.01 seconds
      

MPRINT(TABDCAT):   * proc print data=_tabcat4;
MPRINT(TABDCAT):   * title "Macro tabdcat: File _tabcat4 after formating statistics ";
MPRINT(TABDCAT):   * run;
MPRINT(TABDCAT):   proc sort data=_tabcat4;
MPRINT(TABDCAT):   by start linlabel;
MPRINT(TABDCAT):   run;

NOTE: There were 12 observations read from the data set WORK._TABCAT4.
NOTE: SAS sort was used.
NOTE: The data set WORK._TABCAT4 has 12 observations and 14 variables.
NOTE: PROCEDURE SORT used (Total process time):
      real time           0.00 seconds
      cpu time            0.01 seconds
      

MPRINT(TABDCAT):   *----------------------------------------------------------------------------;
                                                                    The SAS System

MPRINT(TABDCAT):   * Transpose the formatted and unformatted statistics ;
MPRINT(TABDCAT):   *----------------------------------------------------------------------------;
MPRINT(TABDCAT):   proc transpose data=_tabcat4 prefix=value out=_tabcat7;
MPRINT(TABDCAT):   var statval;
MPRINT(TABDCAT):   by start linlabel;
MPRINT(TABDCAT):   id trt01pn;
MPRINT(TABDCAT):   where trt01pn is not null;
MPRINT(TABDCAT):   run;

NOTE: There were 12 observations read from the data set WORK._TABCAT4.
      WHERE trt01pn is not null;
NOTE: The data set WORK._TABCAT7 has 4 observations and 6 variables.
NOTE: PROCEDURE TRANSPOSE used (Total process time):
      real time           0.00 seconds
      cpu time            0.00 seconds
      

MPRINT(TABDCAT):   * proc print data = _tabcat7 (obs=100);
MPRINT(TABDCAT):   * title "File _tabcat7 after transpose";
MPRINT(TABDCAT):   * run;
MPRINT(TABDCAT):   *----------------------------------------------------------------------------;
MPRINT(TABDCAT):   * Calculate confidence intervals if requested ;
MPRINT(TABDCAT):   * Redo proc freq, this time with the stratification vars, and run thru ;
MPRINT(TABDCAT):   * stratified CI formula. Output is one record per analysis var value per ;
MPRINT(TABDCAT):   * byvar value ;
MPRINT(TABDCAT):   *----------------------------------------------------------------------------;
MPRINT(TABDCAT):   *----------------------------------------------------------------------------;
MPRINT(TABDCAT):   * Calculate risk ratio if requested ;
MPRINT(TABDCAT):   * Redo proc freq, not using stratification or missing parameters, and call ;
MPRINT(TABDCAT):   * RR formula. Output is one record per analysis var per byvar value ;
MPRINT(TABDCAT):   *----------------------------------------------------------------------------;
MPRINT(TABDCAT):   *---------------------------------------;
MPRINT(TABDCAT):   * CHISQ, CMH, EXACT p-values ;
MPRINT(TABDCAT):   *---------------------------------------;
MPRINT(TABDCAT):   *---------------------------------------------------;
MPRINT(TABDCAT):   * Standard (statified) categorical p-values ;
MPRINT(TABDCAT):   *---------------------------------------------------;
MPRINT(TABDCAT):   proc sort data = analfnot out = _tabcat2;
MPRINT(TABDCAT):   by trt01pn racen;
MPRINT(TABDCAT):   run;

NOTE: There were 100 observations read from the data set WORK.ANALFNOT.
NOTE: SAS sort was used.
NOTE: The data set WORK._TABCAT2 has 100 observations and 43 variables.
NOTE: PROCEDURE SORT used (Total process time):
      real time           0.00 seconds
                                                                    The SAS System

      cpu time            0.00 seconds
      

MPRINT(TABDCAT):   *----------------------------------------------------------------------------;
MPRINT(TABDCAT):   * If pairwise p-values are requested, generate and add to the dataset ;
MPRINT(TABDCAT):   *----------------------------------------------------------------------------;
MPRINT(TABDCAT):   *----------------------------------------------------------------------------;
MPRINT(TABDCAT):   * Final data massage before merging with accumulated statistics ;
MPRINT(TABDCAT):   *----------------------------------------------------------------------------;
MPRINT(TABDCAT):   * proc print data = _tabcat7;
MPRINT(TABDCAT):   * title "File _tabcat7 ";
MPRINT(TABDCAT):   * run;
MPRINT(TABDCAT):   data _tabcat7;
MPRINT(TABDCAT):   length label1 label2 $ 250 statord value1 - value3 $40;
MPRINT(TABDCAT):   set _tabcat7;
MPRINT(TABDCAT):   sortord=3;
MPRINT(TABDCAT):   label1="Race                                                                                                                       
                                                                                                                               ";
MPRINT(TABDCAT):   label2="                                                                                                                           
                                                                                                                               ";
MPRINT(TABDCAT):   type = "CAT ";
MPRINT(TABDCAT):   statord = left(start);
MPRINT(TABDCAT):   array vl {*} value1 - value3;
MPRINT(TABDCAT):   if trim(start) eq '.' or start = ' ' then delete;
MPRINT(TABDCAT):   if trim(linlabel) = '- Missing -' then statord = '999999999';
MPRINT(TABDCAT):   vct = 0;
MPRINT(TABDCAT):   do i = 1 to 3;
MPRINT(TABDCAT):   if vl{i} = ' ' and substr(linlabel,1,10) ^= 'Risk Ratio' then do;
MPRINT(TABDCAT):   vl{i} = put(0, 3. );
MPRINT(TABDCAT):   len = length(vl{i});
MPRINT(TABDCAT):   * vl{i} = substr(vl{i},1,len) || " (" || put(0,&pctfmt) || "%)";
MPRINT(TABDCAT):   if "N" = 'Y' and statord = '999999999' then do;
MPRINT(TABDCAT):   vl{i} = put(0, 3. );
MPRINT(TABDCAT):   end;
MPRINT(TABDCAT):   end;
MPRINT(TABDCAT):   *** Reset intentionally set "No CI" back to blank ***;
MPRINT(TABDCAT):   *** if all blank then delete ***;
MPRINT(TABDCAT):   if vl{i} = "No CI" then do;
MPRINT(TABDCAT):   vl{i} = " ";
MPRINT(TABDCAT):   vct + 1;
MPRINT(TABDCAT):   end;
MPRINT(TABDCAT):   end;
MPRINT(TABDCAT):   if vct = 3 then delete;
MPRINT(TABDCAT):   drop i vct len ;
MPRINT(TABDCAT):   * &var;
MPRINT(TABDCAT):   run;
                                                                    The SAS System


NOTE: There were 4 observations read from the data set WORK._TABCAT7.
NOTE: The data set WORK._TABCAT7 has 4 observations and 11 variables.
NOTE: DATA statement used (Total process time):
      real time           0.00 seconds
      cpu time            0.00 seconds
      

MPRINT(TABDCAT):   data combine;
MPRINT(TABDCAT):   set combine _tabcat7;
MPRINT(TABDCAT):   format pvalc1 pvalc2;
MPRINT(TABDCAT):   run;

NOTE: There were 9 observations read from the data set WORK.COMBINE.
NOTE: There were 4 observations read from the data set WORK._TABCAT7.
NOTE: The data set WORK.COMBINE has 13 observations and 16 variables.
NOTE: DATA statement used (Total process time):
      real time           0.00 seconds
      cpu time            0.00 seconds
      

MPRINT(TABDCAT):   ***--- End of EXACT CI ---***;
MPRINT(TABDCAT):   * proc print data = combine;
MPRINT(TABDCAT):   * title 'File combine after %tabdcat call';
MPRINT(TABDCAT):   * run;
MPRINT(TABDCAT):   *----------------------------------------------------------------------------;
MPRINT(TABDCAT):   * Cleanup ;
MPRINT(TABDCAT):   *----------------------------------------------------------------------------;
MPRINT(TABDCAT):   proc datasets library = work nolist;
MPRINT(TABDCAT):   delete _tabcat:;
MPRINT(TABDCAT):   quit;

NOTE: Deleting WORK._TABCAT1 (memtype=DATA).
NOTE: Deleting WORK._TABCAT2 (memtype=DATA).
NOTE: Deleting WORK._TABCAT3 (memtype=DATA).
NOTE: Deleting WORK._TABCAT3B (memtype=DATA).
NOTE: Deleting WORK._TABCAT4 (memtype=DATA).
NOTE: Deleting WORK._TABCAT7 (memtype=DATA).
NOTE: PROCEDURE DATASETS used (Total process time):
      real time           0.00 seconds
      cpu time            0.01 seconds
      

MPRINT(MK_T_S_DEMOG):  ;
MPRINT(TABDCAT):   *-----------------------------------------------------------------------------------------------* | Definition of internal macros 
| *-----------------------------------------------------------------------------------------------*;
                                                                    The SAS System

MPRINT(TABDCAT):   *------------------------------------------------------------------------;
MPRINT(TABDCAT):   * macro tab_sam_hp ;
MPRINT(TABDCAT):   * Calculate Stratum-Adjusted Mantel-Haenszel Proportion ;
MPRINT(TABDCAT):   *------------------------------------------------------------------------;
MPRINT(TABDCAT):   *------------------------------------------------------------------------;
MPRINT(TABDCAT):   * macro ciexact ;
MPRINT(TABDCAT):   * Calculate Confidence intervals using exact method - VK 15AUG2007;
MPRINT(TABDCAT):   *------------------------------------------------------------------------;
MPRINT(TABDCAT):   *----------------------------------------------------------------------------;
MPRINT(TABDCAT):   * macro ciprep ;
MPRINT(TABDCAT):   * Prepare file for CI calculation ;
MPRINT(TABDCAT):   *----------------------------------------------------------------------------;
MPRINT(TABDCAT):   *----------------------------------------------------------------------------;
MPRINT(TABDCAT):   * macro ciprop ;
MPRINT(TABDCAT):   * Do CI calculation ;
MPRINT(TABDCAT):   *----------------------------------------------------------------------------;
MPRINT(TABDCAT):   *----------------------------------------------------------------------------;
MPRINT(TABDCAT):   * macro rratio ;
MPRINT(TABDCAT):   * Do risk ratio calculations ;
MPRINT(TABDCAT):   *----------------------------------------------------------------------------;
MPRINT(TABDCAT):   *----------------------------------------------------------------------------;
MPRINT(TABDCAT):   * macro rrcalc ;
MPRINT(TABDCAT):   * Do risk ratio calculations for each selected pair ;
MPRINT(TABDCAT):   *----------------------------------------------------------------------------;
MPRINT(TABDCAT):   *------------------------------------------------------------------;
MPRINT(TABDCAT):   * macro pval ;
MPRINT(TABDCAT):   * p-value calculation ;
MPRINT(TABDCAT):   *------------------------------------------------------------------;
MPRINT(TABDCAT):   *-----------------------------------------------------------------------------------------------------------* | End of internal 
macro definition and beginning of tabdcat main section | 
*-----------------------------------------------------------------------------------------------------------*;
MPRINT(TABDCAT):   *** use default risktype if no local override ***;
MPRINT(TABDCAT):  ;
MPRINT(TABDCAT):   **************************************************;
MPRINT(TABDCAT):   *** modify stratification locally if requested ***;
MPRINT(TABDCAT):   **************************************************;
MPRINT(TABDCAT):   *----------------------------------------------------------------------------;
MPRINT(TABDCAT):   * Get analysis variable attributes (type, label, format) ;
MPRINT(TABDCAT):   * Cancel run if variable .does not. exist ;
MPRINT(TABDCAT):   *----------------------------------------------------------------------------;
MPRINT(TABDCAT):   data _null_;
MPRINT(TABDCAT):   length label1 label2 $250;
MPRINT(TABDCAT):   ds = open("analf","i");
MPRINT(TABDCAT):   var = varnum(ds , "ethnicn");
MPRINT(TABDCAT):   if not(var) then do;
MPRINT(TABDCAT):   call symput("_errcode","F");
                                                                    The SAS System

MPRINT(TABDCAT):   call symput("_errmsg","Categorical analysis variable ethnicn .does not. exist - canceling run" );
MPRINT(TABDCAT):   end;
MPRINT(TABDCAT):   else do;
MPRINT(TABDCAT):   call symput("catvfmt",varfmt(ds,var));
MPRINT(TABDCAT):   label1 = varlabel(ds,var);
MPRINT(TABDCAT):   if index(label1,'~') > 0 then do;
MPRINT(TABDCAT):   label2 = scan(label1,2,'~');
MPRINT(TABDCAT):   label1 = scan(label1,1,'~');
MPRINT(TABDCAT):   end;
MPRINT(TABDCAT):   call symput("label1",label1);
MPRINT(TABDCAT):   call symput("label2",label2);
MPRINT(TABDCAT):   typ = vartype(ds,var);
MPRINT(TABDCAT):   call symput("type",typ);
MPRINT(TABDCAT):   end;
MPRINT(TABDCAT):   run;

INFO: Character variables have defaulted to a length of 200 at the places given by: (Line):(Column). Truncation can result.
      1673:194 TYP
NOTE: DATA statement used (Total process time):
      real time           0.00 seconds
      cpu time            0.00 seconds
      

MPRINT(TABDCAT):   *****************************************;
MPRINT(TABDCAT):   *** crate template of categories that ***;
MPRINT(TABDCAT):   *** would appear in output. ***;
MPRINT(TABDCAT):   *****************************************;
MPRINT(TABDCAT):   proc sort data = analf out=col (keep= trt01pn) nodupkey;
MPRINT(TABDCAT):   by trt01pn;
MPRINT(TABDCAT):   run;

NOTE: There were 200 observations read from the data set WORK.ANALF.
NOTE: SAS sort was used.
NOTE: 197 observations with duplicate key values were deleted.
NOTE: The data set WORK.COL has 3 observations and 1 variables.
NOTE: PROCEDURE SORT used (Total process time):
      real time           0.02 seconds
      cpu time            0.00 seconds
      

MPRINT(TABDCAT):   ********************************************************************************;
MPRINT(TABDCAT):   *** 1) If there is no format assigned to analysis variabe then ***;
MPRINT(TABDCAT):   *** create template based on data and will alsways incluse missing as a cat. ***;
MPRINT(TABDCAT):   ********************************************************************************;
MPRINT(TABDCAT):   ********************************************************************;
MPRINT(TABDCAT):   *** 2) If there is format assigned to analysis variabe then ***;
                                                                    The SAS System

MPRINT(TABDCAT):   *** create template based on format (and data, if showall=Y) and ***;
MPRINT(TABDCAT):   *** whether to incluse missing as a cat. ***;
MPRINT(TABDCAT):   ********************************************************************;
MPRINT(TABDCAT):   ** this proc summary is to determine numerator - if need only formatted values or not **;
MPRINT(TABDCAT):   proc summary nway data=analf n noprint;
MPRINT(TABDCAT):   class ethnicn / preloadfmt exclusive;
MPRINT(TABDCAT):   output out=_catnumer (keep=ethnicn rename=(ethnicn=ethnicn));
MPRINT(TABDCAT):   run;

NOTE: Multiple concurrent threads will be used to summarize data.
NOTE: There were 200 observations read from the data set WORK.ANALF.
NOTE: The data set WORK._CATNUMER has 2 observations and 1 variables.
NOTE: PROCEDURE SUMMARY used (Total process time):
      real time           0.02 seconds
      cpu time            0.02 seconds
      

MPRINT(TABDCAT):   ** this proc summary is to determine denominator - all non-missing values **;
MPRINT(TABDCAT):   proc summary nway data=analf n completetypes noprint;
MPRINT(TABDCAT):   class ethnicn / preloadfmt;
MPRINT(TABDCAT):   output out=_cat (keep=ethnicn rename=(ethnicn=ethnicn));
MPRINT(TABDCAT):   run;

NOTE: Multiple concurrent threads will be used to summarize data.
NOTE: There were 200 observations read from the data set WORK.ANALF.
NOTE: The data set WORK._CAT has 3 observations and 1 variables.
NOTE: PROCEDURE SUMMARY used (Total process time):
      real time           0.01 seconds
      cpu time            0.00 seconds
      

MPRINT(TABDCAT):   proc sort data=_cat;
MPRINT(TABDCAT):   by ethnicn;
MPRINT(TABDCAT):   run;

NOTE: There were 3 observations read from the data set WORK._CAT.
NOTE: SAS sort was used.
NOTE: The data set WORK._CAT has 3 observations and 1 variables.
NOTE: PROCEDURE SORT used (Total process time):
      real time           0.00 seconds
      cpu time            0.00 seconds
      

MPRINT(TABDCAT):   *** then output the template ***;
MPRINT(TABDCAT):   data _cat;
MPRINT(TABDCAT):   set col end=eof;
                                                                    The SAS System

MPRINT(TABDCAT):   do i = 1 to x;
MPRINT(TABDCAT):   set _cat nobs=x point=i;
MPRINT(TABDCAT):   output;
MPRINT(TABDCAT):   end;
MPRINT(TABDCAT):   run;

NOTE: There were 3 observations read from the data set WORK.COL.
NOTE: The data set WORK._CAT has 9 observations and 2 variables.
NOTE: DATA statement used (Total process time):
      real time           0.00 seconds
      cpu time            0.01 seconds
      

MPRINT(TABDCAT):   *** make sure missing value is in the template ***;
MPRINT(TABDCAT):   proc sort data=_cat;
MPRINT(TABDCAT):   by trt01pn;
MPRINT(TABDCAT):   run;

NOTE: There were 9 observations read from the data set WORK._CAT.
NOTE: SAS sort was used.
NOTE: The data set WORK._CAT has 9 observations and 2 variables.
NOTE: PROCEDURE SORT used (Total process time):
      real time           0.00 seconds
      cpu time            0.00 seconds
      

MPRINT(TABDCAT):   data _cat;
MPRINT(TABDCAT):   set _cat;
MPRINT(TABDCAT):   by trt01pn;
MPRINT(TABDCAT):   output;
MPRINT(TABDCAT):   if first.trt01pn and ethnicn ne . then do;
MPRINT(TABDCAT):   ethnicn = .;
MPRINT(TABDCAT):   output;
MPRINT(TABDCAT):   end;
MPRINT(TABDCAT):   run;

NOTE: There were 9 observations read from the data set WORK._CAT.
NOTE: The data set WORK._CAT has 12 observations and 2 variables.
NOTE: DATA statement used (Total process time):
      real time           0.00 seconds
      cpu time            0.00 seconds
      

MPRINT(TABDCAT):   *** out option value into template ***;
MPRINT(TABDCAT):   data _cat;
MPRINT(TABDCAT):   set _cat;
                                                                    The SAS System

MPRINT(TABDCAT):   if ethnicn=. then do;
MPRINT(TABDCAT):   nomisspc="N";
MPRINT(TABDCAT):   misspct ="N";
MPRINT(TABDCAT):   misspval="N";
MPRINT(TABDCAT):   end;
MPRINT(TABDCAT):   run;

NOTE: There were 12 observations read from the data set WORK._CAT.
NOTE: The data set WORK._CAT has 12 observations and 5 variables.
NOTE: DATA statement used (Total process time):
      real time           0.00 seconds
      cpu time            0.00 seconds
      

MPRINT(TABDCAT):   proc sort;
MPRINT(TABDCAT):   by trt01pn ethnicn;
MPRINT(TABDCAT):   run;

NOTE: There were 12 observations read from the data set WORK._CAT.
NOTE: SAS sort was used.
NOTE: The data set WORK._CAT has 12 observations and 5 variables.
NOTE: PROCEDURE SORT used (Total process time):
      real time           0.00 seconds
      cpu time            0.01 seconds
      

MPRINT(TABDCAT):   * proc print data=_cat;
MPRINT(TABDCAT):   * title 'Cat. template';
MPRINT(TABDCAT):   * run;
MPRINT(TABDCAT):   *-------------------------;
MPRINT(TABDCAT):   * Count all data ;
MPRINT(TABDCAT):   *-------------------------;
MPRINT(TABDCAT):   proc sort data = analf out = _tabcat1;
MPRINT(TABDCAT):   by trt01pn ethnicn;
MPRINT(TABDCAT):   run;

NOTE: There were 200 observations read from the data set WORK.ANALF.
NOTE: SAS sort was used.
NOTE: The data set WORK._TABCAT1 has 200 observations and 43 variables.
NOTE: PROCEDURE SORT used (Total process time):
      real time           0.00 seconds
      cpu time            0.00 seconds
      

MPRINT(TABDCAT):   proc freq data=_tabcat1 noprint;
MPRINT(TABDCAT):   by trt01pn;
                                                                    The SAS System

MPRINT(TABDCAT):   tables ethnicn / missing out=_tabcat3 (drop=percent);
MPRINT(TABDCAT):   * title "Macro tabdcat: File _tabcat3 after first freq ";
MPRINT(TABDCAT):   run;

NOTE: There were 200 observations read from the data set WORK._TABCAT1.
NOTE: The data set WORK._TABCAT3 has 6 observations and 3 variables.
NOTE: PROCEDURE FREQ used (Total process time):
      real time           0.00 seconds
      cpu time            0.00 seconds
      

MPRINT(TABDCAT):   ****************************************;
MPRINT(TABDCAT):   *** merge with _cat to expand levels ***;
MPRINT(TABDCAT):   ****************************************;
MPRINT(TABDCAT):   data _tabcat3;
MPRINT(TABDCAT):   merge _tabcat3 (in=int) _cat (in=ins);
MPRINT(TABDCAT):   by trt01pn ethnicn;
MPRINT(TABDCAT):   if ins;
MPRINT(TABDCAT):   if not int then count = 0;
MPRINT(TABDCAT):   run;

NOTE: There were 6 observations read from the data set WORK._TABCAT3.
NOTE: There were 12 observations read from the data set WORK._CAT.
NOTE: The data set WORK._TABCAT3 has 12 observations and 6 variables.
NOTE: DATA statement used (Total process time):
      real time           0.00 seconds
      cpu time            0.00 seconds
      

MPRINT(TABDCAT):   * proc print;
MPRINT(TABDCAT):   * title "Macro tabdcat: File _tabcat3 after expanding categories";
MPRINT(TABDCAT):   * run;
MPRINT(TABDCAT):   *-----------------------------------------------------------;
MPRINT(TABDCAT):   * Get column totals for denominator ;
MPRINT(TABDCAT):   * If needed to, change the denominator base on denom option;
MPRINT(TABDCAT):   * then calculate percent from count and coldenom ;
MPRINT(TABDCAT):   *-----------------------------------------------------------;
MPRINT(TABDCAT):   proc summary nway data=_tabcat3 noprint;
MPRINT(TABDCAT):   where nomisspc ne 'Y';
MPRINT(TABDCAT):   class trt01pn;
MPRINT(TABDCAT):   var count;
MPRINT(TABDCAT):   output out=_tabcat3b(keep= trt01pn coldenom) sum=coldenom;
MPRINT(TABDCAT):   run;

NOTE: Multiple concurrent threads will be used to summarize data.
NOTE: There were 12 observations read from the data set WORK._TABCAT3.
                                                                    The SAS System

      WHERE nomisspc not = 'Y';
NOTE: The data set WORK._TABCAT3B has 3 observations and 2 variables.
NOTE: PROCEDURE SUMMARY used (Total process time):
      real time           0.00 seconds
      cpu time            0.00 seconds
      

MPRINT(TABDCAT):   data _tabcat3;
MPRINT(TABDCAT):   merge _tabcat3 (in=in3) _tabcat3b (in=inb) ;
MPRINT(TABDCAT):   by trt01pn;
MPRINT(TABDCAT):   if in3;
MPRINT(TABDCAT):   if not inb then coldenom = 0;
MPRINT(TABDCAT):   ** kdaughtry - 09Sep2008 **;
MPRINT(TABDCAT):   **if coldenom ne 0 and .<count<=coldenom then percent = count / coldenom * 100;
MPRINT(TABDCAT):   if count>0 and coldenom ne 0 and .<count<=coldenom then percent = count / coldenom * 100;
MPRINT(TABDCAT):   run;

NOTE: There were 12 observations read from the data set WORK._TABCAT3.
NOTE: There were 3 observations read from the data set WORK._TABCAT3B.
NOTE: The data set WORK._TABCAT3 has 12 observations and 8 variables.
NOTE: DATA statement used (Total process time):
      real time           0.00 seconds
      cpu time            0.00 seconds
      

MPRINT(TABDCAT):   proc sort data=_tabcat3;
MPRINT(TABDCAT):   by ethnicn;
MPRINT(TABDCAT):   run;

NOTE: There were 12 observations read from the data set WORK._TABCAT3.
NOTE: SAS sort was used.
NOTE: The data set WORK._TABCAT3 has 12 observations and 8 variables.
NOTE: PROCEDURE SORT used (Total process time):
      real time           0.00 seconds
      cpu time            0.01 seconds
      

MPRINT(TABDCAT):   proc sort data=_catnumer;
MPRINT(TABDCAT):   by ethnicn;
MPRINT(TABDCAT):   run;

NOTE: There were 2 observations read from the data set WORK._CATNUMER.
NOTE: SAS sort was used.
NOTE: The data set WORK._CATNUMER has 2 observations and 1 variables.
NOTE: PROCEDURE SORT used (Total process time):
      real time           0.00 seconds
                                                                    The SAS System

      cpu time            0.00 seconds
      

MPRINT(TABDCAT):   ** only keep &var values from _catnumer dataset since this ds **;
MPRINT(TABDCAT):   ** only contains formatted values of &var **;
MPRINT(TABDCAT):   data _tabcat3;
MPRINT(TABDCAT):   merge _tabcat3 _catnumer (in=inn);
MPRINT(TABDCAT):   by ethnicn;
MPRINT(TABDCAT):   if inn or ethnicn=.;
MPRINT(TABDCAT):   run;

NOTE: There were 12 observations read from the data set WORK._TABCAT3.
NOTE: There were 2 observations read from the data set WORK._CATNUMER.
NOTE: The data set WORK._TABCAT3 has 9 observations and 8 variables.
NOTE: DATA statement used (Total process time):
      real time           0.00 seconds
      cpu time            0.00 seconds
      

MPRINT(TABDCAT):   proc sort data=_tabcat3;
MPRINT(TABDCAT):   by trt01pn;
MPRINT(TABDCAT):   run;

NOTE: There were 9 observations read from the data set WORK._TABCAT3.
NOTE: SAS sort was used.
NOTE: The data set WORK._TABCAT3 has 9 observations and 8 variables.
NOTE: PROCEDURE SORT used (Total process time):
      real time           0.00 seconds
      cpu time            0.00 seconds
      

MPRINT(TABDCAT):   * proc print data = _tabcat3 (obs=100);
MPRINT(TABDCAT):   * title "Macro tabdcat: File _tabcat3 after calc deniminator";
MPRINT(TABDCAT):   * run;
MPRINT(TABDCAT):   *----------------------------------------;
MPRINT(TABDCAT):   * Percents without missing ;
MPRINT(TABDCAT):   * numbers in denominator ;
MPRINT(TABDCAT):   *----------------------------------------;
MPRINT(TABDCAT):   *** Total patient count variable, used for calculating cell percents ***;
MPRINT(TABDCAT):   **********************************************************************;
MPRINT(TABDCAT):   *** Recalculate the counts without the missings ***;
MPRINT(TABDCAT):   *** if MISSPCT requested (print missings as a category) ***;
MPRINT(TABDCAT):   *** and NOMISSPC requested (do not use missings in the denominator ***;
MPRINT(TABDCAT):   **********************************************************************;
MPRINT(TABDCAT):   ***************************************************************************;
MPRINT(TABDCAT):   *** test: if n = 100 pct for any subgroup and then skip the calculation ***;
                                                                    The SAS System

MPRINT(TABDCAT):   *** for cilevelw ***;
MPRINT(TABDCAT):   ***************************************************************************;
MPRINT(TABDCAT):   ******************************************;
MPRINT(TABDCAT):   *** put together the display data set ***;
MPRINT(TABDCAT):   ******************************************;
MPRINT(TABDCAT):   data _tabcat4;
MPRINT(TABDCAT):   length statval statval2 statval3 $40 start $200 linlabel $250;
MPRINT(TABDCAT):   set _tabcat3;
MPRINT(TABDCAT):   by trt01pn;
MPRINT(TABDCAT):   array tmpvarn len;
MPRINT(TABDCAT):   array tmpvarc $ statval statval2 statval3 linlabel;
MPRINT(TABDCAT):   retain totcount;
MPRINT(TABDCAT):   if first.trt01pn then totcount = 0;
MPRINT(TABDCAT):   if nomisspc^='Y' then totcount + count;
MPRINT(TABDCAT):   start = left(put(ethnicn,best.));
MPRINT(TABDCAT):   linlabel = left(put(ethnicn,FETHNICN.));
MPRINT(TABDCAT):   if trim(linlabel) = '.' or linlabel = ' ' then linlabel = '- Missing -';
MPRINT(TABDCAT):   pct = percent;
MPRINT(TABDCAT):   *** NOMISSPC=Y only calculate cellpct if pct is not missing ***;
MPRINT(TABDCAT):   if (pct ne .) then cellpct = 100*(count/100);
MPRINT(TABDCAT):   else cellpct = .;
MPRINT(TABDCAT):   statval = ' ';
MPRINT(TABDCAT):   statval = put(count, 3. );
MPRINT(TABDCAT):   *** If coldenom requested, show N as N/COLUMN TOTAL ***;
MPRINT(TABDCAT):   len = length(statval);
MPRINT(TABDCAT):   *** NOMISSPC=Y only format the nonmissings ***;
MPRINT(TABDCAT):   if (pct ne .) then do;
MPRINT(TABDCAT):   *** Display "0" or "0.0" as "<1" or "<0.1" ***;
MPRINT(TABDCAT):   drop tmppct;
MPRINT(TABDCAT):   tmppct = 10**-1;
MPRINT(TABDCAT):   *** Normal case = percent=0 or is >= threshold ***;
MPRINT(TABDCAT):   if(pct eq 0 or pct>=tmppct) then statval = substr(statval,1,len) || " (" || put(pct,5.1) || "%)";
MPRINT(TABDCAT):   *** Number between 0 and lowest displayable value ***;
MPRINT(TABDCAT):   else statval = substr(statval,1,len) || " ( <" || put(tmppct,3.1) || "%)";
MPRINT(TABDCAT):   end;
MPRINT(TABDCAT):   if misspct ='N' then delete;
MPRINT(TABDCAT):   * delete missing cat if not used in rpt;
MPRINT(TABDCAT):   * if nomisspc='Y' then delete;
MPRINT(TABDCAT):   * delete missing cat if not part of calculations;
MPRINT(TABDCAT):   drop len ethnicn misspct;
MPRINT(TABDCAT):   run;

NOTE: There were 9 observations read from the data set WORK._TABCAT3.
NOTE: The data set WORK._TABCAT4 has 6 observations and 14 variables.
NOTE: DATA statement used (Total process time):
      real time           0.00 seconds
                                                                    The SAS System

      cpu time            0.00 seconds
      

MPRINT(TABDCAT):   * proc print data=_tabcat4;
MPRINT(TABDCAT):   * title "Macro tabdcat: File _tabcat4 after formating statistics ";
MPRINT(TABDCAT):   * run;
MPRINT(TABDCAT):   proc sort data=_tabcat4;
MPRINT(TABDCAT):   by start linlabel;
MPRINT(TABDCAT):   run;

NOTE: There were 6 observations read from the data set WORK._TABCAT4.
NOTE: SAS sort was used.
NOTE: The data set WORK._TABCAT4 has 6 observations and 14 variables.
NOTE: PROCEDURE SORT used (Total process time):
      real time           0.00 seconds
      cpu time            0.00 seconds
      

MPRINT(TABDCAT):   *----------------------------------------------------------------------------;
MPRINT(TABDCAT):   * Transpose the formatted and unformatted statistics ;
MPRINT(TABDCAT):   *----------------------------------------------------------------------------;
MPRINT(TABDCAT):   proc transpose data=_tabcat4 prefix=value out=_tabcat7;
MPRINT(TABDCAT):   var statval;
MPRINT(TABDCAT):   by start linlabel;
MPRINT(TABDCAT):   id trt01pn;
MPRINT(TABDCAT):   where trt01pn is not null;
MPRINT(TABDCAT):   run;

NOTE: There were 6 observations read from the data set WORK._TABCAT4.
      WHERE trt01pn is not null;
NOTE: The data set WORK._TABCAT7 has 2 observations and 6 variables.
NOTE: PROCEDURE TRANSPOSE used (Total process time):
      real time           0.00 seconds
      cpu time            0.00 seconds
      

MPRINT(TABDCAT):   * proc print data = _tabcat7 (obs=100);
MPRINT(TABDCAT):   * title "File _tabcat7 after transpose";
MPRINT(TABDCAT):   * run;
MPRINT(TABDCAT):   *----------------------------------------------------------------------------;
MPRINT(TABDCAT):   * Calculate confidence intervals if requested ;
MPRINT(TABDCAT):   * Redo proc freq, this time with the stratification vars, and run thru ;
MPRINT(TABDCAT):   * stratified CI formula. Output is one record per analysis var value per ;
MPRINT(TABDCAT):   * byvar value ;
MPRINT(TABDCAT):   *----------------------------------------------------------------------------;
MPRINT(TABDCAT):   *----------------------------------------------------------------------------;
                                                                    The SAS System

MPRINT(TABDCAT):   * Calculate risk ratio if requested ;
MPRINT(TABDCAT):   * Redo proc freq, not using stratification or missing parameters, and call ;
MPRINT(TABDCAT):   * RR formula. Output is one record per analysis var per byvar value ;
MPRINT(TABDCAT):   *----------------------------------------------------------------------------;
MPRINT(TABDCAT):   *---------------------------------------;
MPRINT(TABDCAT):   * CHISQ, CMH, EXACT p-values ;
MPRINT(TABDCAT):   *---------------------------------------;
MPRINT(TABDCAT):   *---------------------------------------------------;
MPRINT(TABDCAT):   * Standard (statified) categorical p-values ;
MPRINT(TABDCAT):   *---------------------------------------------------;
MPRINT(TABDCAT):   proc sort data = analfnot out = _tabcat2;
MPRINT(TABDCAT):   by trt01pn ethnicn;
MPRINT(TABDCAT):   run;

NOTE: There were 100 observations read from the data set WORK.ANALFNOT.
NOTE: SAS sort was used.
NOTE: The data set WORK._TABCAT2 has 100 observations and 43 variables.
NOTE: PROCEDURE SORT used (Total process time):
      real time           0.00 seconds
      cpu time            0.01 seconds
      

MPRINT(TABDCAT):   *----------------------------------------------------------------------------;
MPRINT(TABDCAT):   * If pairwise p-values are requested, generate and add to the dataset ;
MPRINT(TABDCAT):   *----------------------------------------------------------------------------;
MPRINT(TABDCAT):   *----------------------------------------------------------------------------;
MPRINT(TABDCAT):   * Final data massage before merging with accumulated statistics ;
MPRINT(TABDCAT):   *----------------------------------------------------------------------------;
MPRINT(TABDCAT):   * proc print data = _tabcat7;
MPRINT(TABDCAT):   * title "File _tabcat7 ";
MPRINT(TABDCAT):   * run;
MPRINT(TABDCAT):   data _tabcat7;
MPRINT(TABDCAT):   length label1 label2 $ 250 statord value1 - value3 $40;
MPRINT(TABDCAT):   set _tabcat7;
MPRINT(TABDCAT):   sortord=4;
MPRINT(TABDCAT):   label1="Ethnicity                                                                                                                  
                                                                                                                               ";
MPRINT(TABDCAT):   label2="                                                                                                                           
                                                                                                                               ";
MPRINT(TABDCAT):   type = "CAT ";
MPRINT(TABDCAT):   statord = left(start);
MPRINT(TABDCAT):   array vl {*} value1 - value3;
MPRINT(TABDCAT):   if trim(start) eq '.' or start = ' ' then delete;
MPRINT(TABDCAT):   if trim(linlabel) = '- Missing -' then statord = '999999999';
MPRINT(TABDCAT):   vct = 0;
MPRINT(TABDCAT):   do i = 1 to 3;
                                                                    The SAS System

MPRINT(TABDCAT):   if vl{i} = ' ' and substr(linlabel,1,10) ^= 'Risk Ratio' then do;
MPRINT(TABDCAT):   vl{i} = put(0, 3. );
MPRINT(TABDCAT):   len = length(vl{i});
MPRINT(TABDCAT):   * vl{i} = substr(vl{i},1,len) || " (" || put(0,&pctfmt) || "%)";
MPRINT(TABDCAT):   if "N" = 'Y' and statord = '999999999' then do;
MPRINT(TABDCAT):   vl{i} = put(0, 3. );
MPRINT(TABDCAT):   end;
MPRINT(TABDCAT):   end;
MPRINT(TABDCAT):   *** Reset intentionally set "No CI" back to blank ***;
MPRINT(TABDCAT):   *** if all blank then delete ***;
MPRINT(TABDCAT):   if vl{i} = "No CI" then do;
MPRINT(TABDCAT):   vl{i} = " ";
MPRINT(TABDCAT):   vct + 1;
MPRINT(TABDCAT):   end;
MPRINT(TABDCAT):   end;
MPRINT(TABDCAT):   if vct = 3 then delete;
MPRINT(TABDCAT):   drop i vct len ;
MPRINT(TABDCAT):   * &var;
MPRINT(TABDCAT):   run;

NOTE: There were 2 observations read from the data set WORK._TABCAT7.
NOTE: The data set WORK._TABCAT7 has 2 observations and 11 variables.
NOTE: DATA statement used (Total process time):
      real time           0.00 seconds
      cpu time            0.00 seconds
      

MPRINT(TABDCAT):   data combine;
MPRINT(TABDCAT):   set combine _tabcat7;
MPRINT(TABDCAT):   format pvalc1 pvalc2;
MPRINT(TABDCAT):   run;

NOTE: There were 13 observations read from the data set WORK.COMBINE.
NOTE: There were 2 observations read from the data set WORK._TABCAT7.
NOTE: The data set WORK.COMBINE has 15 observations and 16 variables.
NOTE: DATA statement used (Total process time):
      real time           0.00 seconds
      cpu time            0.00 seconds
      

MPRINT(TABDCAT):   ***--- End of EXACT CI ---***;
MPRINT(TABDCAT):   * proc print data = combine;
MPRINT(TABDCAT):   * title 'File combine after %tabdcat call';
MPRINT(TABDCAT):   * run;
MPRINT(TABDCAT):   *----------------------------------------------------------------------------;
MPRINT(TABDCAT):   * Cleanup ;
                                                                    The SAS System

MPRINT(TABDCAT):   *----------------------------------------------------------------------------;
MPRINT(TABDCAT):   proc datasets library = work nolist;
MPRINT(TABDCAT):   delete _tabcat:;
MPRINT(TABDCAT):   quit;

NOTE: Deleting WORK._TABCAT1 (memtype=DATA).
NOTE: Deleting WORK._TABCAT2 (memtype=DATA).
NOTE: Deleting WORK._TABCAT3 (memtype=DATA).
NOTE: Deleting WORK._TABCAT3B (memtype=DATA).
NOTE: Deleting WORK._TABCAT4 (memtype=DATA).
NOTE: Deleting WORK._TABCAT7 (memtype=DATA).
NOTE: PROCEDURE DATASETS used (Total process time):
      real time           0.00 seconds
      cpu time            0.01 seconds
      

MPRINT(MK_T_S_DEMOG):  ;
MPRINT(TABDCONT):   *** if cileveld=95 then alpha = .05 ***;
MPRINT(TABDCONT):   *** default is .05 ***;
MPRINT(TABDCONT):   *-----------------------------------------------------------------------------------------------* | Definition of internal macros 
| *-----------------------------------------------------------------------------------------------*;
MPRINT(TABDCONT):   ************************************************************;
MPRINT(TABDCONT):   *** macro tab_anova2 for m_dif=ANOVA2 ***;
MPRINT(TABDCONT):   *** ***;
MPRINT(TABDCONT):   *** Calculate ANOVA using contrast for each pairwise ***;
MPRINT(TABDCONT):   *** if byvar is used, byvar=0 is the baseline ***;
MPRINT(TABDCONT):   *** if no byvar used, var=_0 is the baseline ***;
MPRINT(TABDCONT):   ************************************************************;
MPRINT(TABDCONT):   ************************************************************;
MPRINT(TABDCONT):   *** macro p_npar ***;
MPRINT(TABDCONT):   *** ***;
MPRINT(TABDCONT):   *** Calculate nonparametric p-values like Wilcoxon and ***;
MPRINT(TABDCONT):   *** Van der Waerden using proc npar1way ***;
MPRINT(TABDCONT):   ************************************************************;
MPRINT(TABDCONT):   ************************************************************;
MPRINT(TABDCONT):   *** macro p_glm ***;
MPRINT(TABDCONT):   *** ***;
MPRINT(TABDCONT):   *** Calculate stratum weighted ANOVA p-values using ***;
MPRINT(TABDCONT):   *** proc glm ***;
MPRINT(TABDCONT):   ************************************************************;
MPRINT(TABDCONT):   ************************************;
MPRINT(TABDCONT):   *** macro p_rank ***;
MPRINT(TABDCONT):   *** ***;
MPRINT(TABDCONT):   *** Calculate p-values using ***;
MPRINT(TABDCONT):   *** Stratified Rank Sum test ***;
MPRINT(TABDCONT):   ************************************;
                                                                    The SAS System

MPRINT(TABDCONT):   *******************************************************;
MPRINT(TABDCONT):   *** macro tab_nump ***;
MPRINT(TABDCONT):   *** ***;
MPRINT(TABDCONT):   *** call the 3 macros p_npar p_glm and p_rank to do ***;
MPRINT(TABDCONT):   *** p-value for pairwise comparisons ***;
MPRINT(TABDCONT):   *******************************************************;
MPRINT(TABDCONT):   ***********************************************************;
MPRINT(TABDCONT):   *** macro tab_cimd ***;
MPRINT(TABDCONT):   *** ***;
MPRINT(TABDCONT):   *** call the 3 macros p_npar p_glm and p_rank to do ***;
MPRINT(TABDCONT):   *** dif and ci for pairwise comparison ***;
MPRINT(TABDCONT):   ***********************************************************;
MPRINT(TABDCONT):   *****************************************************************************;
MPRINT(TABDCONT):   *** macro dif_hl ***;
MPRINT(TABDCONT):   *** ***;
MPRINT(TABDCONT):   *** use the algorithm describe in 'Calculating a Nonparametric Estimate ***;
MPRINT(TABDCONT):   *** and Confidence Interval Using SAS Sorfware' a SUGI paper by Chris ***;
MPRINT(TABDCONT):   *** Decker to calculate the Hodges-Lehmann estimates. ***;
MPRINT(TABDCONT):   *****************************************************************************;
MPRINT(TABDCONT):   ********************************************************************;
MPRINT(TABDCONT):   *** macro dif_ano ***;
MPRINT(TABDCONT):   *** ***;
MPRINT(TABDCONT):   *** using prog glm to generate stratum weighted ANOVA estimates ***;
MPRINT(TABDCONT):   *** of differences in mean and confidence limit ***;
MPRINT(TABDCONT):   ********************************************************************;
MPRINT(TABDCONT):   *************************************************************************;
MPRINT(TABDCONT):   *** macro dif_std ***;
MPRINT(TABDCONT):   *** ***;
MPRINT(TABDCONT):   *** calculate standard differences in mean and confidence limit ***;
MPRINT(TABDCONT):   *************************************************************************;
MPRINT(TABDCONT):   ******************************************************************;
MPRINT(TABDCONT):   *** macro univar ***;
MPRINT(TABDCONT):   *** ***;
MPRINT(TABDCONT):   *** calculate univariate statistics in normal and/or log scale ***;
MPRINT(TABDCONT):   ******************************************************************;
MPRINT(TABDCONT):   *-----------------------------------------------------------------------------------------------------------* | End of internal 
macro definition and beginning of tabdcont main section | 
*-----------------------------------------------------------------------------------------------------------*;
MPRINT(TABDCONT):   * ---------------------------------------- *;
MPRINT(TABDCONT):   * debug code - turn off noprint options *;
MPRINT(TABDCONT):   * ---------------------------------------- *;
MPRINT(TABDCONT):   *** local pairwise variable ***;
MPRINT(TABDCONT):   **********************************************************************************;
MPRINT(TABDCONT):   *** set default for decimal places in output ***;
MPRINT(TABDCONT):   *** If median, quartile, range, cv, difference decimals not set, use mean dec ***;
MPRINT(TABDCONT):   **********************************************************************************;
                                                                    The SAS System

MPRINT(TABDCONT):   *****************;
MPRINT(TABDCONT):   *** SD or SE? ***;
MPRINT(TABDCONT):   *****************;
MPRINT(TABDCONT):   **************************************************;
MPRINT(TABDCONT):   *** modify stratification locally if requested ***;
MPRINT(TABDCONT):   **************************************************;
MPRINT(TABDCONT):   *----------------------------------------------------------------------------;
MPRINT(TABDCONT):   * Get variable information from dataset - abort if it is not there ;
MPRINT(TABDCONT):   *----------------------------------------------------------------------------;
MPRINT(TABDCONT):   data _null_;
MPRINT(TABDCONT):   length label1 label2 $250;
MPRINT(TABDCONT):   ds = open("analf","i");
MPRINT(TABDCONT):   var = varnum(ds , "bwt");
MPRINT(TABDCONT):   if not(var) then do;
MPRINT(TABDCONT):   call symput("_errcode","F");
MPRINT(TABDCONT):   call symput("_errmsg","Continuous analysis variable bwt .does not. exist - canceling run" );
MPRINT(TABDCONT):   end;
MPRINT(TABDCONT):   else do;
MPRINT(TABDCONT):   label1 = varlabel(ds,var);
MPRINT(TABDCONT):   if index(label1,'~') > 0 then do;
MPRINT(TABDCONT):   label2 = scan(label1,2,'~');
MPRINT(TABDCONT):   label1 = scan(label1,1,'~');
MPRINT(TABDCONT):   end;
MPRINT(TABDCONT):   call symput("label1",label1);
MPRINT(TABDCONT):   call symput("label2",label2);
MPRINT(TABDCONT):   end;
MPRINT(TABDCONT):   *** Check stratification variables ***;
MPRINT(TABDCONT):   run;

NOTE: DATA statement used (Total process time):
      real time           0.00 seconds
      cpu time            0.00 seconds
      

MPRINT(TABDCONT):   *********************************;
MPRINT(TABDCONT):   *** end of macro set up ***;
MPRINT(TABDCONT):   *** beginning of calculations ***;
MPRINT(TABDCONT):   *********************************;
MPRINT(TABDCONT):   *----------------------------------------------------------------------------;
MPRINT(TABDCONT):   * Generate and format descriptive statistics ;
MPRINT(TABDCONT):   *----------------------------------------------------------------------------;
MPRINT(UNIVAR):   *-----------------------------------------------*;
MPRINT(UNIVAR):   * Generate and format univariate statistics *;
MPRINT(UNIVAR):   ;
MPRINT(UNIVAR):   *-----------------------------------------------*;
MPRINT(UNIVAR):   proc univariate data=analf NOPRINT;
                                                                    The SAS System

MPRINT(UNIVAR):   by trt01pn ;
MPRINT(UNIVAR):   var bwt;
MPRINT(UNIVAR):   output out=_tabcon0 n = n mean = mean median = median stdmean = stdmean std = sd q1 = qone q3 = qthre min = min max = max var = var 
t = t probt = probt probm = probm probs = probs msign = msign signrank = signrank cv = cv ;
MPRINT(UNIVAR):   * title2 'Macro tabdcont: File _TABCON0';
MPRINT(UNIVAR):   run;

NOTE: The data set WORK._TABCON0 has 3 observations and 18 variables.
NOTE: PROCEDURE UNIVARIATE used (Total process time):
      real time           0.00 seconds
      cpu time            0.01 seconds
      

MPRINT(UNIVAR):   *----------------------------------------------------------------------------;
MPRINT(UNIVAR):   * If geometric mean or ci is requested, check for negative value in &var ;
MPRINT(UNIVAR):   *----------------------------------------------------------------------------;
MPRINT(UNIVAR):   data _tabcon1;
MPRINT(UNIVAR):   set _tabcon0;
MPRINT(UNIVAR):   length statval $ 40 linlabel $250 statord $ 40;
MPRINT(UNIVAR):   statord = '1';
MPRINT(UNIVAR):   linlabel = 'N';
MPRINT(UNIVAR):   statval = ' ';
MPRINT(UNIVAR):   if (n>.) then statval = put(n, 5. );
MPRINT(UNIVAR):   output;
MPRINT(UNIVAR):   *** Special clause, used to prevent some means from ***;
MPRINT(UNIVAR):   *** being printed as "-0.00", just show as "0.00" ***;
MPRINT(UNIVAR):   *** if n=0, then statval had carried through at 0 also ***;
MPRINT(UNIVAR):   *** force it to be missing ***;
MPRINT(UNIVAR):   statord = '2';
MPRINT(UNIVAR):   linlabel = "Mean (SD)";
MPRINT(UNIVAR):   statval = ' ';
MPRINT(UNIVAR):   if (n>0) then do;
MPRINT(UNIVAR):   statval = left(put( round(mean,10**(-1*1)), 8.1 ));
MPRINT(UNIVAR):   if abs(input(statval,??best.)) eq 0 then do;
MPRINT(UNIVAR):   statval = left(put( 0, 8.1 ));
MPRINT(UNIVAR):   end;
MPRINT(UNIVAR):   end;
MPRINT(UNIVAR):   if (n>1) then do;
MPRINT(UNIVAR):   statval = trim(statval) || ' (' || trim(left(put(round(sd,10**(-1*2)), 8.2 ))) || ')';
MPRINT(UNIVAR):   end;
MPRINT(UNIVAR):   output;
MPRINT(UNIVAR):   statord = '6';
MPRINT(UNIVAR):   linlabel = 'Median';
MPRINT(UNIVAR):   statval = ' ';
MPRINT(UNIVAR):   if (n>0) then do;
MPRINT(UNIVAR):   **if median^=. then statval = trim(put(median, &_statlenc..&meddec ));
                                                                    The SAS System

MPRINT(UNIVAR):   if median^=. then statval = trim(put(round(median, 10**(-1*1)), 8.1 ));
MPRINT(UNIVAR):   if abs(input(statval,??best.)) eq 0 then statval = left(put(0, 8.1 ));
MPRINT(UNIVAR):   end;
MPRINT(UNIVAR):   output;
MPRINT(UNIVAR):   statord = '7';
MPRINT(UNIVAR):   linlabel = 'Q1, Q3';
MPRINT(UNIVAR):   statval = ' ';
MPRINT(UNIVAR):   if (n>0) then do;
MPRINT(UNIVAR):   statval = trim(put(round(qone,10**(-1*1)), 8.1 ))|| ', ' || left(put(round(qthre,10**(-1*1)),8.1));
MPRINT(UNIVAR):   end;
MPRINT(UNIVAR):   output;
MPRINT(UNIVAR):   statord = '8';
MPRINT(UNIVAR):   linlabel = 'Min, Max';
MPRINT(UNIVAR):   statval = ' ';
MPRINT(UNIVAR):   if (n>0) then do;
MPRINT(UNIVAR):   statval = trim(put(round(min,10**(-1*1)), 8.1 )) || ', ' || left(put(round(max,10**(-1*1)),8.1 ));
MPRINT(UNIVAR):   end;
MPRINT(UNIVAR):   output;
MPRINT(UNIVAR):   ***************************************************;
MPRINT(UNIVAR):   ** add change-from-baseline p-value if requested **;
MPRINT(UNIVAR):   ***************************************************;
MPRINT(UNIVAR):   run;

NOTE: There were 3 observations read from the data set WORK._TABCON0.
NOTE: The data set WORK._TABCON1 has 15 observations and 21 variables.
NOTE: DATA statement used (Total process time):
      real time           0.00 seconds
      cpu time            0.00 seconds
      

MPRINT(UNIVAR):   **********************************************************;
MPRINT(UNIVAR):   *** add geometric mean and CV to _tabcon1 if requested ***;
MPRINT(UNIVAR):   **********************************************************;
MPRINT(UNIVAR):   ********************************************************************;
MPRINT(UNIVAR):   *** spaces added to line up the output based on new standard SAP ***;
MPRINT(UNIVAR):   ********************************************************************;
MPRINT(UNIVAR):   data _tabcon1;
MPRINT(UNIVAR):   set _tabcon1;
MPRINT(UNIVAR):   retain padlen 0;
MPRINT(UNIVAR):   len=length(scan(left(statval),1,'., '));
MPRINT(UNIVAR):   if len>padlen then padlen=len;
MPRINT(UNIVAR):   call symput("padlen",compress(put(padlen,8.)));
MPRINT(UNIVAR):   run;

NOTE: There were 15 observations read from the data set WORK._TABCON1.
NOTE: The data set WORK._TABCON1 has 15 observations and 23 variables.
                                                                    The SAS System

NOTE: DATA statement used (Total process time):
      real time           0.00 seconds
      cpu time            0.01 seconds
      

MPRINT(UNIVAR):   data _tabcon1 (drop=statval rename=(statval2=statval));
MPRINT(UNIVAR):   set _tabcon1 (drop=padlen);
MPRINT(UNIVAR):   if left(linlabel)='N' then do;
MPRINT(UNIVAR):   statval2=trim(repeat(' ',3-length(scan(left(statval),1,'.'))+1)||left(statval));
MPRINT(UNIVAR):   end;
MPRINT(UNIVAR):   else do;
MPRINT(UNIVAR):   if len=3 then statval2=left(statval);
MPRINT(UNIVAR):   else statval2=trim(repeat(' ',3-len-1)||left(statval));
MPRINT(UNIVAR):   end;
MPRINT(UNIVAR):   run;

NOTE: There were 15 observations read from the data set WORK._TABCON1.
NOTE: The data set WORK._TABCON1 has 15 observations and 22 variables.
NOTE: DATA statement used (Total process time):
      real time           0.00 seconds
      cpu time            0.00 seconds
      

MPRINT(UNIVAR):   proc sort data = _tabcon1;
MPRINT(UNIVAR):   by statord linlabel trt01pn;
MPRINT(UNIVAR):   where trt01pn ne .;
MPRINT(UNIVAR):   run;

NOTE: There were 15 observations read from the data set WORK._TABCON1.
      WHERE trt01pn not = .;
NOTE: SAS sort was used.
NOTE: The data set WORK._TABCON1 has 15 observations and 22 variables.
NOTE: PROCEDURE SORT used (Total process time):
      real time           0.00 seconds
      cpu time            0.00 seconds
      

MPRINT(UNIVAR):   proc transpose data=_tabcon1 prefix=value out=_tabcon2 ;
MPRINT(UNIVAR):   var statval;
MPRINT(UNIVAR):   by statord linlabel ;
MPRINT(UNIVAR):   id trt01pn;
MPRINT(UNIVAR):   run;

NOTE: There were 15 observations read from the data set WORK._TABCON1.
NOTE: The data set WORK._TABCON2 has 5 observations and 6 variables.
NOTE: PROCEDURE TRANSPOSE used (Total process time):
                                                                    The SAS System

      real time           0.00 seconds
      cpu time            0.00 seconds
      

MPRINT(UNIVAR):   data _tabcon2;
MPRINT(UNIVAR):   set _tabcon2;
MPRINT(UNIVAR):   pval1=.;
MPRINT(UNIVAR):   pval2=.;
MPRINT(UNIVAR):   run;

NOTE: There were 5 observations read from the data set WORK._TABCON2.
NOTE: The data set WORK._TABCON2 has 5 observations and 8 variables.
NOTE: DATA statement used (Total process time):
      real time           0.00 seconds
      cpu time            0.00 seconds
      

MPRINT(TABDCONT):  ;
MPRINT(TABDCONT):   ******************************************************************;
MPRINT(TABDCONT):   *** test: if n=0 then skip rest of calculation for that colvar ***;
MPRINT(TABDCONT):   *** assumption: number of column < 10 ***;
MPRINT(TABDCONT):   ******************************************************************;
MPRINT(TABDCONT):   proc sort data=_tabcon1 out=test (keep=n trt01pn) nodupkey;
MPRINT(TABDCONT):   by trt01pn descending n;
MPRINT(TABDCONT):   run;

NOTE: There were 15 observations read from the data set WORK._TABCON1.
NOTE: SAS sort was used.
NOTE: 12 observations with duplicate key values were deleted.
NOTE: The data set WORK.TEST has 3 observations and 2 variables.
NOTE: PROCEDURE SORT used (Total process time):
      real time           0.00 seconds
      cpu time            0.00 seconds
      

MPRINT(TABDCONT):   ** this code was added so when byvar is specified, and 0 obs exist **;
MPRINT(TABDCONT):   ** for that byvar value for colvar, then it will still create the **;
MPRINT(TABDCONT):   ** table spacing properly - kad 11May2010 **;
MPRINT(TABDCONT):  ;
MPRINT(TABDCONT):   *----------------------------------------------------------------------------*;
MPRINT(TABDCONT):   * If overall p-values are requested, generate and add to the dataset *;
MPRINT(TABDCONT):   * Up to two can be requested *;
MPRINT(TABDCONT):   *----------------------------------------------------------------------------*;
MPRINT(TABDCONT):   ********************************;
MPRINT(TABDCONT):   *** do pairwise calculations ***;
MPRINT(TABDCONT):   ********************************;
                                                                    The SAS System

MPRINT(TABDCONT):   *----------------------------------------------------------------------------*;
MPRINT(TABDCONT):   * combine the output files *;
MPRINT(TABDCONT):   *----------------------------------------------------------------------------*;
MPRINT(TABDCONT):   data _tabcon2 (drop=value: rename=( _val_1=value1 _val_2=value2 _val_3=value3));
MPRINT(TABDCONT):   length label1 label2 $250 _val_1 - _val_3 $ 40;
MPRINT(TABDCONT):   set _tabcon2;
MPRINT(TABDCONT):   array _val {*} $ value1 - value3;
MPRINT(TABDCONT):   array nval {*} $ _val_1 - _val_3;
MPRINT(TABDCONT):   do __i = 1 to 3;
MPRINT(TABDCONT):   nval[__i] = _val[__i];
MPRINT(TABDCONT):   if (compress(linlabel)='N' and nval[__i] = '') then nval[__i] = '    0';
MPRINT(TABDCONT):   end;
MPRINT(TABDCONT):   type = "CONT";
MPRINT(TABDCONT):   sortord = 5;
MPRINT(TABDCONT):   label1 = "Weight (kg)                                                                                                             
                                                                                                                                  ";
MPRINT(TABDCONT):   label2 = "                                                                                                                        
                                                                                                                                  ";
MPRINT(TABDCONT):   run;

NOTE: There were 5 observations read from the data set WORK._TABCON2.
NOTE: The data set WORK._TABCON2 has 5 observations and 13 variables.
NOTE: DATA statement used (Total process time):
      real time           0.00 seconds
      cpu time            0.01 seconds
      

MPRINT(PVALUE):   data _tabcon2;
MPRINT(PVALUE):   set _tabcon2;
MPRINT(PVALUE):   drop _tmp_value;
MPRINT(PVALUE):   format pvalc1 $8.;
MPRINT(PVALUE):   label pvalc1= 'p-value';
MPRINT(PVALUE):   if (missing(pval1)) then pvalc1 = 'N/A';
MPRINT(PVALUE):   else do;
MPRINT(PVALUE):   _tmp_value = pval1;
MPRINT(PVALUE):   if (_tmp_value<0 or _tmp_value>1) then pvalc1 = 'ER'||'ROR';
MPRINT(PVALUE):   else if (_tmp_value<0.0001) then pvalc1 ='<0.0001';
MPRINT(PVALUE):   else pvalc1 = put( _tmp_value, 6.4);
MPRINT(PVALUE):   end;
MPRINT(PVALUE):   run;

NOTE: There were 5 observations read from the data set WORK._TABCON2.
NOTE: The data set WORK._TABCON2 has 5 observations and 14 variables.
NOTE: DATA statement used (Total process time):
      real time           0.00 seconds
      cpu time            0.00 seconds
                                                                    The SAS System

      

MPRINT(TABDCONT):  ;
MPRINT(PVALUE):   data _tabcon2;
MPRINT(PVALUE):   set _tabcon2;
MPRINT(PVALUE):   drop _tmp_value;
MPRINT(PVALUE):   format pvalc2 $8.;
MPRINT(PVALUE):   label pvalc2= 'p-value';
MPRINT(PVALUE):   if (missing(pval2)) then pvalc2 = 'N/A';
MPRINT(PVALUE):   else do;
MPRINT(PVALUE):   _tmp_value = pval2;
MPRINT(PVALUE):   if (_tmp_value<0 or _tmp_value>1) then pvalc2 = 'ER'||'ROR';
MPRINT(PVALUE):   else if (_tmp_value<0.0001) then pvalc2 ='<0.0001';
MPRINT(PVALUE):   else pvalc2 = put( _tmp_value, 6.4);
MPRINT(PVALUE):   end;
MPRINT(PVALUE):   run;

NOTE: There were 5 observations read from the data set WORK._TABCON2.
NOTE: The data set WORK._TABCON2 has 5 observations and 15 variables.
NOTE: DATA statement used (Total process time):
      real time           0.00 seconds
      cpu time            0.00 seconds
      

MPRINT(TABDCONT):  ;
MPRINT(TABDCONT):   data _tabcon2;
MPRINT(TABDCONT):   set _tabcon2;
MPRINT(TABDCONT):   format pvalc1 pvalc2;
MPRINT(TABDCONT):   run;

NOTE: There were 5 observations read from the data set WORK._TABCON2.
NOTE: The data set WORK._TABCON2 has 5 observations and 15 variables.
NOTE: DATA statement used (Total process time):
      real time           0.00 seconds
      cpu time            0.00 seconds
      

MPRINT(TABDCONT):   data combine;
MPRINT(TABDCONT):   set combine _tabcon2;
MPRINT(TABDCONT):   run;

NOTE: There were 15 observations read from the data set WORK.COMBINE.
NOTE: There were 5 observations read from the data set WORK._TABCON2.
NOTE: The data set WORK.COMBINE has 20 observations and 16 variables.
NOTE: DATA statement used (Total process time):
      real time           0.00 seconds
                                                                    The SAS System

      cpu time            0.00 seconds
      

MPRINT(TABDCONT):   *----------------------------------------------------------------------------;
MPRINT(TABDCONT):   * Cleanup ;
MPRINT(TABDCONT):   *----------------------------------------------------------------------------;
MPRINT(TABDCONT):   proc datasets library = work nolist;
MPRINT(TABDCONT):   delete _tabcon: ;
MPRINT(TABDCONT):   quit;

NOTE: Deleting WORK._TABCON0 (memtype=DATA).
NOTE: Deleting WORK._TABCON1 (memtype=DATA).
NOTE: Deleting WORK._TABCON2 (memtype=DATA).
NOTE: PROCEDURE DATASETS used (Total process time):
      real time           0.00 seconds
      cpu time            0.00 seconds
      

MPRINT(MK_T_S_DEMOG):  ;
MPRINT(TABDCONT):   *** if cileveld=95 then alpha = .05 ***;
MPRINT(TABDCONT):   *** default is .05 ***;
MPRINT(TABDCONT):   *-----------------------------------------------------------------------------------------------* | Definition of internal macros 
| *-----------------------------------------------------------------------------------------------*;
MPRINT(TABDCONT):   ************************************************************;
MPRINT(TABDCONT):   *** macro tab_anova2 for m_dif=ANOVA2 ***;
MPRINT(TABDCONT):   *** ***;
MPRINT(TABDCONT):   *** Calculate ANOVA using contrast for each pairwise ***;
MPRINT(TABDCONT):   *** if byvar is used, byvar=0 is the baseline ***;
MPRINT(TABDCONT):   *** if no byvar used, var=_0 is the baseline ***;
MPRINT(TABDCONT):   ************************************************************;
MPRINT(TABDCONT):   ************************************************************;
MPRINT(TABDCONT):   *** macro p_npar ***;
MPRINT(TABDCONT):   *** ***;
MPRINT(TABDCONT):   *** Calculate nonparametric p-values like Wilcoxon and ***;
MPRINT(TABDCONT):   *** Van der Waerden using proc npar1way ***;
MPRINT(TABDCONT):   ************************************************************;
MPRINT(TABDCONT):   ************************************************************;
MPRINT(TABDCONT):   *** macro p_glm ***;
MPRINT(TABDCONT):   *** ***;
MPRINT(TABDCONT):   *** Calculate stratum weighted ANOVA p-values using ***;
MPRINT(TABDCONT):   *** proc glm ***;
MPRINT(TABDCONT):   ************************************************************;
MPRINT(TABDCONT):   ************************************;
MPRINT(TABDCONT):   *** macro p_rank ***;
MPRINT(TABDCONT):   *** ***;
MPRINT(TABDCONT):   *** Calculate p-values using ***;
                                                                    The SAS System

MPRINT(TABDCONT):   *** Stratified Rank Sum test ***;
MPRINT(TABDCONT):   ************************************;
MPRINT(TABDCONT):   *******************************************************;
MPRINT(TABDCONT):   *** macro tab_nump ***;
MPRINT(TABDCONT):   *** ***;
MPRINT(TABDCONT):   *** call the 3 macros p_npar p_glm and p_rank to do ***;
MPRINT(TABDCONT):   *** p-value for pairwise comparisons ***;
MPRINT(TABDCONT):   *******************************************************;
MPRINT(TABDCONT):   ***********************************************************;
MPRINT(TABDCONT):   *** macro tab_cimd ***;
MPRINT(TABDCONT):   *** ***;
MPRINT(TABDCONT):   *** call the 3 macros p_npar p_glm and p_rank to do ***;
MPRINT(TABDCONT):   *** dif and ci for pairwise comparison ***;
MPRINT(TABDCONT):   ***********************************************************;
MPRINT(TABDCONT):   *****************************************************************************;
MPRINT(TABDCONT):   *** macro dif_hl ***;
MPRINT(TABDCONT):   *** ***;
MPRINT(TABDCONT):   *** use the algorithm describe in 'Calculating a Nonparametric Estimate ***;
MPRINT(TABDCONT):   *** and Confidence Interval Using SAS Sorfware' a SUGI paper by Chris ***;
MPRINT(TABDCONT):   *** Decker to calculate the Hodges-Lehmann estimates. ***;
MPRINT(TABDCONT):   *****************************************************************************;
MPRINT(TABDCONT):   ********************************************************************;
MPRINT(TABDCONT):   *** macro dif_ano ***;
MPRINT(TABDCONT):   *** ***;
MPRINT(TABDCONT):   *** using prog glm to generate stratum weighted ANOVA estimates ***;
MPRINT(TABDCONT):   *** of differences in mean and confidence limit ***;
MPRINT(TABDCONT):   ********************************************************************;
MPRINT(TABDCONT):   *************************************************************************;
MPRINT(TABDCONT):   *** macro dif_std ***;
MPRINT(TABDCONT):   *** ***;
MPRINT(TABDCONT):   *** calculate standard differences in mean and confidence limit ***;
MPRINT(TABDCONT):   *************************************************************************;
MPRINT(TABDCONT):   ******************************************************************;
MPRINT(TABDCONT):   *** macro univar ***;
MPRINT(TABDCONT):   *** ***;
MPRINT(TABDCONT):   *** calculate univariate statistics in normal and/or log scale ***;
MPRINT(TABDCONT):   ******************************************************************;
MPRINT(TABDCONT):   *-----------------------------------------------------------------------------------------------------------* | End of internal 
macro definition and beginning of tabdcont main section | 
*-----------------------------------------------------------------------------------------------------------*;
MPRINT(TABDCONT):   * ---------------------------------------- *;
MPRINT(TABDCONT):   * debug code - turn off noprint options *;
MPRINT(TABDCONT):   * ---------------------------------------- *;
MPRINT(TABDCONT):   *** local pairwise variable ***;
MPRINT(TABDCONT):   **********************************************************************************;
MPRINT(TABDCONT):   *** set default for decimal places in output ***;
                                                                    The SAS System

MPRINT(TABDCONT):   *** If median, quartile, range, cv, difference decimals not set, use mean dec ***;
MPRINT(TABDCONT):   **********************************************************************************;
MPRINT(TABDCONT):   *****************;
MPRINT(TABDCONT):   *** SD or SE? ***;
MPRINT(TABDCONT):   *****************;
MPRINT(TABDCONT):   **************************************************;
MPRINT(TABDCONT):   *** modify stratification locally if requested ***;
MPRINT(TABDCONT):   **************************************************;
MPRINT(TABDCONT):   *----------------------------------------------------------------------------;
MPRINT(TABDCONT):   * Get variable information from dataset - abort if it is not there ;
MPRINT(TABDCONT):   *----------------------------------------------------------------------------;
MPRINT(TABDCONT):   data _null_;
MPRINT(TABDCONT):   length label1 label2 $250;
MPRINT(TABDCONT):   ds = open("analf","i");
MPRINT(TABDCONT):   var = varnum(ds , "bht");
MPRINT(TABDCONT):   if not(var) then do;
MPRINT(TABDCONT):   call symput("_errcode","F");
MPRINT(TABDCONT):   call symput("_errmsg","Continuous analysis variable bht .does not. exist - canceling run" );
MPRINT(TABDCONT):   end;
MPRINT(TABDCONT):   else do;
MPRINT(TABDCONT):   label1 = varlabel(ds,var);
MPRINT(TABDCONT):   if index(label1,'~') > 0 then do;
MPRINT(TABDCONT):   label2 = scan(label1,2,'~');
MPRINT(TABDCONT):   label1 = scan(label1,1,'~');
MPRINT(TABDCONT):   end;
MPRINT(TABDCONT):   call symput("label1",label1);
MPRINT(TABDCONT):   call symput("label2",label2);
MPRINT(TABDCONT):   end;
MPRINT(TABDCONT):   *** Check stratification variables ***;
MPRINT(TABDCONT):   run;

NOTE: DATA statement used (Total process time):
      real time           0.00 seconds
      cpu time            0.01 seconds
      

MPRINT(TABDCONT):   *********************************;
MPRINT(TABDCONT):   *** end of macro set up ***;
MPRINT(TABDCONT):   *** beginning of calculations ***;
MPRINT(TABDCONT):   *********************************;
MPRINT(TABDCONT):   *----------------------------------------------------------------------------;
MPRINT(TABDCONT):   * Generate and format descriptive statistics ;
MPRINT(TABDCONT):   *----------------------------------------------------------------------------;
MPRINT(UNIVAR):   *-----------------------------------------------*;
MPRINT(UNIVAR):   * Generate and format univariate statistics *;
MPRINT(UNIVAR):   ;
                                                                    The SAS System

MPRINT(UNIVAR):   *-----------------------------------------------*;
MPRINT(UNIVAR):   proc univariate data=analf NOPRINT;
MPRINT(UNIVAR):   by trt01pn ;
MPRINT(UNIVAR):   var bht;
MPRINT(UNIVAR):   output out=_tabcon0 n = n mean = mean median = median stdmean = stdmean std = sd q1 = qone q3 = qthre min = min max = max var = var 
t = t probt = probt probm = probm probs = probs msign = msign signrank = signrank cv = cv ;
MPRINT(UNIVAR):   * title2 'Macro tabdcont: File _TABCON0';
MPRINT(UNIVAR):   run;

NOTE: The data set WORK._TABCON0 has 3 observations and 18 variables.
NOTE: PROCEDURE UNIVARIATE used (Total process time):
      real time           0.00 seconds
      cpu time            0.00 seconds
      

MPRINT(UNIVAR):   *----------------------------------------------------------------------------;
MPRINT(UNIVAR):   * If geometric mean or ci is requested, check for negative value in &var ;
MPRINT(UNIVAR):   *----------------------------------------------------------------------------;
MPRINT(UNIVAR):   data _tabcon1;
MPRINT(UNIVAR):   set _tabcon0;
MPRINT(UNIVAR):   length statval $ 40 linlabel $250 statord $ 40;
MPRINT(UNIVAR):   statord = '1';
MPRINT(UNIVAR):   linlabel = 'N';
MPRINT(UNIVAR):   statval = ' ';
MPRINT(UNIVAR):   if (n>.) then statval = put(n, 5. );
MPRINT(UNIVAR):   output;
MPRINT(UNIVAR):   *** Special clause, used to prevent some means from ***;
MPRINT(UNIVAR):   *** being printed as "-0.00", just show as "0.00" ***;
MPRINT(UNIVAR):   *** if n=0, then statval had carried through at 0 also ***;
MPRINT(UNIVAR):   *** force it to be missing ***;
MPRINT(UNIVAR):   statord = '2';
MPRINT(UNIVAR):   linlabel = "Mean (SD)";
MPRINT(UNIVAR):   statval = ' ';
MPRINT(UNIVAR):   if (n>0) then do;
MPRINT(UNIVAR):   statval = left(put( round(mean,10**(-1*1)), 8.1 ));
MPRINT(UNIVAR):   if abs(input(statval,??best.)) eq 0 then do;
MPRINT(UNIVAR):   statval = left(put( 0, 8.1 ));
MPRINT(UNIVAR):   end;
MPRINT(UNIVAR):   end;
MPRINT(UNIVAR):   if (n>1) then do;
MPRINT(UNIVAR):   statval = trim(statval) || ' (' || trim(left(put(round(sd,10**(-1*2)), 8.2 ))) || ')';
MPRINT(UNIVAR):   end;
MPRINT(UNIVAR):   output;
MPRINT(UNIVAR):   statord = '6';
MPRINT(UNIVAR):   linlabel = 'Median';
MPRINT(UNIVAR):   statval = ' ';
                                                                    The SAS System

MPRINT(UNIVAR):   if (n>0) then do;
MPRINT(UNIVAR):   **if median^=. then statval = trim(put(median, &_statlenc..&meddec ));
MPRINT(UNIVAR):   if median^=. then statval = trim(put(round(median, 10**(-1*1)), 8.1 ));
MPRINT(UNIVAR):   if abs(input(statval,??best.)) eq 0 then statval = left(put(0, 8.1 ));
MPRINT(UNIVAR):   end;
MPRINT(UNIVAR):   output;
MPRINT(UNIVAR):   statord = '7';
MPRINT(UNIVAR):   linlabel = 'Q1, Q3';
MPRINT(UNIVAR):   statval = ' ';
MPRINT(UNIVAR):   if (n>0) then do;
MPRINT(UNIVAR):   statval = trim(put(round(qone,10**(-1*1)), 8.1 ))|| ', ' || left(put(round(qthre,10**(-1*1)),8.1));
MPRINT(UNIVAR):   end;
MPRINT(UNIVAR):   output;
MPRINT(UNIVAR):   statord = '8';
MPRINT(UNIVAR):   linlabel = 'Min, Max';
MPRINT(UNIVAR):   statval = ' ';
MPRINT(UNIVAR):   if (n>0) then do;
MPRINT(UNIVAR):   statval = trim(put(round(min,10**(-1*1)), 8.1 )) || ', ' || left(put(round(max,10**(-1*1)),8.1 ));
MPRINT(UNIVAR):   end;
MPRINT(UNIVAR):   output;
MPRINT(UNIVAR):   ***************************************************;
MPRINT(UNIVAR):   ** add change-from-baseline p-value if requested **;
MPRINT(UNIVAR):   ***************************************************;
MPRINT(UNIVAR):   run;

NOTE: There were 3 observations read from the data set WORK._TABCON0.
NOTE: The data set WORK._TABCON1 has 15 observations and 21 variables.
NOTE: DATA statement used (Total process time):
      real time           0.00 seconds
      cpu time            0.01 seconds
      

MPRINT(UNIVAR):   **********************************************************;
MPRINT(UNIVAR):   *** add geometric mean and CV to _tabcon1 if requested ***;
MPRINT(UNIVAR):   **********************************************************;
MPRINT(UNIVAR):   ********************************************************************;
MPRINT(UNIVAR):   *** spaces added to line up the output based on new standard SAP ***;
MPRINT(UNIVAR):   ********************************************************************;
MPRINT(UNIVAR):   data _tabcon1;
MPRINT(UNIVAR):   set _tabcon1;
MPRINT(UNIVAR):   retain padlen 0;
MPRINT(UNIVAR):   len=length(scan(left(statval),1,'., '));
MPRINT(UNIVAR):   if len>padlen then padlen=len;
MPRINT(UNIVAR):   call symput("padlen",compress(put(padlen,8.)));
MPRINT(UNIVAR):   run;

                                                                    The SAS System

NOTE: There were 15 observations read from the data set WORK._TABCON1.
NOTE: The data set WORK._TABCON1 has 15 observations and 23 variables.
NOTE: DATA statement used (Total process time):
      real time           0.00 seconds
      cpu time            0.00 seconds
      

MPRINT(UNIVAR):   data _tabcon1 (drop=statval rename=(statval2=statval));
MPRINT(UNIVAR):   set _tabcon1 (drop=padlen);
MPRINT(UNIVAR):   if left(linlabel)='N' then do;
MPRINT(UNIVAR):   statval2=trim(repeat(' ',3-length(scan(left(statval),1,'.'))+1)||left(statval));
MPRINT(UNIVAR):   end;
MPRINT(UNIVAR):   else do;
MPRINT(UNIVAR):   if len=3 then statval2=left(statval);
MPRINT(UNIVAR):   else statval2=trim(repeat(' ',3-len-1)||left(statval));
MPRINT(UNIVAR):   end;
MPRINT(UNIVAR):   run;

NOTE: There were 15 observations read from the data set WORK._TABCON1.
NOTE: The data set WORK._TABCON1 has 15 observations and 22 variables.
NOTE: DATA statement used (Total process time):
      real time           0.00 seconds
      cpu time            0.00 seconds
      

MPRINT(UNIVAR):   proc sort data = _tabcon1;
MPRINT(UNIVAR):   by statord linlabel trt01pn;
MPRINT(UNIVAR):   where trt01pn ne .;
MPRINT(UNIVAR):   run;

NOTE: There were 15 observations read from the data set WORK._TABCON1.
      WHERE trt01pn not = .;
NOTE: SAS sort was used.
NOTE: The data set WORK._TABCON1 has 15 observations and 22 variables.
NOTE: PROCEDURE SORT used (Total process time):
      real time           0.00 seconds
      cpu time            0.00 seconds
      

MPRINT(UNIVAR):   proc transpose data=_tabcon1 prefix=value out=_tabcon2 ;
MPRINT(UNIVAR):   var statval;
MPRINT(UNIVAR):   by statord linlabel ;
MPRINT(UNIVAR):   id trt01pn;
MPRINT(UNIVAR):   run;

NOTE: There were 15 observations read from the data set WORK._TABCON1.
                                                                    The SAS System

NOTE: The data set WORK._TABCON2 has 5 observations and 6 variables.
NOTE: PROCEDURE TRANSPOSE used (Total process time):
      real time           0.00 seconds
      cpu time            0.00 seconds
      

MPRINT(UNIVAR):   data _tabcon2;
MPRINT(UNIVAR):   set _tabcon2;
MPRINT(UNIVAR):   pval1=.;
MPRINT(UNIVAR):   pval2=.;
MPRINT(UNIVAR):   run;

NOTE: There were 5 observations read from the data set WORK._TABCON2.
NOTE: The data set WORK._TABCON2 has 5 observations and 8 variables.
NOTE: DATA statement used (Total process time):
      real time           0.00 seconds
      cpu time            0.00 seconds
      

MPRINT(TABDCONT):  ;
MPRINT(TABDCONT):   ******************************************************************;
MPRINT(TABDCONT):   *** test: if n=0 then skip rest of calculation for that colvar ***;
MPRINT(TABDCONT):   *** assumption: number of column < 10 ***;
MPRINT(TABDCONT):   ******************************************************************;
MPRINT(TABDCONT):   proc sort data=_tabcon1 out=test (keep=n trt01pn) nodupkey;
MPRINT(TABDCONT):   by trt01pn descending n;
MPRINT(TABDCONT):   run;

NOTE: There were 15 observations read from the data set WORK._TABCON1.
NOTE: SAS sort was used.
NOTE: 12 observations with duplicate key values were deleted.
NOTE: The data set WORK.TEST has 3 observations and 2 variables.
NOTE: PROCEDURE SORT used (Total process time):
      real time           0.00 seconds
      cpu time            0.00 seconds
      

MPRINT(TABDCONT):   ** this code was added so when byvar is specified, and 0 obs exist **;
MPRINT(TABDCONT):   ** for that byvar value for colvar, then it will still create the **;
MPRINT(TABDCONT):   ** table spacing properly - kad 11May2010 **;
MPRINT(TABDCONT):  ;
MPRINT(TABDCONT):   *----------------------------------------------------------------------------*;
MPRINT(TABDCONT):   * If overall p-values are requested, generate and add to the dataset *;
MPRINT(TABDCONT):   * Up to two can be requested *;
MPRINT(TABDCONT):   *----------------------------------------------------------------------------*;
MPRINT(TABDCONT):   ********************************;
                                                                    The SAS System

MPRINT(TABDCONT):   *** do pairwise calculations ***;
MPRINT(TABDCONT):   ********************************;
MPRINT(TABDCONT):   *----------------------------------------------------------------------------*;
MPRINT(TABDCONT):   * combine the output files *;
MPRINT(TABDCONT):   *----------------------------------------------------------------------------*;
MPRINT(TABDCONT):   data _tabcon2 (drop=value: rename=( _val_1=value1 _val_2=value2 _val_3=value3));
MPRINT(TABDCONT):   length label1 label2 $250 _val_1 - _val_3 $ 40;
MPRINT(TABDCONT):   set _tabcon2;
MPRINT(TABDCONT):   array _val {*} $ value1 - value3;
MPRINT(TABDCONT):   array nval {*} $ _val_1 - _val_3;
MPRINT(TABDCONT):   do __i = 1 to 3;
MPRINT(TABDCONT):   nval[__i] = _val[__i];
MPRINT(TABDCONT):   if (compress(linlabel)='N' and nval[__i] = '') then nval[__i] = '    0';
MPRINT(TABDCONT):   end;
MPRINT(TABDCONT):   type = "CONT";
MPRINT(TABDCONT):   sortord = 8;
MPRINT(TABDCONT):   label1 = "Height (cm)                                                                                                             
                                                                                                                                  ";
MPRINT(TABDCONT):   label2 = "                                                                                                                        
                                                                                                                                  ";
MPRINT(TABDCONT):   run;

NOTE: There were 5 observations read from the data set WORK._TABCON2.
NOTE: The data set WORK._TABCON2 has 5 observations and 13 variables.
NOTE: DATA statement used (Total process time):
      real time           0.00 seconds
      cpu time            0.00 seconds
      

MPRINT(PVALUE):   data _tabcon2;
MPRINT(PVALUE):   set _tabcon2;
MPRINT(PVALUE):   drop _tmp_value;
MPRINT(PVALUE):   format pvalc1 $8.;
MPRINT(PVALUE):   label pvalc1= 'p-value';
MPRINT(PVALUE):   if (missing(pval1)) then pvalc1 = 'N/A';
MPRINT(PVALUE):   else do;
MPRINT(PVALUE):   _tmp_value = pval1;
MPRINT(PVALUE):   if (_tmp_value<0 or _tmp_value>1) then pvalc1 = 'ER'||'ROR';
MPRINT(PVALUE):   else if (_tmp_value<0.0001) then pvalc1 ='<0.0001';
MPRINT(PVALUE):   else pvalc1 = put( _tmp_value, 6.4);
MPRINT(PVALUE):   end;
MPRINT(PVALUE):   run;

NOTE: There were 5 observations read from the data set WORK._TABCON2.
NOTE: The data set WORK._TABCON2 has 5 observations and 14 variables.
NOTE: DATA statement used (Total process time):
                                                                    The SAS System

      real time           0.00 seconds
      cpu time            0.01 seconds
      

MPRINT(TABDCONT):  ;
MPRINT(PVALUE):   data _tabcon2;
MPRINT(PVALUE):   set _tabcon2;
MPRINT(PVALUE):   drop _tmp_value;
MPRINT(PVALUE):   format pvalc2 $8.;
MPRINT(PVALUE):   label pvalc2= 'p-value';
MPRINT(PVALUE):   if (missing(pval2)) then pvalc2 = 'N/A';
MPRINT(PVALUE):   else do;
MPRINT(PVALUE):   _tmp_value = pval2;
MPRINT(PVALUE):   if (_tmp_value<0 or _tmp_value>1) then pvalc2 = 'ER'||'ROR';
MPRINT(PVALUE):   else if (_tmp_value<0.0001) then pvalc2 ='<0.0001';
MPRINT(PVALUE):   else pvalc2 = put( _tmp_value, 6.4);
MPRINT(PVALUE):   end;
MPRINT(PVALUE):   run;

NOTE: There were 5 observations read from the data set WORK._TABCON2.
NOTE: The data set WORK._TABCON2 has 5 observations and 15 variables.
NOTE: DATA statement used (Total process time):
      real time           0.00 seconds
      cpu time            0.01 seconds
      

MPRINT(TABDCONT):  ;
MPRINT(TABDCONT):   data _tabcon2;
MPRINT(TABDCONT):   set _tabcon2;
MPRINT(TABDCONT):   format pvalc1 pvalc2;
MPRINT(TABDCONT):   run;

NOTE: There were 5 observations read from the data set WORK._TABCON2.
NOTE: The data set WORK._TABCON2 has 5 observations and 15 variables.
NOTE: DATA statement used (Total process time):
      real time           0.00 seconds
      cpu time            0.00 seconds
      

MPRINT(TABDCONT):   data combine;
MPRINT(TABDCONT):   set combine _tabcon2;
MPRINT(TABDCONT):   run;

NOTE: There were 20 observations read from the data set WORK.COMBINE.
NOTE: There were 5 observations read from the data set WORK._TABCON2.
NOTE: The data set WORK.COMBINE has 25 observations and 16 variables.
                                                                    The SAS System

NOTE: DATA statement used (Total process time):
      real time           0.00 seconds
      cpu time            0.00 seconds
      

MPRINT(TABDCONT):   *----------------------------------------------------------------------------;
MPRINT(TABDCONT):   * Cleanup ;
MPRINT(TABDCONT):   *----------------------------------------------------------------------------;
MPRINT(TABDCONT):   proc datasets library = work nolist;
MPRINT(TABDCONT):   delete _tabcon: ;
MPRINT(TABDCONT):   quit;

NOTE: Deleting WORK._TABCON0 (memtype=DATA).
NOTE: Deleting WORK._TABCON1 (memtype=DATA).
NOTE: Deleting WORK._TABCON2 (memtype=DATA).
NOTE: PROCEDURE DATASETS used (Total process time):
      real time           0.00 seconds
      cpu time            0.00 seconds
      

MPRINT(MK_T_S_DEMOG):  ;
MPRINT(TABDCONT):   *** if cileveld=95 then alpha = .05 ***;
MPRINT(TABDCONT):   *** default is .05 ***;
MPRINT(TABDCONT):   *-----------------------------------------------------------------------------------------------* | Definition of internal macros 
| *-----------------------------------------------------------------------------------------------*;
MPRINT(TABDCONT):   ************************************************************;
MPRINT(TABDCONT):   *** macro tab_anova2 for m_dif=ANOVA2 ***;
MPRINT(TABDCONT):   *** ***;
MPRINT(TABDCONT):   *** Calculate ANOVA using contrast for each pairwise ***;
MPRINT(TABDCONT):   *** if byvar is used, byvar=0 is the baseline ***;
MPRINT(TABDCONT):   *** if no byvar used, var=_0 is the baseline ***;
MPRINT(TABDCONT):   ************************************************************;
MPRINT(TABDCONT):   ************************************************************;
MPRINT(TABDCONT):   *** macro p_npar ***;
MPRINT(TABDCONT):   *** ***;
MPRINT(TABDCONT):   *** Calculate nonparametric p-values like Wilcoxon and ***;
MPRINT(TABDCONT):   *** Van der Waerden using proc npar1way ***;
MPRINT(TABDCONT):   ************************************************************;
MPRINT(TABDCONT):   ************************************************************;
MPRINT(TABDCONT):   *** macro p_glm ***;
MPRINT(TABDCONT):   *** ***;
MPRINT(TABDCONT):   *** Calculate stratum weighted ANOVA p-values using ***;
MPRINT(TABDCONT):   *** proc glm ***;
MPRINT(TABDCONT):   ************************************************************;
MPRINT(TABDCONT):   ************************************;
MPRINT(TABDCONT):   *** macro p_rank ***;
                                                                    The SAS System

MPRINT(TABDCONT):   *** ***;
MPRINT(TABDCONT):   *** Calculate p-values using ***;
MPRINT(TABDCONT):   *** Stratified Rank Sum test ***;
MPRINT(TABDCONT):   ************************************;
MPRINT(TABDCONT):   *******************************************************;
MPRINT(TABDCONT):   *** macro tab_nump ***;
MPRINT(TABDCONT):   *** ***;
MPRINT(TABDCONT):   *** call the 3 macros p_npar p_glm and p_rank to do ***;
MPRINT(TABDCONT):   *** p-value for pairwise comparisons ***;
MPRINT(TABDCONT):   *******************************************************;
MPRINT(TABDCONT):   ***********************************************************;
MPRINT(TABDCONT):   *** macro tab_cimd ***;
MPRINT(TABDCONT):   *** ***;
MPRINT(TABDCONT):   *** call the 3 macros p_npar p_glm and p_rank to do ***;
MPRINT(TABDCONT):   *** dif and ci for pairwise comparison ***;
MPRINT(TABDCONT):   ***********************************************************;
MPRINT(TABDCONT):   *****************************************************************************;
MPRINT(TABDCONT):   *** macro dif_hl ***;
MPRINT(TABDCONT):   *** ***;
MPRINT(TABDCONT):   *** use the algorithm describe in 'Calculating a Nonparametric Estimate ***;
MPRINT(TABDCONT):   *** and Confidence Interval Using SAS Sorfware' a SUGI paper by Chris ***;
MPRINT(TABDCONT):   *** Decker to calculate the Hodges-Lehmann estimates. ***;
MPRINT(TABDCONT):   *****************************************************************************;
MPRINT(TABDCONT):   ********************************************************************;
MPRINT(TABDCONT):   *** macro dif_ano ***;
MPRINT(TABDCONT):   *** ***;
MPRINT(TABDCONT):   *** using prog glm to generate stratum weighted ANOVA estimates ***;
MPRINT(TABDCONT):   *** of differences in mean and confidence limit ***;
MPRINT(TABDCONT):   ********************************************************************;
MPRINT(TABDCONT):   *************************************************************************;
MPRINT(TABDCONT):   *** macro dif_std ***;
MPRINT(TABDCONT):   *** ***;
MPRINT(TABDCONT):   *** calculate standard differences in mean and confidence limit ***;
MPRINT(TABDCONT):   *************************************************************************;
MPRINT(TABDCONT):   ******************************************************************;
MPRINT(TABDCONT):   *** macro univar ***;
MPRINT(TABDCONT):   *** ***;
MPRINT(TABDCONT):   *** calculate univariate statistics in normal and/or log scale ***;
MPRINT(TABDCONT):   ******************************************************************;
MPRINT(TABDCONT):   *-----------------------------------------------------------------------------------------------------------* | End of internal 
macro definition and beginning of tabdcont main section | 
*-----------------------------------------------------------------------------------------------------------*;
MPRINT(TABDCONT):   * ---------------------------------------- *;
MPRINT(TABDCONT):   * debug code - turn off noprint options *;
MPRINT(TABDCONT):   * ---------------------------------------- *;
MPRINT(TABDCONT):   *** local pairwise variable ***;
                                                                    The SAS System

MPRINT(TABDCONT):   **********************************************************************************;
MPRINT(TABDCONT):   *** set default for decimal places in output ***;
MPRINT(TABDCONT):   *** If median, quartile, range, cv, difference decimals not set, use mean dec ***;
MPRINT(TABDCONT):   **********************************************************************************;
MPRINT(TABDCONT):   *****************;
MPRINT(TABDCONT):   *** SD or SE? ***;
MPRINT(TABDCONT):   *****************;
MPRINT(TABDCONT):   **************************************************;
MPRINT(TABDCONT):   *** modify stratification locally if requested ***;
MPRINT(TABDCONT):   **************************************************;
MPRINT(TABDCONT):   *----------------------------------------------------------------------------;
MPRINT(TABDCONT):   * Get variable information from dataset - abort if it is not there ;
MPRINT(TABDCONT):   *----------------------------------------------------------------------------;
MPRINT(TABDCONT):   data _null_;
MPRINT(TABDCONT):   length label1 label2 $250;
MPRINT(TABDCONT):   ds = open("analf","i");
MPRINT(TABDCONT):   var = varnum(ds , "bbmi");
MPRINT(TABDCONT):   if not(var) then do;
MPRINT(TABDCONT):   call symput("_errcode","F");
MPRINT(TABDCONT):   call symput("_errmsg","Continuous analysis variable bbmi .does not. exist - canceling run" );
MPRINT(TABDCONT):   end;
MPRINT(TABDCONT):   else do;
MPRINT(TABDCONT):   label1 = varlabel(ds,var);
MPRINT(TABDCONT):   if index(label1,'~') > 0 then do;
MPRINT(TABDCONT):   label2 = scan(label1,2,'~');
MPRINT(TABDCONT):   label1 = scan(label1,1,'~');
MPRINT(TABDCONT):   end;
MPRINT(TABDCONT):   call symput("label1",label1);
MPRINT(TABDCONT):   call symput("label2",label2);
MPRINT(TABDCONT):   end;
MPRINT(TABDCONT):   *** Check stratification variables ***;
MPRINT(TABDCONT):   run;

NOTE: DATA statement used (Total process time):
      real time           0.00 seconds
      cpu time            0.00 seconds
      

MPRINT(TABDCONT):   *********************************;
MPRINT(TABDCONT):   *** end of macro set up ***;
MPRINT(TABDCONT):   *** beginning of calculations ***;
MPRINT(TABDCONT):   *********************************;
MPRINT(TABDCONT):   *----------------------------------------------------------------------------;
MPRINT(TABDCONT):   * Generate and format descriptive statistics ;
MPRINT(TABDCONT):   *----------------------------------------------------------------------------;
MPRINT(UNIVAR):   *-----------------------------------------------*;
                                                                    The SAS System

MPRINT(UNIVAR):   * Generate and format univariate statistics *;
MPRINT(UNIVAR):   ;
MPRINT(UNIVAR):   *-----------------------------------------------*;
MPRINT(UNIVAR):   proc univariate data=analf NOPRINT;
MPRINT(UNIVAR):   by trt01pn ;
MPRINT(UNIVAR):   var bbmi;
MPRINT(UNIVAR):   output out=_tabcon0 n = n mean = mean median = median stdmean = stdmean std = sd q1 = qone q3 = qthre min = min max = max var = var 
t = t probt = probt probm = probm probs = probs msign = msign signrank = signrank cv = cv ;
MPRINT(UNIVAR):   * title2 'Macro tabdcont: File _TABCON0';
MPRINT(UNIVAR):   run;

NOTE: The data set WORK._TABCON0 has 3 observations and 18 variables.
NOTE: PROCEDURE UNIVARIATE used (Total process time):
      real time           0.00 seconds
      cpu time            0.00 seconds
      

MPRINT(UNIVAR):   *----------------------------------------------------------------------------;
MPRINT(UNIVAR):   * If geometric mean or ci is requested, check for negative value in &var ;
MPRINT(UNIVAR):   *----------------------------------------------------------------------------;
MPRINT(UNIVAR):   data _tabcon1;
MPRINT(UNIVAR):   set _tabcon0;
MPRINT(UNIVAR):   length statval $ 40 linlabel $250 statord $ 40;
MPRINT(UNIVAR):   statord = '1';
MPRINT(UNIVAR):   linlabel = 'N';
MPRINT(UNIVAR):   statval = ' ';
MPRINT(UNIVAR):   if (n>.) then statval = put(n, 5. );
MPRINT(UNIVAR):   output;
MPRINT(UNIVAR):   *** Special clause, used to prevent some means from ***;
MPRINT(UNIVAR):   *** being printed as "-0.00", just show as "0.00" ***;
MPRINT(UNIVAR):   *** if n=0, then statval had carried through at 0 also ***;
MPRINT(UNIVAR):   *** force it to be missing ***;
MPRINT(UNIVAR):   statord = '2';
MPRINT(UNIVAR):   linlabel = "Mean (SD)";
MPRINT(UNIVAR):   statval = ' ';
MPRINT(UNIVAR):   if (n>0) then do;
MPRINT(UNIVAR):   statval = left(put( round(mean,10**(-1*1)), 8.1 ));
MPRINT(UNIVAR):   if abs(input(statval,??best.)) eq 0 then do;
MPRINT(UNIVAR):   statval = left(put( 0, 8.1 ));
MPRINT(UNIVAR):   end;
MPRINT(UNIVAR):   end;
MPRINT(UNIVAR):   if (n>1) then do;
MPRINT(UNIVAR):   statval = trim(statval) || ' (' || trim(left(put(round(sd,10**(-1*2)), 8.2 ))) || ')';
MPRINT(UNIVAR):   end;
MPRINT(UNIVAR):   output;
MPRINT(UNIVAR):   statord = '6';
                                                                    The SAS System

MPRINT(UNIVAR):   linlabel = 'Median';
MPRINT(UNIVAR):   statval = ' ';
MPRINT(UNIVAR):   if (n>0) then do;
MPRINT(UNIVAR):   **if median^=. then statval = trim(put(median, &_statlenc..&meddec ));
MPRINT(UNIVAR):   if median^=. then statval = trim(put(round(median, 10**(-1*1)), 8.1 ));
MPRINT(UNIVAR):   if abs(input(statval,??best.)) eq 0 then statval = left(put(0, 8.1 ));
MPRINT(UNIVAR):   end;
MPRINT(UNIVAR):   output;
MPRINT(UNIVAR):   statord = '7';
MPRINT(UNIVAR):   linlabel = 'Q1, Q3';
MPRINT(UNIVAR):   statval = ' ';
MPRINT(UNIVAR):   if (n>0) then do;
MPRINT(UNIVAR):   statval = trim(put(round(qone,10**(-1*1)), 8.1 ))|| ', ' || left(put(round(qthre,10**(-1*1)),8.1));
MPRINT(UNIVAR):   end;
MPRINT(UNIVAR):   output;
MPRINT(UNIVAR):   statord = '8';
MPRINT(UNIVAR):   linlabel = 'Min, Max';
MPRINT(UNIVAR):   statval = ' ';
MPRINT(UNIVAR):   if (n>0) then do;
MPRINT(UNIVAR):   statval = trim(put(round(min,10**(-1*1)), 8.1 )) || ', ' || left(put(round(max,10**(-1*1)),8.1 ));
MPRINT(UNIVAR):   end;
MPRINT(UNIVAR):   output;
MPRINT(UNIVAR):   ***************************************************;
MPRINT(UNIVAR):   ** add change-from-baseline p-value if requested **;
MPRINT(UNIVAR):   ***************************************************;
MPRINT(UNIVAR):   run;

NOTE: There were 3 observations read from the data set WORK._TABCON0.
NOTE: The data set WORK._TABCON1 has 15 observations and 21 variables.
NOTE: DATA statement used (Total process time):
      real time           0.00 seconds
      cpu time            0.01 seconds
      

MPRINT(UNIVAR):   **********************************************************;
MPRINT(UNIVAR):   *** add geometric mean and CV to _tabcon1 if requested ***;
MPRINT(UNIVAR):   **********************************************************;
MPRINT(UNIVAR):   ********************************************************************;
MPRINT(UNIVAR):   *** spaces added to line up the output based on new standard SAP ***;
MPRINT(UNIVAR):   ********************************************************************;
MPRINT(UNIVAR):   data _tabcon1;
MPRINT(UNIVAR):   set _tabcon1;
MPRINT(UNIVAR):   retain padlen 0;
MPRINT(UNIVAR):   len=length(scan(left(statval),1,'., '));
MPRINT(UNIVAR):   if len>padlen then padlen=len;
MPRINT(UNIVAR):   call symput("padlen",compress(put(padlen,8.)));
                                                                    The SAS System

MPRINT(UNIVAR):   run;

NOTE: There were 15 observations read from the data set WORK._TABCON1.
NOTE: The data set WORK._TABCON1 has 15 observations and 23 variables.
NOTE: DATA statement used (Total process time):
      real time           0.00 seconds
      cpu time            0.00 seconds
      

MPRINT(UNIVAR):   data _tabcon1 (drop=statval rename=(statval2=statval));
MPRINT(UNIVAR):   set _tabcon1 (drop=padlen);
MPRINT(UNIVAR):   if left(linlabel)='N' then do;
MPRINT(UNIVAR):   statval2=trim(repeat(' ',3-length(scan(left(statval),1,'.'))+1)||left(statval));
MPRINT(UNIVAR):   end;
MPRINT(UNIVAR):   else do;
MPRINT(UNIVAR):   if len=3 then statval2=left(statval);
MPRINT(UNIVAR):   else statval2=trim(repeat(' ',3-len-1)||left(statval));
MPRINT(UNIVAR):   end;
MPRINT(UNIVAR):   run;

NOTE: There were 15 observations read from the data set WORK._TABCON1.
NOTE: The data set WORK._TABCON1 has 15 observations and 22 variables.
NOTE: DATA statement used (Total process time):
      real time           0.00 seconds
      cpu time            0.00 seconds
      

MPRINT(UNIVAR):   proc sort data = _tabcon1;
MPRINT(UNIVAR):   by statord linlabel trt01pn;
MPRINT(UNIVAR):   where trt01pn ne .;
MPRINT(UNIVAR):   run;

NOTE: There were 15 observations read from the data set WORK._TABCON1.
      WHERE trt01pn not = .;
NOTE: SAS sort was used.
NOTE: The data set WORK._TABCON1 has 15 observations and 22 variables.
NOTE: PROCEDURE SORT used (Total process time):
      real time           0.00 seconds
      cpu time            0.00 seconds
      

MPRINT(UNIVAR):   proc transpose data=_tabcon1 prefix=value out=_tabcon2 ;
MPRINT(UNIVAR):   var statval;
MPRINT(UNIVAR):   by statord linlabel ;
MPRINT(UNIVAR):   id trt01pn;
MPRINT(UNIVAR):   run;
                                                                    The SAS System


NOTE: There were 15 observations read from the data set WORK._TABCON1.
NOTE: The data set WORK._TABCON2 has 5 observations and 6 variables.
NOTE: PROCEDURE TRANSPOSE used (Total process time):
      real time           0.00 seconds
      cpu time            0.00 seconds
      

MPRINT(UNIVAR):   data _tabcon2;
MPRINT(UNIVAR):   set _tabcon2;
MPRINT(UNIVAR):   pval1=.;
MPRINT(UNIVAR):   pval2=.;
MPRINT(UNIVAR):   run;

NOTE: There were 5 observations read from the data set WORK._TABCON2.
NOTE: The data set WORK._TABCON2 has 5 observations and 8 variables.
NOTE: DATA statement used (Total process time):
      real time           0.00 seconds
      cpu time            0.00 seconds
      

MPRINT(TABDCONT):  ;
MPRINT(TABDCONT):   ******************************************************************;
MPRINT(TABDCONT):   *** test: if n=0 then skip rest of calculation for that colvar ***;
MPRINT(TABDCONT):   *** assumption: number of column < 10 ***;
MPRINT(TABDCONT):   ******************************************************************;
MPRINT(TABDCONT):   proc sort data=_tabcon1 out=test (keep=n trt01pn) nodupkey;
MPRINT(TABDCONT):   by trt01pn descending n;
MPRINT(TABDCONT):   run;

NOTE: There were 15 observations read from the data set WORK._TABCON1.
NOTE: SAS sort was used.
NOTE: 12 observations with duplicate key values were deleted.
NOTE: The data set WORK.TEST has 3 observations and 2 variables.
NOTE: PROCEDURE SORT used (Total process time):
      real time           0.00 seconds
      cpu time            0.00 seconds
      

MPRINT(TABDCONT):   ** this code was added so when byvar is specified, and 0 obs exist **;
MPRINT(TABDCONT):   ** for that byvar value for colvar, then it will still create the **;
MPRINT(TABDCONT):   ** table spacing properly - kad 11May2010 **;
MPRINT(TABDCONT):  ;
MPRINT(TABDCONT):   *----------------------------------------------------------------------------*;
MPRINT(TABDCONT):   * If overall p-values are requested, generate and add to the dataset *;
MPRINT(TABDCONT):   * Up to two can be requested *;
                                                                    The SAS System

MPRINT(TABDCONT):   *----------------------------------------------------------------------------*;
MPRINT(TABDCONT):   ********************************;
MPRINT(TABDCONT):   *** do pairwise calculations ***;
MPRINT(TABDCONT):   ********************************;
MPRINT(TABDCONT):   *----------------------------------------------------------------------------*;
MPRINT(TABDCONT):   * combine the output files *;
MPRINT(TABDCONT):   *----------------------------------------------------------------------------*;
MPRINT(TABDCONT):   data _tabcon2 (drop=value: rename=( _val_1=value1 _val_2=value2 _val_3=value3));
MPRINT(TABDCONT):   length label1 label2 $250 _val_1 - _val_3 $ 40;
MPRINT(TABDCONT):   set _tabcon2;
MPRINT(TABDCONT):   array _val {*} $ value1 - value3;
MPRINT(TABDCONT):   array nval {*} $ _val_1 - _val_3;
MPRINT(TABDCONT):   do __i = 1 to 3;
MPRINT(TABDCONT):   nval[__i] = _val[__i];
MPRINT(TABDCONT):   if (compress(linlabel)='N' and nval[__i] = '') then nval[__i] = '    0';
MPRINT(TABDCONT):   end;
MPRINT(TABDCONT):   type = "CONT";
MPRINT(TABDCONT):   sortord = 11;
MPRINT(TABDCONT):   label1 = "Body Mass Index (kg/m^2)                                                                                                
                                                                                                                                  ";
MPRINT(TABDCONT):   label2 = "                                                                                                                        
                                                                                                                                  ";
MPRINT(TABDCONT):   run;

NOTE: There were 5 observations read from the data set WORK._TABCON2.
NOTE: The data set WORK._TABCON2 has 5 observations and 13 variables.
NOTE: DATA statement used (Total process time):
      real time           0.00 seconds
      cpu time            0.00 seconds
      

MPRINT(PVALUE):   data _tabcon2;
MPRINT(PVALUE):   set _tabcon2;
MPRINT(PVALUE):   drop _tmp_value;
MPRINT(PVALUE):   format pvalc1 $8.;
MPRINT(PVALUE):   label pvalc1= 'p-value';
MPRINT(PVALUE):   if (missing(pval1)) then pvalc1 = 'N/A';
MPRINT(PVALUE):   else do;
MPRINT(PVALUE):   _tmp_value = pval1;
MPRINT(PVALUE):   if (_tmp_value<0 or _tmp_value>1) then pvalc1 = 'ER'||'ROR';
MPRINT(PVALUE):   else if (_tmp_value<0.0001) then pvalc1 ='<0.0001';
MPRINT(PVALUE):   else pvalc1 = put( _tmp_value, 6.4);
MPRINT(PVALUE):   end;
MPRINT(PVALUE):   run;

NOTE: There were 5 observations read from the data set WORK._TABCON2.
                                                                    The SAS System

NOTE: The data set WORK._TABCON2 has 5 observations and 14 variables.
NOTE: DATA statement used (Total process time):
      real time           0.00 seconds
      cpu time            0.00 seconds
      

MPRINT(TABDCONT):  ;
MPRINT(PVALUE):   data _tabcon2;
MPRINT(PVALUE):   set _tabcon2;
MPRINT(PVALUE):   drop _tmp_value;
MPRINT(PVALUE):   format pvalc2 $8.;
MPRINT(PVALUE):   label pvalc2= 'p-value';
MPRINT(PVALUE):   if (missing(pval2)) then pvalc2 = 'N/A';
MPRINT(PVALUE):   else do;
MPRINT(PVALUE):   _tmp_value = pval2;
MPRINT(PVALUE):   if (_tmp_value<0 or _tmp_value>1) then pvalc2 = 'ER'||'ROR';
MPRINT(PVALUE):   else if (_tmp_value<0.0001) then pvalc2 ='<0.0001';
MPRINT(PVALUE):   else pvalc2 = put( _tmp_value, 6.4);
MPRINT(PVALUE):   end;
MPRINT(PVALUE):   run;

NOTE: There were 5 observations read from the data set WORK._TABCON2.
NOTE: The data set WORK._TABCON2 has 5 observations and 15 variables.
NOTE: DATA statement used (Total process time):
      real time           0.00 seconds
      cpu time            0.00 seconds
      

MPRINT(TABDCONT):  ;
MPRINT(TABDCONT):   data _tabcon2;
MPRINT(TABDCONT):   set _tabcon2;
MPRINT(TABDCONT):   format pvalc1 pvalc2;
MPRINT(TABDCONT):   run;

NOTE: There were 5 observations read from the data set WORK._TABCON2.
NOTE: The data set WORK._TABCON2 has 5 observations and 15 variables.
NOTE: DATA statement used (Total process time):
      real time           0.00 seconds
      cpu time            0.01 seconds
      

MPRINT(TABDCONT):   data combine;
MPRINT(TABDCONT):   set combine _tabcon2;
MPRINT(TABDCONT):   run;

NOTE: There were 25 observations read from the data set WORK.COMBINE.
                                                                    The SAS System

NOTE: There were 5 observations read from the data set WORK._TABCON2.
NOTE: The data set WORK.COMBINE has 30 observations and 16 variables.
NOTE: DATA statement used (Total process time):
      real time           0.00 seconds
      cpu time            0.00 seconds
      

MPRINT(TABDCONT):   *----------------------------------------------------------------------------;
MPRINT(TABDCONT):   * Cleanup ;
MPRINT(TABDCONT):   *----------------------------------------------------------------------------;
MPRINT(TABDCONT):   proc datasets library = work nolist;
MPRINT(TABDCONT):   delete _tabcon: ;
MPRINT(TABDCONT):   quit;

NOTE: Deleting WORK._TABCON0 (memtype=DATA).
NOTE: Deleting WORK._TABCON1 (memtype=DATA).
NOTE: Deleting WORK._TABCON2 (memtype=DATA).
NOTE: PROCEDURE DATASETS used (Total process time):
      real time           0.00 seconds
      cpu time            0.00 seconds
      

MPRINT(MK_T_S_DEMOG):  ;
MPRINT(TABPREP):   options missing = ' ';
MPRINT(TABPREP):   **Set the value of parameter wantrtf = N in the code regardless of the value in the macro call**;
MPRINT(TABPREP):   options pagesize=48;
MPRINT(TABPREP):   ********************************************;
MPRINT(TABPREP):   *** number of columns per page ***;
MPRINT(TABPREP):   *** = # of trt group +1 (if ocprint) ***;
MPRINT(TABPREP):   *** + number of overall p-values ***;
MPRINT(TABPREP):   *** + number of ci column ***;
MPRINT(TABPREP):   *** + number of p-values for comparison***;
MPRINT(TABPREP):   ********************************************;
MPRINT(TABPREP):  ;
MPRINT(TABPREP):  ;
MPRINT(TABPREP):   ;
MPRINT(TABPREP):   data _null_;
MPRINT(TABPREP):   retain maxstat 0;
MPRINT(TABPREP):   maxstat=maxstat+4;
MPRINT(TABPREP):   call symput('statmaxl',trim(left(put(maxstat,5.0))) );
MPRINT(TABPREP):   stop;
MPRINT(TABPREP):   run;

NOTE: DATA statement used (Total process time):
      real time           0.00 seconds
      cpu time            0.00 seconds
                                                                    The SAS System

      

MPRINT(TABPREP):   *kchan07 20april2015;
MPRINT(TABPREP):   data m_combine;
MPRINT(TABPREP):   set combine;
MPRINT(TABPREP):   run;

NOTE: There were 30 observations read from the data set WORK.COMBINE.
NOTE: The data set WORK.M_COMBINE has 30 observations and 16 variables.
NOTE: DATA statement used (Total process time):
      real time           0.00 seconds
      cpu time            0.00 seconds
      

MPRINT(TABPREP):   data _null_;
MPRINT(TABPREP):   set m_combine end = eof;
MPRINT(TABPREP):   retain maxoc 0;
MPRINT(TABPREP):   if eof then call symput ('maxoc',compress(put(maxoc,best.)));
MPRINT(TABPREP):   run;

NOTE: There were 30 observations read from the data set WORK.M_COMBINE.
NOTE: DATA statement used (Total process time):
      real time           0.00 seconds
      cpu time            0.00 seconds
      

MPRINT(TABPREP):   data _null_;
MPRINT(TABPREP):   length linlabel $250 value1 - value3 $40;
MPRINT(TABPREP):   level = .;
MPRINT(TABPREP):   set m_combine end = eof;
MPRINT(TABPREP):   retain maxstat maxbyln 0;
MPRINT(TABPREP):   length _lab_ _lab2_ $250;
MPRINT(TABPREP):   lablines = 0;
MPRINT(TABPREP):   lablines = length(compress("~",'~','k'));
MPRINT(TABPREP):   maxstat=max(maxstat,length(value1) );
MPRINT(TABPREP):   if 0 < level < 0 then maxstat = max(maxstat,length(value1)+2 );
MPRINT(TABPREP):   maxstat=max(maxstat,length(value2) );
MPRINT(TABPREP):   if 0 < level < 0 then maxstat = max(maxstat,length(value2)+2 );
MPRINT(TABPREP):   maxstat=max(maxstat,length(value3) );
MPRINT(TABPREP):   if 0 < level < 0 then maxstat = max(maxstat,length(value3)+2 );
MPRINT(TABPREP):   if ^eof then return;
MPRINT(TABPREP):   _lab_ = trim(put(1,TRTFMT. )) || compress("~(N=          50)");
MPRINT(TABPREP):   if "Y" = "Y" and 1 = 3 then _lab_ = "Total" || compress("~(N=          50)");
MPRINT(TABPREP):   call symput ("_collb1", trim(_lab_) );
MPRINT(TABPREP):   if "" ne " " then _lab_ = trim(_lab_) || "~";
MPRINT(TABPREP):   lines = length(compress('~'||_lab_,'~','k'));
                                                                    The SAS System

MPRINT(TABPREP):   lablines = max(lablines, lines);
MPRINT(TABPREP):   _lab_ = trim(put(2,TRTFMT. )) || compress("~(N=          50)");
MPRINT(TABPREP):   if "Y" = "Y" and 2 = 3 then _lab_ = "Total" || compress("~(N=          50)");
MPRINT(TABPREP):   call symput ("_collb2", trim(_lab_) );
MPRINT(TABPREP):   if "" ne " " then _lab_ = trim(_lab_) || "~";
MPRINT(TABPREP):   lines = length(compress('~'||_lab_,'~','k'));
MPRINT(TABPREP):   lablines = max(lablines, lines);
MPRINT(TABPREP):   _lab_ = trim(put(3,TRTFMT. )) || compress("~(N=         100)");
MPRINT(TABPREP):   if "Y" = "Y" and 3 = 3 then _lab_ = "Total" || compress("~(N=         100)");
MPRINT(TABPREP):   call symput ("_collb3", trim(_lab_) );
MPRINT(TABPREP):   if "" ne " " then _lab_ = trim(_lab_) || "~";
MPRINT(TABPREP):   lines = length(compress('~'||_lab_,'~','k'));
MPRINT(TABPREP):   lablines = max(lablines, lines);
MPRINT(TABPREP):   call symput ( "colhd" , put(lablines + 2 , 3.0 ) );
MPRINT(TABPREP):   _lab2_ = put(1,TRTFMT.) || compress("~(N=          50)");
MPRINT(TABPREP):   if "" ne " " then _lab_ = trim(_lab_) || "~";
MPRINT(TABPREP):   do j = 1 to 10;
MPRINT(TABPREP):   _lab_ = left(scan(_lab2_,j,'~'));
MPRINT(TABPREP):   maxlen = max(4,maxstat,maxlen,length(trim(_lab_)));
MPRINT(TABPREP):   maxhdr = max(4,maxhdr,length(trim(_lab_)));
MPRINT(TABPREP):   end;
MPRINT(TABPREP):   _lab2_ = put(2,TRTFMT.) || compress("~(N=          50)");
MPRINT(TABPREP):   if "" ne " " then _lab_ = trim(_lab_) || "~";
MPRINT(TABPREP):   do j = 1 to 10;
MPRINT(TABPREP):   _lab_ = left(scan(_lab2_,j,'~'));
MPRINT(TABPREP):   maxlen = max(4,maxstat,maxlen,length(trim(_lab_)));
MPRINT(TABPREP):   maxhdr = max(4,maxhdr,length(trim(_lab_)));
MPRINT(TABPREP):   end;
MPRINT(TABPREP):   _lab2_ = put(3,TRTFMT.) || compress("~(N=         100)");
MPRINT(TABPREP):   if "" ne " " then _lab_ = trim(_lab_) || "~";
MPRINT(TABPREP):   do j = 1 to 10;
MPRINT(TABPREP):   _lab_ = left(scan(_lab2_,j,'~'));
MPRINT(TABPREP):   maxlen = max(4,maxstat,maxlen,length(trim(_lab_)));
MPRINT(TABPREP):   maxhdr = max(4,maxhdr,length(trim(_lab_)));
MPRINT(TABPREP):   end;
MPRINT(TABPREP):   call symput('statmaxl',trim(left(put(maxlen,5.0))) );
MPRINT(TABPREP):   call symput('statmaxh',trim(left(put(maxhdr,5.0))) );
MPRINT(TABPREP):   _lab_ = "Number Of Participants";
MPRINT(CNTWRAP):   __ind = 0;
MPRINT(CNTWRAP):   if (__ind<0) then __ind = 0;
MPRINT(CNTWRAP):   length _tmp_ _tmp2_ $250;
MPRINT(CNTWRAP):   _wrap_ = 0;
MPRINT(CNTWRAP):   _fill_ = __ind + 2;
MPRINT(CNTWRAP):   _tmp_ = left(_lab_);
MPRINT(CNTWRAP):   if (__ind>0) then _tmp_ = repeat(' ',__ind-1) || left(_lab_);
MPRINT(CNTWRAP):   if length(_tmp_) > 50 then do;
                                                                    The SAS System

MPRINT(CNTWRAP):   _startcol = __ind + 1;
MPRINT(CNTWRAP):   _endcol = 50;
MPRINT(CNTWRAP):   _done = 0;
MPRINT(CNTWRAP):   do until(_done);
MPRINT(CNTWRAP):   _lettr1_ = substr(_tmp_,_endcol+1,1);
MPRINT(CNTWRAP):   if( _lettr1_ = " " ) then do;
MPRINT(CNTWRAP):   _splitcol = _endcol+1;
MPRINT(CNTWRAP):   _tmp_ = substr(_tmp_,1,_splitcol-1) || "~" || repeat(" ",_fill_-1) || substr(_tmp_,_splitcol+1);
MPRINT(CNTWRAP):   _wrap_ + 1;
MPRINT(CNTWRAP):   end;
MPRINT(CNTWRAP):   else do;
MPRINT(CNTWRAP):   _gotword = 0;
MPRINT(CNTWRAP):   do _j_ = _endcol to _startcol by -1;
MPRINT(CNTWRAP):   _lettr1_ = substr(_tmp_,_j_,1);
MPRINT(CNTWRAP):   if (_lettr1_ = ' ') then do;
MPRINT(CNTWRAP):   _splitcol = _j_;
MPRINT(CNTWRAP):   _tmp_ = substr(_tmp_,1,_splitcol-1) || "~" || repeat(" ",_fill_-1) || substr(_tmp_,_splitcol+1);
MPRINT(CNTWRAP):   _wrap_ + 1;
MPRINT(CNTWRAP):   _gotword = 1;
MPRINT(CNTWRAP):   _j_ = 0;
MPRINT(CNTWRAP):   end;
MPRINT(CNTWRAP):   end;
MPRINT(CNTWRAP):   if (not(_gotword)) then do;
MPRINT(CNTWRAP):   _splitcol = _endcol+1;
MPRINT(CNTWRAP):   _tmp_ = substr(_tmp_,1,_splitcol-1) || "~" || repeat(" ",_fill_-1) || substr(_tmp_,_splitcol);
MPRINT(CNTWRAP):   _wrap_ + 1;
MPRINT(CNTWRAP):   end;
MPRINT(CNTWRAP):   end;
MPRINT(CNTWRAP):   _startcol = _splitcol + _fill_ + 1;
MPRINT(CNTWRAP):   _endcol = _splitcol + 50;
MPRINT(CNTWRAP):   if (_endcol ge 250) or (length(substr(_tmp_,_splitcol+1)) le 50) then _done = 1;
MPRINT(CNTWRAP):   end;
MPRINT(CNTWRAP):   if _splitcol then do;
MPRINT(CNTWRAP):   _tmp2_ = substr(_tmp_,_splitcol+1);
MPRINT(CNTWRAP):   if (length(_tmp2_)=50) then do;
MPRINT(CNTWRAP):   _gotword = 0;
MPRINT(CNTWRAP):   do _j_ = 50 to _fill_+1 by -1;
MPRINT(CNTWRAP):   _lettr1_ = substr(_tmp2_,_j_,1);
MPRINT(CNTWRAP):   if (_lettr1_ = ' ') then do;
MPRINT(CNTWRAP):   _tmp2_ = substr(_tmp2_,1,_j_-1) || "~" || repeat(" ",_fill_-1) || substr(_tmp2_,_j_);
MPRINT(CNTWRAP):   _wrap_ + 1;
MPRINT(CNTWRAP):   _gotword = 1;
MPRINT(CNTWRAP):   _j_ = 0;
MPRINT(CNTWRAP):   end;
MPRINT(CNTWRAP):   end;
MPRINT(CNTWRAP):   if (not(_gotword)) then do;
                                                                    The SAS System

MPRINT(CNTWRAP):   _j_ = 50-1;
MPRINT(CNTWRAP):   _tmp2_ = substr(_tmp2_,1,_j_-1) || "~" || repeat(" ",_fill_-1) || substr(_tmp2_,_j_);
MPRINT(CNTWRAP):   _wrap_ + 1;
MPRINT(CNTWRAP):   end;
MPRINT(CNTWRAP):   _tmp_ = substr(_tmp_,1,_splitcol)||_tmp2_;
MPRINT(CNTWRAP):   end;
MPRINT(CNTWRAP):   else _tmp_ = substr(_tmp_,1,_splitcol)||" "||substr(_tmp_,_splitcol+1);
MPRINT(CNTWRAP):   end;
MPRINT(CNTWRAP):   end;
MPRINT(CNTWRAP):   _tmp_ = _tmp_;
MPRINT(TABPREP):  ;
MPRINT(TABPREP):   texthd = 2 + _wrap_;
MPRINT(TABPREP):   if "N" = "Y" then do;
MPRINT(TABPREP):   _lab_ = "";
MPRINT(CNTWRAP):   __ind = 0;
MPRINT(CNTWRAP):   if (__ind<0) then __ind = 0;
MPRINT(CNTWRAP):   length _tmp_ _tmp2_ $250;
MPRINT(CNTWRAP):   _wrap_ = 0;
MPRINT(CNTWRAP):   _fill_ = __ind + 2;
MPRINT(CNTWRAP):   _tmp_ = left(_lab_);
MPRINT(CNTWRAP):   if (__ind>0) then _tmp_ = repeat(' ',__ind-1) || left(_lab_);
MPRINT(CNTWRAP):   if length(_tmp_) > 50 then do;
MPRINT(CNTWRAP):   _startcol = __ind + 1;
MPRINT(CNTWRAP):   _endcol = 50;
MPRINT(CNTWRAP):   _done = 0;
MPRINT(CNTWRAP):   do until(_done);
MPRINT(CNTWRAP):   _lettr1_ = substr(_tmp_,_endcol+1,1);
MPRINT(CNTWRAP):   if( _lettr1_ = " " ) then do;
MPRINT(CNTWRAP):   _splitcol = _endcol+1;
MPRINT(CNTWRAP):   _tmp_ = substr(_tmp_,1,_splitcol-1) || "~" || repeat(" ",_fill_-1) || substr(_tmp_,_splitcol+1);
MPRINT(CNTWRAP):   _wrap_ + 1;
MPRINT(CNTWRAP):   end;
MPRINT(CNTWRAP):   else do;
MPRINT(CNTWRAP):   _gotword = 0;
MPRINT(CNTWRAP):   do _j_ = _endcol to _startcol by -1;
MPRINT(CNTWRAP):   _lettr1_ = substr(_tmp_,_j_,1);
MPRINT(CNTWRAP):   if (_lettr1_ = ' ') then do;
MPRINT(CNTWRAP):   _splitcol = _j_;
MPRINT(CNTWRAP):   _tmp_ = substr(_tmp_,1,_splitcol-1) || "~" || repeat(" ",_fill_-1) || substr(_tmp_,_splitcol+1);
MPRINT(CNTWRAP):   _wrap_ + 1;
MPRINT(CNTWRAP):   _gotword = 1;
MPRINT(CNTWRAP):   _j_ = 0;
MPRINT(CNTWRAP):   end;
MPRINT(CNTWRAP):   end;
MPRINT(CNTWRAP):   if (not(_gotword)) then do;
MPRINT(CNTWRAP):   _splitcol = _endcol+1;
                                                                    The SAS System

MPRINT(CNTWRAP):   _tmp_ = substr(_tmp_,1,_splitcol-1) || "~" || repeat(" ",_fill_-1) || substr(_tmp_,_splitcol);
MPRINT(CNTWRAP):   _wrap_ + 1;
MPRINT(CNTWRAP):   end;
MPRINT(CNTWRAP):   end;
MPRINT(CNTWRAP):   _startcol = _splitcol + _fill_ + 1;
MPRINT(CNTWRAP):   _endcol = _splitcol + 50;
MPRINT(CNTWRAP):   if (_endcol ge 250) or (length(substr(_tmp_,_splitcol+1)) le 50) then _done = 1;
MPRINT(CNTWRAP):   end;
MPRINT(CNTWRAP):   if _splitcol then do;
MPRINT(CNTWRAP):   _tmp2_ = substr(_tmp_,_splitcol+1);
MPRINT(CNTWRAP):   if (length(_tmp2_)=50) then do;
MPRINT(CNTWRAP):   _gotword = 0;
MPRINT(CNTWRAP):   do _j_ = 50 to _fill_+1 by -1;
MPRINT(CNTWRAP):   _lettr1_ = substr(_tmp2_,_j_,1);
MPRINT(CNTWRAP):   if (_lettr1_ = ' ') then do;
MPRINT(CNTWRAP):   _tmp2_ = substr(_tmp2_,1,_j_-1) || "~" || repeat(" ",_fill_-1) || substr(_tmp2_,_j_);
MPRINT(CNTWRAP):   _wrap_ + 1;
MPRINT(CNTWRAP):   _gotword = 1;
MPRINT(CNTWRAP):   _j_ = 0;
MPRINT(CNTWRAP):   end;
MPRINT(CNTWRAP):   end;
MPRINT(CNTWRAP):   if (not(_gotword)) then do;
MPRINT(CNTWRAP):   _j_ = 50-1;
MPRINT(CNTWRAP):   _tmp2_ = substr(_tmp2_,1,_j_-1) || "~" || repeat(" ",_fill_-1) || substr(_tmp2_,_j_);
MPRINT(CNTWRAP):   _wrap_ + 1;
MPRINT(CNTWRAP):   end;
MPRINT(CNTWRAP):   _tmp_ = substr(_tmp_,1,_splitcol)||_tmp2_;
MPRINT(CNTWRAP):   end;
MPRINT(CNTWRAP):   else _tmp_ = substr(_tmp_,1,_splitcol)||" "||substr(_tmp_,_splitcol+1);
MPRINT(CNTWRAP):   end;
MPRINT(CNTWRAP):   end;
MPRINT(CNTWRAP):   _tmp_ = _tmp_;
MPRINT(TABPREP):  ;
MPRINT(TABPREP):   texthd = texthd + _wrap_ + 1;
MPRINT(TABPREP):   end;
MPRINT(TABPREP):   call symput("texthd",compress(put(texthd,best.)));
MPRINT(TABPREP):   run;

NOTE: There were 30 observations read from the data set WORK.M_COMBINE.
NOTE: DATA statement used (Total process time):
      real time           0.02 seconds
      cpu time            0.01 seconds
      

MPRINT(TABPREP):   *--------------------------------------------------------------------------;
MPRINT(TABPREP):   * Set macro vars to control spacing ;
                                                                    The SAS System

MPRINT(TABPREP):   *--------------------------------------------------------------------------;
MPRINT(TABPREP):   *--------------------------------------------------------------------------;
MPRINT(TABPREP):   * Sort stats file in order needed for report ;
MPRINT(TABPREP):   *--------------------------------------------------------------------------;
MPRINT(TABPREP):   proc sort data=m_combine equals;
MPRINT(TABPREP):   by sortord statord;
MPRINT(TABPREP):   where linlabel ne ' ';
MPRINT(TABPREP):   run;

NOTE: There were 30 observations read from the data set WORK.M_COMBINE.
      WHERE linlabel not = ' ';
NOTE: SAS sort was used.
NOTE: The data set WORK.M_COMBINE has 30 observations and 16 variables.
NOTE: PROCEDURE SORT used (Total process time):
      real time           0.00 seconds
      cpu time            0.00 seconds
      

MPRINT(TABPREP):   **** COPIED THIS CODE FROM TABDRPT....saw...03Nov2010...ticket #1684 *****;
MPRINT(TABPREP):   ***--- number of columns to be printed in the report VK 23SEP2007 ---***;
MPRINT(TABPREP):   ***--- check number of columns to print as specified in showallcol option in tabdesc call ---***;
MPRINT(TABPREP):   ***--- Start ---***;
MPRINT(TABPREP):   ***--- VK 31MAY2007---***;
MPRINT(TABPREP):   ***--- End ---***;
MPRINT(TABPREP):   ***--- VK 31MAY2007---***;
MPRINT(TABPREP):   data m_combine;
MPRINT(TABPREP):   set m_combine;
MPRINT(TABPREP):   **** MOVED THIS CODE FROM TABDRPT....saw...23Sep2010...ticket #1684 *****;
MPRINT(TABPREP):   label value1= "Drug A~(N=50)";
MPRINT(TABPREP):   label value2= "Drug B~(N=50)";
MPRINT(TABPREP):   label value3= "Total~(N=100)";
MPRINT(TABPREP):   run;

NOTE: There were 30 observations read from the data set WORK.M_COMBINE.
NOTE: The data set WORK.M_COMBINE has 30 observations and 16 variables.
NOTE: DATA statement used (Total process time):
      real time           0.00 seconds
      cpu time            0.01 seconds
      

MPRINT(TABPREP):   *--------------------------------------------------------------------------;
MPRINT(TABPREP):   * For patient counts, add extra lines for labelling if not all levels of ;
MPRINT(TABPREP):   * stats were generated ;
MPRINT(TABPREP):   *--------------------------------------------------------------------------;
MPRINT(TABPREP):   *--------------------------------------------------------------------------;
MPRINT(TABPREP):   * Count lines needed - determine where page breaks will happen ;
                                                                    The SAS System

MPRINT(TABPREP):   *--------------------------------------------------------------------------;
MPRINT(TABPREP):   proc sort data=m_combine;
MPRINT(TABPREP):   by sortord;
MPRINT(TABPREP):   run;

NOTE: There were 30 observations read from the data set WORK.M_COMBINE.
NOTE: SAS sort was used.
NOTE: The data set WORK.M_COMBINE has 30 observations and 16 variables.
NOTE: PROCEDURE SORT used (Total process time):
      real time           0.00 seconds
      cpu time            0.00 seconds
      

MPRINT(TABPREP):   data ctlines(keep= sortord nolines);
MPRINT(TABPREP):   level = .;
MPRINT(TABPREP):   set m_combine;
MPRINT(TABPREP):   by sortord;
MPRINT(TABPREP):   retain nolines types;
MPRINT(TABPREP):   if first.sortord then types = type;
MPRINT(TABPREP):   if first.sortord then nolines = 1;
MPRINT(TABPREP):   ind = 3;
MPRINT(TABPREP):   if level ne . then ind = level * 3;
MPRINT(CNTWRAP):   __ind = ind;
MPRINT(CNTWRAP):   if (__ind<0) then __ind = 0;
MPRINT(CNTWRAP):   length _tmp_ _tmp2_ $250;
MPRINT(CNTWRAP):   _wrap_ = 0;
MPRINT(CNTWRAP):   _fill_ = __ind + 2;
MPRINT(CNTWRAP):   _tmp_ = left(linlabel);
MPRINT(CNTWRAP):   if (__ind>0) then _tmp_ = repeat(' ',__ind-1) || left(linlabel);
MPRINT(CNTWRAP):   if length(_tmp_) > 50 then do;
MPRINT(CNTWRAP):   _startcol = __ind + 1;
MPRINT(CNTWRAP):   _endcol = 50;
MPRINT(CNTWRAP):   _done = 0;
MPRINT(CNTWRAP):   do until(_done);
MPRINT(CNTWRAP):   _lettr1_ = substr(_tmp_,_endcol+1,1);
MPRINT(CNTWRAP):   if( _lettr1_ = " " ) then do;
MPRINT(CNTWRAP):   _splitcol = _endcol+1;
MPRINT(CNTWRAP):   _tmp_ = substr(_tmp_,1,_splitcol-1) || "~" || repeat(" ",_fill_-1) || substr(_tmp_,_splitcol+1);
MPRINT(CNTWRAP):   _wrap_ + 1;
MPRINT(CNTWRAP):   end;
MPRINT(CNTWRAP):   else do;
MPRINT(CNTWRAP):   _gotword = 0;
MPRINT(CNTWRAP):   do _j_ = _endcol to _startcol by -1;
MPRINT(CNTWRAP):   _lettr1_ = substr(_tmp_,_j_,1);
MPRINT(CNTWRAP):   if (_lettr1_ = ' ') then do;
MPRINT(CNTWRAP):   _splitcol = _j_;
                                                                    The SAS System

MPRINT(CNTWRAP):   _tmp_ = substr(_tmp_,1,_splitcol-1) || "~" || repeat(" ",_fill_-1) || substr(_tmp_,_splitcol+1);
MPRINT(CNTWRAP):   _wrap_ + 1;
MPRINT(CNTWRAP):   _gotword = 1;
MPRINT(CNTWRAP):   _j_ = 0;
MPRINT(CNTWRAP):   end;
MPRINT(CNTWRAP):   end;
MPRINT(CNTWRAP):   if (not(_gotword)) then do;
MPRINT(CNTWRAP):   _splitcol = _endcol+1;
MPRINT(CNTWRAP):   _tmp_ = substr(_tmp_,1,_splitcol-1) || "~" || repeat(" ",_fill_-1) || substr(_tmp_,_splitcol);
MPRINT(CNTWRAP):   _wrap_ + 1;
MPRINT(CNTWRAP):   end;
MPRINT(CNTWRAP):   end;
MPRINT(CNTWRAP):   _startcol = _splitcol + _fill_ + 1;
MPRINT(CNTWRAP):   _endcol = _splitcol + 50;
MPRINT(CNTWRAP):   if (_endcol ge 250) or (length(substr(_tmp_,_splitcol+1)) le 50) then _done = 1;
MPRINT(CNTWRAP):   end;
MPRINT(CNTWRAP):   if _splitcol then do;
MPRINT(CNTWRAP):   _tmp2_ = substr(_tmp_,_splitcol+1);
MPRINT(CNTWRAP):   if (length(_tmp2_)=50) then do;
MPRINT(CNTWRAP):   _gotword = 0;
MPRINT(CNTWRAP):   do _j_ = 50 to _fill_+1 by -1;
MPRINT(CNTWRAP):   _lettr1_ = substr(_tmp2_,_j_,1);
MPRINT(CNTWRAP):   if (_lettr1_ = ' ') then do;
MPRINT(CNTWRAP):   _tmp2_ = substr(_tmp2_,1,_j_-1) || "~" || repeat(" ",_fill_-1) || substr(_tmp2_,_j_);
MPRINT(CNTWRAP):   _wrap_ + 1;
MPRINT(CNTWRAP):   _gotword = 1;
MPRINT(CNTWRAP):   _j_ = 0;
MPRINT(CNTWRAP):   end;
MPRINT(CNTWRAP):   end;
MPRINT(CNTWRAP):   if (not(_gotword)) then do;
MPRINT(CNTWRAP):   _j_ = 50-1;
MPRINT(CNTWRAP):   _tmp2_ = substr(_tmp2_,1,_j_-1) || "~" || repeat(" ",_fill_-1) || substr(_tmp2_,_j_);
MPRINT(CNTWRAP):   _wrap_ + 1;
MPRINT(CNTWRAP):   end;
MPRINT(CNTWRAP):   _tmp_ = substr(_tmp_,1,_splitcol)||_tmp2_;
MPRINT(CNTWRAP):   end;
MPRINT(CNTWRAP):   else _tmp_ = substr(_tmp_,1,_splitcol)||" "||substr(_tmp_,_splitcol+1);
MPRINT(CNTWRAP):   end;
MPRINT(CNTWRAP):   end;
MPRINT(CNTWRAP):   _tmp_ = _tmp_;
MPRINT(TABPREP):  ;
MPRINT(TABPREP):   nolines=nolines + 1 + _wrap_;
MPRINT(TABPREP):   if last.sortord then do;
MPRINT(TABPREP):   if types ne type then nolines+1;
MPRINT(TABPREP):   output;
MPRINT(TABPREP):   end;
                                                                    The SAS System

MPRINT(TABPREP):   run;

NOTE: There were 30 observations read from the data set WORK.M_COMBINE.
NOTE: The data set WORK.CTLINES has 8 observations and 2 variables.
NOTE: DATA statement used (Total process time):
      real time           0.00 seconds
      cpu time            0.01 seconds
      

MPRINT(TABPREP):   data summary;
MPRINT(TABPREP):   length linlabel $250 value1 - value3 $40;
MPRINT(TABPREP):   merge m_combine ctlines;
MPRINT(TABPREP):   by sortord;
MPRINT(TABPREP):   run;

NOTE: There were 30 observations read from the data set WORK.M_COMBINE.
NOTE: There were 8 observations read from the data set WORK.CTLINES.
NOTE: The data set WORK.SUMMARY has 30 observations and 17 variables.
NOTE: DATA statement used (Total process time):
      real time           0.00 seconds
      cpu time            0.00 seconds
      

MPRINT(TNFSET):   filename _tnftmp temp;
MPRINT(TNFSET):   data _null_;
MPRINT(TNFSET):   file _tnftmp lrecl=1000 recfm=v;
MPRINT(TNFSET):   infile "../tools/tnf.inc" lrecl=1000 pad;
MPRINT(TNFSET):   length testtext $ 40;
MPRINT(TNFSET):   input @1 text $1000.;
MPRINT(TNFSET):   testtext = scan(text,1," ");
MPRINT(TNFSET):   if testtext = "/*";
MPRINT(TNFSET):   testtext = scan(text,2," ");
MPRINT(TNFSET):   if upcase(testtext) in ("T-S-DEMOG" , "DEFAULT");
MPRINT(TNFSET):   testtext = scan(text,3," ");
MPRINT(TNFSET):   if testtext =: "*/";
MPRINT(TNFSET):   put text;
MPRINT(TNFSET):   run;

NOTE: The file _TNFTMP is:
      Filename=/saswork/SAS_workAE04002064F7_sjgsasappprdg10/#LN00073,
      Owner Name=cpearson1,
      Group Name=NA\domain^users,
      Access Permission=-rw--w-rw-,
      Last Modified=30Aug2026:15:40:38

NOTE: The infile "../tools/tnf.inc" is:
                                                                    The SAS System

      Filename=/biometrics/gsi_stds/dss_2026/s0000000/final/draft1/tools/tnf.inc,
      Owner Name=cpearson1,
      Group Name=NA\domain^users,
      Access Permission=-rwxrwxrwx,
      Last Modified=30Aug2026:15:39:33,
      File Size (bytes)=10383

NOTE: 9 records were written to the file _TNFTMP.
      The minimum record length was 51.
      The maximum record length was 184.
NOTE: 109 records were read from the infile "../tools/tnf.inc".
      The minimum record length was 0.
      The maximum record length was 187.
NOTE: DATA statement used (Total process time):
      real time           0.02 seconds
      cpu time            0.01 seconds
      

NOTE: %INCLUDE (level 2) file _TNFTMP is file /saswork/SAS_workAE04002064F7_sjgsasappprdg10/#LN00073.
1674      +/* default       */ %let ttl1 = NO ASSIGNED TITLE FOR JOB &titlekey;
1675      +/* t-s-demog */ %let ttl1 = %str(Table 15.8.3.1.2: Demographics and Baseline Characteristics);
1676      +/* t-s-demog */ %let ttl2 = %str(ITT Analysis Set);
1677      +/* t-s-demog */ %let ttl3 = %str(STARS Generated Output);
1678      +/* t-s-demog */ %let fnl1 = %str(Denominator for percentages was the ITT Analysis Set.);
1679      +/* t-s-demog */ %let fnl2 = %str(Age %(in years{or specify unit}%) was collected on date of Day 1 visit. [If age was not collected, age was
1679     !+ derived using data of Day 1 visit if dose,);
1680      +/* t-s-demog */ %let fnl3 = %str(date of [randomization] [enrollment] if not dosed, or the date of informed consent if not randomized.);
1681      +/* t-s-demog */ %let fnl4 = %str(Body Mass Index %(BMI%) %(kg/m^2%) = [Weight %(kg%)/Height %(cm%) ^2] * 10,000.);
1682      +/* t-s-demog */ %let fnl5 = %str(Source: Listing 16.2.4.1);
NOTE: %INCLUDE (level 2) ending.
NOTE: %INCLUDE (level 1) resuming.
MPRINT(TNFSET):   filename _tnftmp clear;
NOTE: Fileref _TNFTMP has been deassigned.
MPRINT(TNFSET):   title1 j=r "                                                                                                                        
         Gilead Sciences, Inc.";
MPRINT(TNFSET):   title2 j=r "                                                                                                                        
          Study GS-US-000-0000";
MPRINT(TNFSET):   title3 j=c "                                             Table 15.8.3.1.2: Demographics and Baseline Characteristics                
                              ";
MPRINT(TNFSET):   title4 j=c "                                                                   ITT Analysis Set                                     
                              ";
MPRINT(TNFSET):   title5 j=c "                                                                STARS Generated Output                                  
                              ";
MPRINT(TNFSET):   footnote1 j=l "Denominator for percentages was the ITT Analysis Set.                                                                
                                 ";
MPRINT(TNFSET):   footnote2 j=l "Age (in years{or specify unit}) was collected on date of Day 1 visit. [If age was not collected, age was derived 
                                                                    The SAS System

using data of Day 1 visit if dose,   ";
MPRINT(TNFSET):   footnote3 j=l "date of [randomization] [enrollment] if not dosed, or the date of informed consent if not randomized.                
                                 ";
MPRINT(TNFSET):   footnote4 j=l "Body Mass Index (BMI) (kg/m^2) = [Weight (kg)/Height (cm) ^2] * 10,000.                                              
                                 ";
MPRINT(TNFSET):   footnote5 j=l "Source: Listing 16.2.4.1                                                                                             
                                 ";
MPRINT(TNFSET):   footnote7 j=l "Data Extracted: ddmmmyyyy                                                                                            
                                 ";
MPRINT(TNFSET):   footnote8 j=l "Source: .../final/draft1/prog/t-s-demog.sas v9.4  Output file: t-s-demog.pdf 30AUG2026:15:40                         
                  PAGE XX OF YYY ";
MPRINT(TABPREP):  ;
MPRINT(TABPREP):   data summary summary2 (keep = sortord linlabel type pageno level _l_ ) hdpage (keep = pageno ) bypage (keep = begpg pageno);
MPRINT(TABPREP):   _newpage = 0;
MPRINT(TABPREP):   length label1 label2 label3 $250;
MPRINT(TABPREP):   label1 = " ";
MPRINT(TABPREP):   label2 = " ";
MPRINT(TABPREP):   label3 = " ";
MPRINT(TABPREP):   level = .;
MPRINT(TABPREP):   set summary end = eof;
MPRINT(TABPREP):   by sortord;
MPRINT(TABPREP):   retain begpg 1;
MPRINT(TABPREP):   retain _l_ 48 pageno 0;
MPRINT(TABPREP):   if (label1=' ') then grphdr = 0;
MPRINT(TABPREP):   else grphdr =1;
MPRINT(TABPREP):   length dummy $250;
MPRINT(TABPREP):   dummy = trim(label1) || " " || trim(label2);
MPRINT(CNTWRAP):   __ind = ind;
MPRINT(CNTWRAP):   if (__ind<0) then __ind = 0;
MPRINT(CNTWRAP):   length _tmp_ _tmp2_ $250;
MPRINT(CNTWRAP):   _wrap_ = 0;
MPRINT(CNTWRAP):   _fill_ = __ind + 2;
MPRINT(CNTWRAP):   _tmp_ = left(dummy);
MPRINT(CNTWRAP):   if (__ind>0) then _tmp_ = repeat(' ',__ind-1) || left(dummy);
MPRINT(CNTWRAP):   if length(_tmp_) > 50 then do;
MPRINT(CNTWRAP):   _startcol = __ind + 1;
MPRINT(CNTWRAP):   _endcol = 50;
MPRINT(CNTWRAP):   _done = 0;
MPRINT(CNTWRAP):   do until(_done);
MPRINT(CNTWRAP):   _lettr1_ = substr(_tmp_,_endcol+1,1);
MPRINT(CNTWRAP):   if( _lettr1_ = " " ) then do;
MPRINT(CNTWRAP):   _splitcol = _endcol+1;
MPRINT(CNTWRAP):   _tmp_ = substr(_tmp_,1,_splitcol-1) || "~" || repeat(" ",_fill_-1) || substr(_tmp_,_splitcol+1);
MPRINT(CNTWRAP):   _wrap_ + 1;
MPRINT(CNTWRAP):   end;
MPRINT(CNTWRAP):   else do;
                                                                    The SAS System

MPRINT(CNTWRAP):   _gotword = 0;
MPRINT(CNTWRAP):   do _j_ = _endcol to _startcol by -1;
MPRINT(CNTWRAP):   _lettr1_ = substr(_tmp_,_j_,1);
MPRINT(CNTWRAP):   if (_lettr1_ = ' ') then do;
MPRINT(CNTWRAP):   _splitcol = _j_;
MPRINT(CNTWRAP):   _tmp_ = substr(_tmp_,1,_splitcol-1) || "~" || repeat(" ",_fill_-1) || substr(_tmp_,_splitcol+1);
MPRINT(CNTWRAP):   _wrap_ + 1;
MPRINT(CNTWRAP):   _gotword = 1;
MPRINT(CNTWRAP):   _j_ = 0;
MPRINT(CNTWRAP):   end;
MPRINT(CNTWRAP):   end;
MPRINT(CNTWRAP):   if (not(_gotword)) then do;
MPRINT(CNTWRAP):   _splitcol = _endcol+1;
MPRINT(CNTWRAP):   _tmp_ = substr(_tmp_,1,_splitcol-1) || "~" || repeat(" ",_fill_-1) || substr(_tmp_,_splitcol);
MPRINT(CNTWRAP):   _wrap_ + 1;
MPRINT(CNTWRAP):   end;
MPRINT(CNTWRAP):   end;
MPRINT(CNTWRAP):   _startcol = _splitcol + _fill_ + 1;
MPRINT(CNTWRAP):   _endcol = _splitcol + 50;
MPRINT(CNTWRAP):   if (_endcol ge 250) or (length(substr(_tmp_,_splitcol+1)) le 50) then _done = 1;
MPRINT(CNTWRAP):   end;
MPRINT(CNTWRAP):   if _splitcol then do;
MPRINT(CNTWRAP):   _tmp2_ = substr(_tmp_,_splitcol+1);
MPRINT(CNTWRAP):   if (length(_tmp2_)=50) then do;
MPRINT(CNTWRAP):   _gotword = 0;
MPRINT(CNTWRAP):   do _j_ = 50 to _fill_+1 by -1;
MPRINT(CNTWRAP):   _lettr1_ = substr(_tmp2_,_j_,1);
MPRINT(CNTWRAP):   if (_lettr1_ = ' ') then do;
MPRINT(CNTWRAP):   _tmp2_ = substr(_tmp2_,1,_j_-1) || "~" || repeat(" ",_fill_-1) || substr(_tmp2_,_j_);
MPRINT(CNTWRAP):   _wrap_ + 1;
MPRINT(CNTWRAP):   _gotword = 1;
MPRINT(CNTWRAP):   _j_ = 0;
MPRINT(CNTWRAP):   end;
MPRINT(CNTWRAP):   end;
MPRINT(CNTWRAP):   if (not(_gotword)) then do;
MPRINT(CNTWRAP):   _j_ = 50-1;
MPRINT(CNTWRAP):   _tmp2_ = substr(_tmp2_,1,_j_-1) || "~" || repeat(" ",_fill_-1) || substr(_tmp2_,_j_);
MPRINT(CNTWRAP):   _wrap_ + 1;
MPRINT(CNTWRAP):   end;
MPRINT(CNTWRAP):   _tmp_ = substr(_tmp_,1,_splitcol)||_tmp2_;
MPRINT(CNTWRAP):   end;
MPRINT(CNTWRAP):   else _tmp_ = substr(_tmp_,1,_splitcol)||" "||substr(_tmp_,_splitcol+1);
MPRINT(CNTWRAP):   end;
MPRINT(CNTWRAP):   end;
MPRINT(CNTWRAP):   _tmp_ = _tmp_;
MPRINT(TABPREP):  ;
                                                                    The SAS System

MPRINT(TABPREP):   grphdr = grphdr + _wrap_;
MPRINT(TABPREP):   if level > 0 then do;
MPRINT(TABPREP):   grphdr = grphdr + level;
MPRINT(TABPREP):   if first.sortord then grphdr = grphdr - 1;
MPRINT(TABPREP):   end;
MPRINT(TABPREP):   ind = 3;
MPRINT(TABPREP):   if level ne . then ind = level * 3;
MPRINT(CNTWRAP):   __ind = ind;
MPRINT(CNTWRAP):   if (__ind<0) then __ind = 0;
MPRINT(CNTWRAP):   length _tmp_ _tmp2_ $250;
MPRINT(CNTWRAP):   _wrap_ = 0;
MPRINT(CNTWRAP):   _fill_ = __ind + 2;
MPRINT(CNTWRAP):   _tmp_ = left(linlabel);
MPRINT(CNTWRAP):   if (__ind>0) then _tmp_ = repeat(' ',__ind-1) || left(linlabel);
MPRINT(CNTWRAP):   if length(_tmp_) > 50 then do;
MPRINT(CNTWRAP):   _startcol = __ind + 1;
MPRINT(CNTWRAP):   _endcol = 50;
MPRINT(CNTWRAP):   _done = 0;
MPRINT(CNTWRAP):   do until(_done);
MPRINT(CNTWRAP):   _lettr1_ = substr(_tmp_,_endcol+1,1);
MPRINT(CNTWRAP):   if( _lettr1_ = " " ) then do;
MPRINT(CNTWRAP):   _splitcol = _endcol+1;
MPRINT(CNTWRAP):   _tmp_ = substr(_tmp_,1,_splitcol-1) || "~" || repeat(" ",_fill_-1) || substr(_tmp_,_splitcol+1);
MPRINT(CNTWRAP):   _wrap_ + 1;
MPRINT(CNTWRAP):   end;
MPRINT(CNTWRAP):   else do;
MPRINT(CNTWRAP):   _gotword = 0;
MPRINT(CNTWRAP):   do _j_ = _endcol to _startcol by -1;
MPRINT(CNTWRAP):   _lettr1_ = substr(_tmp_,_j_,1);
MPRINT(CNTWRAP):   if (_lettr1_ = ' ') then do;
MPRINT(CNTWRAP):   _splitcol = _j_;
MPRINT(CNTWRAP):   _tmp_ = substr(_tmp_,1,_splitcol-1) || "~" || repeat(" ",_fill_-1) || substr(_tmp_,_splitcol+1);
MPRINT(CNTWRAP):   _wrap_ + 1;
MPRINT(CNTWRAP):   _gotword = 1;
MPRINT(CNTWRAP):   _j_ = 0;
MPRINT(CNTWRAP):   end;
MPRINT(CNTWRAP):   end;
MPRINT(CNTWRAP):   if (not(_gotword)) then do;
MPRINT(CNTWRAP):   _splitcol = _endcol+1;
MPRINT(CNTWRAP):   _tmp_ = substr(_tmp_,1,_splitcol-1) || "~" || repeat(" ",_fill_-1) || substr(_tmp_,_splitcol);
MPRINT(CNTWRAP):   _wrap_ + 1;
MPRINT(CNTWRAP):   end;
MPRINT(CNTWRAP):   end;
MPRINT(CNTWRAP):   _startcol = _splitcol + _fill_ + 1;
MPRINT(CNTWRAP):   _endcol = _splitcol + 50;
MPRINT(CNTWRAP):   if (_endcol ge 250) or (length(substr(_tmp_,_splitcol+1)) le 50) then _done = 1;
                                                                    The SAS System

MPRINT(CNTWRAP):   end;
MPRINT(CNTWRAP):   if _splitcol then do;
MPRINT(CNTWRAP):   _tmp2_ = substr(_tmp_,_splitcol+1);
MPRINT(CNTWRAP):   if (length(_tmp2_)=50) then do;
MPRINT(CNTWRAP):   _gotword = 0;
MPRINT(CNTWRAP):   do _j_ = 50 to _fill_+1 by -1;
MPRINT(CNTWRAP):   _lettr1_ = substr(_tmp2_,_j_,1);
MPRINT(CNTWRAP):   if (_lettr1_ = ' ') then do;
MPRINT(CNTWRAP):   _tmp2_ = substr(_tmp2_,1,_j_-1) || "~" || repeat(" ",_fill_-1) || substr(_tmp2_,_j_);
MPRINT(CNTWRAP):   _wrap_ + 1;
MPRINT(CNTWRAP):   _gotword = 1;
MPRINT(CNTWRAP):   _j_ = 0;
MPRINT(CNTWRAP):   end;
MPRINT(CNTWRAP):   end;
MPRINT(CNTWRAP):   if (not(_gotword)) then do;
MPRINT(CNTWRAP):   _j_ = 50-1;
MPRINT(CNTWRAP):   _tmp2_ = substr(_tmp2_,1,_j_-1) || "~" || repeat(" ",_fill_-1) || substr(_tmp2_,_j_);
MPRINT(CNTWRAP):   _wrap_ + 1;
MPRINT(CNTWRAP):   end;
MPRINT(CNTWRAP):   _tmp_ = substr(_tmp_,1,_splitcol)||_tmp2_;
MPRINT(CNTWRAP):   end;
MPRINT(CNTWRAP):   else _tmp_ = substr(_tmp_,1,_splitcol)||" "||substr(_tmp_,_splitcol+1);
MPRINT(CNTWRAP):   end;
MPRINT(CNTWRAP):   end;
MPRINT(CNTWRAP):   linlabel = _tmp_;
MPRINT(TABPREP):  ;
MPRINT(TABPREP):   _add_ = 1 + _wrap_;
MPRINT(TABPREP):   if first.sortord then _add_ + 1;
MPRINT(TABPREP):   _l_ + _add_;
MPRINT(TABPREP):   if (first.sortord) then _l_ + grphdr;
MPRINT(TABPREP):   if ( (first.sortord) and ( _l_ + nolines - grphdr) >= 40 and nolines < (40 - 12 - grphdr) and _l_ > (((40 - 12 ) * 0.75)+12) ) or 
( _l_ >= 40 ) or ( _newpage ) then do;
MPRINT(TABPREP):   first = 1;
MPRINT(TABPREP):   pageno + 1;
MPRINT(TABPREP):   _l_ = 12 + grphdr + _add_ + (0>0);
MPRINT(TABPREP):   end;
MPRINT(TABPREP):   if ^first.sortord and type in ('CAT','CONT') then do;
MPRINT(TABPREP):   pval1 = .;
MPRINT(TABPREP):   pval2 = .;
MPRINT(TABPREP):   pvalc1 = '';
MPRINT(TABPREP):   pvalc2 = '';
MPRINT(TABPREP):   ** only set ocharc&__I to missing when risk ratio is not being calc **;
MPRINT(TABPREP):   ** if risk ratio is being calc, then will have same sortord in output **;
MPRINT(TABPREP):   ** and this code will end up setting rr info to missing **;
MPRINT(TABPREP):   end;
MPRINT(TABPREP):   * _end_l_ = _l_;
                                                                    The SAS System

MPRINT(TABPREP):   output summary;
MPRINT(TABPREP):   if (first or (first.sortord)) then do;
MPRINT(TABPREP):   __otype = type;
MPRINT(TABPREP):   statord = ' ';
MPRINT(TABPREP):   linlabel = ( trim(label1) || " " || trim(label2) );
MPRINT(CNTWRAP):   __ind = 0;
MPRINT(CNTWRAP):   if (__ind<0) then __ind = 0;
MPRINT(CNTWRAP):   length _tmp_ _tmp2_ $250;
MPRINT(CNTWRAP):   _wrap_ = 0;
MPRINT(CNTWRAP):   _fill_ = __ind + 2;
MPRINT(CNTWRAP):   _tmp_ = left(linlabel);
MPRINT(CNTWRAP):   if (__ind>0) then _tmp_ = repeat(' ',__ind-1) || left(linlabel);
MPRINT(CNTWRAP):   if length(_tmp_) > 50 then do;
MPRINT(CNTWRAP):   _startcol = __ind + 1;
MPRINT(CNTWRAP):   _endcol = 50;
MPRINT(CNTWRAP):   _done = 0;
MPRINT(CNTWRAP):   do until(_done);
MPRINT(CNTWRAP):   _lettr1_ = substr(_tmp_,_endcol+1,1);
MPRINT(CNTWRAP):   if( _lettr1_ = " " ) then do;
MPRINT(CNTWRAP):   _splitcol = _endcol+1;
MPRINT(CNTWRAP):   _tmp_ = substr(_tmp_,1,_splitcol-1) || "~" || repeat(" ",_fill_-1) || substr(_tmp_,_splitcol+1);
MPRINT(CNTWRAP):   _wrap_ + 1;
MPRINT(CNTWRAP):   end;
MPRINT(CNTWRAP):   else do;
MPRINT(CNTWRAP):   _gotword = 0;
MPRINT(CNTWRAP):   do _j_ = _endcol to _startcol by -1;
MPRINT(CNTWRAP):   _lettr1_ = substr(_tmp_,_j_,1);
MPRINT(CNTWRAP):   if (_lettr1_ = ' ') then do;
MPRINT(CNTWRAP):   _splitcol = _j_;
MPRINT(CNTWRAP):   _tmp_ = substr(_tmp_,1,_splitcol-1) || "~" || repeat(" ",_fill_-1) || substr(_tmp_,_splitcol+1);
MPRINT(CNTWRAP):   _wrap_ + 1;
MPRINT(CNTWRAP):   _gotword = 1;
MPRINT(CNTWRAP):   _j_ = 0;
MPRINT(CNTWRAP):   end;
MPRINT(CNTWRAP):   end;
MPRINT(CNTWRAP):   if (not(_gotword)) then do;
MPRINT(CNTWRAP):   _splitcol = _endcol+1;
MPRINT(CNTWRAP):   _tmp_ = substr(_tmp_,1,_splitcol-1) || "~" || repeat(" ",_fill_-1) || substr(_tmp_,_splitcol);
MPRINT(CNTWRAP):   _wrap_ + 1;
MPRINT(CNTWRAP):   end;
MPRINT(CNTWRAP):   end;
MPRINT(CNTWRAP):   _startcol = _splitcol + _fill_ + 1;
MPRINT(CNTWRAP):   _endcol = _splitcol + 50;
MPRINT(CNTWRAP):   if (_endcol ge 250) or (length(substr(_tmp_,_splitcol+1)) le 50) then _done = 1;
MPRINT(CNTWRAP):   end;
MPRINT(CNTWRAP):   if _splitcol then do;
                                                                    The SAS System

MPRINT(CNTWRAP):   _tmp2_ = substr(_tmp_,_splitcol+1);
MPRINT(CNTWRAP):   if (length(_tmp2_)=50) then do;
MPRINT(CNTWRAP):   _gotword = 0;
MPRINT(CNTWRAP):   do _j_ = 50 to _fill_+1 by -1;
MPRINT(CNTWRAP):   _lettr1_ = substr(_tmp2_,_j_,1);
MPRINT(CNTWRAP):   if (_lettr1_ = ' ') then do;
MPRINT(CNTWRAP):   _tmp2_ = substr(_tmp2_,1,_j_-1) || "~" || repeat(" ",_fill_-1) || substr(_tmp2_,_j_);
MPRINT(CNTWRAP):   _wrap_ + 1;
MPRINT(CNTWRAP):   _gotword = 1;
MPRINT(CNTWRAP):   _j_ = 0;
MPRINT(CNTWRAP):   end;
MPRINT(CNTWRAP):   end;
MPRINT(CNTWRAP):   if (not(_gotword)) then do;
MPRINT(CNTWRAP):   _j_ = 50-1;
MPRINT(CNTWRAP):   _tmp2_ = substr(_tmp2_,1,_j_-1) || "~" || repeat(" ",_fill_-1) || substr(_tmp2_,_j_);
MPRINT(CNTWRAP):   _wrap_ + 1;
MPRINT(CNTWRAP):   end;
MPRINT(CNTWRAP):   _tmp_ = substr(_tmp_,1,_splitcol)||_tmp2_;
MPRINT(CNTWRAP):   end;
MPRINT(CNTWRAP):   else _tmp_ = substr(_tmp_,1,_splitcol)||" "||substr(_tmp_,_splitcol+1);
MPRINT(CNTWRAP):   end;
MPRINT(CNTWRAP):   end;
MPRINT(CNTWRAP):   linlabel = _tmp_;
MPRINT(TABPREP):  ;
MPRINT(TABPREP):   length _cont $7;
MPRINT(TABPREP):   _cont = ' ';
MPRINT(TABPREP):   if (pageno>1 and _cont>' ') then type = 'ADD1';
MPRINT(TABPREP):   else type = ' ';
MPRINT(TABPREP):   output summary2;
MPRINT(TABPREP):   if (_cont>' ') then do;
MPRINT(TABPREP):   oldlev = level;
MPRINT(TABPREP):   end;
MPRINT(TABPREP):   end;
MPRINT(TABPREP):   if eof then output hdpage;
MPRINT(TABPREP):   run;

NOTE: There were 30 observations read from the data set WORK.SUMMARY.
NOTE: The data set WORK.SUMMARY has 30 observations and 43 variables.
NOTE: The data set WORK.SUMMARY2 has 8 observations and 6 variables.
NOTE: The data set WORK.HDPAGE has 1 observations and 1 variables.
NOTE: The data set WORK.BYPAGE has 0 observations and 2 variables.
NOTE: DATA statement used (Total process time):
      real time           0.01 seconds
      cpu time            0.01 seconds
      

                                                                    The SAS System

MPRINT(TABPREP):   proc sort data=summary2;
MPRINT(TABPREP):   by sortord;
MPRINT(TABPREP):   run;

NOTE: There were 8 observations read from the data set WORK.SUMMARY2.
NOTE: SAS sort was used.
NOTE: The data set WORK.SUMMARY2 has 8 observations and 6 variables.
NOTE: PROCEDURE SORT used (Total process time):
      real time           0.00 seconds
      cpu time            0.00 seconds
      

MPRINT(TABPREP):   data summary2;
MPRINT(TABPREP):   set summary2;
MPRINT(TABPREP):   by sortord;
MPRINT(TABPREP):   if first.sortord and linlabel=' ' then delete;
MPRINT(TABPREP):   run;

NOTE: There were 8 observations read from the data set WORK.SUMMARY2.
NOTE: The data set WORK.SUMMARY2 has 8 observations and 6 variables.
NOTE: DATA statement used (Total process time):
      real time           0.00 seconds
      cpu time            0.00 seconds
      

MPRINT(TABPREP):   proc sort data=summary2;
MPRINT(TABPREP):   by sortord;
MPRINT(TABPREP):   run;

NOTE: There were 8 observations read from the data set WORK.SUMMARY2.
NOTE: SAS sort was used.
NOTE: The data set WORK.SUMMARY2 has 8 observations and 6 variables.
NOTE: PROCEDURE SORT used (Total process time):
      real time           0.00 seconds
      cpu time            0.00 seconds
      

MPRINT(TABPREP):   proc sort data=summary;
MPRINT(TABPREP):   by sortord;
MPRINT(TABPREP):   run;

NOTE: There were 30 observations read from the data set WORK.SUMMARY.
NOTE: SAS sort was used.
NOTE: The data set WORK.SUMMARY has 30 observations and 43 variables.
NOTE: PROCEDURE SORT used (Total process time):
      real time           0.00 seconds
                                                                    The SAS System

      cpu time            0.00 seconds
      

MPRINT(TABPREP):   data summary;
MPRINT(TABPREP):   set summary2 summary;
MPRINT(TABPREP):   by sortord;
MPRINT(TABPREP):   run;

NOTE: There were 8 observations read from the data set WORK.SUMMARY2.
NOTE: There were 30 observations read from the data set WORK.SUMMARY.
NOTE: The data set WORK.SUMMARY has 38 observations and 43 variables.
NOTE: DATA statement used (Total process time):
      real time           0.00 seconds
      cpu time            0.00 seconds
      

MPRINT(TABPREP):   data _null_;
MPRINT(TABPREP):   set summary;
MPRINT(TABPREP):   retain max 0;
MPRINT(TABPREP):   cntr=length(trim(value1));
MPRINT(TABPREP):   if cntr>max then max=cntr;
MPRINT(TABPREP):   cntr=length(trim(value2));
MPRINT(TABPREP):   if cntr>max then max=cntr;
MPRINT(TABPREP):   cntr=length(trim(value3));
MPRINT(TABPREP):   if cntr>max then max=cntr;
MPRINT(TABPREP):   call symput("cntrpad",compress(put(floor(max/2),8.)));
MPRINT(TABPREP):   run;

NOTE: There were 38 observations read from the data set WORK.SUMMARY.
NOTE: DATA statement used (Total process time):
      real time           0.00 seconds
      cpu time            0.01 seconds
      

cntrpad=6
MPRINT(TABPREP):   data header1 ( keep = pageno sortord statord linlabel type value1 - value3);
MPRINT(TABPREP):   length linlabel $250 value1 - value3 $40 statord $40 type $20;
MPRINT(TABPREP):   set hdpage (rename = (pageno = pagetot) );
MPRINT(TABPREP):   sortord = 0.01;
MPRINT(TABPREP):   do pageno = 1 to pagetot;
MPRINT(TABPREP):   ** only create num of subj row here if byvar=missing since byvar code below **;
MPRINT(TABPREP):   ** creates num of subj line too **;
MPRINT(TABPREP):   statord = "1";
MPRINT(TABPREP):   type = 'PG1';
MPRINT(TABPREP):   linlabel = ("Number Of Participants");
MPRINT(CNTWRAP):   __ind = 0;
                                                                    The SAS System

MPRINT(CNTWRAP):   if (__ind<0) then __ind = 0;
MPRINT(CNTWRAP):   length _tmp_ _tmp2_ $250;
MPRINT(CNTWRAP):   _wrap_ = 0;
MPRINT(CNTWRAP):   _fill_ = __ind + 2;
MPRINT(CNTWRAP):   _tmp_ = left(linlabel);
MPRINT(CNTWRAP):   if (__ind>0) then _tmp_ = repeat(' ',__ind-1) || left(linlabel);
MPRINT(CNTWRAP):   if length(_tmp_) > 50 then do;
MPRINT(CNTWRAP):   _startcol = __ind + 1;
MPRINT(CNTWRAP):   _endcol = 50;
MPRINT(CNTWRAP):   _done = 0;
MPRINT(CNTWRAP):   do until(_done);
MPRINT(CNTWRAP):   _lettr1_ = substr(_tmp_,_endcol+1,1);
MPRINT(CNTWRAP):   if( _lettr1_ = " " ) then do;
MPRINT(CNTWRAP):   _splitcol = _endcol+1;
MPRINT(CNTWRAP):   _tmp_ = substr(_tmp_,1,_splitcol-1) || "~" || repeat(" ",_fill_-1) || substr(_tmp_,_splitcol+1);
MPRINT(CNTWRAP):   _wrap_ + 1;
MPRINT(CNTWRAP):   end;
MPRINT(CNTWRAP):   else do;
MPRINT(CNTWRAP):   _gotword = 0;
MPRINT(CNTWRAP):   do _j_ = _endcol to _startcol by -1;
MPRINT(CNTWRAP):   _lettr1_ = substr(_tmp_,_j_,1);
MPRINT(CNTWRAP):   if (_lettr1_ = ' ') then do;
MPRINT(CNTWRAP):   _splitcol = _j_;
MPRINT(CNTWRAP):   _tmp_ = substr(_tmp_,1,_splitcol-1) || "~" || repeat(" ",_fill_-1) || substr(_tmp_,_splitcol+1);
MPRINT(CNTWRAP):   _wrap_ + 1;
MPRINT(CNTWRAP):   _gotword = 1;
MPRINT(CNTWRAP):   _j_ = 0;
MPRINT(CNTWRAP):   end;
MPRINT(CNTWRAP):   end;
MPRINT(CNTWRAP):   if (not(_gotword)) then do;
MPRINT(CNTWRAP):   _splitcol = _endcol+1;
MPRINT(CNTWRAP):   _tmp_ = substr(_tmp_,1,_splitcol-1) || "~" || repeat(" ",_fill_-1) || substr(_tmp_,_splitcol);
MPRINT(CNTWRAP):   _wrap_ + 1;
MPRINT(CNTWRAP):   end;
MPRINT(CNTWRAP):   end;
MPRINT(CNTWRAP):   _startcol = _splitcol + _fill_ + 1;
MPRINT(CNTWRAP):   _endcol = _splitcol + 50;
MPRINT(CNTWRAP):   if (_endcol ge 250) or (length(substr(_tmp_,_splitcol+1)) le 50) then _done = 1;
MPRINT(CNTWRAP):   end;
MPRINT(CNTWRAP):   if _splitcol then do;
MPRINT(CNTWRAP):   _tmp2_ = substr(_tmp_,_splitcol+1);
MPRINT(CNTWRAP):   if (length(_tmp2_)=50) then do;
MPRINT(CNTWRAP):   _gotword = 0;
MPRINT(CNTWRAP):   do _j_ = 50 to _fill_+1 by -1;
MPRINT(CNTWRAP):   _lettr1_ = substr(_tmp2_,_j_,1);
MPRINT(CNTWRAP):   if (_lettr1_ = ' ') then do;
                                                                    The SAS System

MPRINT(CNTWRAP):   _tmp2_ = substr(_tmp2_,1,_j_-1) || "~" || repeat(" ",_fill_-1) || substr(_tmp2_,_j_);
MPRINT(CNTWRAP):   _wrap_ + 1;
MPRINT(CNTWRAP):   _gotword = 1;
MPRINT(CNTWRAP):   _j_ = 0;
MPRINT(CNTWRAP):   end;
MPRINT(CNTWRAP):   end;
MPRINT(CNTWRAP):   if (not(_gotword)) then do;
MPRINT(CNTWRAP):   _j_ = 50-1;
MPRINT(CNTWRAP):   _tmp2_ = substr(_tmp2_,1,_j_-1) || "~" || repeat(" ",_fill_-1) || substr(_tmp2_,_j_);
MPRINT(CNTWRAP):   _wrap_ + 1;
MPRINT(CNTWRAP):   end;
MPRINT(CNTWRAP):   _tmp_ = substr(_tmp_,1,_splitcol)||_tmp2_;
MPRINT(CNTWRAP):   end;
MPRINT(CNTWRAP):   else _tmp_ = substr(_tmp_,1,_splitcol)||" "||substr(_tmp_,_splitcol+1);
MPRINT(CNTWRAP):   end;
MPRINT(CNTWRAP):   end;
MPRINT(CNTWRAP):   linlabel = _tmp_;
MPRINT(TABPREP):  ;
MPRINT(TABPREP):   if (6-length(compress(put( 50, 8.0 )))-1>=0) then value1 = repeat(' ',6-length(compress(put( 50, 8.0 )))-1)||compress(put( 50, 8.0 
));
MPRINT(TABPREP):   if (6-length(compress(put( 50, 8.0 )))-1>=0) then value2 = repeat(' ',6-length(compress(put( 50, 8.0 )))-1)||compress(put( 50, 8.0 
));
MPRINT(TABPREP):   if (6-length(compress(put( 100, 8.0 )))-1>=0) then value3 = repeat(' ',6-length(compress(put( 100, 8.0 )))-1)||compress(put( 100, 
8.0 ));
MPRINT(TABPREP):   output;
MPRINT(TABPREP):   end;
MPRINT(TABPREP):   run;

NOTE: There were 1 observations read from the data set WORK.HDPAGE.
NOTE: The data set WORK.HEADER1 has 2 observations and 8 variables.
NOTE: DATA statement used (Total process time):
      real time           0.00 seconds
      cpu time            0.01 seconds
      

MPRINT(TABPREP):   proc sort data = header1;
MPRINT(TABPREP):   where statord ^= '1';
MPRINT(TABPREP):   by pageno sortord statord;
MPRINT(TABPREP):   run;

NOTE: Input data set is empty.
NOTE: SAS sort was used.
NOTE: There were 0 observations read from the data set WORK.HEADER1.
      WHERE statord not = '1';
NOTE: The data set WORK.HEADER1 has 0 observations and 8 variables.
NOTE: PROCEDURE SORT used (Total process time):
                                                                    The SAS System

      real time           0.00 seconds
      cpu time            0.00 seconds
      

MPRINT(TABPREP):   proc sort data = summary;
MPRINT(TABPREP):   by pageno;
MPRINT(TABPREP):   run;

NOTE: There were 38 observations read from the data set WORK.SUMMARY.
NOTE: SAS sort was used.
NOTE: The data set WORK.SUMMARY has 38 observations and 43 variables.
NOTE: PROCEDURE SORT used (Total process time):
      real time           0.00 seconds
      cpu time            0.00 seconds
      

MPRINT(TABPREP):   data summary;
MPRINT(TABPREP):   set header1 summary;
MPRINT(TABPREP):   run;

NOTE: There were 0 observations read from the data set WORK.HEADER1.
NOTE: There were 38 observations read from the data set WORK.SUMMARY.
NOTE: The data set WORK.SUMMARY has 38 observations and 43 variables.
NOTE: DATA statement used (Total process time):
      real time           0.00 seconds
      cpu time            0.00 seconds
      

MPRINT(TABPREP):   proc sort data = summary;
MPRINT(TABPREP):   by pageno sortord statord type;
MPRINT(TABPREP):   run;

NOTE: There were 38 observations read from the data set WORK.SUMMARY.
NOTE: SAS sort was used.
NOTE: The data set WORK.SUMMARY has 38 observations and 43 variables.
NOTE: PROCEDURE SORT used (Total process time):
      real time           0.00 seconds
      cpu time            0.00 seconds
      

MPRINT(TABPREP):   ***--- Keep only the variables required in the reporting macro ---***;
MPRINT(TABPREP):   ***--- starting here ---*** ***--- VK 04AUG2006 ---***;
MPRINT(TABPREP):   data summary;
MPRINT(TABPREP):   set summary end=eof;
MPRINT(TABPREP):   retain maxoc 0;
MPRINT(TABPREP):   keep pageno sortord statord: type level linlabel value: pval: ;
                                                                    The SAS System

MPRINT(TABPREP):   if eof then call symput ('maxoc',compress(put(maxoc,best.)));
MPRINT(TABPREP):   run;

NOTE: There were 38 observations read from the data set WORK.SUMMARY.
NOTE: The data set WORK.SUMMARY has 38 observations and 13 variables.
NOTE: DATA statement used (Total process time):
      real time           0.00 seconds
      cpu time            0.00 seconds
      

MPRINT(TABPREP):   data _null_;
MPRINT(TABPREP):   ** create new dataset name that converts any dashes to underscores **;
MPRINT(TABPREP):   length vtitlekey $200.;
MPRINT(TABPREP):   vtitlekey = compress(tranwrd("t-s-demog",'-','_'));
MPRINT(TABPREP):   call symput("vtitlekey",compress(vtitlekey));
MPRINT(TABPREP):   run;

NOTE: DATA statement used (Total process time):
      real time           0.00 seconds
      cpu time            0.00 seconds
      

MPRINT(TABPREP):   *** only output validation dataset if vdata is specified and first character ***;
MPRINT(TABPREP):   *** of titlekey does not start with V (i.e. not a validation program) ***;
MPRINT(TABPREP):   ***--- till here ---*** ***--- VK 04AUG2006 ---***;
MPRINT(TABPREP):  ;
MPRINT(TABPREP):   ***--- starting here ---*** ***--- VK 20JUL2006 ---***;
MPRINT(TABPREP):   data m_macvar;
MPRINT(TABPREP):   set sashelp.vmacro;
MPRINT(TABPREP):   if scope not in ('GLOBAL','AUTOMATIC');
MPRINT(TABPREP):   run;

NOTE: There were 458 observations read from the data set SASHELP.VMACRO.
NOTE: The data set WORK.M_MACVAR has 108 observations and 4 variables.
NOTE: DATA statement used (Total process time):
      real time           0.00 seconds
      cpu time            0.01 seconds
      

MPRINT(TABPREP):   *** Merge long macro values back into one record ***;
MPRINT(TABPREP):   data m_macvar (drop=nam);
MPRINT(TABPREP):   set m_macvar;
MPRINT(TABPREP):   format nam $40.;
MPRINT(TABPREP):   retain nam ' ';
MPRINT(TABPREP):   retain seq 0;
MPRINT(TABPREP):   if (name^=nam) then seq = seq + 1;
                                                                    The SAS System

MPRINT(TABPREP):   output;
MPRINT(TABPREP):   nam = name;
MPRINT(TABPREP):   run;

NOTE: There were 108 observations read from the data set WORK.M_MACVAR.
NOTE: The data set WORK.M_MACVAR has 108 observations and 5 variables.
NOTE: DATA statement used (Total process time):
      real time           0.00 seconds
      cpu time            0.00 seconds
      

MPRINT(TABPREP):   data m_macvar (drop=seq val);
MPRINT(TABPREP):   set m_macvar (rename=(value=val));
MPRINT(TABPREP):   by seq;
MPRINT(TABPREP):   format value $4000.;
MPRINT(TABPREP):   retain value;
MPRINT(TABPREP):   if (first.seq) then do;
MPRINT(TABPREP):   value= val;
MPRINT(TABPREP):   end;
MPRINT(TABPREP):   else do;
MPRINT(TABPREP):   value= substr(value,1,offset)||trim(val);
MPRINT(TABPREP):   end;
MPRINT(TABPREP):   if (last.seq);
MPRINT(TABPREP):   run;

NOTE: There were 108 observations read from the data set WORK.M_MACVAR.
NOTE: The data set WORK.M_MACVAR has 108 observations and 4 variables.
NOTE: DATA statement used (Total process time):
      real time           0.00 seconds
      cpu time            0.00 seconds
      

MPRINT(TABPREP):   *** Merge long macro values back into one record ***;
MPRINT(TABPREP):   ***--- till here ---*** ***--- VK 20JUL2006 ---***;
MPRINT(TABPREP):   * proc print data = m_macvar;
MPRINT(TABPREP):   * title3 'File M_MACVAR';
MPRINT(TABPREP):   * run;
MPRINT(TABPREP):   * proc print data = summary;
MPRINT(TABPREP):   * title3 'File SUMMARY as printed by PROC REPORT';
MPRINT(TABPREP):   * run;
MPRINT(MK_T_S_DEMOG):  ;
MPRINT(MK_T_S_DEMOG):   data summary vdata.t_s_demog;
MPRINT(MK_T_S_DEMOG):   set summary;
MPRINT(MK_T_S_DEMOG):   allmiss = compress(cats(of value1-value3),'0');
MPRINT(MK_T_S_DEMOG):   if allmiss = '' and compress(upcase(linlabel)) = '-MISSING-' then delete;
MPRINT(MK_T_S_DEMOG):   *remove all 0 _Missing_ rows;
                                                                    The SAS System

MPRINT(MK_T_S_DEMOG):   run;

INFO: Character variables have defaulted to a length of 200 at the places given by: (Line):(Column). Truncation can result.
      34684:221ALLMISS
NOTE: There were 38 observations read from the data set WORK.SUMMARY.
NOTE: The data set WORK.SUMMARY has 38 observations and 14 variables.
NOTE: The data set VDATA.T_S_DEMOG has 38 observations and 14 variables.
NOTE: DATA statement used (Total process time):
      real time           0.06 seconds
      cpu time            0.00 seconds
      

MPRINT(TABDRPT):   ***--- create local macro variables used locally in previous macro ---***;
MPRINT(TABDRPT):   ***--- starting here ---*** ***--- VK 21JUL2006 ---***;
MPRINT(TABDRPT):   *** use call symput to avoide %bquote maximum nesting issue ***;
MPRINT(TABDRPT):   data _null_;
MPRINT(TABDRPT):   set m_macvar;
MPRINT(TABDRPT):   if (index(' STATS GSPACE SSPACE CWIDTH HEADTOT MMODE DRPTCOL LLABEL EMPTYLBL SORDSKIP COLBRKS PGBRK BYVAR HDRMOD SKIPVAR', ' 
'||trim(name)||' ')=0) then do;
MPRINT(TABDRPT):   call symput( trim(name), trim(value));
MPRINT(TABDRPT):   end;
MPRINT(TABDRPT):   else if (" "=" " and name='TITLEKEY') then call symput( trim(name), trim(value));
MPRINT(TABDRPT):   else if (" "=" " and name='OUTNAME') then call symput( trim(name), trim(value));
MPRINT(TABDRPT):   run;

NOTE: There were 108 observations read from the data set WORK.M_MACVAR.
NOTE: DATA statement used (Total process time):
      real time           0.00 seconds
      cpu time            0.00 seconds
      

MPRINT(TABDRPT):   ;
MPRINT(TABDRPT):   ;
MPRINT(TABDRPT):   ***--- till here ---***;
MPRINT(TABDRPT):   ***--- VK 21JUL2006 ---***;
MPRINT(TABDRPT):   ***--- reformat drptcol to have a space around each valueX with parentheses ***;
MPRINT(TABDRPT):   ;
MPRINT(TABDRPT):   ***--- number of columns to be printed in the report VK 23SEP2007 ---***;
MPRINT(TABDRPT):   ***--- check number of columns to print as specified in showallcol option in tabdesc call ---***;
MPRINT(TABDRPT):   ***--- Start ---***;
MPRINT(TABDRPT):   ***--- VK 31MAY2007---***;
MPRINT(TABDRPT):   ***--- End ---***;
MPRINT(TABDRPT):   ***--- VK 31MAY2007---***;
MPRINT(TABDRPT):   ODS LISTING;
MPRINT(TABDRPT):   ** Remove the following record to clarify if it is a no data situation;
MPRINT(TABDRPT):   data summary;
                                                                    The SAS System

MPRINT(TABDRPT):   set summary;
MPRINT(TABDRPT):   if _n_=1 and strip(linlabel)="No data available for this table" then delete;
MPRINT(TABDRPT):   run;

NOTE: There were 38 observations read from the data set WORK.SUMMARY.
NOTE: The data set WORK.SUMMARY has 38 observations and 14 variables.
NOTE: DATA statement used (Total process time):
      real time           0.00 seconds
      cpu time            0.01 seconds
      

MPRINT(TABDRPT):  ;
nobs=38
MPRINT(PRINTSET):   data _null_;
MPRINT(PRINTSET):   if index("t-s-demog",'-')>0 then hyund="-";
MPRINT(PRINTSET):   else hyund="_";
MPRINT(PRINTSET):   call symput("hyund",compress(hyund));
MPRINT(PRINTSET):   run;

NOTE: DATA statement used (Total process time):
      real time           0.00 seconds
      cpu time            0.00 seconds
      

MPRINT(PRINTSET):   data _null_;
MPRINT(PRINTSET):   formchar='|----|+|----+=|-/\<>*™';
MPRINT(PRINTSET):   substr(formchar,2,1)='_';
MPRINT(PRINTSET):   call symput('formchar',formchar);
MPRINT(PRINTSET):   run;

NOTE: DATA statement used (Total process time):
      real time           0.00 seconds
      cpu time            0.00 seconds
      

MPRINT(PRINTSET):   options orientation = LANDSCAPE papersize = letter topmargin = "1 in" bottommargin = "1 in" leftmargin = "1 in" rightmargin = "1 
in" formchar="|_---|+|----+=|-/\<>*™";
MPRINT(PRINTSET):   options pagesize = 48 linesize = 150 nodate nonumber;
MPRINT(TNFSET):   filename _tnftmp temp;
MPRINT(TNFSET):   data _null_;
MPRINT(TNFSET):   file _tnftmp lrecl=1000 recfm=v;
MPRINT(TNFSET):   infile "../tools/tnf.inc" lrecl=1000 pad;
MPRINT(TNFSET):   length testtext $ 40;
MPRINT(TNFSET):   input @1 text $1000.;
MPRINT(TNFSET):   testtext = scan(text,1," ");
MPRINT(TNFSET):   if testtext = "/*";
                                                                    The SAS System

MPRINT(TNFSET):   testtext = scan(text,2," ");
MPRINT(TNFSET):   if upcase(testtext) in ("T-S-DEMOG" , "DEFAULT");
MPRINT(TNFSET):   testtext = scan(text,3," ");
MPRINT(TNFSET):   if testtext =: "*/";
MPRINT(TNFSET):   put text;
MPRINT(TNFSET):   run;

NOTE: The file _TNFTMP is:
      Filename=/saswork/SAS_workAE04002064F7_sjgsasappprdg10/#LN00076,
      Owner Name=cpearson1,
      Group Name=NA\domain^users,
      Access Permission=-rw--w-rw-,
      Last Modified=30Aug2026:15:40:39

NOTE: The infile "../tools/tnf.inc" is:
      Filename=/biometrics/gsi_stds/dss_2026/s0000000/final/draft1/tools/tnf.inc,
      Owner Name=cpearson1,
      Group Name=NA\domain^users,
      Access Permission=-rwxrwxrwx,
      Last Modified=30Aug2026:15:39:33,
      File Size (bytes)=10383

NOTE: 9 records were written to the file _TNFTMP.
      The minimum record length was 51.
      The maximum record length was 184.
NOTE: 109 records were read from the infile "../tools/tnf.inc".
      The minimum record length was 0.
      The maximum record length was 187.
NOTE: DATA statement used (Total process time):
      real time           0.02 seconds
      cpu time            0.01 seconds
      

NOTE: %INCLUDE (level 2) file _TNFTMP is file /saswork/SAS_workAE04002064F7_sjgsasappprdg10/#LN00076.
1683      +/* default       */ %let ttl1 = NO ASSIGNED TITLE FOR JOB &titlekey;
1684      +/* t-s-demog */ %let ttl1 = %str(Table 15.8.3.1.2: Demographics and Baseline Characteristics);
1685      +/* t-s-demog */ %let ttl2 = %str(ITT Analysis Set);
1686      +/* t-s-demog */ %let ttl3 = %str(STARS Generated Output);
1687      +/* t-s-demog */ %let fnl1 = %str(Denominator for percentages was the ITT Analysis Set.);
1688      +/* t-s-demog */ %let fnl2 = %str(Age %(in years{or specify unit}%) was collected on date of Day 1 visit. [If age was not collected, age was
1688     !+ derived using data of Day 1 visit if dose,);
1689      +/* t-s-demog */ %let fnl3 = %str(date of [randomization] [enrollment] if not dosed, or the date of informed consent if not randomized.);
1690      +/* t-s-demog */ %let fnl4 = %str(Body Mass Index %(BMI%) %(kg/m^2%) = [Weight %(kg%)/Height %(cm%) ^2] * 10,000.);
1691      +/* t-s-demog */ %let fnl5 = %str(Source: Listing 16.2.4.1);
NOTE: %INCLUDE (level 2) ending.
NOTE: %INCLUDE (level 1) resuming.
                                                                    The SAS System

MPRINT(TNFSET):   filename _tnftmp clear;
NOTE: Fileref _TNFTMP has been deassigned.
MPRINT(TNFSET):   title1 j=r "                                                                                                                        
         Gilead Sciences, Inc.";
MPRINT(TNFSET):   title2 j=r "                                                                                                                        
          Study GS-US-000-0000";
MPRINT(TNFSET):   title3 j=c "                                             Table 15.8.3.1.2: Demographics and Baseline Characteristics                
                              ";
MPRINT(TNFSET):   title4 j=c "                                                                   ITT Analysis Set                                     
                              ";
MPRINT(TNFSET):   title5 j=c "                                                                STARS Generated Output                                  
                              ";
MPRINT(TNFSET):   footnote1 j=l "Denominator for percentages was the ITT Analysis Set.                                                                
                                 ";
MPRINT(TNFSET):   footnote2 j=l "Age (in years{or specify unit}) was collected on date of Day 1 visit. [If age was not collected, age was derived 
using data of Day 1 visit if dose,   ";
MPRINT(TNFSET):   footnote3 j=l "date of [randomization] [enrollment] if not dosed, or the date of informed consent if not randomized.                
                                 ";
MPRINT(TNFSET):   footnote4 j=l "Body Mass Index (BMI) (kg/m^2) = [Weight (kg)/Height (cm) ^2] * 10,000.                                              
                                 ";
MPRINT(TNFSET):   footnote5 j=l "Source: Listing 16.2.4.1                                                                                             
                                 ";
MPRINT(TNFSET):   footnote7 j=l "Data Extracted: ddmmmyyyy                                                                                            
                                 ";
MPRINT(TNFSET):   footnote8 j=l "Source: .../final/draft1/prog/t-s-demog.sas v9.4  Output file: t-s-demog.pdf 30AUG2026:15:40                         
                  PAGE XX OF YYY ";
MPRINT(PRINTSET):  ;
MPRINT(PRINTSET):   proc printto print = "t-s-demog.out" new ;
MPRINT(PRINTSET):   run;

NOTE: PROCEDURE PRINTTO used (Total process time):
      real time           0.00 seconds
      cpu time            0.00 seconds
      

MPRINT(TABDRPT):  ;
MPRINT(TABDRPT):   filename mprint "__2122999.tmp";
MPRINT(TABDRPT):   option mfile;
MPRINT(TABDRPT):   proc report data = summary split = '~' missing headline spacing = 3 formchar(2) = "_" nowindows;
NOTE: The macro generated output from MPRINT will also be written to external file 
      /biometrics/gsi_stds/dss_2026/s0000000/final/draft1/prog/__2122999.tmp while OPTIONS MPRINT and MFILE are set.
MPRINT(TABDRPT):   column ( '__' ( pageno sortord type linlabel value1 value2 value3 ));
MPRINT(TABDRPT):   *********************************************;
MPRINT(TABDRPT):   *** End of COLUMN statement specification ***;
MPRINT(TABDRPT):   *** begin define statement ***;
MPRINT(TABDRPT):   *********************************************;
                                                                    The SAS System

MPRINT(TABDRPT):   define pageno / order order=internal noprint;
MPRINT(TABDRPT):   define sortord / order order=internal noprint;
MPRINT(TABDRPT):   define type / order order=internal noprint;
MPRINT(TABDRPT):   define linlabel / display width = 50 flow "";
MPRINT(TABDRPT):   define value1 / display width=13 center flow "Drug A~(N=50)";
MPRINT(TABDRPT):   define value2 / display width=13 center flow "Drug B~(N=50)";
MPRINT(TABDRPT):   define value3 / display width=13 center flow "Total~(N=100)";
MPRINT(TABDRPT):   *********************************************;
MPRINT(TABDRPT):   *** End of define statement specification ***;
MPRINT(TABDRPT):   *** begin compute statement ***;
MPRINT(TABDRPT):   *********************************************;
MPRINT(TABDRPT):   **********************************************;
MPRINT(TABDRPT):   *** End of compute statement specification ***;
MPRINT(TABDRPT):   *** begin break statement ***;
MPRINT(TABDRPT):   **********************************************;
MPRINT(TABDRPT):   break after pageno / page;
MPRINT(TABDRPT):   break before sortord / skip;
MPRINT(TABDRPT):   run;

NOTE: Multiple concurrent threads will be used to summarize data.
NOTE: There were 38 observations read from the data set WORK.SUMMARY.
NOTE: The PROCEDURE REPORT printed pages 1-2.
NOTE: PROCEDURE REPORT used (Total process time):
      real time           0.22 seconds
      cpu time            0.02 seconds
      

MPRINT(TABDRPT):   option nomfile;
MPRINT(TABDRPT):   filename mprint clear;
NOTE: Fileref MPRINT has been deassigned.
MPRINT(RPTEXPORT):   filename rptlog "__2122999.tmp";
MPRINT(RPTEXPORT):   x "rm /biometrics/gsi_stds/dss_2026/s0000000/final/draft1/prog/__2122999.tmp";
MPRINT(TABDRPT):  ;
MPRINT(PAGESET):   proc printto print=print;
MPRINT(PAGESET):   run;

NOTE: PROCEDURE PRINTTO used (Total process time):
      real time           0.00 seconds
      cpu time            0.00 seconds
      

MPRINT(PAGESET):   *** count pages and save text to temporary file ***;
MPRINT(PAGESET):   filename _outfil_ "t-s-demog.out";
MPRINT(PAGESET):   data pagesettext(compress=yes keep=text obsnum) pagesetnums(keep=obsnum_u);
MPRINT(PAGESET):   infile _outfil_ lrecl=200 pad eof=eof;
MPRINT(PAGESET):   input text $char200.;
                                                                    The SAS System

MPRINT(PAGESET):   obsnum + 1;
MPRINT(PAGESET):   output pagesettext;
MPRINT(PAGESET):   if( index(text,"PAGE XX OF YYY ") ) then do;
MPRINT(PAGESET):   obsnum_u = obsnum-8;
MPRINT(PAGESET):   totpages + 1;
MPRINT(PAGESET):   output pagesetnums;
MPRINT(PAGESET):   end;
MPRINT(PAGESET):   return;
MPRINT(PAGESET):   eof: call symput("totpages",compress(put(totpages,best.)));
MPRINT(PAGESET):   run;

NOTE: The infile _OUTFIL_ is:
      Filename=/biometrics/gsi_stds/dss_2026/s0000000/final/draft1/prog/t-s-demog.out,
      Owner Name=cpearson1,
      Group Name=NA\domain^users,
      Access Permission=-rwxrwxrwx,
      Last Modified=30Aug2026:15:40:39,
      File Size (bytes)=10557

NOTE: 96 records were read from the infile _OUTFIL_.
      The minimum record length was 0.
      The maximum record length was 151.
NOTE: The data set WORK.PAGESETTEXT has 96 observations and 2 variables.
NOTE: Compressing data set WORK.PAGESETTEXT increased size by 100.00 percent. 
      Compressed is 2 pages; un-compressed would require 1 pages.
NOTE: The data set WORK.PAGESETNUMS has 2 observations and 1 variables.
NOTE: DATA statement used (Total process time):
      real time           0.01 seconds
      cpu time            0.00 seconds
      

MPRINT(PAGESET):   *** Insert page numbering ***;
MPRINT(PAGESET):   data pagesettext;
MPRINT(PAGESET):   merge pagesettext(in=_txt_) pagesetnums(in=_num_ rename=(obsnum_u=obsnum));
MPRINT(PAGESET):   by obsnum;
MPRINT(PAGESET):   *** insert underline above footnotes ***;
MPRINT(PAGESET):   if _txt_ and _num_ then if text = " " then text = repeat("_",149);
MPRINT(PAGESET):   length pagenumtxt $ 20;
MPRINT(PAGESET):   retain totpages 2;
MPRINT(PAGESET):   file _outfil_ linesize = 200 recfm=v noprint;
MPRINT(PAGESET):   if text = ' ' then put;
MPRINT(PAGESET):   else do;
MPRINT(PAGESET):   if _n_ le 2 and substr(text,1,1) = "0c"x then text=substr(text,2);
MPRINT(PAGESET):   if length(left(text)) > 1 then if substr(left(text),1,2)='zf' then text=substr(left(text),3);
MPRINT(PAGESET):   *** process page numbering ***;
MPRINT(PAGESET):   pnumpos = index(text, "PAGE XX OF YYY ");
                                                                    The SAS System

MPRINT(PAGESET):   if pnumpos > 0 then do;
MPRINT(PAGESET):   page + 1;
MPRINT(PAGESET):   pagenumtxt = 'Page ' || trim(left(put(page, 6.))) || ' of ' || trim(left(put(totpages, 6.)));
MPRINT(PAGESET):   pagenumlen = length(pagenumtxt);
MPRINT(PAGESET):   text = substr(text, 1, pnumpos-1);
MPRINT(PAGESET):   substr(text, 1+150-pagenumlen) = trim(pagenumtxt);
MPRINT(PAGESET):   end;
MPRINT(PAGESET):   outlen = length(text);
MPRINT(PAGESET):   put text $varying200. outlen;
MPRINT(PAGESET):   end;
MPRINT(PAGESET):   delete;
MPRINT(PAGESET):   run;

NOTE: The file _OUTFIL_ is:
      Filename=/biometrics/gsi_stds/dss_2026/s0000000/final/draft1/prog/t-s-demog.out,
      Owner Name=cpearson1,
      Group Name=NA\domain^users,
      Access Permission=-rwxrwxrwx,
      Last Modified=30Aug2026:15:40:39

NOTE: 96 records were written to the file _OUTFIL_.
      The minimum record length was 0.
      The maximum record length was 151.
NOTE: There were 96 observations read from the data set WORK.PAGESETTEXT.
NOTE: There were 2 observations read from the data set WORK.PAGESETNUMS.
NOTE: The data set WORK.PAGESETTEXT has 0 observations and 8 variables.
NOTE: DATA statement used (Total process time):
      real time           0.02 seconds
      cpu time            0.01 seconds
      

MPRINT(TXT2PDF):   **************************************************************************;
MPRINT(TXT2PDF):   ** Count pages in source file &in *;
MPRINT(TXT2PDF):   **************************************************************************;
MPRINT(TXT2PDF):   data _null_;
MPRINT(TXT2PDF):   retain firstobs 1;
MPRINT(TXT2PDF):   infile "t-s-demog.out" pad end=eof;
MPRINT(TXT2PDF):   input char $char1.;
MPRINT(TXT2PDF):   if _n_ = 1 then do;
MPRINT(TXT2PDF):   pages + 1;
MPRINT(TXT2PDF):   if char="1b"x then do;
MPRINT(TXT2PDF):   firstobs = 2;
MPRINT(TXT2PDF):   return;
MPRINT(TXT2PDF):   end;
MPRINT(TXT2PDF):   end;
MPRINT(TXT2PDF):   totlines + 1;
                                                                    The SAS System

MPRINT(TXT2PDF):   if char = "0c"x then pages + 1;
MPRINT(TXT2PDF):   else if char = "1b"x then do;
MPRINT(TXT2PDF):   pages + 1;
MPRINT(TXT2PDF):   totlines + -1;
MPRINT(TXT2PDF):   end;
MPRINT(TXT2PDF):   if eof then do;
MPRINT(TXT2PDF):   if (pages < totlines/48) then do;
MPRINT(TXT2PDF):   pagemode = "fixed   ";
MPRINT(TXT2PDF):   pages = ceil(totlines/48);
MPRINT(TXT2PDF):   end;
MPRINT(TXT2PDF):   else pagemode = "standard";
MPRINT(TXT2PDF):   call symput("pagemode", trim(pagemode));
MPRINT(TXT2PDF):   call symput("pages", compress(put(pages,8.)));
MPRINT(TXT2PDF):   call symput("firstobs", put(firstobs,1.));
MPRINT(TXT2PDF):   call symput("totlines", put(totlines,8.));
MPRINT(TXT2PDF):   createtm = compress(put(time(),time8.),":");
MPRINT(TXT2PDF):   createtm = translate(createtm,"0"," ");
MPRINT(TXT2PDF):   call symput("createdt", put(date(),yymmddn8.)||substr(createtm,1,8));
MPRINT(TXT2PDF):   * put "NOTE: %&sysmacroname Version &toolver: " "page counter diagnostics " / " " pagemode= pages= firstobs= totlines= createtm=;
MPRINT(TXT2PDF):   stop;
MPRINT(TXT2PDF):   end;
MPRINT(TXT2PDF):   run;

NOTE: The infile "t-s-demog.out" is:
      Filename=/biometrics/gsi_stds/dss_2026/s0000000/final/draft1/prog/t-s-demog.out,
      Owner Name=cpearson1,
      Group Name=NA\domain^users,
      Access Permission=-rwxrwxrwx,
      Last Modified=30Aug2026:15:40:39,
      File Size (bytes)=7577

NOTE: 96 records were read from the infile "t-s-demog.out".
      The minimum record length was 0.
      The maximum record length was 151.
NOTE: DATA statement used (Total process time):
      real time           0.01 seconds
      cpu time            0.00 seconds
      

MPRINT(TXT2PDF):   **************************************************************************;
MPRINT(TXT2PDF):   ** Write PDF file &out from source file &in *;
MPRINT(TXT2PDF):   **************************************************************************;
MPRINT(TXT2PDF):   data _null_;
MPRINT(TXT2PDF):   infile "t-s-demog.out" firstobs=1 pad end=eof;
MPRINT(TXT2PDF):   file "t-s-demog.pdf" noprint notitles recfm=v;
MPRINT(TXT2PDF):   length temptxt text setup $ 200;
                                                                    The SAS System

MPRINT(TXT2PDF):   retain bytecnt objnum 0 crlf 2 lines -1 follow "ET";
MPRINT(TXT2PDF):   array objbyte {24} 8 _temporary_;
MPRINT(TXT2PDF):   array line {96} $ 200 _temporary_;
MPRINT(TXT2PDF):   array header {18} $ 200 _temporary_ ( '%PDF-1.4' "1 0 obj" "<<" "/Creator (cpearson1)" "/CreationDate (D:2026083015403900)" 
"/Producer (%TXT2PDF Version v4.19.01 at Gilead Sciences, Inc.)" "/Title (PDF Conversion of file t-s-demog.out)" ">>" "endobj" "2 0 obj << /Type 
/Catalog /Pages 6 0 R /Outlines 3 0 R >> endobj" "3 0 obj << /Type /Outlines /Count 0 >> endobj" "4 0 obj << /Type /Font /Subtype /Type1 /Name /F1" 
"/BaseFont /CourierNew,Bold /Encoding /WinAnsiEncoding >> endobj" "5 0 obj [ /PDF /Text ] endobj" "6 0 obj << /Type /Pages /Count 2 /Kids [" "7 0 R" 
"9 0 R" "] >> endobj" );
MPRINT(TXT2PDF):   ** Write standard PDF document header and general information **;
MPRINT(TXT2PDF):   if _n_ = 1 then do;
MPRINT(TXT2PDF):   do i = 1 to dim(header);
MPRINT(TXT2PDF):   temptxt = header{i};
MPRINT(TXT2PDF):   if indexw(temptxt,"obj") then isobj = 1;
MPRINT(TXT2PDF):   link puttxt;
MPRINT(TXT2PDF):   end;
MPRINT(TXT2PDF):   end;
MPRINT(TXT2PDF):   ** Read next text line **;
MPRINT(TXT2PDF):   input text $char200.;
MPRINT(TXT2PDF):   ** Start new page **;
MPRINT(TXT2PDF):   if substr(text,1,1) in ("0c"x,"1b"x) or _n_ = 1 or mod(lines,48)=0 then link toppage;
MPRINT(TXT2PDF):   ** Modify text for proper inclusion in PDF **;
MPRINT(TXT2PDF):   if indexc(text,"0d0cc4"x,"\()") then do;
MPRINT(TXT2PDF):   text = compress(text,"0d0c"x);
MPRINT(TXT2PDF):   text = translate(text,"-","c4"x);
MPRINT(TXT2PDF):   text = tranwrd(text,"\","\\");
MPRINT(TXT2PDF):   text = tranwrd(text,"(","\(");
MPRINT(TXT2PDF):   text = tranwrd(text,")","\)");
MPRINT(TXT2PDF):   end;
MPRINT(TXT2PDF):   ** Store text for later writing **;
MPRINT(TXT2PDF):   lines + 1;
MPRINT(TXT2PDF):   line{lines} = "("||trim(text)||")'";
MPRINT(TXT2PDF):   pagesize + length(line{lines})+crlf;
MPRINT(TXT2PDF):   ** File termination routine **;
MPRINT(TXT2PDF):   if eof then do;
MPRINT(TXT2PDF):   link endpage;
MPRINT(TXT2PDF):   strtxref = bytecnt;
MPRINT(TXT2PDF):   temptxt = "xref";
MPRINT(TXT2PDF):   link puttxt;
MPRINT(TXT2PDF):   temptxt = "0 "||compress(put(objnum+1,8.));
MPRINT(TXT2PDF):   link puttxt;
MPRINT(TXT2PDF):   temptxt = "0000000000 65535 f";
MPRINT(TXT2PDF):   link puttxt;
MPRINT(TXT2PDF):   do i = 1 to objnum;
MPRINT(TXT2PDF):   temptxt = put(objbyte{i},z10.)||" 00000 n";
MPRINT(TXT2PDF):   link puttxt;
MPRINT(TXT2PDF):   end;
                                                                    The SAS System

MPRINT(TXT2PDF):   temptxt = "trailer << /Size "||compress(put(objnum+1,8.))|| " /Info 1 0 R /Root 2 0 R >>";
MPRINT(TXT2PDF):   link puttxt;
MPRINT(TXT2PDF):   temptxt = "startxref";
MPRINT(TXT2PDF):   link puttxt;
MPRINT(TXT2PDF):   temptxt = compress(put(strtxref,12.));
MPRINT(TXT2PDF):   link puttxt;
MPRINT(TXT2PDF):   temptxt = '%%EOF';
MPRINT(TXT2PDF):   link puttxt;
MPRINT(TXT2PDF):   stop;
MPRINT(TXT2PDF):   end;
MPRINT(TXT2PDF):   return;
MPRINT(TXT2PDF):   ** Beginning of page routine **;
MPRINT(TXT2PDF):   toppage: if substr(text,1,1) = "1b"x then input text $char200.;
MPRINT(TXT2PDF):   if _n_ gt 1 then link endpage;
MPRINT(TXT2PDF):   temptxt = compress(put(objnum+1,8.))|| " 0 obj << /Type /Page /Parent 6 0 R /Resources";
MPRINT(TXT2PDF):   isobj = 1;
MPRINT(TXT2PDF):   link puttxt;
MPRINT(TXT2PDF):   temptxt = "<< /Font << /F1 4 0 R >> /ProcSet 5 0 R >>";
MPRINT(TXT2PDF):   link puttxt;
MPRINT(TXT2PDF):   temptxt = "/MediaBox [ 0 0 792 612 ] /Contents " || compress(put(objnum+1,8.)) || " 0 R >> endobj";
MPRINT(TXT2PDF):   link puttxt;
MPRINT(TXT2PDF):   lines = 0;
MPRINT(TXT2PDF):   return;
MPRINT(TXT2PDF):   ** End of page routine - write out one full page worth of text **;
MPRINT(TXT2PDF):   endpage: setup = "BT /F1 7 Tf 10 TL 72 540 Td";
MPRINT(TXT2PDF):   temptxt = compress(put(objnum+1,8.)) || " 0 obj << /Length "|| compress(put(pagesize+length(setup)+length(follow)+crlf,8.))||" >>";
MPRINT(TXT2PDF):   isobj = 1;
MPRINT(TXT2PDF):   link puttxt;
MPRINT(TXT2PDF):   temptxt = "stream";
MPRINT(TXT2PDF):   link puttxt;
MPRINT(TXT2PDF):   temptxt = setup;
MPRINT(TXT2PDF):   link puttxt;
MPRINT(TXT2PDF):   do i = 1 to lines;
MPRINT(TXT2PDF):   temptxt = line{i};
MPRINT(TXT2PDF):   link puttxt;
MPRINT(TXT2PDF):   end;
MPRINT(TXT2PDF):   temptxt = follow;
MPRINT(TXT2PDF):   link puttxt;
MPRINT(TXT2PDF):   temptxt = "endstream";
MPRINT(TXT2PDF):   link puttxt;
MPRINT(TXT2PDF):   temptxt = "endobj";
MPRINT(TXT2PDF):   link puttxt;
MPRINT(TXT2PDF):   pagesize = 0;
MPRINT(TXT2PDF):   return;
MPRINT(TXT2PDF):   ** Write text and accumulate byte count routine **;
MPRINT(TXT2PDF):   puttxt: textlen = length(temptxt);
                                                                    The SAS System

MPRINT(TXT2PDF):   if isobj then do;
MPRINT(TXT2PDF):   isobj = 0;
MPRINT(TXT2PDF):   objnum + 1;
MPRINT(TXT2PDF):   objbyte{objnum} = bytecnt;
MPRINT(TXT2PDF):   end;
MPRINT(TXT2PDF):   bytecnt + textlen+crlf;
MPRINT(TXT2PDF):   put temptxt $varying200. textlen "0d"x ;
MPRINT(TXT2PDF):   return;
MPRINT(TXT2PDF):   run;

NOTE: The infile "t-s-demog.out" is:
      Filename=/biometrics/gsi_stds/dss_2026/s0000000/final/draft1/prog/t-s-demog.out,
      Owner Name=cpearson1,
      Group Name=NA\domain^users,
      Access Permission=-rwxrwxrwx,
      Last Modified=30Aug2026:15:40:39,
      File Size (bytes)=7577

NOTE: The file "t-s-demog.pdf" is:
      Filename=/biometrics/gsi_stds/dss_2026/s0000000/final/draft1/prog/t-s-demog.pdf,
      Owner Name=cpearson1,
      Group Name=NA\domain^users,
      Access Permission=-rwxrwxrwx,
      Last Modified=30Aug2026:15:40:39

NOTE: 96 records were read from the infile "t-s-demog.out".
      The minimum record length was 0.
      The maximum record length was 151.
NOTE: 149 records were written to the file "t-s-demog.pdf".
      The minimum record length was 3.
      The maximum record length was 154.
NOTE: DATA statement used (Total process time):
      real time           0.03 seconds
      cpu time            0.02 seconds
      

MPRINT(TABDRPT):  ;
MPRINT(TABDRPT):   * proc print data = summary;
MPRINT(TABDRPT):   * title3 'File SUMMARY as printed by PROC REPORT';
MPRINT(TABDRPT):   * run;
MPRINT(MK_T_S_DEMOG):  ;
MPRINT(MK_T_S_DEMOG):   proc datasets library = work nolist memtype = data kill;
NOTE: Deleting WORK.ADSL (memtype=DATA).
NOTE: Deleting WORK.ANALF (memtype=DATA).
NOTE: Deleting WORK.ANALFALL (memtype=DATA).
NOTE: Deleting WORK.ANALFNOT (memtype=DATA).
                                                                    The SAS System

NOTE: Deleting WORK.ANALFPT (memtype=DATA).
NOTE: Deleting WORK.BYPAGE (memtype=DATA).
NOTE: Deleting WORK.CK_SSVARS (memtype=DATA).
NOTE: Deleting WORK.COL (memtype=DATA).
NOTE: Deleting WORK.COMBINE (memtype=DATA).
NOTE: Deleting WORK.CTLINES (memtype=DATA).
NOTE: Deleting WORK.FINAL (memtype=DATA).
NOTE: Deleting WORK.HDPAGE (memtype=DATA).
NOTE: Deleting WORK.HEADER1 (memtype=DATA).
NOTE: Deleting WORK.M_COMBINE (memtype=DATA).
NOTE: Deleting WORK.M_MACVAR (memtype=DATA).
NOTE: Deleting WORK.M_PIPE (memtype=DATA).
NOTE: Deleting WORK.PAGESETNUMS (memtype=DATA).
NOTE: Deleting WORK.PAGESETTEXT (memtype=DATA).
NOTE: Deleting WORK.SUMMARY (memtype=DATA).
NOTE: Deleting WORK.SUMMARY2 (memtype=DATA).
NOTE: Deleting WORK.TEST (memtype=DATA).
NOTE: Deleting WORK._ADSL_ (memtype=DATA).
NOTE: Deleting WORK._CAT (memtype=DATA).
NOTE: Deleting WORK._CATNUMER (memtype=DATA).
NOTE: Deleting WORK._GETFMT1 (memtype=DATA).
NOTE: Deleting WORK._GETFMT2 (memtype=DATA).
MPRINT(MK_T_S_DEMOG):   run;

MPRINT(MK_T_S_DEMOG):   quit;

NOTE: PROCEDURE DATASETS used (Total process time):
      real time           0.00 seconds
      cpu time            0.00 seconds
      

1692      +
NOTE: %INCLUDE (level 1) ending.
NOTE: SAS Institute Inc., SAS Campus Drive, Cary, NC USA 27513-2414
NOTE: The SAS System used:
      real time           4.18 seconds
      cpu time            2.10 seconds
      

Grid Job Id: 214366
