#### start of automatic log check result(s) ####
   /biometrics/gsi_stds/dss_2026/s0000000/final/draft1/prog/t-s-disp.log
      No issue found...
##### end of automatic log check result(s) #####
1                                                          The SAS System                              15:40 Sunday, August 30, 2026

NOTE: Copyright (c) 2016 by SAS Institute Inc., Cary, NC, USA. 
NOTE: SAS (r) Proprietary Software 9.4 (TS1M7) 
      Licensed to GILEAD SCIENCES - CONTROL NODE 1, Site 70173328.
NOTE: This session is executing on the Linux 4.18.0-553.58.1.el8_10.x86_64 (LIN X64) platform.



NOTE: Analytical products:
      
      SAS/STAT 15.2
      SAS/IML 15.2
      SAS/QC 15.2

NOTE: Additional host information:

 Linux LIN X64 4.18.0-553.58.1.el8_10.x86_64 #1 SMP Thu Jun 12 14:27:07 EDT 2025 x86_64 Red Hat Enterprise Linux release 8.10 
      (Ootpa) 

You are running SAS 9. Some SAS 8 files will be automatically converted 
by the V9 engine; others are incompatible.  Please see 
http://support.sas.com/rnd/migration/planning/platform/64bit.html

PROC MIGRATE will preserve current SAS file attributes and is 
recommended for converting all your SAS libraries from any 
SAS 8 release to SAS 9.  For details and examples, please see
http://support.sas.com/rnd/migration/index.html


This message is contained in the SAS news file, and is presented upon
initialization.  Edit the file "news" in the "misc/base" directory to
display site-specific news and information in the program log.
The command line option "-nonews" will prevent this display.




NOTE: SAS initialization used:
      real time           0.05 seconds
      cpu time            0.03 seconds
      
NOTE: Libref SASDATA successfully assigned from logical server.
NOTE: Libref STPSAMP successfully assigned from logical server.

NOTE: AUTOEXEC processing beginning; file is /opt/sas/sas94/m3/Config_GCS/Lev1/SASApp/appserver_autoexec.sas.


NOTE: AUTOEXEC processing completed.

1          /******************************************************************************
2           * Description: This code ensures that a SAS program, submitted to the SAS    *
3           *              GRID using 'gsub', is run in a SAS session whose current      *
4           *              working directory matches the directory from which the 'gsub' *
5           *              command was issued or directory identified by the argument    *
6           *              associated with the 'gsub' 'cwd' option                       *
7           *                                                                            *
8           * Note:        GSUB reserves the prefix 'gsub_' for the naming of macro      *
9           *              variables. In order to prevent naming collisions please       *
10          *              refrain from using the prefix 'gsub_' when naming macros      *
2                                                          The SAS System                              15:40 Sunday, August 30, 2026

11          *              in any program that will be submitted to the GSUB GS2         *
12          *              environment                                                   *
13          *                                                                            *
14          * Author:      Gilead Sciences, Inc.                                         *
15          *                                                                            *
16          * Date:        01 September 2016                                             *
17          *****************************************************************************/
18         
19         %*** Remember the original program ***;
20         %let gsas_orig_abs_pgm_name = /biometrics/gsi_stds/dss_2026/s0000000/final/draft1/prog/t-s-disp.sas;
21         %let gsas_orig_pgm_name = t-s-disp.sas;
22         
23         %*** Remember the log path ***;
24         %let gsub_log_path = /biometrics/gsi_stds/dss_2026/s0000000/final/draft1/prog;
25         
26         %*** Set the current working directory ***;
27         %sysexec cd /biometrics/gsi_stds/dss_2026/s0000000/final/draft1/prog;
28         
29         %*** Update UNIX PWD environment variable to reflect the current working directory ***;
30         %sysexec setenv PWD /biometrics/gsi_stds/dss_2026/s0000000/final/draft1/prog;
31         
32         %*** Precode ***;
33         %include "/gridwork/gsubwork/cpearson1/t-s-disp.sas_1788129634.0618908@sjgsasappprdg09/init_sys.sas";
G_SYSVER=v9.4
G_SYSUSERID_SHORT=cpearson1
G_SYSUSERID_LONG=_NULL_
G_SYSJOBID=2123191
   Got toolver from &progpath/../tools/init.inc : v4.19.01;				/*
 
      *******************************************************************************
      * SAS Program:    /biometrics/gsi_stds/dss_2026/s0000000/final/draft1/prog/t-s-disp.sas
      * Run by:         cpearson1 on sjgsasappprdg10
      * On Date:        30AUG2026:15:40
      * Tools Version:  v4.19.01 (from init_sys.sas)
      * SAS Version:    LIN X64 v9.4
      *******************************************************************************
 
CURRPATH=/biometrics/gsi_stds/dss_2026/s0000000/final/draft1/prog
PROGPATH=/biometrics/gsi_stds/dss_2026/s0000000/final/draft1/prog
G_SYSPROG=0
G_DEV=0
G_QUAL=0
NOTE: %INCLUDE (level 1) ending.
985        
986        *** Include the original SAS program ***;
987        %include "/gridwork/gsubwork/cpearson1/t-s-disp.sas_1788129634.0618908@sjgsasappprdg09/original_t-s-disp.sas" / source2;
                                                                    The SAS System

NOTE: %INCLUDE (level 1) file /gridwork/gsubwork/cpearson1/t-s-disp.sas_1788129634.0618908@sjgsasappprdg09/original_t-s-disp.sas is file 
      /gridwork/gsubwork/cpearson1/t-s-disp.sas_1788129634.0618908@sjgsasappprdg09/original_t-s-disp.sas.
988       +/* start of header *********************************************************************************
989       +Program Name:      t-s-disp.sas
990       +Program Author:    Caroline Pearson (cpearson1)
991       +Program Purpose:   Create Standard Disposition Table
992       +
993       +*********************************************************************************** end of header */
994       +
995       +%macro mk_t_s_disp(          subjid=,
996       +                            statlen=,
997       +                           titlekey=,
998       +                                lib=,
999       +                               dsin=,
1000      +                            eff_pop=,
1001      +                       where_cl_pop=,
1002      +                             tmacro=,
1003      +                             colvar=,
1004      +                       colvar_saffl=,
1005      +                            trt_fmt=,
1006      +                        show_scrnfl=,
1007      +                      show_scfailfl=,
1008      +                      show_notEnrll=,
1009      +                      show_notDosed=,
1010      +                         show_effFl=,
1011      +                      opt_popfl_var=,
1012      +                      opt_popfl_lbl=,
1013      +                   colvar_opt_popfl=,
1014      +                       show_compTrt=,
1015      +                       show_dctReas=,
1016      +                      show_compStdy=,
1017      +                       show_dcsReas=,
1018      +                        drug_assign=,
1019      +                   drug_comptrt_var=,
1020      +                   drug_dctReas_var=,
1021      +                          drug_name=,
1022      +                     show_drug_zero=,
1023      +                   show_comptrt_any=,
1024      +                           byPeriod=,
1025      +                         num_period=,
1026      +                          period_nm=,
1027      +                            ocprint=,
1028      +                            showAll=,
1029      +                          col1Width=,
1030      +                             cWidth=,
1031      +                            spacing=,
                                                                    The SAS System

1032      +                            spanHdr=,
1033      +                           spanRang=,
1034      +                            cleanup=);
1035      +
1036      +   options missing='';
1037      +
1038      +   %let cleanup = %upcase(&cleanup.);
1039      +
1040      +   %global combinelist;
1041      +   %let combinelist=;
1042      +
1043      +   %let done16=;
1044      +
1045      +   %if &byPeriod. eq Y and %length(&drug_comptrt_var.) > 0 %then %do;
1046      +      %put NOTE: Found byPeriod=<&byPeriod.> and drug_comptrt_var=<&drug_comptrt_var.>.;
1047      +      %put NOTE- In STARS v1.4+, you must choose between either by Period or by Drug.;
1048      +      %put NOTE- The macro &sysmacroname. will now %sysfunc(compress(a b o r t)).;
1049      +
1050      +      data _null_;
1051      +        abort abend;
1052      +      run;
1053      +   %end;
1054      +
1055      +   %***************************************************************************;
1056      +   %* Count # of optional population vars and labels                          *;
1057      +   %***************************************************************************;
1058      +   %local m_n_optVar
1059      +          m_n_optLbl;
1060      +   %let m_n_optVar = 0;
1061      +   %let m_n_optLbl = 0;
1062      +   %let m_n_optvar = %sysfunc(countW(&opt_popfl_var, ' '));
1063      +   %let m_n_optlbl = %sysfunc(countW(&opt_popfl_lbl, '|'));
1064      +   %if &m_n_optvar. NE &m_n_optlbl. %then %do;
1065      +      %put NOTE: Found <&m_n_optvar.> variables and <&m_n_optlbl.> labels for Optional Populations.;
1066      +      %put NOTE- The macro requires a matching set 1-1.;
1067      +      %put NOTE- The macro &sysmacroname. will now %sysfunc(compress(a b o r t)).;
1068      +
1069      +      data _null_;
1070      +        abort abend;
1071      +      run;
1072      +   %end;
1073      +
1074      +   %***************************************************************************;
1075      +   %* Provide the default value of <colvar_opt_popfl> as # from above Ã— COLVAR*;
1076      +   %***************************************************************************;
1077      +   %if %length(&colvar_opt_popfl.) lt 1 %then %do;
                                                                    The SAS System

1078      +      %let colvar_opt_popfl=;
1079      +      %do _k = 1 %to &m_n_optVar.;
1080      +         %let colvar_opt_popfl= &colvar_opt_popfl. &colvar.;
1081      +      %end;
1082      +   %end;
1083      +
1084      +   %***************************************************************************;
1085      +   %* Count # Tx/Rx complete status (four). New STARS v1.4                    *;
1086      +   %*    dx_compflv  Tx/Rx Complete status variables   (space)                *;
1087      +   %*    dx_fmts     Tx/Rx Complete status var formats (space)                *;
1088      +   %*    dx_whyv     Tx/Rx D/con reason variables      (space)                *;
1089      +   %*    dx_list     Labels for above                  (pipe |)               *;
1090      +   %* n.b. The # of all above *must* match or leave macro                     *;
1091      +   %***************************************************************************;
1092      +   %local dx_ass dx_compflv dx_fmts dx_whyv dx_list;
1093      +   %let dx_ass     = %sysfunc(countw(&drug_assign.,      %str(|)));
1094      +   %let dx_compflv = %sysfunc(countw(&drug_comptrt_var., %str( )));
1095      +   %let dx_whyv    = %sysfunc(countw(&drug_dctreas_var., %str( )));
1096      +   %let dx_list    = %sysfunc(countw(&drug_name.,        %str(|)));
1097      +   %let dx_var     = %sysfunc(var(&dx_ass., &dx_compflv., &dx_whyv., &dx_list.));
1098      +   %if &dx_var. ne 0 %then %do;
1099      +      %put NOTE: The same number of values must be reported in these 4 parameters:;
1100      +      %put NOTE- drug_assign (observed &dx_ass.)     |&drug_assign.|.;
1101      +      %put NOTE- dx_compflv  (observed &dx_compflv.) |&drug_comptrt_var.|.;
1102      +      %put NOTE- dx_whyv     (observed &dx_whyv.) |&drug_dctreas_var.|.;
1103      +      %put NOTE- dx_list     (observed &dx_list.) |&drug_name.|.;
1104      +      %put NOTE- The macro &sysmacroname. will now %sysfunc(compress(a b o r t)).;
1105      +
1106      +      data _null_;
1107      +        abort abend;
1108      +      run;
1109      +   %end;
1110      +
1111      +   %***************************************************************************;
1112      +   %* 2024-12-18 PDH Feedback and fail if above params provided but only 1    *;
1113      +   %*                Study Drug in use.                                       *;
1114      +   %***************************************************************************;
1115      +   %if &dx_ass. eq 1 and %length(&dx_ass.&dx_compflv.&dx_whyv.&dx_list.) gt 1 %then %do;
1116      +      %put NOTE: Please only specify mutiple drug parameters if more than one Study Drug is in use in the analysis.;
1117      +      %put NOTE- drug_assign (observed &dx_ass.)     |&drug_assign.|.;
1118      +      %put NOTE- dx_compflv  (observed &dx_compflv.) |&drug_comptrt_var.|.;
1119      +      %put NOTE- dx_whyv     (observed &dx_whyv.) |&drug_dctreas_var.|.;
1120      +      %put NOTE- dx_list     (observed &dx_list.) |&drug_name.|.;
1121      +
1122      +      data _null_;
1123      +        abort abend;
                                                                    The SAS System

1124      +      run;
1125      +   %end;
1126      +
1127      +   ****************************************************************************;
1128      +   * Formats                                                                  *;
1129      +   ****************************************************************************;
1130      +   proc format;
1131      +      value total
1132      +         1 = 'Total';
1133      +      value scrnfail
1134      +         1 = 'Screen Failed';
1135      +      value ayn
1136      +         1 = 'Not Dosed';
1137      +      value comptrt
1138      +         1 = 'Continuing Study Drug'
1139      +         2 = 'Completed Study Drug'
1140      +         3 = 'Prematurely Discontinued Study Drug';
1141      +      value anyDx
1142      +         1 = 'Continuing Any Study Drug'
1143      +         2 = 'Prematurely Discontinued All Study Drug';
1144      +      value $m_poplbl
1145      +         'randfl',
1146      +         'RANDFL' = 'Randomized'
1147      +         'enrlfl',
1148      +         'ENRLFL' = 'Enrolled'
1149      +         'ittfl',
1150      +         'ITTFL' = 'ITT'
1151      +         'fasfl',
1152      +         'FASFL' = 'Full Analysis Set';
1153      +   run;
1154      +
1155      +   %***************************************************************************;
1156      +   %* Set Parameter Defaults if not Populated                                 *;
1157      +   %***************************************************************************;
1158      +   %if &colvar_saffl. = %then %do;
1159      +      %if %length(&colvar) gt 0 %then %let colvar_saffl = &colvar.;
1160      +   %end;
1161      +   %if %length(&drug_name.) = 0 %then %do;
1162      +      %let drug_name=Study Drug;
1163      +   %end;
1164      +
1165      +   %***************************************************************************;
1166      +   %* Shorten many parameters to first character and upper case               *;
1167      +   %***************************************************************************;
1168      +   %if %length(&show_scrnfl.) > 0 %then %do;
1169      +      %let show_scrnfl = %upcase(%substr(%str(&show_scrnfl), 1, 1));
                                                                    The SAS System

1170      +   %end;
1171      +   %if %length(&show_scfailfl.) > 0 %then %do;
1172      +      %let show_scfailfl = %upcase(%substr(%str(&show_scfailfl), 1, 1));
1173      +   %end;
1174      +   %if %length(&show_notenrll.) > 0 %then %do;
1175      +      %let    show_notenrll = %upcase(%substr(%str(&show_notenrll), 1, 1));
1176      +   %end;
1177      +   %if %length(&show_notdosed.) > 0 %then %do;
1178      +      %let show_notdosed = %upcase(%substr(%str(&show_notdosed), 1, 1));
1179      +   %end;
1180      +   %if %length(&show_efffl.) > 0 %then %do;
1181      +      %let show_efffl = %upcase(%substr(%str(&show_efffl), 1, 1));
1182      +   %end;
1183      +   %if %length(&showall.) > 0 %then %do;
1184      +      %let showall = %upcase(%substr(%str(&showall), 1, 1));
1185      +   %end;
1186      +   %if %length(&show_drug_zero.) > 0 %then %do;
1187      +      %let show_drug_zero = %upcase(%substr(%str(&show_drug_zero), 1, 1));
1188      +   %end;
1189      +   %if %length(&show_comptrt.) > 0 %then %do;
1190      +      %let show_comptrt = %upcase(%substr(%str(&show_comptrt), 1, 1));
1191      +   %end;
1192      +   %if %length(&show_dctreas.) > 0 %then %do;
1193      +      %let show_dctreas = %upcase(%substr(%str(&show_dctreas), 1, 1));
1194      +   %end;
1195      +   %if %length(&show_compstdy.) > 0 %then %do;
1196      +      %let show_compstdy = %upcase(%substr(%str(&show_compstdy), 1, 1));
1197      +   %end;
1198      +   %if %length(&show_dcsreas.) > 0 %then %do;
1199      +      %let show_dcsreas = %upcase(%substr(%str(&show_dcsreas), 1, 1));
1200      +   %end;
1201      +/*   %if %length(&show_dctreas.) > 0 %then %do;*/
1202      +/*      %let show_dctreas = %upcase(%substr(%str(&show_dctreas), 1, 1));*/
1203      +/*   %end;*/
1204      +   %if %length(&show_comptrt_any.) > 0 %then %do;
1205      +      %let show_comptrt_any = %upcase(%substr(%str(&show_comptrt_any), 1, 1));
1206      +   %end;
1207      +   %if %length(&byperiod.) > 0 %then %do;
1208      +      %let byperiod = %upcase(%substr(%str(&byperiod), 1, 1));
1209      +   %end;
1210      +
1211      +   %***************************************************************************;
1212      +   %* Set output validation dataset and output names                          *;
1213      +   %***************************************************************************;
1214      +   %let outdsn = vdata.%sysfunc(translate(&titlekey., '_', '-.'));
1215      +
                                                                    The SAS System

1216      +   %if &eff_pop. = %then %do;
1217      +      data _null_;
1218      +         put "ERR" "OR: [USER] User must define the population used for efficacy analyses to appear in table: EFF_POP";
1219      +         abort abend;
1220      +      run;
1221      +   %end;
1222      +
1223      +   %if (&m_n_optLbl. gt 0 and &m_n_optVar. lt 1) or (&m_n_optLbl. le 0 and &m_n_optLbl. ge 1) %then %do;
1224      +      data _null_;
1225      +         put "ERR" "OR: [USER] User If OPT_POPFL_VAR/OPT_POPFL_LBL is populated";
1226      +         put "ERR" "OR- then corresponding OPT_POPFL_LBL/OPT_POPFL_VAR must be populated";
1227      +         abort abend;
1228      +      run;
1229      +   %end;
1230      +
1231      +   %if &byperiod. = Y and &num_period. = %then %do;
1232      +      data _null_;
1233      +         put "ERR" "OR: [USER] User must specify number of periods: NUM_PERIOD in ";
1234      +         put "ERR" "OR- study when by treatment: BYPERIOD = Y";
1235      +         abort abend;
1236      +      run;
1237      +   %end;
1238      +
1239      +   %if &byperiod. = Y and &num_period. = 1 %then %do;
1240      +      data _null_;
1241      +         put "USER W" "ARNING: [USER] BYPERIOD = Y, NUM_PERIOD = 1. Table will display as single period study w/o Period labels.";
1242      +      run;
1243      +   %end;
1244      +
1245      +   %if &byperiod. = Y and &num_period. > 1  and %nrbquote(&period_nm.) =  %then %do;
1246      +      data _null_;
1247      +         put "USER W" "ARNING: [USER] BYPERIOD = Y, NUM_PERIOD = &num_period. but period name description is missing.";
1248      +         put "USER W" "ARNING: [USER] Table display will show Period 1, Period 2 etc. for period labels.";
1249      +      run;
1250      +   %end;
1251      +
1252      +   %if &byperiod. ne Y and %length(&num_period)>0 %then %do;
1253      +      %if %eval(&num_period.) > 1  %then %do;
1254      +         data _null_;
1255      +            put "USER W" "ARNING: [USER] BYPERIOD = N or missing but NUM_PERIOD = &num_period. Table will not display by period.";
1256      +         run;
1257      +      %end;
1258      +      %let num_period = 1;
1259      +   %end;
1260      +   %else %do;
1261      +      %let num_period = 1;
                                                                    The SAS System

1262      +   %end;
1263      +
1264      +   %if &colvar.  = %then %do;
1265      +      data _null_;
1266      +          put "ERR" "OR: [USER] User must define the treatment group parameter: COLVAR";
1267      +         abort abend;
1268      +      run;
1269      +   %end;
1270      +
1271      +   %if &trt_fmt. =  %then %do;
1272      +      data _null_;
1273      +         put "ERR" "OR: [USER] Treatment Group format not specified - please enter value for TRT_FMT.";
1274      +         abort;
1275      +      end;
1276      +   %end;
1277      +
1278      +   %***************************************************************************;
1279      +   %* Quietly get the variable #s for the various population flags.           *;
1280      +   %* n.b. ending of {vs} below denotes Variable Number.                      *;
1281      +   %***************************************************************************;
1282      +   %let dsid = %sysfunc(open(&lib..&dsin.));
1283      +   %let   randflvn = %sysfunc(varnum(&dsid, RANDFL));
1284      +   %let   cohortvn = %sysfunc(varnum(&dsid, COHORT));
1285      +   %let  scrnfflvn = %sysfunc(varnum(&dsid, SCRNFFL));
1286      +   %let scrnfailvn = %sysfunc(varnum(&dsid, SCRNFAIL));
1287      +   %let rc = %sysfunc(close(&dsid));
1288      +
1289      +   %***************************************************************************;
1290      +   %* Read in Data and Preprocess                                             *;
1291      +   %***************************************************************************;
1292      +   %* First with no data selection to get *all* records.                      *;
1293      +   %***************************************************************************;
1294      +   %fetch(library = &lib.,
1295      +             data = &dsin.,
1296      +              out = m_scrn);
1297      +
1298      +   %if %length(&tmacro.) gt 0 and %upcase(&tmacro.) ne NULL %then %do;
1299      +      %&tmacro(data = m_scrn);
1300      +   %end;
1301      +
1302      +   %let dsid = %sysfunc(open(m_scrn));
1303      +   %let scrnfflvn  = %sysfunc(varnum(&dsid, SCRNFFL));
1304      +   %let scfailflvn = %sysfunc(varnum(&dsid, SCFAILFL));
1305      +   %let rc = %sysfunc(close(&dsid));
1306      +
1307      +      proc sql noprint;
                                                                    The SAS System

1308      +         select count(distinct(trt01pn))
1309      +                %if &ocprint=Y %then %do;
1310      +                   +1
1311      +                %end;
1312      +                into :totcolall trimmed
1313      +         from m_scrn;
1314      +      quit;
1315      +
1316      +   %if &show_scrnfl.   eq Y or
1317      +       &show_scfailfl. eq Y or
1318      +       &show_notEnrll. eq Y or
1319      +       &show_notDosed. eq Y %then %do;
1320      +      %let poplbl = %sysfunc(putC(&eff_pop., $m_poplbl.));
1321      +      data m_scrn;
1322      +         set m_scrn;
1323      +         **********************************************************************;
1324      +         * Total Screened Subjects                                            *;
1325      +         **********************************************************************;
1326      +         all_scrn = 1;
1327      +      %if &show_scfailfl. eq Y %then %do;
1328      +         %******************************************************************;
1329      +         %* Screen Fail Subjects                                           *;
1330      +         %******************************************************************;
1331      +         %if &scfailflvn ge 1 %then %do;
1332      +         if scfailfl eq 'Y' then scrnfail = 1;
1333      +         %end;
1334      +      %end;
1335      +      %if &show_notenrll. = Y %then %do;
1336      +         **********************************************************************;
1337      +         * Prep for Panel # 3 DCSSREAS                                        *;
1338      +         **********************************************************************;
1339      +         length crit_notenrl $ 60;
1340      +         label dcssreas = "Reason &study_subject_text. Not &poplbl.";
1341      +         if (all_scrn eq 1) and
1342      +            (dcssreas ne '') then crit_notenrl = "Met All Eligibility Criteria but Not &poplbl.";
1343      +      %end;
1344      +         format
1345      +      %if &scrnfflvn. ge 1 %then %do;
1346      +               scrnfl $screen.
1347      +      %end;
1348      +      %if &scfailflvn. ge 1 and &show_scfailfl. eq Y %then %do;
1349      +               scrnfail scrnfail.
1350      +      %end;
1351      +             all_scrn   total.;
1352      +      %if &show_scrnfl eq Y %then %do;
1353      +         label scrnfl = ' ';
                                                                    The SAS System

1354      +      %end;
1355      +         label all_scrn = 'Screened';
1356      +      run;
1357      +
1358      +      %************************************************************************;
1359      +      %* Original panels at top of Shell. Work off FETCH -> m_scrn, possibly  *;
1360      +      %* modified by user written TMACRO.                                     *;
1361      +      %************************************************************************;
1362      +      %TABDESC(    data = m_scrn,
1363      +                 colvar = all_scrn,
1364      +                  ptvar = &subjid,
1365      +                   col2 = &col1width,
1366      +                statlen = &statlen,
1367      +                col1hdr = ,
1368      +                spacing = &spacing,
1369      +                ocprint = &ocprint);
1370      +
1371      +      %if &show_scrnfl. eq Y %then %do;
1372      +         %*********************************************************************;
1373      +         %* OPTIONAL Screen                                                   *;
1374      +         %*********************************************************************;
1375      +         %TABDCAT(sortord = 1, var = scrnfl, stat = N);
1376      +         data combine;
1377      +            set combine;
1378      +            if (compress(linlabel, ' ') eq 'Y') then linlabel = 'Screened';
1379      +         run;
1380      +      %end;
1381      +      %if &show_scfailfl. = Y %then %do;
1382      +         %*********************************************************************;
1383      +         %* OPTIONAL Screen Failure                                           *;
1384      +         %*********************************************************************;
1385      +         %TABDCAT(sortord = 2, var = scrnfail,     stat = N);
1386      +      %end;
1387      +
1388      +      %if &show_notenrll. = Y %then %do;
1389      +         %*********************************************************************;
1390      +         %* OPTIONAL Not Enrolled / Why Not?                                  *;
1391      +         %*********************************************************************;
1392      +         %TABDCAT( sortord = 3, var = crit_notenrl, stat = N);  *OPTIONAL Met Crit not enrolled;
1393      +%put NOTE: PDH showall = <&showall.>;
1394      +         %TABCOUNT(sortord = 4, var = dcssreas,     stat = N, sortby = F, showall = &showall.);  *OPTIONAL Met Crit not enrolled rsn.;
1395      +/*original call*/
1396      +/*       %TABDCAT(sortord = 4, var = dcssreas,     stat = N);*/
1397      +      %end;
1398      +
1399      +      %if &show_scrnfl. = Y or &show_notenrll. = Y %then %do;
                                                                    The SAS System

1400      +         %*********************************************************************;
1401      +         %* Move the single VALUE to the right-most column.                   *;
1402      +         %* Clear all other columns to the left of right-most.                *;
1403      +         %*********************************************************************;
1404      +         data combine1;
1405      +            set combine;
1406      +            value&totcolall. = value1;
1407      +            array vls(&totcolall.) value1 - value&totcolall.;
1408      +            do i = 1 to (&totcolall. - 1);
1409      +               vls(i) = '';
1410      +            end;
1411      +         run;
1412      +      %end;
1413      +   %end;
1414      +
1415      +   %m_get_s_data(     library = &lib.,
1416      +                         data = &dsin.,
1417      +                          out = &dsin._1,
1418      +                       colvar = &colvar,
1419      +                     pop_flag = &eff_pop.,
1420      +                 where_cl_pop = &where_cl_pop.,
1421      +                    keep_adsl = Usubjid &subjid saffl comsfl dcsreas tr: &colvar &eff_pop.
1422      +   %if &byperiod. ne Y %then %do;
1423      +                                comt: dct:
1424      +   %end;
1425      +   %if &randflvn. ge 1 %then %do;
1426      +                                randfl
1427      +   %end;
1428      +   %if &cohortvn. ge 1 %then %do;
1429      +                                coh:
1430      +   %end;
1431      +   %if &show_scrnfl. eq Y or &show_notenrll. eq Y %then %do;
1432      +      %if &scrnfflvn. ge 1 %then %do;
1433      +                                scrnffl
1434      +      %end;
1435      +   %end;
1436      +   %if &show_scfailfl. eq Y %then %do;
1437      +      %if &scfailflvn. ge 1 %then %do;
1438      +                                scfailfl
1439      +      %end;
1440      +   %end;
1441      +   %if &show_notenrll. = Y %then %do;
1442      +                                dcssreas
1443      +   %end;
1444      +   %if &m_n_optvar. gt 0 %then %do;
1445      +                                &opt_popfl_var.
                                                                    The SAS System

1446      +   %end;
1447      +   %if %length(&drug_comptrt_var.) ge 1 %then %do;
1448      +                                &drug_comptrt_var.
1449      +   %end;
1450      +   %if %length(&drug_dctreas_var.) ge 1 %then %do;
1451      +                                &drug_dctreas_var.
1452      +   %end;
1453      +   %if &byperiod. eq Y %then %do;
1454      +      %do _i = 1 %to &num_period.;
1455      +                                comt0&_i.fl
1456      +                                dct0&_i.rs
1457      +      %end;
1458      +   %end;
1459      +                     , Xmacro = &tmacro);
1460      +
1461      +   data &dsin._1;
1462      +      set &dsin._1;
1463      +      where (&colvar ne .);
1464      +   run;
1465      +   %let dsid = %sysfunc(open(&dsin._1));
1466      +   %let scfailflvn = %sysfunc(varnum(&dsid, SCFAILFL));
1467      +   %let rc = %sysfunc(close(&dsid));
1468      +
1469      +   %NOBS(&dsin._1);
1470      +   %if &nobs > 0 %then %do;
1471      +      %************************************************************************;
1472      +      %* Determine total number of columns including "Total" column to adjust *;
1473      +      %* display options later on.                                            *;
1474      +      %************************************************************************;
1475      +      proc sql noprint;
1476      +         select count(distinct(&colvar.))
1477      +                %if &ocprint=Y %then %do;
1478      +                   +1
1479      +                %end;
1480      +                into: totcol trimmed
1481      +         from &dsin._1;
1482      +      quit;
1483      +
1484      +      %************************************************************************;
1485      +      %* Create display labels for each period if needed                      *;
1486      +      %************************************************************************;
1487      +      %if &byperiod. = Y and &num_period. ne %then %do;
1488      +         %if %nrbquote(&period_nm.) = %then %do;
1489      +            %do _i = 1 %to &num_period.;
1490      +               %GLOBAL per&_i.lbl;
1491      +               %let per&_i.lbl = Period 0&_i.;
                                                                    The SAS System

1492      +               %put Period &_i. Label = &&per&_i.lbl.;
1493      +            %end;
1494      +         %end;
1495      +         %else %do;
1496      +            %******************************************************************;
1497      +            %* Scan and parse out each label to store as macro vars           *;
1498      +            %******************************************************************;
1499      +            %do _i = 1 %to &num_period.;
1500      +               %GLOBAL per&_i.lbl;
1501      +               %let per&_i.lbl = %qscan(%nrbquote(&period_nm.), &_i., |);
1502      +               %put Period &_i. Label = &&per&_i.lbl.;
1503      +            %end;
1504      +         %end;
1505      +         %let _i = ;
1506      +      %end;
1507      +
1508      +      %************************************************************************;
1509      +      %* Determine if COMSFL or COMSxxFL vars should be used                  *;
1510      +      %* COMSxxFL will be used if captured on CRF                             *;
1511      +      %* COMSFL = Study Completion Flag (overall)                             *;
1512      +      %************************************************************************;
1513      +      %macro comsxxfl;
1514      +         %global use_comsxxfl;
1515      +         %if (&byperiod. = Y) and (&num_period. ne ) and (&show_compstdy. = Y or &show_compstdy. = O) %then %do;
1516      +            %local rc dsid;
1517      +            %let dsid = %sysfunc(open(&dsin._1));
1518      +
1519      +            %if &dsid. and %sysfunc(varnum(&dsid., coms0&num_period.fl)) %then %do;
1520      +               %let use_comsxxfl = Y;
1521      +               %let rc = %sysfunc(close(&dsid.));
1522      +               %return;
1523      +            %end;
1524      +            %else %do;
1525      +               data _null_;
1526      +                  put "USER N" "OTE: [USER] By period study completion vars COMSxxFL do not exist. COMSFL will be used.";
1527      +               run;
1528      +               %let use_comsxxfl = N;
1529      +               %let rc = %sysfunc(close(&dsid.));
1530      +            %end;
1531      +         %end;
1532      +         %else %let use_comsxxfl = N;
1533      +      %mend comsxxfl;
1534      +      %comsxxfl;
1535      +
1536      +      %************************************************************************;
1537      +      %* Determine if any subject discont. trt or study for display category  *;
                                                                    The SAS System

1538      +      %* purposes based on TFL standards                                      *;
1539      +      %************************************************************************;
1540      +      %macro num_disc(var = );
1541      +         %global n_&var.;
1542      +
1543      +         proc sql noprint;
1544      +            select count(&var) into: n_&var. trimmed
1545      +               from &dsin._1
1546      +                  where &var. = 'N';
1547      +         quit;
1548      +      %mend num_disc;
1549      +
1550      +      %num_disc(var = comsfl);     *Disc. overall study;
1551      +
1552      +      %if &byperiod. = Y and &num_period. ge 1 %then %do;
1553      +         %************************************************************************;
1554      +         %* New in v1.4, only perform below if reporting by Period, not if       *;
1555      +         %* reporting just Overall, or if reporting by Study Drug.               *;
1556      +         %************************************************************************;
1557      +
1558      +         %do _i = 1 %to &num_period.; *Disc trt and study by period counts if applicable;
1559      +            %*********************************************************************;
1560      +            %* ADaM IG v1.1 Mapping Spec: Study Drug Completion Flag Period XX   *;
1561      +            %*********************************************************************;
1562      +            %NUM_DISC(var = comt0&_i.fl);
1563      +            %*********************************************************************;
1564      +            %* ADaM IG v1.1 Mapping Spec: Study Completion Flag for Period XX    *;
1565      +            %*********************************************************************;
1566      +            %if &use_comsxxfl. = Y %then %NUM_DISC(var = coms0&_i.fl);
1567      +         %end;
1568      +         %let _i = ;
1569      +      %end;
1570      +
1571      +      %************************************************************************;
1572      +      %* Determine if Enrolled or Randomized should be used in table labels   *;
1573      +      %* n.b. Original code before format for this was added.                 *;
1574      +      %************************************************************************;
1575      +      %let dsid = %sysfunc(open(&dsin._1));
1576      +      %if       &eff_pop. = randfl %then %let poplbl = Randomized;
1577      +      %else %if &eff_pop. = enrlfl %then %let poplbl = Enrolled;
1578      +      %else %if &eff_pop. = ittfl  %then %let poplbl = ITT;
1579      +      %else %if &eff_pop. = fasfl  %then %let poplbl = Full Analysis Set;
1580      +      %else %do;
1581      +         %if       &dsid. and %sysfunc(varnum(&dsid., randfl)) %then %let poplbl = Randomized;
1582      +         %else %if &dsid. and %sysfunc(varnum(&dsid., enrlfl)) %then %let poplbl = Enrolled;
1583      +         %else %if &dsid. and %sysfunc(varnum(&dsid., ittfl))  %then %let poplbl = ITT;
                                                                    The SAS System

1584      +         %else %if &dsid. and %sysfunc(varnum(&dsid., fasfl))  %then %let poplbl = Full Analysis Set;
1585      +      %end;
1586      +      %let dsid = %sysfunc(close(&dsid.));
1587      +
1588      +    ***************************************************************************;
1589      +    * Get EFF Population of Interest - RAND, ITT, PPROT ENRL etc.             *;
1590      +    * Process for Panel # 4                                                   *;
1591      +    ***************************************************************************;
1592      +
1593      +   %***************************************************************************;
1594      +   %* Check quietly to see if NDOSFL exists in WORK &dsin._1                  *;
1595      +   %* Might be native in ADSL or might be added by TMACRO code.               *;
1596      +   %***************************************************************************;
1597      +   %local ndosflvn;
1598      +   %let dsid = %sysfunc(open(&dsin._1));
1599      +   %let ndosflvn = %sysfunc(varnum(&dsid, NDOSFL));
1600      +   %let rc = %sysfunc(close(&dsid));
1601      +
1602      +    data &eff_pop.;
1603      +      set &dsin._1;
1604      +      where (&eff_pop. eq 'Y');
1605      +      if (trt01pn ne .) and (trt01an eq .)
1606      +   %if &ndosflvn. ge 1 %then %do;
1607      +         and (ndosfl eq 'Y')
1608      +   %end;
1609      +             then not_dosed = 1;
1610      +      format
1611      +        &colvar. &trt_fmt..
1612      +        &eff_pop. $&eff_pop..
1613      +        not_dosed ayn.;
1614      +      label &eff_pop = ' ';
1615      +    run;
1616      +
1617      +   %TABDESC(    data = &eff_pop.,
1618      +              colvar = &colvar.,
1619      +               ptvar = &subjid,
1620      +                col2 = &col1width,
1621      +             statlen = &statlen,
1622      +             col1hdr = ,
1623      +             spacing = &spacing,
1624      +             ocprint = &ocprint);
1625      +
1626      +   %TABDCAT(sortord = 5, var = &eff_pop., stat = N, nomisspc = N); *OPTIONAL Rand/Enrl/ITT/FASFL pop;
1627      +
1628      +   %if &show_notdosed. = Y %then %do;
1629      +      %TABDCAT(sortord = 6, var = not_dosed, stat = N, nomisspc = N);  *OPTIONAL Rand/Enrl/ITT/FASFL but not dosed;
                                                                    The SAS System

1630      +   %end;
1631      +
1632      +   data combine2;
1633      +      set combine;
1634      +      if sortord eq 6 then linlabel = strip("All &poplbl.") || ' but Never Dosed';
1635      +   run;
1636      +
1637      +      *************************************************************************;
1638      +      * Process OPT_POPFL Population(s)                                       *;
1639      +      *************************************************************************;
1640      +      %local so         /* Sort Order                                         */
1641      +             m_opti     /* Loop counter over # Optional Pop Flags             */
1642      +             m_thisvar  /* This Optional Variable                             */
1643      +             m_thislbl  /* This Optional Label                                */
1644      +             m_thisflg; /* This optional Flag variable                        */
1645      +      %if &opt_popfl_var. ne %then %do;
1646      +         %let so=7;
1647      +         %do m_opti = 1 %to &m_n_optVar.;
1648      +            %let so = %eval(&so + 1);
1649      +            %let m_thisvar = %scan(&opt_popfl_var.,    &m_opti., %str( ));
1650      +            %let m_thislbl = %scan(&opt_popfl_lbl.,    &m_opti., %str(|));
1651      +            %let m_thisflg = %scan(&colvar_opt_popfl., &m_opti., %str( ));
1652      +
1653      +            data &m_thisvar.;
1654      +               set &dsin._1;
1655      +               by &subjid.;
1656      +               where &m_thisvar. eq 'Y';
1657      +               format &m_thisflg. &trt_fmt.. ;
1658      +               label &m_thisvar. = ' ';
1659      +            run;
1660      +
1661      +            %TABDESC(    data = &m_thisvar.,
1662      +                       colvar = &m_thisflg.,
1663      +                        ptvar = &subjid,
1664      +                         col2 = &col1width,
1665      +                      statlen = &statlen,
1666      +                      col1hdr = ,
1667      +                      spacing = &spacing,
1668      +                      ocprint = &ocprint);
1669      +
1670      +           %TABDCAT(sortord = &so, var = &m_thisvar., stat = N); *OPTIONAL population display;
1671      +
1672      +            data opt_combine&m_opti.;
1673      +               set combine;
1674      +               if "&opt_popfl_lbl." ne "" then linlabel = left("&m_thislbl.");
1675      +            run;
                                                                    The SAS System

1676      +         %end;
1677      +      %end;
1678      +
1679      +      %if &opt_popfl_var. ne %then %do;
1680      +         data opt_combine;
1681      +            set opt_combine:;
1682      +         run;
1683      +      %end;
1684      +
1685      +      *************************************************************************;
1686      +      * Process Safety Population Vars                                        *;
1687      +      *************************************************************************;
1688      +      data safety1(where = (N(&colvar.)      ge 1))
1689      +           safety2(where = (N(&colvar_saffl) ge 1));
1690      +         set &dsin._1(where = (&eff_pop eq 'Y'));
1691      +         by &subjid;
1692      +         label
1693      +                     saffl = ' '
1694      +                  &colvar. = ' '
1695      +            &colvar_saffl. = ' ';
1696      +         format
1697      +            &colvar.         &trt_fmt..
1698      +            &colvar_saffl.   &trt_fmt..
1699      +                    saffl    $saffl.
1700      +                 comsfl_n  compstud.;
1701      +      %if &show_comptrt. ne N and &dx_ass. eq 1 %then %do;
1702      +         format comt01n comptrt.;
1703      +      %end;
1704      +      %else %do;
1705      +         call missing(comt01n); %* Only in one-drug studies                   *;
1706      +      %end;
1707      +      *************************************************************************;
1708      +      * Counts of all subjects in each period                                 *;
1709      +      *************************************************************************;
1710      +      %if &byperiod. = Y %then %do;
1711      +         %do _i = 1 %to &num_period.;
1712      +           length allper0&_i. $ 150;
1713      +           allper0&_i. = "&&per&_i.lbl Treatment Period";
1714      +         %end;
1715      +      %end;
1716      +      %let _i = ;
1717      +      %************************************************************************;
1718      +      %* Drug or Treatment Completion - All studies will have the             *;
1719      +      %* by period trt status vars                                            *;
1720      +      %* STARS v1.4 The above is a bad assumption. Some studies do not have   *;
1721      +      %*            the idea of PERIOD baked in. Sometimes this macro will    *;
                                                                    The SAS System

1722      +      %*            break down by individual Study Durgs not time / Period.   *;
1723      +      %************************************************************************;
1724      +      %if &byperiod = Y %then %do;
1725      +         %do _j = 1 %to &num_period.;
1726      +            if (comt0&_j.fl eq '' or comt0&_j.fl eq 'N') and
1727      +               (dct0&_j.rs eq '')                          then comt0&_j.n = 1; * Continuing               for period _j;
1728      +            if (comt0&_j.fl eq 'Y')                        then comt0&_j.n = 2; * Completed                for period _j;
1729      +            if (comt0&_j.fl eq '' or comt0&_j.fl = 'N') and
1730      +               dct0&_j.rs ne ''                            then comt0&_j.n = 3; * Prematurely Discontinued for period _j;
1731      +            format comt0&_j.n comptrt.;
1732      +            label comt0&_j.n = 'Study Drug Completion Status';
1733      +            label dct0&_j.rs = 'Reason for Premature Discontinuation of Study Drug';
1734      +         %end;
1735      +      %end;
1736      +      %else %if &dx_ass. gt 1 %then %do;
1737      +         %*********************************************************************;
1738      +         %* Not By Period, multiple Study Drugs                               *;
1739      +         %*********************************************************************;
1740      +      %end;
1741      +      %else %do;
1742      +         %*********************************************************************;
1743      +         %* Not By Period, only 1 Study Drug                                  *;
1744      +         %*********************************************************************;
1745      +            if (comt01fl eq '' or comt01fl eq 'N') and
1746      +               (dct01rs eq '')                          then comt01n = 1; * Continuing               for period _j;
1747      +            if (comt01fl eq 'Y')                        then comt01n = 2; * Completed                for period _j;
1748      +            if (comt01fl eq '' or comt01fl = 'N') and
1749      +               dct01rs ne ''                            then comt01n = 3; * Prematurely Discontinued for period _j;
1750      +            format comt01n comptrt.;
1751      +            label comt01n = 'Study Drug Completion Status';
1752      +            label dct01rs = 'Reason for Premature Discontinuation of Study Drug';
1753      +      %end;
1754      +      %let _j = ;
1755      +         **********************************************************************;
1756      +         * Study Completion - All studies will have overall study vars        *;
1757      +         **********************************************************************;
1758      +         if (comsfl eq '') and (dcsreas eq '') then comsfl_n = 1; * Continuing;
1759      +         if (comsfl eq 'Y')                    then comsfl_n = 2; * Completed;
1760      +         if (comsfl eq 'N') or
1761      +            (comsfl = '' and dcsreas ne '')    then comsfl_n = 3; * Discontinued;
1762      +         label
1763      +            comsfl_n = 'Study Completion Status'
1764      +             dcsreas = 'Reason for Premature Discontinuation of Study';
1765      +      %if &byperiod. = Y and &use_comsxxfl. = Y %then %do;
1766      +         **********************************************************************;
1767      +         * Break out study completion by period if available                  *;
                                                                    The SAS System

1768      +         **********************************************************************;
1769      +         %do _k = 1 %to %eval(&num_period.);
1770      +          if (coms0&_k.fl eq '') and (dcs0&_k.rs eq '') then coms0&_k.n = 1; * Continuing for period _k;
1771      +          if (coms0&_k.fl eq 'Y')                       then coms0&_k.n = 2; * Completed for period _k;
1772      +          if (coms0&_k.fl eq 'N') or
1773      +             (coms0&_k.fl = '' and dcs0&_k.rs ne '')    then coms0&_k.n = 3;
1774      +          format coms0&_k.n compstud.;
1775      +          label coms0&_k.n = 'Study Completion Status';
1776      +          label dcs0&_k.rs = 'Reason for Premature Discontinuation of Study';
1777      +         %end;
1778      +         %let _k = ;
1779      +      %end;
1780      +      run;
1781      +
1782      +      %TABDESC(    data = safety2,
1783      +                 colvar = &colvar_saffl,
1784      +                  ptvar = &subjid,
1785      +                   col2 = &col1width,
1786      +                statlen = &statlen,
1787      +                col1hdr = ,
1788      +                spacing = &spacing,
1789      +                ocprint = &ocprint);
1790      +      %TABDCAT(sortord = 7, var = saffl, stat = N);
1791      +      data combine7;
1792      +         set combine;
1793      +         where (start eq 'Y');
1794      +      run;
1795      +
1796      +      %************************************************************************;
1797      +      %* Restore COLVAR to <& COLVAR> as COLVAR_SAFFL is only used for SAFFL  *;
1798      +      %* Also change data set pointer to <eff_pop>.                           *;
1799      +      %************************************************************************;
1800      +      %TABDESC(    data = safety1,
1801      +                 colvar = &colvar,
1802      +                  ptvar = &subjid,
1803      +                   col2 = &col1width,
1804      +                statlen = &statlen,
1805      +                col1hdr = ,
1806      +                spacing = &spacing,
1807      +                ocprint = &ocprint);
1808      +
1809      +      *************************************************************************;
1810      +      * Multiple trt period variables and by period study status variables    *;
1811      +      *************************************************************************;
1812      +      %do _z = 1 %to &num_period.;
1813      +         %if &byperiod. = Y and &num_period. ne 1 %then %do;
                                                                    The SAS System

1814      +            %TABDCAT(sortord = %eval(10+5*&_z.), var = allper0&_z., showall = &showall.); *OPTIONAL Num. of subjects in period;
1815      +         %end;
1816      +
1817      +         %if &show_comptrt. = Y or &show_comptrt. = O %then %do;
1818      +            %TABDCAT(sortord = %eval(11+5*&_z.), var = comt0&_z.n, showall = &showall.);  *OPTIONAL Period x Trt status;
1819      +            %let done16 = Y;
1820      +            %if &show_comptrt. = O %then %do;
1821      +            %******************************************************************;
1822      +            %* Oncology TA can request that row Completed SD is removed by    *;
1823      +            %* setting <show_comptrt> to <O>.                                 *;
1824      +            %******************************************************************;
1825      +               data combine;
1826      +                  set combine;
1827      +                  if (linlabel eq 'Completed Study Drug') then delete;
1828      +               run;
1829      +            %end;
1830      +         %end;
1831      +         %*********************************************************************;
1832      +         %* Only display if subjects discontinued Tx per standard             *;
1833      +         %* TFL shell instructions                                            *;
1834      +         %*********************************************************************;
1835      +         %if &byPeriod. eq Y %then %do;
1836      +            %if &show_dctreas. = Y and %eval(&&n_comt0&_z.fl.) ge 1 %then %do;
1837      +               %TABCOUNT(sortord = %eval(12+5*&_z.), var = dct0&_z.rs, showall = &showall., sortby = F);
1838      +            %end;
1839      +         %end;
1840      +         %else %if &byperiod. eq N and &dx_compflv. le 1 and &show_dctreas. eq Y %then %do;
1841      +               %TABCOUNT(sortord = 19, var = dct01rs, showall = &show_drug_zero., sortby = F);
1842      +               %***************************************************************;
1843      +               %* indent Reason for Premature Discont of Study Drug           *;
1844      +               %***************************************************************;
1845      +               data combine;
1846      +                  set combine;
1847      +                  if (sortord eq 19) then linlabel = '   ' || strip(linlabel);
1848      +               run;
1849      +         %end;
1850      +         **********************************************************************;
1851      +         * Study discontinuation vars                                         *;
1852      +         **********************************************************************;
1853      +         %if &num_period. > 1 and &use_comsxxfl. = Y %then %do;
1854      +            %if &show_compstdy. = Y or &show_compstdy. = O %then %do;
1855      +               %TABDCAT(sortord = %eval(13+5*&_z.), var = coms0&_z.n, showall = &showall.);
1856      +            %end;
1857      +            *******************************************************************;
1858      +            * Only display if subjects discontinued study per standard        *;
1859      +            * TFL shell instructions                                          *;
                                                                    The SAS System

1860      +            *******************************************************************;
1861      +            %if &show_dcsreas. = Y and &use_comsxxfl. = Y and %eval(&&n_coms0&_z.fl.) ge 1 %then %do;
1862      +               %TABCOUNT(sortord = %eval(14+5*&_z.), var = dcs0&_z.rs, showall = &showall., sortby = F);
1863      +            %end;
1864      +         %end;
1865      +      %end;
1866      +
1867      +      %if &show_comptrt. eq Y and &byperiod. ne Y and &done16. ne Y %then %do;
1868      +         %*********************************************************************;
1869      +         %* If no ByPeriod chosen                                             *;
1870      +         %*********************************************************************;
1871      +         %TABDCAT(sortord =  16, var = comt01n, showall = &showall.);
1872      +      %end;
1873      +
1874      +      %let _z = ;
1875      +      *************************************************************************;
1876      +      * Study discon Status                                                   *;
1877      +      *************************************************************************;
1878      +      %if (&show_compstdy. = Y or &show_compstdy. = O) and &num_period. = 1 %then %do; *Single period study uses COMSFL and corresponding
1878     !+reasons;
1879      +         %TABDCAT(sortord = 150, var = comsfl_n, showall = &showall.); *OPTIONAL Overall study discont.;
1880      +      %end;
1881      +      %************************************************************************;
1882      +      %* Only display if subjects discontinued study per standard TFL         *;
1883      +      %* shell instructions                                                   *;
1884      +      %************************************************************************;
1885      +      %if &show_dcsreas. = Y and &num_period. = 1 and %eval(&n_comsfl.) ge 1 %then %do;
1886      +         %TABCOUNT(sortord = 151, var = dcsreas, showall = &showall., sortby = F); *OPTIONAL Overall study discont. rsn;
1887      +      %end;
1888      +
1889      +      data combine3;
1890      +         set combine;
1891      +      run;
1892      +
1893      +      %************************************************************************;
1894      +      %* New section in v1.4:                                                 *;
1895      +      %*   Derive 2 new fields, optional depending on <SHOW_COMPTRT_ANY>      *;
1896      +      %*      CASD = Continuing Any Study Drug:1+ of vars in drug_comptrt_var *;
1897      +      %*             are set to missing                                       *;
1898      +      %*     PDASD = All vars listed in drug_comptrt_var  are missing         *;
1899      +      %************************************************************************;
1900      +      %if &show_comptrt_any. = Y %then %do;
1901      +         proc sql noprint;
1902      +            select max(&colvar.) into :numaray trimmed
1903      +               from &dsin._1;
1904      +         quit;
                                                                    The SAS System

1905      +
1906      +   %macro bldaray(n);
1907      +      %************************************************************************;
1908      +      %* Utility macro to generate two sets of <n> array statements. <n> is # *;
1909      +      %* of values <COLVAR> takes on.                                         *;
1910      +      %* The first set of arrays is for What Happened, using the set of Drug  *;
1911      +      %* completion flag vars provided in <drug_comptrt_var>.                 *;
1912      +      %*                                                                      *;
1913      +      %* The second set of arrays for the Reason variables provided in        *;
1914      +      %* <drug_dctreas_var>. The D/CON ALL SD needs to look at these vars.    *;
1915      +      %************************************************************************;
1916      +      %local _a _d thispat thisvar thiswhy;
1917      +
1918      +      %do _a = 1 %to &numaray.;
1919      +          array drg_f&_a. {*}
1920      +         %do _d = 1 %to &dx_ass.;
1921      +            %let thispat = %scan(&drug_assign.,      &_d.);
1922      +            %let thisvar = %scan(&drug_comptrt_var., &_d.);
1923      +            %if %sysfunc(find(&thispat., &_a.)) %then &thisvar.;
1924      +         %end;
1925      +          ;
1926      +          array drg_r&_a. {*}
1927      +         %do _d = 1 %to &dx_ass.;
1928      +            %let thispat = %scan(&drug_assign.,      &_d.);
1929      +            %let thiswhy = %scan(&drug_dctreas_var., &_d.);
1930      +            %if %sysfunc(find(&thispat., &_a.)) %then &thiswhy.;
1931      +         %end;
1932      +         ;
1933      +      %end;
1934      +   %mend bldaray;
1935      +
1936      +page;
1937      +         data m_comptrt;
1938      +            set &dsin._1;
1939      +            where (&eff_pop. eq 'Y');
1940      +         %*********************************************************************;
1941      +         %* Dynamically build <n> ARRAY statements, one for each level of     *;
1942      +         %* <ColVar>. Each one contains the appropriate variables in          *;
1943      +         %* <DRUG_COMPTRT_VAR>. The pattern of numbers in <DRUG_ASSIGN> will  *;
1944      +         %* determine what is appropriate for each array.                     *;
1945      +         %*********************************************************************;
1946      +         %bldaray(&numaray.);
1947      +            attrib CASD       /*       label = 'Continuing Any Study Drug';   */
1948      +              length = 8
1949      +              format = anyDx.
1950      +               label = '';
                                                                    The SAS System

1951      +            attrib PDASD
1952      +              length = 8
1953      +              format = anyDx.
1954      +               label = '';/*label = 'Prematurely Discontinued All Study Drug';*/
1955      +            casd_n = 0;
1956      +            pdasd_n = 0;
1957      +      %do _a = 1 %to &numaray.;
1958      +         %*********************************************************************;
1959      +         %* For each value of <COLVAR>, there is a distinct array of FL vars  *;
1960      +         %* and of RS vars. Rules for assigning outcomes:                     *;
1961      +         %*    For CASD if 1+ FL var is missing, and the corresponding RS var *;
1962      +         %*    is not, then count it.                                         *;
1963      +         %*    For PDASD if all (in that array) FL vars are {N}, and the      *;
1964      +         %*    corresponding RS var is not missing, then count it.            *;
1965      +         %*********************************************************************;
1966      +            if &colvar. eq &_a. then do;
1967      +               do _a = 1 to dim(drg_f&_a.);
1968      +                  if drg_f&_a.{_a} eq ' '   and
1969      +                     drg_R&_a.(_a) eq ''  then casd_n  + 1;
1970      +                  if drg_f&_a.(_a) eq 'N'   and
1971      +                     drg_R&_a.(_a) ne ''  then pdasd_n + 1;
1972      +               %***************************************************************;
1973      +               %* At the end of the loop on Data step var [_a], use the temp  *;
1974      +               %* vars [CASD_N PDSAD_N] to derive the final vars {CASD PDSAD].*;
1975      +               %***************************************************************;
1976      +                  if (_a eq dim(drg_f&_a.)) then do;
1977      +                     if casd_n  gt             0  then  casd = 1;
1978      +                     else                               casd = 0;
1979      +                     if pdasd_n eq dim(drg_f&_a.) then pdasd = 2;
1980      +                     else                              pdasd = 0;
1981      +                  end;
1982      +               end;
1983      +            end;
1984      +      %end;
1985      +            drop _a casd_n pdasd_n;
1986      +         run;
1987      +
1988      +         %TABDESC(    data = m_comptrt,
1989      +                    colvar = &colvar.,
1990      +                     ptvar = &subjid,
1991      +                      col2 = &col1width,
1992      +                   statlen = &statlen,
1993      +                   col1hdr = ,
1994      +                   spacing = &spacing,
1995      +                   ocprint = &ocprint);
1996      +
                                                                    The SAS System

1997      +      %if &show_comptrt_any. = Y %then %do;
1998      +         %TABDCAT(sortord =  18, var =  casd, stat = N pct, showall = &showall.);
1999      +
2000      +         data combinec;
2001      +           set combine;
2002      +           if (left(linlabel) =: '0') then delete;
2003      +         run;
2004      +
2005      +         data combine;
2006      +            if (0) then set combine;
2007      +         run;
2008      +         %TABDCAT(sortord =  19, var = pdasd, stat = N pct, showall = &showall.);
2009      +
2010      +         data combined;
2011      +           set combine;
2012      +           statord = tranwrd(statord, '2', '1');
2013      +           %*******************************************************************;
2014      +           %* Remove extra rows                                               *;
2015      +           %*******************************************************************;
2016      +           if (left(linlabel) =: '0') then delete;
2017      +         run;
2018      +         %end;
2019      +      %end;
2020      +
2021      +      %************************************************************************;
2022      +      %* New in v1.4:                                                         *;
2023      +      %* If <drug_comptrt_var> is not blank (or dx_compflv > 0)               *;
2024      +      %* Provide 1 or 2 panels for each drug listed:                          *;
2025      +      %*         What is the outcome (2 or 3 rows)?                           *;
2026      +      %*         Why did the d/cons occur? (# rows data driven)               *;
2027      +      %* n.b. The creation of the panels is independent of one another.       *;
2028      +      %************************************************************************;
2029      +      %if &dx_compflv. ge 1 and &show_comptrt. ne N %then %do;
2030      +         %do _dx = 1 %to &dx_compflv.;
2031      +            %let thischrt = %scan(&drug_assign.,      &_dx., |);
2032      +            %let thisflag = %scan(&drug_comptrt_var., &_dx.);
2033      +            %let thiswhy  = %scan(&drug_dctreas_var., &_dx.);
2034      +            %let thislbl  = %scan(&drug_name.,        &_dx., |);
2035      +
2036      +            proc format;
2037      +              value thistx
2038      +                1 = "&thislbl. Completion Status";
2039      +            run;
2040      +
2041      +            data m_drug&_dx.;
2042      +              set &dsin._1;
                                                                    The SAS System

2043      +              if (_N_ eq 1) then compstrng = "&thischrt.";
2044      +            if (&dx_compflv. gt 1) then do;
2045      +              if (find(compstrng, put(&colvar., 1.)));
2046      +            end;
2047      +              if (&thisflag. eq '') and (&thiswhy. eq '') then comsfl_n = 1; %* Continuing;
2048      +              if (&thisflag. eq 'Y')                      then comsfl_n = 2; %* Completed;
2049      +              if (&thisflag. eq 'N') or
2050      +                 (&thisflag. eq '' and &thiswhy. ne '')   then comsfl_n = 3; %* Discontinued;
2051      +              thistx = 1;
2052      +              retain compstrng;
2053      +              format
2054      +                 comsfl_n comptrt.
2055      +                   thistx thistx.;
2056      +              label
2057      +                 &colvar. = "&thislbl. Completion Status"
2058      +                 comsfl_n = "&thislbl. Completion Status";
2059      +            run;
2060      +
2061      +            %nobs(m_drug&_dx.);
2062      +            %if &nobs gt 0 %then %do;
2063      +               %TABDESC(    data = m_drug&_dx.,
2064      +                          colvar = &colvar.,
2065      +                           ptvar = &subjid.,
2066      +                            col2 = &col1width.,
2067      +                         statlen = &statlen.,
2068      +                         col1hdr = ,
2069      +                      showAllCol = Y
2070      +                         spacing = &spacing.,
2071      +                         ocprint = &ocprint.);
2072      +
2073      +               %TABDCAT(sortord = %eval(20 + (&_dx. * 2)), var = comsfl_n, stat = N pct, nomisspc=N);
2074      +
2075      +            %if &_dx eq 1 %then %do;
2076      +            %******************************************************************;
2077      +            %* First time around build an empty (no-data) dataset with the    *;
2078      +            %* correct metadata structure (PDV).                              *;
2079      +            %******************************************************************;
2080      +            data combineDx;
2081      +               if (0) then set combine;
2082      +               stop;
2083      +            run;
2084      +            %end;
2085      +
2086      +            data combineDx;
2087      +               update
2088      +                  combineDx
                                                                    The SAS System

2089      +                  combine;
2090      +               by sortord start;
2091      +            run;
2092      +            %end;
2093      +         %end;
2094      +         %let _dx=;
2095      +      %end; %* End of processing multi-drugs for What                         *;
2096      +
2097      +      %if &dx_compflv. ge 1 and &show_dcsreas. ne N %then %do;
2098      +         %*********************************************************************;
2099      +         %* Now repeat for the why panels (reason)                            *;
2100      +         %*********************************************************************;
2101      +         %do _dx = 1 %to &dx_compflv.;
2102      +            %let thisflag = %scan(&drug_comptrt_var., &_dx.);
2103      +            %let thiswhy  = %scan(&drug_dctreas_var., &_dx.);
2104      +            %let thislbl  = %scan(&drug_name.,        &_dx., |);
2105      +
2106      +            proc format;
2107      +              value thistx
2108      +                1 = "Reason for Premature Discontinuation of &thislbl.";
2109      +            run;
2110      +
2111      +            data m_drugwhy&_dx.;
2112      +              set &dsin._1;
2113      +              thiswhy = 1;
2114      +              format
2115      +                thiswhy thistx.;
2116      +              label
2117      +                 &colvar. = "&thislbl. Completion Status";
2118      +            run;
2119      +
2120      +            %nobs(m_drugwhy&_dx.);
2121      +            %if &nobs gt 0 %then %do;
2122      +
2123      +               %TABDESC(    data = m_drugwhy&_dx.,
2124      +                          colvar = &colvar.,
2125      +                           ptvar = &subjid.,
2126      +                            col2 = &col1width.,
2127      +                         statlen = &statlen.,
2128      +                         col1hdr = ,
2129      +                      showAllCol = Y
2130      +                         spacing = &spacing.,
2131      +                         ocprint = &ocprint.);
2132      +
2133      +               %TABCOUNT(sortord = %eval(21 + (&_dx. * 2)), var = &thiswhy., stat = N pct, sortby = F, showall = &showall.);
2134      +            %if &_dx eq 1 %then %do;
                                                                    The SAS System

2135      +            %******************************************************************;
2136      +            %* First time around build an empty (no-data) dataset with the    *;
2137      +            %* correct metadata structure (PDV).                              *;
2138      +            %******************************************************************;
2139      +            data combineWhy;
2140      +               if (0) then set combine;
2141      +               stop;
2142      +            run;
2143      +            %end;
2144      +            data combineWhy;
2145      +               update
2146      +                  combineWhy
2147      +                  combine;
2148      +               by sortord start;
2149      +            run;
2150      +            %end;
2151      +         %end;
2152      +         %let _dx=;
2153      +      %end; %* End of processing multi-drugs for Why                          *;
2154      +
2155      +      *************************************************************************;
2156      +      * Combine all datasets together                                         *;
2157      +      * Take care around the Dx and Why datasets, they may not exist for a    *;
2158      +      * particular macro run.                                                 *;
2159      +      *************************************************************************;
2160      +      data combine(label = "Combine all datasets");
2161      +         set
2162      +      %if &show_scrnfl. = Y or &show_notenrll. = Y %then %do;
2163      +             combine1
2164      +      %end;
2165      +             combine2
2166      +             combine7
2167      +      %if &opt_popfl_var. ne %then %do;
2168      +             opt_combine
2169      +      %end;
2170      +      %if &show_comptrt. ne N and &dx_ass. gt 1 %then %do;
2171      +             combineDx
2172      +      %end;
2173      +      %if &show_dcsreas. ne N and &dx_ass. gt 1 %then %do;
2174      +             combineWhy
2175      +      %end;
2176      +      %if %sysfunc(exist(combinec)) %then %do;
2177      +             combinec
2178      +      %end;
2179      +      %if %sysfunc(exist(combined)) %then %do;
2180      +             combined
                                                                    The SAS System

2181      +      %end;
2182      +             combine3(in = C3);
2183      +         num_period = symgetn("num_period");
2184      +         **********************************************************************;
2185      +         * Delete eff_pop if not selected by user to appear                   *;
2186      +         **********************************************************************;
2187      +      %if &show_efffl. ne Y %then %do;
2188      +         if sortord eq 5 then delete;
2189      +      %end;
2190      +         if (C3) and find(%upcase("&opt_popfl_var."), 'SAFFL') then do;
2191      +            if sortord eq 7 then delete;
2192      +         end;
2193      +         %*********************************************************************;
2194      +         %* Dynamically parse default label from lines that used              *;
2195      +         %* %TABCOUNT to appear correctly                                     *;
2196      +         %*********************************************************************;
2197      +         %* Modify to only take SUBSTR if <Reason for> is present             *;
2198      +         %*********************************************************************;
2199      +         if indexW(label1, "Number Of &study_subject_text.s With Event, Per ") > 0 then do;
2200      +/*            label1 = substr(label1, indexW(label1, 'Reason for '));*/
2201      +            x = index(label1, 'Per ') + 4;
2202      +            if (x gt 0) then label1 = substr(label1, x);
2203      +         end;
2204      +         drop x;
2205      +      run;
2206      +
2207      +      proc sort data = combine;
2208      +         by sortord;
2209      +      run;
2210      +
2211      +      data combine;
2212      +         set combine;
2213      +         by sortord;
2214      +      %if &byperiod. = Y %then %do;
2215      +         **********************************************************************;
2216      +         * If byperiod then indent sub-period sections further build in here  *;
2217      +         * so tabprep does appropriate indentation for spill over lines       *;
2218      +         **********************************************************************;
2219      +         if num_period > 1 then do;
2220      +            do _z = 1 to num_period;
2221      +               if (5*_z + 11) <= sortord <= (5*_z + 14) then linlabel = '   ' ||
2222      +                                                                        (linlabel);
2223      +            end;
2224      +         end;
2225      +         drop _z;
2226      +      %end;
                                                                    The SAS System

2227      +      %if &show_comptrt. = O %then %do;
2228      +         if (linlabel eq 'Completed Study Drug') then delete;
2229      +      %end;
2230      +      run;
2231      +
2232      +      %let dctn=;
2233      +      proc sql noprint;
2234      +         select distinct sortord into :dctn separated by ','
2235      +            from combine
2236      +               where (linlabel like 'Reason for Discontinuation of%');
2237      +      quit;
2238      +
2239      +      data combine;
2240      +         set combine;
2241      +         linlabel2 = linlabel;
2242      +         array vls {&totcolall.} value1 - value&totcolall.;
2243      +         if indexW(linlabel, 'Population Flag') > 1 then delete;
2244      +         if upcase(linlabel) = "NUMBER OF %upcase(&study_subject_text.)S" then delete;
2245      +         **********************************************************************;
2246      +         * If requested to remove middle row of Drug Tx panel                 *;
2247      +         **********************************************************************;
2248      +         if ("&show_comptrt." eq 'O')                   and
2249      +            (left(linlabel2) =: 'Completed Study Drug') and
2250      +            (left(label1) eq 'Study Completion Status') then delete;
2251      +      %if &show_comptrt_any. eq Y %then %do;
2252      +         if (sortord in (18, 19)) then do;
2253      +            *******************************************************************;
2254      +            * For Any drug and All drug d/cons, collapse into one line        *;
2255      +            *******************************************************************;
2256      +           call missing(label1);
2257      +           if (catx('', of value1 - value&totcolall.)) eq '' then delete;
2258      +         end;
2259      +         retain linlabel2;
2260      +      %end;
2261      +      %if &show_dctreas ne Y and %length(&dctn.) ge 1 %then %do;
2262      +         if (sortord in (&dctn.)) then delete;
2263      +      %end;
2264      +         if (find(linlabel, 'Completed Study Drug')) then do;
2265      +            *******************************************************************;
2266      +            * If Oncology flag set, then delete middle row of panel for       *;
2267      +            * Completing Study Drug                                           *;
2268      +            *******************************************************************;
2269      +            if ("&show_comptrt." eq "O") then delete;
2270      +         end;
2271      +      run;
2272      +
                                                                    The SAS System

2273      +      proc sort data = combine;
2274      +         by sortord statord;
2275      +      run;
2276      +
2277      +      data combine;
2278      +         set combine;
2279      +         by sortord statord;
2280      +         array vls {&totcolall.} value1 - value&totcolall.;
2281      +         valdim = dim(vls) - 1;
2282      +      if "&show_compstdy." eq 'O' then do;
2283      +         %***************************************************************;
2284      +         %* User request to supress <Completed Study> row.              *;
2285      +         %***************************************************************;
2286      +         if (find(label1, 'Study Completion Status')) then do;
2287      +            if (find(linlabel, 'Completed Study')) then delete;
2288      +         end;
2289      +      end;
2290      +      if (linlabel eq 'Prematurely Discontinued All Study Drug') and
2291      +         (sortord eq 19) then sortord = sortord - 1;
2292      +      run;
2293      +
2294      +      *************************************************************************;
2295      +      * Prepare table for output                                              *;
2296      +      *************************************************************************;
2297      +      %************************************************************************;
2298      +      %* Code from Kim to address issue with using <TABCOUNT> instead of      *;
2299      +      %* <TABDCAT>, supporing use of SORTBY parameter                         *;
2300      +      %************************************************************************;
2301      +         %if &show_notenrll=Y and &_ptclevl=0 %then %do;
2302      +            %let _ptclevl=1;
2303      +            %let _ptcvars=dcssreas;
2304      +         %end;
2305      +
2306      +      %tabprep(titlekey = &titlekey,
2307      +                outname = &titlekey,
2308      +                headtot = N,
2309      +                spanhdr = &spanhdr,
2310      +               spanrang = &spanrang);
2311      +
2312      +      proc sort data = summary;
2313      +         by sortord;
2314      +      run;
2315      +
2316      +      data summary;
2317      +         set summary;
2318      +         by sortord;
                                                                    The SAS System

2319      +         if (sortord in (18)) then linlabel = left(linlabel);
2320      +         array vls {&totcolall.} value1 - value&totcolall.;
2321      +         linlabel2 = linlabel;
2322      +         if upcase(linlabel) = "NUMBER OF %upcase(&study_subject_text.)S" then delete;
2323      +         if (statord eq ' ') then linlabel2 = linlabel;
2324      +         linlabel = linlabel2;
2325      +         retain linlabel2;
2326      +      %if &show_drug_zero. eq N and &dx_ass. gt 1 and &showall. ne Y %then %do;
2327      +         if (find(linlabel2, 'Completion Status') gt 0) then do;
2328      +            if (compress(value&totcolall., ' ') eq '0') then do;
2329      +               do j = 1 to (&totcolall. - 1); /* else */
2330      +                  call missing(vls{j});
2331      +               end;
2332      +            end;
2333      +         end;
2334      +         drop j;
2335      +      %end;
2336      +         if first.sortord then do;
2337      +            linlabel = left(linlabel);
2338      +            if last.sortord then do;
2339      +               if index(linlabel, '~') then linlabel = strip(compbl(linlabel));
2340      +            end;
2341      +         end;
2342      +      %if &num_period gt 1 %then %do;
2343      +         do _z = 1 to num_period;
2344      +            if (5*_z + 11) <= sortord <= (5*_z + 14) then linlabel = '  ' ||
2345      +                                                                     strip(linlabel);
2346      +         end;
2347      +      %end;
2348      +      run;
2349      +
2350      +      data summary;
2351      +         set summary;
2352      +         array vls {&totcolall.} value1 - value&totcolall.;
2353      +         if (statord eq ' ') then linlabel2 = linlabel;
2354      +            *******************************************************************;
2355      +            * For Any drug and All drug d/cons, collapse into one line        *;
2356      +            *******************************************************************;
2357      +         retain linlabel2;
2358      +            *******************************************************************;
2359      +            * If Oncology flag set, then delete middle row of panel for       *;
2360      +            * Completing Study Drug                                           *;
2361      +            *******************************************************************;
2362      +      %if &show_drug_zero. eq N and &dx_ass. gt 1 and &showall. ne Y %then %do;
2363      +         if (find(linlabel2, 'Completion Status') gt 0) then do;
2364      +            if (compress(value&totcolall., ' ') eq '0') then do;
                                                                    The SAS System

2365      +               do j = 1 to (&totcolall. - 1);
2366      +                  call missing(vls{j});
2367      +               end;
2368      +            end;
2369      +         end;
2370      +         drop j;
2371      +      %end;
2372      +         retain linlabel2;
2373      +      run;
2374      +
2375      +      proc sort data = summary;
2376      +         by pageno sortord statord;
2377      +      run;
2378      +
2379      +      data summary
2380      +           &outdsn.;
2381      +         set summary;
2382      +         by pageno sortord statord;
2383      +         %***************************************************************;
2384      +         %* User request to supress <Completed Study> row.              *;
2385      +         %***************************************************************;
2386      +      %if &dx_compflv. ge 1 and &show_drug_zero. eq N %then %do;
2387      +         %***************************************************************;
2388      +         %* Clear out Value cols where drug was not dosed. If the drug  *;
2389      +         %* being examined does not appear in the relevant column by    *;
2390      +         %* <drug_assign> then erase the <0> value which is an artifact *;
2391      +         %* and not a real finding.                                     *;
2392      +         %* Also: to be consistent with the original study teams report,*;
2393      +         %* if finding of only <0> are reported and that drug is not    *;
2394      +         %* given under that heading, then blank out the findings under *;
2395      +         %* both the current column and also the far right column       *;
2396      +         %***************************************************************;
2397      +         array vls {&totcolall.} value1 - value&totcolall.;
2398      +         valdim = dim(vls) - 1;
2399      +         array dxnom {&dx_compflv.} $ 50 dxnom1 - dxnom&dx_compflv.;
2400      +         array dxasn {&dx_compflv.} $ 10 dxasn1 - dxasn&dx_compflv.;
2401      +         length
2402      +                  _jc $  10
2403      +                word1 $ 100
2404      +            drugindex
2405      +            drugnames $ 200;
2406      +         drugnames = "&drug_name.";
2407      +         drugindex = "&drug_assign.";
2408      +         do _i = 1 to &dx_compflv.;
2409      +           dxnom{_i} = scan(drugnames,  _i, '|');
2410      +           dxasn{_i} = scan(drugindex,  _i, '|');
                                                                    The SAS System

2411      +         end;
2412      +         drop word1 _i _j valdim;
2413      +         retain word1 valdim;
2414      +         if (20 <= sortord <= 99 ) then do;
2415      +            if first.sortord       then word1 = scan(linlabel,  1, ' ');
2416      +            if (word1 eq 'Reason') then word1 = scan(linlabel, -1, ' ');
2417      +            do _j = 1 to valdim;
2418      +               _jc = put(_j, 1.);
2419      +               k = 0;
2420      +               do until(indexW(dxnom{k}, word1) gt 0);
2421      +                  k = k + 1;
2422      +               end;
2423      +               thisasgn = dxasn{k};
2424      +               findyn = index(thisasgn, trim(_jc));
2425      +               if (findyn ne 0) then;
2426      +         %if &dx_compflv. gt 1 %then %do;
2427      +            %******************************************************************;
2428      +            %* Only execute this code if >1 Drug name provided                *;
2429      +            %******************************************************************;
2430      +               else if compress(vls{_j}, ' ') eq '0' then do;
2431      +                  vls{_j} = '';
2432      +         %if &ocprint = Y %then %do;
2433      +                  vls{&totcolall.} = '';
2434      +         %end;
2435      +               end;
2436      +         %end;
2437      +            end;
2438      +         end;
2439      +      %end;
2440      +         if first.sortord then do;
2441      +            linlabel = left(linlabel);
2442      +            if last.sortord then do;
2443      +               if index(linlabel, '~') then linlabel = strip(compbl(linlabel));
2444      +            end;
2445      +         end;
2446      +         %*********************************************************************;
2447      +         %* If byperiod then indent sub-period sections further.              *;
2448      +         %*********************************************************************;
2449      +      %if &num_period gt 1 %then %do;
2450      +            do _z = 1 to num_period;
2451      +               if (5*_z + 11) <= sortord <= (5*_z + 14) then linlabel = '  ' ||
2452      +                                                                        strip(linlabel);
2453      +            end;
2454      +      %end;
2455      +      run;
2456      +
                                                                    The SAS System

2457      +      %tabdrpt(titlekey = &titlekey,
2458      +                outname = &titlekey,
2459      +                 cwidth = &cwidth.);
2460      +   %end;
2461      +   %else %do;
2462      +    ***************************************************************************;
2463      +    * No OBS to report on                                                     *;
2464      +    ***************************************************************************;
2465      +      data final &outdsn.;
2466      +         length noevent $ 200;
2467      +         noevent = "No %lowcase(&study_subject_text.) met this condition.";
2468      +      run;
2469      +
2470      +      %PRINTSET(outname= &titlekey., titlekey= &titlekey., foot_nodata=Y);
2471      +
2472      +      proc report data = final headline headskip split='~ ' missing spacing = 1;
2473      +         column ('___' '   ' noevent );
2474      +         define noevent / display width=149 ' ' center flow;
2475      +      run;
2476      +
2477      +      %PAGESET(outname = &titlekey.);
2478      +   %end;
2479      +
2480      +   %***************************************************************************;
2481      +   %* Clean up WORK library datasets                                          *;
2482      +   %***************************************************************************;
2483      +   %if &cleanup = Y %then %do;
2484      +      proc datasets lib = WORK kill memtype = data nolist;
2485      +         run;
2486      +      quit;
2487      +   %end;
2488      +
2489      +%mend mk_t_s_disp;
2490      +
2491      +%mk_t_s_disp(
2492      +   subjid=subjid,
2493      +   statlen=3,
2494      +   titlekey=t-s-disp,
2495      +   lib=adamdata,
2496      +   dsin=adsl,
2497      +   eff_pop=ittfl,
2498      +   where_cl_pop= ,
2499      +   tmacro= ,
2500      +   colvar=trt01pn,
2501      +   colvar_saffl= ,
2502      +   trt_fmt=trtfmt,
                                                                    The SAS System

2503      +   show_scrnfl=Y,
2504      +   show_scfailfl=N,
2505      +   show_notenrll=N,
2506      +   show_notdosed=N,
2507      +   show_efffl=Y,
2508      +   opt_popfl_var=pkfl,
2509      +   opt_popfl_lbl=Pharmacokinetic Analysis Set,
2510      +   colvar_opt_popfl= ,
2511      +   show_comptrt=Y,
2512      +   show_dctreas=Y,
2513      +   show_compstdy=Y,
2514      +   show_dcsreas=Y,
2515      +   drug_assign= ,
2516      +   drug_comptrt_var= ,
2517      +   drug_dctreas_var= ,
2518      +   drug_name= ,
2519      +   show_drug_zero=N,
2520      +   show_comptrt_any=N,
2521      +   byperiod=N,
2522      +   num_period= ,
2523      +   period_nm= ,
2524      +   ocprint=Y,
2525      +   showall=N,
2526      +   col1width=50,
2527      +   cwidth= ,
2528      +   spacing=3,
2529      +   spanhdr= ,
2530      +   spanrang= ,
2531      +   cleanup=Y
2532      +   );
MPRINT(MK_T_S_DISP):   options missing='';
MPRINT(MK_T_S_DISP):   ****************************************************************************;
MPRINT(MK_T_S_DISP):   * Formats *;
MPRINT(MK_T_S_DISP):   ****************************************************************************;
MPRINT(MK_T_S_DISP):   proc format;
MPRINT(MK_T_S_DISP):   value total 1 = 'Total';
NOTE: Format TOTAL has been output.
MPRINT(MK_T_S_DISP):   value scrnfail 1 = 'Screen Failed';
NOTE: Format SCRNFAIL has been output.
MPRINT(MK_T_S_DISP):   value ayn 1 = 'Not Dosed';
NOTE: Format AYN has been output.
MPRINT(MK_T_S_DISP):   value comptrt 1 = 'Continuing Study Drug' 2 = 'Completed Study Drug' 3 = 'Prematurely Discontinued Study Drug';
NOTE: Format COMPTRT has been output.
MPRINT(MK_T_S_DISP):   value anyDx 1 = 'Continuing Any Study Drug' 2 = 'Prematurely Discontinued All Study Drug';
NOTE: Format ANYDX has been output.
MPRINT(MK_T_S_DISP):   value $m_poplbl 'randfl', 'RANDFL' = 'Randomized' 'enrlfl', 'ENRLFL' = 'Enrolled' 'ittfl', 'ITTFL' = 'ITT' 'fasfl', 'FASFL' = 
                                                                    The SAS System

'Full Analysis Set';
NOTE: Format $M_POPLBL has been output.
MPRINT(MK_T_S_DISP):   run;

NOTE: PROCEDURE FORMAT used (Total process time):
      real time           0.00 seconds
      cpu time            0.00 seconds
      

MPRINT(FETCH):   data m_scrn ;
MPRINT(FETCH):   set adamdata.adsl ;
MPRINT(FETCH):   run;

NOTE: There were 100 observations read from the data set ADAMDATA.ADSL.
NOTE: The data set WORK.M_SCRN has 100 observations and 39 variables.
NOTE: DATA statement used (Total process time):
      real time           0.01 seconds
      cpu time            0.00 seconds
      

MPRINT(FETCH):   options _last_ = m_scrn;
MPRINT(MK_T_S_DISP):  ;
MPRINT(MK_T_S_DISP):   proc sql noprint;
MPRINT(MK_T_S_DISP):   select count(distinct(trt01pn)) +1 into :totcolall trimmed from m_scrn;
MPRINT(MK_T_S_DISP):   quit;
NOTE: PROCEDURE SQL used (Total process time):
      real time           0.00 seconds
      cpu time            0.00 seconds
      

MPRINT(MK_T_S_DISP):   data m_scrn;
MPRINT(MK_T_S_DISP):   set m_scrn;
MPRINT(MK_T_S_DISP):   **********************************************************************;
MPRINT(MK_T_S_DISP):   * Total Screened Subjects *;
MPRINT(MK_T_S_DISP):   **********************************************************************;
MPRINT(MK_T_S_DISP):   all_scrn = 1;
MPRINT(MK_T_S_DISP):   format all_scrn total.;
MPRINT(MK_T_S_DISP):   label scrnfl = ' ';
MPRINT(MK_T_S_DISP):   label all_scrn = 'Screened';
MPRINT(MK_T_S_DISP):   run;

NOTE: There were 100 observations read from the data set WORK.M_SCRN.
NOTE: The data set WORK.M_SCRN has 100 observations and 40 variables.
NOTE: DATA statement used (Total process time):
      real time           0.00 seconds
      cpu time            0.00 seconds
                                                                    The SAS System

      

MPRINT(TABDESC):   ** only one of &spctvar,&sdpvar,&stpvar, or &sopvar should be populated **;
MPRINT(TABDESC):   data ck_ssvars;
MPRINT(TABDESC):   sv1=0;
MPRINT(TABDESC):   sv2=0;
MPRINT(TABDESC):   sv3=0;
MPRINT(TABDESC):   sv4=0;
MPRINT(TABDESC):   all_ss=sum(sv1,sv2,sv3,sv4);
MPRINT(TABDESC):   call symput("all_ss",strip(put(all_ss,best.)));
MPRINT(TABDESC):   run;

NOTE: The data set WORK.CK_SSVARS has 1 observations and 5 variables.
NOTE: DATA statement used (Total process time):
      real time           0.00 seconds
      cpu time            0.01 seconds
      

MPRINT(TABDESC):   ***--- print all/selected columns ---***;
MPRINT(TABDESC):   ***---31may2007 VK ---***;
MPRINT(TABDESC):   ***--- create data set showing the showallcol values...21Sep2010...saw ---***;
MPRINT(TABDESC):   *----------------------------------------------------------------------------;
MPRINT(TABDESC):   * initialize the dataset that will accumulate the statistic records ;
MPRINT(TABDESC):   *----------------------------------------------------------------------------;
MPRINT(TABDESC):   data combine;
MPRINT(TABDESC):   stop;
MPRINT(TABDESC):   pval1 = .;
MPRINT(TABDESC):   pval2 = .;
MPRINT(TABDESC):   length pvalc1 pvalc2 $10;
MPRINT(TABDESC):   pvalc1='';
MPRINT(TABDESC):   pvalc2='';
MPRINT(TABDESC):   run;

NOTE: The data set WORK.COMBINE has 0 observations and 4 variables.
NOTE: DATA statement used (Total process time):
      real time           0.00 seconds
      cpu time            0.00 seconds
      

MPRINT(TABDESC):   *----------------------------------------------------------------------------;
MPRINT(TABDESC):   * if > 1 byvar variable, set up individual macro vars ;
MPRINT(TABDESC):   *----------------------------------------------------------------------------;
MPRINT(TABDESC):   *----------------------------------------------------------------------------;
MPRINT(TABDESC):   * Prepare for p-value calculations ;
MPRINT(TABDESC):   * if pairwise p-values are requested, calculate how many pairs ;
MPRINT(TABDESC):   *----------------------------------------------------------------------------;
                                                                    The SAS System

MPRINT(TABDESC):  ;
MPRINT(TABDESC):  ;
MPRINT(TABDESC):  ;
MPRINT(TABDESC):  ;
MPRINT(TABDESC):  ;
MPRINT(TABDESC):  ;
MPRINT(TABDESC):  ;
MPRINT(TABDESC):   *----------------------------------------------------------------------------;
MPRINT(TABDESC):   * Check input dataset for existence, var names, var formats and type ;
MPRINT(TABDESC):   *----------------------------------------------------------------------------;
MPRINT(TABDESC):   data _null_;
MPRINT(TABDESC):   set m_scrn;
MPRINT(TABDESC):   where all_scrn <=0;
MPRINT(TABDESC):   if _n_ = 1 then do;
MPRINT(TABDESC):   call symput("_errcode",'F');
MPRINT(TABDESC):   call symput("_errmsg","Column variable (in COLVAR) all_scrn contains a zero or a missing "||"value - canceling run" );
MPRINT(TABDESC):   end;
MPRINT(TABDESC):   run;

NOTE: There were 0 observations read from the data set WORK.M_SCRN.
      WHERE all_scrn<=0;
NOTE: DATA statement used (Total process time):
      real time           0.00 seconds
      cpu time            0.00 seconds
      

MPRINT(TABDESC):   data _null_;
MPRINT(TABDESC):   rc = exist("m_scrn","DATA");
MPRINT(TABDESC):   if not(rc) then do;
MPRINT(TABDESC):   call symput("_errcode",'F');
MPRINT(TABDESC):   call symput("_errmsg","Input dataset (in DATA) m_scrn does not "||"exist - canceling run" );
MPRINT(TABDESC):   goto errout;
MPRINT(TABDESC):   end;
MPRINT(TABDESC):   ds = open("m_scrn","i");
MPRINT(TABDESC):   var = varnum(ds, "all_scrn");
MPRINT(TABDESC):   if not(var) then do;
MPRINT(TABDESC):   call symput("_errcode",'F');
MPRINT(TABDESC):   call symput("_errmsg","Column variable (in COLVAR) all_scrn does not "||"exist - canceling run" );
MPRINT(TABDESC):   goto errout;
MPRINT(TABDESC):   end;
MPRINT(TABDESC):   call symput("_colvarf",varfmt(ds,var));
MPRINT(TABDESC):   *** Check population variables ***;
MPRINT(TABDESC):   *** Check stratification variables ***;
MPRINT(TABDESC):   var = varnum(ds, "subjid");
MPRINT(TABDESC):   if not(var) then do;
MPRINT(TABDESC):   call symput("_errcode",'F');
                                                                    The SAS System

MPRINT(TABDESC):   call symput("_errmsg","Patient identifying variable (in PTVAR) subjid does not "||"exist - canceling run" );
MPRINT(TABDESC):   goto errout;
MPRINT(TABDESC):   end;
MPRINT(TABDESC):   errout: run;

NOTE: DATA statement used (Total process time):
      real time           0.00 seconds
      cpu time            0.00 seconds
      

MPRINT(TABDESC):   *----------------------------------------------------------------------------;
MPRINT(TABDESC):   * Subset the analysis file for the right sample and ;
MPRINT(TABDESC):   * perform all necessary data massage here. ;
MPRINT(TABDESC):   *----------------------------------------------------------------------------;
MPRINT(TABDESC):   data analf analfall;
MPRINT(TABDESC):   set m_scrn ;
MPRINT(TABDESC):   ;
MPRINT(TABDESC):   call symput('_empty','0');
MPRINT(TABDESC):   run;

NOTE: There were 100 observations read from the data set WORK.M_SCRN.
NOTE: The data set WORK.ANALF has 100 observations and 40 variables.
NOTE: The data set WORK.ANALFALL has 100 observations and 40 variables.
NOTE: DATA statement used (Total process time):
      real time           0.00 seconds
      cpu time            0.01 seconds
      

MPRINT(TABDESC):   *----------------------------------------------------------------------------;
MPRINT(TABDESC):   * Find the maximum value of the column variable ;
MPRINT(TABDESC):   * Use the highest value in the data. Override with the highest value in the;
MPRINT(TABDESC):   * format if higher ;
MPRINT(TABDESC):   *----------------------------------------------------------------------------;
MPRINT(GETFMT):   data _null_;
MPRINT(GETFMT):   set sashelp.voption;
MPRINT(GETFMT):   where optname = 'FMTSEARCH';
MPRINT(GETFMT):   length fmtpath $2000;
MPRINT(GETFMT):   fmtpath = 'WORK ' || compress(setting,'()');
MPRINT(GETFMT):   call symput('_fmtpath',fmtpath);
MPRINT(GETFMT):   fmtname = "TOTAL. ";
MPRINT(GETFMT):   if substr(fmtname,1,1) = '$' then call symput("fmttype","C");
MPRINT(GETFMT):   if substr(fmtname,1,1) ^= '$' then call symput("fmttype","N");
MPRINT(GETFMT):   fmtname = compress(fmtname,'$. ');
MPRINT(GETFMT):   call symput("fmtname",fmtname);
MPRINT(GETFMT):   run;

                                                                    The SAS System

NOTE: There were 1 observations read from the data set SASHELP.VOPTION.
      WHERE optname='FMTSEARCH';
NOTE: DATA statement used (Total process time):
      real time           0.00 seconds
      cpu time            0.00 seconds
      

MPRINT(GETFMT):   data _getfmt1;
MPRINT(GETFMT):   set sashelp.vcatalg;
MPRINT(GETFMT):   memname = upcase(memname);
MPRINT(GETFMT):   objname = upcase(objname);
MPRINT(GETFMT):   ** kdaughtry - 29Aug2008 **;
MPRINT(GETFMT):   **where memname = 'FORMATS' and trim(objname) = trim("&fmtname");
MPRINT(GETFMT):   where trim(objname) = trim("TOTAL  ") and libname^='SASHELP' and objtype=:'FORMAT';
MPRINT(GETFMT):   **indx = indexw("%upcase( &_fmtpath)",upcase(trim(libname)));
MPRINT(GETFMT):   indx = index("WORK _FMTS_1",upcase(trim(libname)));
MPRINT(GETFMT):   if indx;
MPRINT(GETFMT):   run;

NOTE: There were 4 observations read from the data set SASHELP.VCATALG.
      WHERE (TRIM(objname)='TOTAL') and (libname not = 'SASHELP') and (objtype=:'FORMAT');
NOTE: The data set WORK._GETFMT1 has 2 observations and 11 variables.
NOTE: DATA statement used (Total process time):
      real time           0.07 seconds
      cpu time            0.01 seconds
      

MPRINT(GETFMT):   proc sort data = _getfmt1;
MPRINT(GETFMT):   by indx;
MPRINT(GETFMT):   run;

NOTE: There were 2 observations read from the data set WORK._GETFMT1.
NOTE: SAS sort was used.
NOTE: The data set WORK._GETFMT1 has 2 observations and 11 variables.
NOTE: PROCEDURE SORT used (Total process time):
      real time           0.00 seconds
      cpu time            0.00 seconds
      

MPRINT(GETFMT):   data _null_;
MPRINT(GETFMT):   set _getfmt1 end = eof;
MPRINT(GETFMT):   **call symput("_flib" || compress(put(_n_,best.)) , libname );
MPRINT(GETFMT):   ** kdaughtry - 29Aug2008 **;
MPRINT(GETFMT):   ** chg _flib to be libname and memname together so can handle format **;
MPRINT(GETFMT):   ** catalogs with a name other than formats **;
MPRINT(GETFMT):   call symput("_flib" || compress(put(_n_,best.)) , compress(libname) || "." || compress(memname) );
                                                                    The SAS System

MPRINT(GETFMT):   if eof then call symput("_nlib",compress(put(_n_,best.)));
MPRINT(GETFMT):   run;

NOTE: There were 2 observations read from the data set WORK._GETFMT1.
NOTE: DATA statement used (Total process time):
      real time           0.00 seconds
      cpu time            0.00 seconds
      

MPRINT(GETFMT):   proc format library = WORK.FORMATS cntlout = _getfmt2;
MPRINT(GETFMT):   run;
NOTE: PROCEDURE FORMAT used (Total process time):
      real time           0.00 seconds
      cpu time            0.00 seconds
      
NOTE: The data set WORK._GETFMT2 has 16 observations and 21 variables.

MPRINT(GETFMT):   data _tabd1;
MPRINT(GETFMT):   set _getfmt2;
MPRINT(GETFMT):   if upcase(trim(fmtname)) = trim("TOTAL  ") and upcase(type) = "N" then do;
MPRINT(GETFMT):   start = left(start);
MPRINT(GETFMT):   output;
MPRINT(GETFMT):   call symput('_gotfmt','Y');
MPRINT(GETFMT):   end;
MPRINT(GETFMT):   run;

NOTE: There were 16 observations read from the data set WORK._GETFMT2.
NOTE: The data set WORK._TABD1 has 1 observations and 21 variables.
NOTE: DATA statement used (Total process time):
      real time           0.00 seconds
      cpu time            0.00 seconds
      

MPRINT(TABDESC):  ;
MPRINT(TABDESC):   data _tabd1_sw (keep=all_scrn);
MPRINT(TABDESC):   set _tabd1 end=eof nobs=numobs;
MPRINT(TABDESC):   *** kaling 19jun2015 nobs ***;
MPRINT(TABDESC):   all_scrn = input(left(start),best8.);
MPRINT(TABDESC):   if eof then call symput('ntrt_fmt',compress(put(numobs,5.)) );
MPRINT(TABDESC):   *** kaling 19jun2015 ***;
MPRINT(TABDESC):   run;

NOTE: There were 1 observations read from the data set WORK._TABD1.
NOTE: The data set WORK._TABD1_SW has 1 observations and 1 variables.
NOTE: DATA statement used (Total process time):
      real time           0.00 seconds
                                                                    The SAS System

      cpu time            0.00 seconds
      

MPRINT(TABDESC):   proc sort data= analf out = analfpt (keep = all_scrn subjid) nodupkey;
MPRINT(TABDESC):   by all_scrn subjid;
MPRINT(TABDESC):   run;

NOTE: There were 100 observations read from the data set WORK.ANALF.
NOTE: SAS sort was used.
NOTE: 0 observations with duplicate key values were deleted.
NOTE: The data set WORK.ANALFPT has 100 observations and 2 variables.
NOTE: PROCEDURE SORT used (Total process time):
      real time           0.00 seconds
      cpu time            0.00 seconds
      

MPRINT(TABDESC):   data analfpt;
MPRINT(TABDESC):   set analfpt;
MPRINT(TABDESC):   format all_scrn;
MPRINT(TABDESC):   run;

NOTE: There were 100 observations read from the data set WORK.ANALFPT.
NOTE: The data set WORK.ANALFPT has 100 observations and 2 variables.
NOTE: DATA statement used (Total process time):
      real time           0.00 seconds
      cpu time            0.00 seconds
      

MPRINT(TABDESC):   proc summary data=analfpt nway;
MPRINT(TABDESC):   class all_scrn;
MPRINT(TABDESC):   output out=_tabd2;
MPRINT(TABDESC):   run;

NOTE: Multiple concurrent threads will be used to summarize data.
NOTE: There were 100 observations read from the data set WORK.ANALFPT.
NOTE: The data set WORK._TABD2 has 1 observations and 3 variables.
NOTE: PROCEDURE SUMMARY used (Total process time):
      real time           0.00 seconds
      cpu time            0.01 seconds
      

MPRINT(TABDESC):   data _null_;
MPRINT(TABDESC):   merge _tabd2 (in=_V)
MPRINT(TABDESC):   _tabd1_sw (in=_F) end = eof;
MPRINT(TABDESC):   BY all_scrn;
MPRINT(TABDESC):   LENGTH _A $8 _B $50;
                                                                    The SAS System

MPRINT(TABDESC):   IF all_scrn NE _N_ THEN DO;
MPRINT(TABDESC):   _A='ER'||'ROR:';
MPRINT(TABDESC):   _B="The value "||strip(put(all_scrn,best.))||'is out of sequence.';
MPRINT(TABDESC):   PUT _A "**---------------------------------------------------------------------------------------**";
MPRINT(TABDESC):   PUT _A "The variable all_scrn and its format must contain consecutive positive integers starting from 1. " _B;
MPRINT(TABDESC):   PUT _A "**---------------------------------------------------------------------------------------**";
MPRINT(TABDESC):   ABORT;
MPRINT(TABDESC):   END;
MPRINT(TABDESC):  ;
MPRINT(TABDESC):   IF _V AND (NOT(_F)) THEN DO;
MPRINT(TABDESC):   _A='WAR'||'NING:';
MPRINT(TABDESC):   _B="You have an unformatted all_scrn value of "||strip(put(all_scrn,best.))||'.';
MPRINT(TABDESC):   PUT _A "**---------------------------------------------------------------------------------------**";
MPRINT(TABDESC):   PUT _A _B " Use the SHOWALLCOL parameter in tabdesc when you have columns you do not wish to display.";
MPRINT(TABDESC):   PUT _A "**---------------------------------------------------------------------------------------**";
MPRINT(TABDESC):   END;
MPRINT(TABDESC):   ELSE IF (NOT(_V)) AND _F THEN DO;
MPRINT(TABDESC):   _A='WAR'||'NING:';
MPRINT(TABDESC):   _B="You have a format for the value "||strip(put(all_scrn,best.))||',';
MPRINT(TABDESC):   PUT _A "**---------------------------------------------------------------------------------------**";
MPRINT(TABDESC):   PUT _A _B " but this value does not appear in the passed data.";
MPRINT(TABDESC):   PUT _A "**---------------------------------------------------------------------------------------**";
MPRINT(TABDESC):   END;
MPRINT(TABDESC):   IF NOT(EOF) THEN DO;
MPRINT(TABDESC):   IF NOT(_V) THEN DO;
MPRINT(TABDESC):   _A='WAR'||'NING:';
MPRINT(TABDESC):   _B="You have requested printing the all_scrn value of "||strip(put(all_scrn,best.))||',';
MPRINT(TABDESC):   PUT _A "**---------------------------------------------------------------------------------------**";
MPRINT(TABDESC):   PUT _A _B " but this value is not present in the passed data.";
MPRINT(TABDESC):   PUT _A "**---------------------------------------------------------------------------------------**";
MPRINT(TABDESC):   END;
MPRINT(TABDESC):   END;
MPRINT(TABDESC):  ;
MPRINT(TABDESC):   RUN;

NOTE: There were 1 observations read from the data set WORK._TABD2.
NOTE: There were 1 observations read from the data set WORK._TABD1_SW.
NOTE: DATA statement used (Total process time):
      real time           0.00 seconds
      cpu time            0.00 seconds
      

MPRINT(TABDESC):   ************* kaling begin 19jun2015 ************;
MPRINT(TABDESC):   data _null_;
MPRINT(TABDESC):   if 1 eq 2 then set _tabd2 nobs=ntrt_data;
MPRINT(TABDESC):   maxcol =max(ntrt_data, 1 );
                                                                    The SAS System

MPRINT(TABDESC):   maxcol_1=maxcol;
MPRINT(TABDESC):   maxcol_1=maxcol +1;
MPRINT(TABDESC):   call symput( 'maxcol',compress(put(maxcol ,5.)) );
MPRINT(TABDESC):   call symput('_maxcol',compress(put(maxcol_1 ,5.)) );
MPRINT(TABDESC):   stop;
MPRINT(TABDESC):   run;

NOTE: DATA statement used (Total process time):
      real time           0.00 seconds
      cpu time            0.00 seconds
      

'TOOLVER=' v4.19.01   ' MAXCOL=' 1   ' _MAXCOL= '  2
' SHOWALLCOL=' Y
'line 721 _SHOWALLCOL=' Y
MPRINT(TABDESC):   ************** kaling end 19jun2015 ************;
MPRINT(TABDESC):   data _null_;
MPRINT(TABDESC):   set _tabd2 end = eof;
MPRINT(TABDESC):   call symput("_colct" || compress(put(all_scrn,best.)) , put(_freq_,best.) );
MPRINT(TABDESC):   run;

NOTE: There were 1 observations read from the data set WORK._TABD2.
NOTE: DATA statement used (Total process time):
      real time           0.00 seconds
      cpu time            0.00 seconds
      

MPRINT(TABDESC):   *----------------------------------------------------------------------------;
MPRINT(TABDESC):   * determine total number of patients in each column and in the whole file ;
MPRINT(TABDESC):   *----------------------------------------------------------------------------;
MPRINT(TABDESC):   proc sort data= analf out = analfpt (keep = subjid) nodupkey;
MPRINT(TABDESC):   by subjid;
MPRINT(TABDESC):   run;

NOTE: There were 100 observations read from the data set WORK.ANALF.
NOTE: SAS sort was used.
NOTE: 0 observations with duplicate key values were deleted.
NOTE: The data set WORK.ANALFPT has 100 observations and 1 variables.
NOTE: PROCEDURE SORT used (Total process time):
      real time           0.00 seconds
      cpu time            0.00 seconds
      

MPRINT(TABDESC):   data _null_;
MPRINT(TABDESC):   set analfpt nobs = _freq_;
MPRINT(TABDESC):   call symput("_patct", put(_freq_,best.));
                                                                    The SAS System

MPRINT(TABDESC):   call symput("_colct2", put(_freq_,best.) );
MPRINT(TABDESC):   if _freq_ = 0 then do;
MPRINT(TABDESC):   call symput("_errcode",'F');
MPRINT(TABDESC):   call symput("_errmsg","No patients meet subset criteria - canceling run" );
MPRINT(TABDESC):   end;
MPRINT(TABDESC):   stop;
MPRINT(TABDESC):   run;

NOTE: There were 1 observations read from the data set WORK.ANALFPT.
NOTE: DATA statement used (Total process time):
      real time           0.00 seconds
      cpu time            0.00 seconds
      

MPRINT(TABDESC):   ** # of subj at top of table will not reflect subset of subjects **;
MPRINT(TABDESC):   *----------------------------------------------------------------------------;
MPRINT(TABDESC):   * Set up file with duplicate records for total column if necessary ;
MPRINT(TABDESC):   *----------------------------------------------------------------------------;
MPRINT(TABDESC):   data analf analfnot;
MPRINT(TABDESC):   set analf;
MPRINT(TABDESC):   format all_scrn;
MPRINT(TABDESC):   output analf;
MPRINT(TABDESC):   output analfnot;
MPRINT(TABDESC):   all_scrn=2;
MPRINT(TABDESC):   output analf;
MPRINT(TABDESC):   run;

NOTE: There were 100 observations read from the data set WORK.ANALF.
NOTE: The data set WORK.ANALF has 200 observations and 40 variables.
NOTE: The data set WORK.ANALFNOT has 100 observations and 40 variables.
NOTE: DATA statement used (Total process time):
      real time           0.00 seconds
      cpu time            0.01 seconds
      

MPRINT(TABDESC):   proc sort data=analf;
MPRINT(TABDESC):   by all_scrn;
MPRINT(TABDESC):   run;

NOTE: There were 200 observations read from the data set WORK.ANALF.
NOTE: SAS sort was used.
NOTE: The data set WORK.ANALF has 200 observations and 40 variables.
NOTE: PROCEDURE SORT used (Total process time):
      real time           0.00 seconds
      cpu time            0.00 seconds
      
                                                                    The SAS System


MPRINT(TABDESC):   proc sort data=analfnot;
MPRINT(TABDESC):   by all_scrn;
MPRINT(TABDESC):   run;

NOTE: There were 100 observations read from the data set WORK.ANALFNOT.
NOTE: SAS sort was used.
NOTE: The data set WORK.ANALFNOT has 100 observations and 40 variables.
NOTE: PROCEDURE SORT used (Total process time):
      real time           0.00 seconds
      cpu time            0.00 seconds
      

MPRINT(TABDESC):   data analfall;
MPRINT(TABDESC):   set analfall;
MPRINT(TABDESC):   format all_scrn;
MPRINT(TABDESC):   output analfall;
MPRINT(TABDESC):   all_scrn=2;
MPRINT(TABDESC):   output analfall;
MPRINT(TABDESC):   run;

NOTE: There were 100 observations read from the data set WORK.ANALFALL.
NOTE: The data set WORK.ANALFALL has 200 observations and 40 variables.
NOTE: DATA statement used (Total process time):
      real time           0.00 seconds
      cpu time            0.00 seconds
      

MPRINT(TABDESC):   *----------------------------------------------------------------------------;
MPRINT(TABDESC):   * determine total number of patients per &byvar value, if necessary ;
MPRINT(TABDESC):   *----------------------------------------------------------------------------;
MPRINT(TABDESC):   *----------------------------------------------------------------------------;
MPRINT(TABDESC):   * If pairwise=ALL, set to a list of all the pairs in the data ;
MPRINT(TABDESC):   *----------------------------------------------------------------------------;
MPRINT(TABPAIR):   *** change pairwise if = ALL ***;
MPRINT(TABPAIR):   *** call macro for each pair of pair_wise ***;
MPRINT(TABDESC):  ;
'TOOLVER=' v4.19.01   ' MAXCOL=' 1   ' _MAXCOL= '  2
' SHOWALLCOL=' Y
'line 1269 _SHOWALLCOL=' Y
MPRINT(TABDESC):  ;
MPRINT(TABDESC):   proc datasets library = work nolist;
MPRINT(TABDESC):   *delete _tabd1 _tabd2 _tabd3 _tabd4 _tabd5 _tabd6 _tabd7;
MPRINT(TABDESC):   delete _tabd: ;
MPRINT(TABDESC):   *2016-12-29 kchan07 replace _tabd1.... _tabd7;
MPRINT(TABDESC):   quit;
                                                                    The SAS System


NOTE: Deleting WORK._TABD1 (memtype=DATA).
NOTE: Deleting WORK._TABD1_SW (memtype=DATA).
NOTE: Deleting WORK._TABD2 (memtype=DATA).
NOTE: PROCEDURE DATASETS used (Total process time):
      real time           0.02 seconds
      cpu time            0.01 seconds
      

MPRINT(MK_T_S_DISP):  ;
MPRINT(TABDCAT):   *-----------------------------------------------------------------------------------------------* | Definition of internal macros 
| *-----------------------------------------------------------------------------------------------*;
MPRINT(TABDCAT):   *------------------------------------------------------------------------;
MPRINT(TABDCAT):   * macro tab_sam_hp ;
MPRINT(TABDCAT):   * Calculate Stratum-Adjusted Mantel-Haenszel Proportion ;
MPRINT(TABDCAT):   *------------------------------------------------------------------------;
MPRINT(TABDCAT):   *------------------------------------------------------------------------;
MPRINT(TABDCAT):   * macro ciexact ;
MPRINT(TABDCAT):   * Calculate Confidence intervals using exact method - VK 15AUG2007;
MPRINT(TABDCAT):   *------------------------------------------------------------------------;
MPRINT(TABDCAT):   *----------------------------------------------------------------------------;
MPRINT(TABDCAT):   * macro ciprep ;
MPRINT(TABDCAT):   * Prepare file for CI calculation ;
MPRINT(TABDCAT):   *----------------------------------------------------------------------------;
MPRINT(TABDCAT):   *----------------------------------------------------------------------------;
MPRINT(TABDCAT):   * macro ciprop ;
MPRINT(TABDCAT):   * Do CI calculation ;
MPRINT(TABDCAT):   *----------------------------------------------------------------------------;
MPRINT(TABDCAT):   *----------------------------------------------------------------------------;
MPRINT(TABDCAT):   * macro rratio ;
MPRINT(TABDCAT):   * Do risk ratio calculations ;
MPRINT(TABDCAT):   *----------------------------------------------------------------------------;
MPRINT(TABDCAT):   *----------------------------------------------------------------------------;
MPRINT(TABDCAT):   * macro rrcalc ;
MPRINT(TABDCAT):   * Do risk ratio calculations for each selected pair ;
MPRINT(TABDCAT):   *----------------------------------------------------------------------------;
MPRINT(TABDCAT):   *------------------------------------------------------------------;
MPRINT(TABDCAT):   * macro pval ;
MPRINT(TABDCAT):   * p-value calculation ;
MPRINT(TABDCAT):   *------------------------------------------------------------------;
MPRINT(TABDCAT):   *-----------------------------------------------------------------------------------------------------------* | End of internal 
macro definition and beginning of tabdcat main section | 
*-----------------------------------------------------------------------------------------------------------*;
MPRINT(TABDCAT):   *** use default risktype if no local override ***;
MPRINT(TABDCAT):  ;
MPRINT(TABDCAT):   **************************************************;
                                                                    The SAS System

MPRINT(TABDCAT):   *** modify stratification locally if requested ***;
MPRINT(TABDCAT):   **************************************************;
MPRINT(TABDCAT):   *----------------------------------------------------------------------------;
MPRINT(TABDCAT):   * Get analysis variable attributes (type, label, format) ;
MPRINT(TABDCAT):   * Cancel run if variable .does not. exist ;
MPRINT(TABDCAT):   *----------------------------------------------------------------------------;
MPRINT(TABDCAT):   data _null_;
MPRINT(TABDCAT):   length label1 label2 $250;
MPRINT(TABDCAT):   ds = open("analf","i");
MPRINT(TABDCAT):   var = varnum(ds , "scrnfl");
MPRINT(TABDCAT):   if not(var) then do;
MPRINT(TABDCAT):   call symput("_errcode","F");
MPRINT(TABDCAT):   call symput("_errmsg","Categorical analysis variable scrnfl .does not. exist - canceling run" );
MPRINT(TABDCAT):   end;
MPRINT(TABDCAT):   else do;
MPRINT(TABDCAT):   call symput("catvfmt",varfmt(ds,var));
MPRINT(TABDCAT):   label1 = varlabel(ds,var);
MPRINT(TABDCAT):   if index(label1,'~') > 0 then do;
MPRINT(TABDCAT):   label2 = scan(label1,2,'~');
MPRINT(TABDCAT):   label1 = scan(label1,1,'~');
MPRINT(TABDCAT):   end;
MPRINT(TABDCAT):   call symput("label1",label1);
MPRINT(TABDCAT):   call symput("label2",label2);
MPRINT(TABDCAT):   typ = vartype(ds,var);
MPRINT(TABDCAT):   call symput("type",typ);
MPRINT(TABDCAT):   end;
MPRINT(TABDCAT):   run;

INFO: Character variables have defaulted to a length of 200 at the places given by: (Line):(Column). Truncation can result.
      2532:194 TYP
NOTE: DATA statement used (Total process time):
      real time           0.00 seconds
      cpu time            0.00 seconds
      

MPRINT(TABDCAT):   *****************************************;
MPRINT(TABDCAT):   *** crate template of categories that ***;
MPRINT(TABDCAT):   *** would appear in output. ***;
MPRINT(TABDCAT):   *****************************************;
MPRINT(TABDCAT):   proc sort data = analf out=col (keep= all_scrn) nodupkey;
MPRINT(TABDCAT):   by all_scrn;
MPRINT(TABDCAT):   run;

NOTE: There were 200 observations read from the data set WORK.ANALF.
NOTE: SAS sort was used.
NOTE: 198 observations with duplicate key values were deleted.
                                                                    The SAS System

NOTE: The data set WORK.COL has 2 observations and 1 variables.
NOTE: PROCEDURE SORT used (Total process time):
      real time           0.00 seconds
      cpu time            0.00 seconds
      

MPRINT(TABDCAT):   ********************************************************************************;
MPRINT(TABDCAT):   *** 1) If there is no format assigned to analysis variabe then ***;
MPRINT(TABDCAT):   *** create template based on data and will alsways incluse missing as a cat. ***;
MPRINT(TABDCAT):   ********************************************************************************;
MPRINT(TABDCAT):   proc sort data = analf out=_cat (keep=scrnfl rename=(scrnfl=scrnfl)) nodupkey;
MPRINT(TABDCAT):   where scrnfl ne ' ';
MPRINT(TABDCAT):   by scrnfl;
MPRINT(TABDCAT):   run;

NOTE: There were 200 observations read from the data set WORK.ANALF.
      WHERE scrnfl not = ' ';
NOTE: SAS sort was used.
NOTE: 199 observations with duplicate key values were deleted.
NOTE: The data set WORK._CAT has 1 observations and 1 variables.
NOTE: PROCEDURE SORT used (Total process time):
      real time           0.00 seconds
      cpu time            0.01 seconds
      

MPRINT(TABDCAT):   proc sort data=_cat;
MPRINT(TABDCAT):   by scrnfl;
MPRINT(TABDCAT):   run;

NOTE: Input data set is already sorted, no sorting done.
NOTE: PROCEDURE SORT used (Total process time):
      real time           0.00 seconds
      cpu time            0.00 seconds
      

MPRINT(TABDCAT):   *** then output the template ***;
MPRINT(TABDCAT):   data _cat;
MPRINT(TABDCAT):   set col end=eof;
MPRINT(TABDCAT):   do i = 1 to x;
MPRINT(TABDCAT):   set _cat nobs=x point=i;
MPRINT(TABDCAT):   output;
MPRINT(TABDCAT):   end;
MPRINT(TABDCAT):   run;

NOTE: There were 2 observations read from the data set WORK.COL.
NOTE: The data set WORK._CAT has 2 observations and 2 variables.
                                                                    The SAS System

NOTE: DATA statement used (Total process time):
      real time           0.00 seconds
      cpu time            0.00 seconds
      

MPRINT(TABDCAT):   *** make sure missing value is in the template ***;
MPRINT(TABDCAT):   proc sort data=_cat;
MPRINT(TABDCAT):   by all_scrn;
MPRINT(TABDCAT):   run;

NOTE: There were 2 observations read from the data set WORK._CAT.
NOTE: SAS sort was used.
NOTE: The data set WORK._CAT has 2 observations and 2 variables.
NOTE: PROCEDURE SORT used (Total process time):
      real time           0.00 seconds
      cpu time            0.00 seconds
      

MPRINT(TABDCAT):   data _cat;
MPRINT(TABDCAT):   set _cat;
MPRINT(TABDCAT):   by all_scrn;
MPRINT(TABDCAT):   output;
MPRINT(TABDCAT):   if first.all_scrn and scrnfl ne ' ' then do;
MPRINT(TABDCAT):   scrnfl = ' ';
MPRINT(TABDCAT):   output;
MPRINT(TABDCAT):   end;
MPRINT(TABDCAT):   run;

NOTE: There were 2 observations read from the data set WORK._CAT.
NOTE: The data set WORK._CAT has 4 observations and 2 variables.
NOTE: DATA statement used (Total process time):
      real time           0.00 seconds
      cpu time            0.00 seconds
      

MPRINT(TABDCAT):   *** out option value into template ***;
MPRINT(TABDCAT):   data _cat;
MPRINT(TABDCAT):   set _cat;
MPRINT(TABDCAT):   if scrnfl=' ' then do;
MPRINT(TABDCAT):   nomisspc="Y";
MPRINT(TABDCAT):   misspct ="N";
MPRINT(TABDCAT):   misspval="N";
MPRINT(TABDCAT):   end;
MPRINT(TABDCAT):   run;

NOTE: There were 4 observations read from the data set WORK._CAT.
                                                                    The SAS System

NOTE: The data set WORK._CAT has 4 observations and 5 variables.
NOTE: DATA statement used (Total process time):
      real time           0.00 seconds
      cpu time            0.00 seconds
      

MPRINT(TABDCAT):   proc sort;
MPRINT(TABDCAT):   by all_scrn scrnfl;
MPRINT(TABDCAT):   run;

NOTE: There were 4 observations read from the data set WORK._CAT.
NOTE: SAS sort was used.
NOTE: The data set WORK._CAT has 4 observations and 5 variables.
NOTE: PROCEDURE SORT used (Total process time):
      real time           0.00 seconds
      cpu time            0.00 seconds
      

MPRINT(TABDCAT):   * proc print data=_cat;
MPRINT(TABDCAT):   * title 'Cat. template';
MPRINT(TABDCAT):   * run;
MPRINT(TABDCAT):   *-------------------------;
MPRINT(TABDCAT):   * Count all data ;
MPRINT(TABDCAT):   *-------------------------;
MPRINT(TABDCAT):   proc sort data = analf out = _tabcat1;
MPRINT(TABDCAT):   by all_scrn scrnfl;
MPRINT(TABDCAT):   run;

NOTE: There were 200 observations read from the data set WORK.ANALF.
NOTE: SAS sort was used.
NOTE: The data set WORK._TABCAT1 has 200 observations and 40 variables.
NOTE: PROCEDURE SORT used (Total process time):
      real time           0.00 seconds
      cpu time            0.00 seconds
      

MPRINT(TABDCAT):   proc freq data=_tabcat1 noprint;
MPRINT(TABDCAT):   by all_scrn;
MPRINT(TABDCAT):   tables scrnfl / missing out=_tabcat3 (drop=percent);
MPRINT(TABDCAT):   * title "Macro tabdcat: File _tabcat3 after first freq ";
MPRINT(TABDCAT):   run;

NOTE: There were 200 observations read from the data set WORK._TABCAT1.
NOTE: The data set WORK._TABCAT3 has 2 observations and 3 variables.
NOTE: PROCEDURE FREQ used (Total process time):
      real time           0.00 seconds
                                                                    The SAS System

      cpu time            0.00 seconds
      

MPRINT(TABDCAT):   ****************************************;
MPRINT(TABDCAT):   *** merge with _cat to expand levels ***;
MPRINT(TABDCAT):   ****************************************;
MPRINT(TABDCAT):   data _tabcat3;
MPRINT(TABDCAT):   merge _tabcat3 (in=int) _cat (in=ins);
MPRINT(TABDCAT):   by all_scrn scrnfl;
MPRINT(TABDCAT):   if ins;
MPRINT(TABDCAT):   if not int then count = 0;
MPRINT(TABDCAT):   run;

NOTE: There were 2 observations read from the data set WORK._TABCAT3.
NOTE: There were 4 observations read from the data set WORK._CAT.
NOTE: The data set WORK._TABCAT3 has 4 observations and 6 variables.
NOTE: DATA statement used (Total process time):
      real time           0.00 seconds
      cpu time            0.00 seconds
      

MPRINT(TABDCAT):   * proc print;
MPRINT(TABDCAT):   * title "Macro tabdcat: File _tabcat3 after expanding categories";
MPRINT(TABDCAT):   * run;
MPRINT(TABDCAT):   *-----------------------------------------------------------;
MPRINT(TABDCAT):   * Get column totals for denominator ;
MPRINT(TABDCAT):   * If needed to, change the denominator base on denom option;
MPRINT(TABDCAT):   * then calculate percent from count and coldenom ;
MPRINT(TABDCAT):   *-----------------------------------------------------------;
MPRINT(TABDCAT):   proc summary nway data=_tabcat3 noprint;
MPRINT(TABDCAT):   where nomisspc ne 'Y';
MPRINT(TABDCAT):   class all_scrn;
MPRINT(TABDCAT):   var count;
MPRINT(TABDCAT):   output out=_tabcat3b(keep= all_scrn coldenom) sum=coldenom;
MPRINT(TABDCAT):   run;

NOTE: Multiple concurrent threads will be used to summarize data.
NOTE: There were 2 observations read from the data set WORK._TABCAT3.
      WHERE nomisspc not = 'Y';
NOTE: The data set WORK._TABCAT3B has 2 observations and 2 variables.
NOTE: PROCEDURE SUMMARY used (Total process time):
      real time           0.00 seconds
      cpu time            0.01 seconds
      

MPRINT(TABDCAT):   data _tabcat3;
                                                                    The SAS System

MPRINT(TABDCAT):   merge _tabcat3 (in=in3) _tabcat3b (in=inb) ;
MPRINT(TABDCAT):   by all_scrn;
MPRINT(TABDCAT):   if in3;
MPRINT(TABDCAT):   if not inb then coldenom = 0;
MPRINT(TABDCAT):   ** kdaughtry - 09Sep2008 **;
MPRINT(TABDCAT):   **if coldenom ne 0 and .<count<=coldenom then percent = count / coldenom * 100;
MPRINT(TABDCAT):   if count>0 and coldenom ne 0 and .<count<=coldenom then percent = count / coldenom * 100;
MPRINT(TABDCAT):   run;

NOTE: There were 4 observations read from the data set WORK._TABCAT3.
NOTE: There were 2 observations read from the data set WORK._TABCAT3B.
NOTE: The data set WORK._TABCAT3 has 4 observations and 8 variables.
NOTE: DATA statement used (Total process time):
      real time           0.00 seconds
      cpu time            0.00 seconds
      

MPRINT(TABDCAT):   * proc print data = _tabcat3 (obs=100);
MPRINT(TABDCAT):   * title "Macro tabdcat: File _tabcat3 after calc deniminator";
MPRINT(TABDCAT):   * run;
MPRINT(TABDCAT):   *----------------------------------------;
MPRINT(TABDCAT):   * Percents without missing ;
MPRINT(TABDCAT):   * numbers in denominator ;
MPRINT(TABDCAT):   *----------------------------------------;
MPRINT(TABDCAT):   *** Total patient count variable, used for calculating cell percents ***;
MPRINT(TABDCAT):   **********************************************************************;
MPRINT(TABDCAT):   *** Recalculate the counts without the missings ***;
MPRINT(TABDCAT):   *** if MISSPCT requested (print missings as a category) ***;
MPRINT(TABDCAT):   *** and NOMISSPC requested (do not use missings in the denominator ***;
MPRINT(TABDCAT):   **********************************************************************;
MPRINT(TABDCAT):   ***************************************************************************;
MPRINT(TABDCAT):   *** test: if n = 100 pct for any subgroup and then skip the calculation ***;
MPRINT(TABDCAT):   *** for cilevelw ***;
MPRINT(TABDCAT):   ***************************************************************************;
MPRINT(TABDCAT):   ******************************************;
MPRINT(TABDCAT):   *** put together the display data set ***;
MPRINT(TABDCAT):   ******************************************;
MPRINT(TABDCAT):   data _tabcat4;
MPRINT(TABDCAT):   length statval statval2 statval3 $40 start $200 linlabel $250;
MPRINT(TABDCAT):   set _tabcat3;
MPRINT(TABDCAT):   by all_scrn;
MPRINT(TABDCAT):   array tmpvarn len;
MPRINT(TABDCAT):   array tmpvarc $ statval statval2 statval3 linlabel;
MPRINT(TABDCAT):   retain totcount;
MPRINT(TABDCAT):   if first.all_scrn then totcount = 0;
MPRINT(TABDCAT):   if nomisspc^='Y' then totcount + count;
                                                                    The SAS System

MPRINT(TABDCAT):   start = left(scrnfl);
MPRINT(TABDCAT):   linlabel = left(scrnfl);
MPRINT(TABDCAT):   if trim(linlabel) = '.' or linlabel = ' ' then linlabel = '- Missing -';
MPRINT(TABDCAT):   pct = percent;
MPRINT(TABDCAT):   *** NOMISSPC=Y only calculate cellpct if pct is not missing ***;
MPRINT(TABDCAT):   if (pct ne .) then cellpct = 100*(count/100);
MPRINT(TABDCAT):   else cellpct = .;
MPRINT(TABDCAT):   statval = ' ';
MPRINT(TABDCAT):   statval = put(count, 3. );
MPRINT(TABDCAT):   *** If coldenom requested, show N as N/COLUMN TOTAL ***;
MPRINT(TABDCAT):   if misspct ='N' then delete;
MPRINT(TABDCAT):   * delete missing cat if not used in rpt;
MPRINT(TABDCAT):   * if nomisspc='Y' then delete;
MPRINT(TABDCAT):   * delete missing cat if not part of calculations;
MPRINT(TABDCAT):   drop len scrnfl misspct;
MPRINT(TABDCAT):   run;

NOTE: There were 4 observations read from the data set WORK._TABCAT3.
NOTE: The data set WORK._TABCAT4 has 2 observations and 14 variables.
NOTE: DATA statement used (Total process time):
      real time           0.00 seconds
      cpu time            0.00 seconds
      

MPRINT(TABDCAT):   * proc print data=_tabcat4;
MPRINT(TABDCAT):   * title "Macro tabdcat: File _tabcat4 after formating statistics ";
MPRINT(TABDCAT):   * run;
MPRINT(TABDCAT):   proc sort data=_tabcat4;
MPRINT(TABDCAT):   by start linlabel;
MPRINT(TABDCAT):   run;

NOTE: There were 2 observations read from the data set WORK._TABCAT4.
NOTE: SAS sort was used.
NOTE: The data set WORK._TABCAT4 has 2 observations and 14 variables.
NOTE: PROCEDURE SORT used (Total process time):
      real time           0.00 seconds
      cpu time            0.00 seconds
      

MPRINT(TABDCAT):   *----------------------------------------------------------------------------;
MPRINT(TABDCAT):   * Transpose the formatted and unformatted statistics ;
MPRINT(TABDCAT):   *----------------------------------------------------------------------------;
MPRINT(TABDCAT):   proc transpose data=_tabcat4 prefix=value out=_tabcat7;
MPRINT(TABDCAT):   var statval;
MPRINT(TABDCAT):   by start linlabel;
MPRINT(TABDCAT):   id all_scrn;
                                                                    The SAS System

MPRINT(TABDCAT):   where all_scrn is not null;
MPRINT(TABDCAT):   run;

NOTE: There were 2 observations read from the data set WORK._TABCAT4.
      WHERE all_scrn is not null;
NOTE: The data set WORK._TABCAT7 has 1 observations and 5 variables.
NOTE: PROCEDURE TRANSPOSE used (Total process time):
      real time           0.00 seconds
      cpu time            0.00 seconds
      

MPRINT(TABDCAT):   * proc print data = _tabcat7 (obs=100);
MPRINT(TABDCAT):   * title "File _tabcat7 after transpose";
MPRINT(TABDCAT):   * run;
MPRINT(TABDCAT):   *----------------------------------------------------------------------------;
MPRINT(TABDCAT):   * Calculate confidence intervals if requested ;
MPRINT(TABDCAT):   * Redo proc freq, this time with the stratification vars, and run thru ;
MPRINT(TABDCAT):   * stratified CI formula. Output is one record per analysis var value per ;
MPRINT(TABDCAT):   * byvar value ;
MPRINT(TABDCAT):   *----------------------------------------------------------------------------;
MPRINT(TABDCAT):   *----------------------------------------------------------------------------;
MPRINT(TABDCAT):   * Calculate risk ratio if requested ;
MPRINT(TABDCAT):   * Redo proc freq, not using stratification or missing parameters, and call ;
MPRINT(TABDCAT):   * RR formula. Output is one record per analysis var per byvar value ;
MPRINT(TABDCAT):   *----------------------------------------------------------------------------;
MPRINT(TABDCAT):   *---------------------------------------;
MPRINT(TABDCAT):   * CHISQ, CMH, EXACT p-values ;
MPRINT(TABDCAT):   *---------------------------------------;
MPRINT(TABDCAT):   *---------------------------------------------------;
MPRINT(TABDCAT):   * Standard (statified) categorical p-values ;
MPRINT(TABDCAT):   *---------------------------------------------------;
MPRINT(TABDCAT):   proc sort data = analfnot out = _tabcat2;
MPRINT(TABDCAT):   by all_scrn scrnfl;
MPRINT(TABDCAT):   run;

NOTE: There were 100 observations read from the data set WORK.ANALFNOT.
NOTE: SAS sort was used.
NOTE: The data set WORK._TABCAT2 has 100 observations and 40 variables.
NOTE: PROCEDURE SORT used (Total process time):
      real time           0.00 seconds
      cpu time            0.00 seconds
      

MPRINT(TABDCAT):   *----------------------------------------------------------------------------;
MPRINT(TABDCAT):   * If pairwise p-values are requested, generate and add to the dataset ;
MPRINT(TABDCAT):   *----------------------------------------------------------------------------;
                                                                    The SAS System

MPRINT(TABDCAT):   *----------------------------------------------------------------------------;
MPRINT(TABDCAT):   * Final data massage before merging with accumulated statistics ;
MPRINT(TABDCAT):   *----------------------------------------------------------------------------;
MPRINT(TABDCAT):   * proc print data = _tabcat7;
MPRINT(TABDCAT):   * title "File _tabcat7 ";
MPRINT(TABDCAT):   * run;
MPRINT(TABDCAT):   data _tabcat7;
MPRINT(TABDCAT):   length label1 label2 $ 250 statord value1 - value2 $40;
MPRINT(TABDCAT):   set _tabcat7;
MPRINT(TABDCAT):   sortord=1;
MPRINT(TABDCAT):   label1="                                                                                                                           
                                                                                                                               ";
MPRINT(TABDCAT):   label2="                                                                                                                           
                                                                                                                               ";
MPRINT(TABDCAT):   type = "CAT ";
MPRINT(TABDCAT):   statord = left(start);
MPRINT(TABDCAT):   array vl {*} value1 - value2;
MPRINT(TABDCAT):   if trim(start) eq '.' or start = ' ' then delete;
MPRINT(TABDCAT):   if trim(linlabel) = '- Missing -' then statord = '999999999';
MPRINT(TABDCAT):   vct = 0;
MPRINT(TABDCAT):   do i = 1 to 2;
MPRINT(TABDCAT):   if vl{i} = ' ' and substr(linlabel,1,10) ^= 'Risk Ratio' then do;
MPRINT(TABDCAT):   vl{i} = put(0, 3. );
MPRINT(TABDCAT):   if "Y" = 'Y' and statord = '999999999' then do;
MPRINT(TABDCAT):   vl{i} = put(0, 3. );
MPRINT(TABDCAT):   end;
MPRINT(TABDCAT):   end;
MPRINT(TABDCAT):   *** Reset intentionally set "No CI" back to blank ***;
MPRINT(TABDCAT):   *** if all blank then delete ***;
MPRINT(TABDCAT):   if vl{i} = "No CI" then do;
MPRINT(TABDCAT):   vl{i} = " ";
MPRINT(TABDCAT):   vct + 1;
MPRINT(TABDCAT):   end;
MPRINT(TABDCAT):   end;
MPRINT(TABDCAT):   if vct = 2 then delete;
MPRINT(TABDCAT):   drop i vct ;
MPRINT(TABDCAT):   * &var;
MPRINT(TABDCAT):   run;

NOTE: There were 1 observations read from the data set WORK._TABCAT7.
NOTE: The data set WORK._TABCAT7 has 1 observations and 10 variables.
NOTE: DATA statement used (Total process time):
      real time           0.00 seconds
      cpu time            0.01 seconds
      

                                                                    The SAS System

MPRINT(TABDCAT):   data combine;
MPRINT(TABDCAT):   set combine _tabcat7;
MPRINT(TABDCAT):   format pvalc1 pvalc2;
MPRINT(TABDCAT):   run;

NOTE: There were 0 observations read from the data set WORK.COMBINE.
NOTE: There were 1 observations read from the data set WORK._TABCAT7.
NOTE: The data set WORK.COMBINE has 1 observations and 14 variables.
NOTE: DATA statement used (Total process time):
      real time           0.00 seconds
      cpu time            0.00 seconds
      

MPRINT(TABDCAT):   ***--- End of EXACT CI ---***;
MPRINT(TABDCAT):   * proc print data = combine;
MPRINT(TABDCAT):   * title 'File combine after %tabdcat call';
MPRINT(TABDCAT):   * run;
MPRINT(TABDCAT):   *----------------------------------------------------------------------------;
MPRINT(TABDCAT):   * Cleanup ;
MPRINT(TABDCAT):   *----------------------------------------------------------------------------;
MPRINT(TABDCAT):   proc datasets library = work nolist;
MPRINT(TABDCAT):   delete _tabcat:;
MPRINT(TABDCAT):   quit;

NOTE: Deleting WORK._TABCAT1 (memtype=DATA).
NOTE: Deleting WORK._TABCAT2 (memtype=DATA).
NOTE: Deleting WORK._TABCAT3 (memtype=DATA).
NOTE: Deleting WORK._TABCAT3B (memtype=DATA).
NOTE: Deleting WORK._TABCAT4 (memtype=DATA).
NOTE: Deleting WORK._TABCAT7 (memtype=DATA).
NOTE: PROCEDURE DATASETS used (Total process time):
      real time           0.00 seconds
      cpu time            0.00 seconds
      

MPRINT(MK_T_S_DISP):  ;
MPRINT(MK_T_S_DISP):   data combine;
MPRINT(MK_T_S_DISP):   set combine;
MPRINT(MK_T_S_DISP):   if (compress(linlabel, ' ') eq 'Y') then linlabel = 'Screened';
MPRINT(MK_T_S_DISP):   run;
NOTE: There were 1 observations read from the data set WORK.COMBINE.
NOTE: The data set WORK.COMBINE has 1 observations and 14 variables.
NOTE: DATA statement used (Total process time):
      real time           0.00 seconds
      cpu time            0.00 seconds
      
                                                                    The SAS System


MPRINT(MK_T_S_DISP):   data combine1;
MPRINT(MK_T_S_DISP):   set combine;
MPRINT(MK_T_S_DISP):   value3 = value1;
MPRINT(MK_T_S_DISP):   array vls(3) value1 - value3;
MPRINT(MK_T_S_DISP):   do i = 1 to (3 - 1);
MPRINT(MK_T_S_DISP):   vls(i) = '';
MPRINT(MK_T_S_DISP):   end;
MPRINT(MK_T_S_DISP):   run;

NOTE: There were 1 observations read from the data set WORK.COMBINE.
NOTE: The data set WORK.COMBINE1 has 1 observations and 16 variables.
NOTE: DATA statement used (Total process time):
      real time           0.00 seconds
      cpu time            0.01 seconds
      

MPRINT(M_GET_S_DATA):   *****************************************************************************;
MPRINT(M_GET_S_DATA):   * DS # 1 - ADSL Source *;
MPRINT(M_GET_S_DATA):   *****************************************************************************;
MPRINT(FETCH):   data m_dsout1 ;
MPRINT(FETCH):   set adamdata.adsl ( where = (ittfl eq 'Y' ) ) ;
MPRINT(FETCH):   run;

NOTE: There were 100 observations read from the data set ADAMDATA.ADSL.
      WHERE ittfl='Y';
NOTE: The data set WORK.M_DSOUT1 has 100 observations and 39 variables.
NOTE: DATA statement used (Total process time):
      real time           0.01 seconds
      cpu time            0.00 seconds
      

MPRINT(FETCH):   options _last_ = m_dsout1;
MPRINT(M_GET_S_DATA):  ;
MPRINT(M_GET_S_DATA):   data m_dsout1;
MPRINT(M_GET_S_DATA):   set m_dsout1(keep = usubjid subjid ittfl Usubjid subjid saffl comsfl dcsreas tr: trt01pn ittfl comt: dct: randfl pkfl);
MPRINT(M_GET_S_DATA):   run;

NOTE: There were 100 observations read from the data set WORK.M_DSOUT1.
NOTE: The data set WORK.M_DSOUT1 has 100 observations and 16 variables.
NOTE: DATA statement used (Total process time):
      real time           0.00 seconds
      cpu time            0.00 seconds
      

MPRINT(M_GET_S_DATA):   *****************************************************************************;
                                                                    The SAS System

MPRINT(M_GET_S_DATA):   * DS # 2 - Alternate Source if extant *;
MPRINT(M_GET_S_DATA):   *****************************************************************************;
MPRINT(M_GET_S_DATA):   proc sort data = m_dsout1;
MPRINT(M_GET_S_DATA):   by usubjid TRT01PN ;
MPRINT(M_GET_S_DATA):   run;

NOTE: There were 100 observations read from the data set WORK.M_DSOUT1.
NOTE: SAS sort was used.
NOTE: The data set WORK.M_DSOUT1 has 100 observations and 16 variables.
NOTE: PROCEDURE SORT used (Total process time):
      real time           0.00 seconds
      cpu time            0.00 seconds
      

MPRINT(M_GET_S_DATA):   data adsl_1;
MPRINT(M_GET_S_DATA):   set m_dsout1;
MPRINT(M_GET_S_DATA):   run;

NOTE: There were 100 observations read from the data set WORK.M_DSOUT1.
NOTE: The data set WORK.ADSL_1 has 100 observations and 16 variables.
NOTE: DATA statement used (Total process time):
      real time           0.00 seconds
      cpu time            0.00 seconds
      

MPRINT(MK_T_S_DISP):  ;
MPRINT(MK_T_S_DISP):   data adsl_1;
MPRINT(MK_T_S_DISP):   set adsl_1;
MPRINT(MK_T_S_DISP):   where (trt01pn ne .);
MPRINT(MK_T_S_DISP):   run;

NOTE: There were 100 observations read from the data set WORK.ADSL_1.
      WHERE trt01pn not = .;
NOTE: The data set WORK.ADSL_1 has 100 observations and 16 variables.
NOTE: DATA statement used (Total process time):
      real time           0.00 seconds
      cpu time            0.00 seconds
      

MPRINT(MK_T_S_DISP):  ;
MPRINT(MK_T_S_DISP):   proc sql noprint;
MPRINT(MK_T_S_DISP):   select count(distinct(trt01pn)) +1 into: totcol trimmed from adsl_1;
MPRINT(MK_T_S_DISP):   quit;
NOTE: PROCEDURE SQL used (Total process time):
      real time           0.00 seconds
      cpu time            0.00 seconds
                                                                    The SAS System

      

MPRINT(MK_T_S_DISP):  ;
MPRINT(NUM_DISC):   proc sql noprint;
MPRINT(NUM_DISC):   select count(comsfl) into: n_comsfl trimmed from adsl_1 where comsfl = 'N';
MPRINT(NUM_DISC):   quit;
NOTE: PROCEDURE SQL used (Total process time):
      real time           0.00 seconds
      cpu time            0.00 seconds
      

MPRINT(MK_T_S_DISP):  ;
MPRINT(MK_T_S_DISP):   *Disc. overall study;
MPRINT(MK_T_S_DISP):   ***************************************************************************;
MPRINT(MK_T_S_DISP):   * Get EFF Population of Interest - RAND, ITT, PPROT ENRL etc. *;
MPRINT(MK_T_S_DISP):   * Process for Panel # 4 *;
MPRINT(MK_T_S_DISP):   ***************************************************************************;
MPRINT(MK_T_S_DISP):   data ittfl;
MPRINT(MK_T_S_DISP):   set adsl_1;
MPRINT(MK_T_S_DISP):   where (ittfl eq 'Y');
MPRINT(MK_T_S_DISP):   if (trt01pn ne .) and (trt01an eq .) then not_dosed = 1;
MPRINT(MK_T_S_DISP):   format trt01pn trtfmt. ittfl $ittfl. not_dosed ayn.;
MPRINT(MK_T_S_DISP):   label ittfl = ' ';
MPRINT(MK_T_S_DISP):   run;

NOTE: There were 100 observations read from the data set WORK.ADSL_1.
      WHERE ittfl='Y';
NOTE: The data set WORK.ITTFL has 100 observations and 17 variables.
NOTE: DATA statement used (Total process time):
      real time           0.04 seconds
      cpu time            0.00 seconds
      

MPRINT(TABDESC):   ** only one of &spctvar,&sdpvar,&stpvar, or &sopvar should be populated **;
MPRINT(TABDESC):   data ck_ssvars;
MPRINT(TABDESC):   sv1=0;
MPRINT(TABDESC):   sv2=0;
MPRINT(TABDESC):   sv3=0;
MPRINT(TABDESC):   sv4=0;
MPRINT(TABDESC):   all_ss=sum(sv1,sv2,sv3,sv4);
MPRINT(TABDESC):   call symput("all_ss",strip(put(all_ss,best.)));
MPRINT(TABDESC):   run;

NOTE: The data set WORK.CK_SSVARS has 1 observations and 5 variables.
NOTE: DATA statement used (Total process time):
      real time           0.00 seconds
                                                                    The SAS System

      cpu time            0.00 seconds
      

MPRINT(TABDESC):   ***--- print all/selected columns ---***;
MPRINT(TABDESC):   ***---31may2007 VK ---***;
MPRINT(TABDESC):   ***--- create data set showing the showallcol values...21Sep2010...saw ---***;
MPRINT(TABDESC):   *----------------------------------------------------------------------------;
MPRINT(TABDESC):   * initialize the dataset that will accumulate the statistic records ;
MPRINT(TABDESC):   *----------------------------------------------------------------------------;
MPRINT(TABDESC):   data combine;
MPRINT(TABDESC):   stop;
MPRINT(TABDESC):   pval1 = .;
MPRINT(TABDESC):   pval2 = .;
MPRINT(TABDESC):   length pvalc1 pvalc2 $10;
MPRINT(TABDESC):   pvalc1='';
MPRINT(TABDESC):   pvalc2='';
MPRINT(TABDESC):   run;

NOTE: The data set WORK.COMBINE has 0 observations and 4 variables.
NOTE: DATA statement used (Total process time):
      real time           0.00 seconds
      cpu time            0.00 seconds
      

MPRINT(TABDESC):   *----------------------------------------------------------------------------;
MPRINT(TABDESC):   * if > 1 byvar variable, set up individual macro vars ;
MPRINT(TABDESC):   *----------------------------------------------------------------------------;
MPRINT(TABDESC):   *----------------------------------------------------------------------------;
MPRINT(TABDESC):   * Prepare for p-value calculations ;
MPRINT(TABDESC):   * if pairwise p-values are requested, calculate how many pairs ;
MPRINT(TABDESC):   *----------------------------------------------------------------------------;
MPRINT(TABDESC):  ;
MPRINT(TABDESC):  ;
MPRINT(TABDESC):  ;
MPRINT(TABDESC):  ;
MPRINT(TABDESC):  ;
MPRINT(TABDESC):  ;
MPRINT(TABDESC):  ;
MPRINT(TABDESC):   *----------------------------------------------------------------------------;
MPRINT(TABDESC):   * Check input dataset for existence, var names, var formats and type ;
MPRINT(TABDESC):   *----------------------------------------------------------------------------;
MPRINT(TABDESC):   data _null_;
MPRINT(TABDESC):   set ittfl;
MPRINT(TABDESC):   where trt01pn <=0;
MPRINT(TABDESC):   if _n_ = 1 then do;
MPRINT(TABDESC):   call symput("_errcode",'F');
                                                                    The SAS System

MPRINT(TABDESC):   call symput("_errmsg","Column variable (in COLVAR) trt01pn contains a zero or a missing "||"value - canceling run" );
MPRINT(TABDESC):   end;
MPRINT(TABDESC):   run;

NOTE: There were 0 observations read from the data set WORK.ITTFL.
      WHERE trt01pn<=0;
NOTE: DATA statement used (Total process time):
      real time           0.03 seconds
      cpu time            0.00 seconds
      

MPRINT(TABDESC):   data _null_;
MPRINT(TABDESC):   rc = exist("ittfl","DATA");
MPRINT(TABDESC):   if not(rc) then do;
MPRINT(TABDESC):   call symput("_errcode",'F');
MPRINT(TABDESC):   call symput("_errmsg","Input dataset (in DATA) ittfl does not "||"exist - canceling run" );
MPRINT(TABDESC):   goto errout;
MPRINT(TABDESC):   end;
MPRINT(TABDESC):   ds = open("ittfl","i");
MPRINT(TABDESC):   var = varnum(ds, "trt01pn");
MPRINT(TABDESC):   if not(var) then do;
MPRINT(TABDESC):   call symput("_errcode",'F');
MPRINT(TABDESC):   call symput("_errmsg","Column variable (in COLVAR) trt01pn does not "||"exist - canceling run" );
MPRINT(TABDESC):   goto errout;
MPRINT(TABDESC):   end;
MPRINT(TABDESC):   call symput("_colvarf",varfmt(ds,var));
MPRINT(TABDESC):   *** Check population variables ***;
MPRINT(TABDESC):   *** Check stratification variables ***;
MPRINT(TABDESC):   var = varnum(ds, "subjid");
MPRINT(TABDESC):   if not(var) then do;
MPRINT(TABDESC):   call symput("_errcode",'F');
MPRINT(TABDESC):   call symput("_errmsg","Patient identifying variable (in PTVAR) subjid does not "||"exist - canceling run" );
MPRINT(TABDESC):   goto errout;
MPRINT(TABDESC):   end;
MPRINT(TABDESC):   errout: run;

NOTE: DATA statement used (Total process time):
      real time           0.00 seconds
      cpu time            0.00 seconds
      

MPRINT(TABDESC):   *----------------------------------------------------------------------------;
MPRINT(TABDESC):   * Subset the analysis file for the right sample and ;
MPRINT(TABDESC):   * perform all necessary data massage here. ;
MPRINT(TABDESC):   *----------------------------------------------------------------------------;
MPRINT(TABDESC):   data analf analfall;
                                                                    The SAS System

MPRINT(TABDESC):   set ittfl ;
MPRINT(TABDESC):   ;
MPRINT(TABDESC):   call symput('_empty','0');
MPRINT(TABDESC):   run;

NOTE: There were 100 observations read from the data set WORK.ITTFL.
NOTE: The data set WORK.ANALF has 100 observations and 17 variables.
NOTE: The data set WORK.ANALFALL has 100 observations and 17 variables.
NOTE: DATA statement used (Total process time):
      real time           0.04 seconds
      cpu time            0.00 seconds
      

MPRINT(TABDESC):   *----------------------------------------------------------------------------;
MPRINT(TABDESC):   * Find the maximum value of the column variable ;
MPRINT(TABDESC):   * Use the highest value in the data. Override with the highest value in the;
MPRINT(TABDESC):   * format if higher ;
MPRINT(TABDESC):   *----------------------------------------------------------------------------;
MPRINT(GETFMT):   data _null_;
MPRINT(GETFMT):   set sashelp.voption;
MPRINT(GETFMT):   where optname = 'FMTSEARCH';
MPRINT(GETFMT):   length fmtpath $2000;
MPRINT(GETFMT):   fmtpath = 'WORK ' || compress(setting,'()');
MPRINT(GETFMT):   call symput('_fmtpath',fmtpath);
MPRINT(GETFMT):   fmtname = "TRTFMT. ";
MPRINT(GETFMT):   if substr(fmtname,1,1) = '$' then call symput("fmttype","C");
MPRINT(GETFMT):   if substr(fmtname,1,1) ^= '$' then call symput("fmttype","N");
MPRINT(GETFMT):   fmtname = compress(fmtname,'$. ');
MPRINT(GETFMT):   call symput("fmtname",fmtname);
MPRINT(GETFMT):   run;

NOTE: There were 1 observations read from the data set SASHELP.VOPTION.
      WHERE optname='FMTSEARCH';
NOTE: DATA statement used (Total process time):
      real time           0.00 seconds
      cpu time            0.02 seconds
      

MPRINT(GETFMT):   data _getfmt1;
MPRINT(GETFMT):   set sashelp.vcatalg;
MPRINT(GETFMT):   memname = upcase(memname);
MPRINT(GETFMT):   objname = upcase(objname);
MPRINT(GETFMT):   ** kdaughtry - 29Aug2008 **;
MPRINT(GETFMT):   **where memname = 'FORMATS' and trim(objname) = trim("&fmtname");
MPRINT(GETFMT):   where trim(objname) = trim("TRTFMT  ") and libname^='SASHELP' and objtype=:'FORMAT';
MPRINT(GETFMT):   **indx = indexw("%upcase( &_fmtpath)",upcase(trim(libname)));
                                                                    The SAS System

MPRINT(GETFMT):   indx = index("WORK _FMTS_1",upcase(trim(libname)));
MPRINT(GETFMT):   if indx;
MPRINT(GETFMT):   run;

NOTE: There were 2 observations read from the data set SASHELP.VCATALG.
      WHERE (TRIM(objname)='TRTFMT') and (libname not = 'SASHELP') and (objtype=:'FORMAT');
NOTE: The data set WORK._GETFMT1 has 1 observations and 11 variables.
NOTE: DATA statement used (Total process time):
      real time           0.03 seconds
      cpu time            0.00 seconds
      

MPRINT(GETFMT):   proc sort data = _getfmt1;
MPRINT(GETFMT):   by indx;
MPRINT(GETFMT):   run;

NOTE: There were 1 observations read from the data set WORK._GETFMT1.
NOTE: SAS sort was used.
NOTE: The data set WORK._GETFMT1 has 1 observations and 11 variables.
NOTE: PROCEDURE SORT used (Total process time):
      real time           0.00 seconds
      cpu time            0.00 seconds
      

MPRINT(GETFMT):   data _null_;
MPRINT(GETFMT):   set _getfmt1 end = eof;
MPRINT(GETFMT):   **call symput("_flib" || compress(put(_n_,best.)) , libname );
MPRINT(GETFMT):   ** kdaughtry - 29Aug2008 **;
MPRINT(GETFMT):   ** chg _flib to be libname and memname together so can handle format **;
MPRINT(GETFMT):   ** catalogs with a name other than formats **;
MPRINT(GETFMT):   call symput("_flib" || compress(put(_n_,best.)) , compress(libname) || "." || compress(memname) );
MPRINT(GETFMT):   if eof then call symput("_nlib",compress(put(_n_,best.)));
MPRINT(GETFMT):   run;

NOTE: There were 1 observations read from the data set WORK._GETFMT1.
NOTE: DATA statement used (Total process time):
      real time           0.00 seconds
      cpu time            0.01 seconds
      

MPRINT(GETFMT):   proc format library = _FMTS_1.FORMATS cntlout = _getfmt2;
MPRINT(GETFMT):   run;
NOTE: PROCEDURE FORMAT used (Total process time):
      real time           0.07 seconds
      cpu time            0.00 seconds
      
                                                                    The SAS System

NOTE: The data set WORK._GETFMT2 has 499 observations and 21 variables.

MPRINT(GETFMT):   data _tabd1;
MPRINT(GETFMT):   set _getfmt2;
MPRINT(GETFMT):   if upcase(trim(fmtname)) = trim("TRTFMT  ") and upcase(type) = "N" then do;
MPRINT(GETFMT):   start = left(start);
MPRINT(GETFMT):   output;
MPRINT(GETFMT):   call symput('_gotfmt','Y');
MPRINT(GETFMT):   end;
MPRINT(GETFMT):   run;

NOTE: There were 499 observations read from the data set WORK._GETFMT2.
NOTE: The data set WORK._TABD1 has 2 observations and 21 variables.
NOTE: DATA statement used (Total process time):
      real time           0.00 seconds
      cpu time            0.00 seconds
      

MPRINT(TABDESC):  ;
MPRINT(TABDESC):   data _tabd1_sw (keep=trt01pn);
MPRINT(TABDESC):   set _tabd1 end=eof nobs=numobs;
MPRINT(TABDESC):   *** kaling 19jun2015 nobs ***;
MPRINT(TABDESC):   trt01pn = input(left(start),best8.);
MPRINT(TABDESC):   if eof then call symput('ntrt_fmt',compress(put(numobs,5.)) );
MPRINT(TABDESC):   *** kaling 19jun2015 ***;
MPRINT(TABDESC):   run;

NOTE: There were 2 observations read from the data set WORK._TABD1.
NOTE: The data set WORK._TABD1_SW has 2 observations and 1 variables.
NOTE: DATA statement used (Total process time):
      real time           0.00 seconds
      cpu time            0.00 seconds
      

MPRINT(TABDESC):   proc sort data= analf out = analfpt (keep = trt01pn subjid) nodupkey;
MPRINT(TABDESC):   by trt01pn subjid;
MPRINT(TABDESC):   run;

NOTE: There were 100 observations read from the data set WORK.ANALF.
NOTE: SAS sort was used.
NOTE: 0 observations with duplicate key values were deleted.
NOTE: The data set WORK.ANALFPT has 100 observations and 2 variables.
NOTE: PROCEDURE SORT used (Total process time):
      real time           0.01 seconds
      cpu time            0.00 seconds
      
                                                                    The SAS System


MPRINT(TABDESC):   data analfpt;
MPRINT(TABDESC):   set analfpt;
MPRINT(TABDESC):   format trt01pn;
MPRINT(TABDESC):   run;

NOTE: There were 100 observations read from the data set WORK.ANALFPT.
NOTE: The data set WORK.ANALFPT has 100 observations and 2 variables.
NOTE: DATA statement used (Total process time):
      real time           0.00 seconds
      cpu time            0.00 seconds
      

MPRINT(TABDESC):   proc summary data=analfpt nway;
MPRINT(TABDESC):   class trt01pn;
MPRINT(TABDESC):   output out=_tabd2;
MPRINT(TABDESC):   run;

NOTE: Multiple concurrent threads will be used to summarize data.
NOTE: There were 100 observations read from the data set WORK.ANALFPT.
NOTE: The data set WORK._TABD2 has 2 observations and 3 variables.
NOTE: PROCEDURE SUMMARY used (Total process time):
      real time           0.00 seconds
      cpu time            0.02 seconds
      

MPRINT(TABDESC):   data _null_;
MPRINT(TABDESC):   merge _tabd2 (in=_V)
MPRINT(TABDESC):   _tabd1_sw (in=_F) end = eof;
MPRINT(TABDESC):   BY trt01pn;
MPRINT(TABDESC):   LENGTH _A $8 _B $50;
MPRINT(TABDESC):   IF trt01pn NE _N_ THEN DO;
MPRINT(TABDESC):   _A='ER'||'ROR:';
MPRINT(TABDESC):   _B="The value "||strip(put(trt01pn,best.))||'is out of sequence.';
MPRINT(TABDESC):   PUT _A "**---------------------------------------------------------------------------------------**";
MPRINT(TABDESC):   PUT _A "The variable trt01pn and its format must contain consecutive positive integers starting from 1. " _B;
MPRINT(TABDESC):   PUT _A "**---------------------------------------------------------------------------------------**";
MPRINT(TABDESC):   ABORT;
MPRINT(TABDESC):   END;
MPRINT(TABDESC):  ;
MPRINT(TABDESC):   IF _V AND (NOT(_F)) THEN DO;
MPRINT(TABDESC):   _A='WAR'||'NING:';
MPRINT(TABDESC):   _B="You have an unformatted trt01pn value of "||strip(put(trt01pn,best.))||'.';
MPRINT(TABDESC):   PUT _A "**---------------------------------------------------------------------------------------**";
MPRINT(TABDESC):   PUT _A _B " Use the SHOWALLCOL parameter in tabdesc when you have columns you do not wish to display.";
MPRINT(TABDESC):   PUT _A "**---------------------------------------------------------------------------------------**";
                                                                    The SAS System

MPRINT(TABDESC):   END;
MPRINT(TABDESC):   ELSE IF (NOT(_V)) AND _F THEN DO;
MPRINT(TABDESC):   _A='WAR'||'NING:';
MPRINT(TABDESC):   _B="You have a format for the value "||strip(put(trt01pn,best.))||',';
MPRINT(TABDESC):   PUT _A "**---------------------------------------------------------------------------------------**";
MPRINT(TABDESC):   PUT _A _B " but this value does not appear in the passed data.";
MPRINT(TABDESC):   PUT _A "**---------------------------------------------------------------------------------------**";
MPRINT(TABDESC):   END;
MPRINT(TABDESC):   IF NOT(EOF) THEN DO;
MPRINT(TABDESC):   IF NOT(_V) THEN DO;
MPRINT(TABDESC):   _A='WAR'||'NING:';
MPRINT(TABDESC):   _B="You have requested printing the trt01pn value of "||strip(put(trt01pn,best.))||',';
MPRINT(TABDESC):   PUT _A "**---------------------------------------------------------------------------------------**";
MPRINT(TABDESC):   PUT _A _B " but this value is not present in the passed data.";
MPRINT(TABDESC):   PUT _A "**---------------------------------------------------------------------------------------**";
MPRINT(TABDESC):   END;
MPRINT(TABDESC):   END;
MPRINT(TABDESC):  ;
MPRINT(TABDESC):   RUN;

NOTE: There were 2 observations read from the data set WORK._TABD2.
NOTE: There were 2 observations read from the data set WORK._TABD1_SW.
NOTE: DATA statement used (Total process time):
      real time           0.00 seconds
      cpu time            0.00 seconds
      

MPRINT(TABDESC):   ************* kaling begin 19jun2015 ************;
MPRINT(TABDESC):   data _null_;
MPRINT(TABDESC):   if 1 eq 2 then set _tabd2 nobs=ntrt_data;
MPRINT(TABDESC):   maxcol =max(ntrt_data, 2 );
MPRINT(TABDESC):   maxcol_1=maxcol;
MPRINT(TABDESC):   maxcol_1=maxcol +1;
MPRINT(TABDESC):   call symput( 'maxcol',compress(put(maxcol ,5.)) );
MPRINT(TABDESC):   call symput('_maxcol',compress(put(maxcol_1 ,5.)) );
MPRINT(TABDESC):   stop;
MPRINT(TABDESC):   run;

NOTE: DATA statement used (Total process time):
      real time           0.00 seconds
      cpu time            0.00 seconds
      

'TOOLVER=' v4.19.01   ' MAXCOL=' 2   ' _MAXCOL= '  3
' SHOWALLCOL=' Y
'line 721 _SHOWALLCOL=' Y
                                                                    The SAS System

MPRINT(TABDESC):   ************** kaling end 19jun2015 ************;
MPRINT(TABDESC):   data _null_;
MPRINT(TABDESC):   set _tabd2 end = eof;
MPRINT(TABDESC):   call symput("_colct" || compress(put(trt01pn,best.)) , put(_freq_,best.) );
MPRINT(TABDESC):   run;

NOTE: There were 2 observations read from the data set WORK._TABD2.
NOTE: DATA statement used (Total process time):
      real time           0.00 seconds
      cpu time            0.01 seconds
      

MPRINT(TABDESC):   *----------------------------------------------------------------------------;
MPRINT(TABDESC):   * determine total number of patients in each column and in the whole file ;
MPRINT(TABDESC):   *----------------------------------------------------------------------------;
MPRINT(TABDESC):   proc sort data= analf out = analfpt (keep = subjid) nodupkey;
MPRINT(TABDESC):   by subjid;
MPRINT(TABDESC):   run;

NOTE: There were 100 observations read from the data set WORK.ANALF.
NOTE: SAS sort was used.
NOTE: 0 observations with duplicate key values were deleted.
NOTE: The data set WORK.ANALFPT has 100 observations and 1 variables.
NOTE: PROCEDURE SORT used (Total process time):
      real time           0.01 seconds
      cpu time            0.00 seconds
      

MPRINT(TABDESC):   data _null_;
MPRINT(TABDESC):   set analfpt nobs = _freq_;
MPRINT(TABDESC):   call symput("_patct", put(_freq_,best.));
MPRINT(TABDESC):   call symput("_colct3", put(_freq_,best.) );
MPRINT(TABDESC):   if _freq_ = 0 then do;
MPRINT(TABDESC):   call symput("_errcode",'F');
MPRINT(TABDESC):   call symput("_errmsg","No patients meet subset criteria - canceling run" );
MPRINT(TABDESC):   end;
MPRINT(TABDESC):   stop;
MPRINT(TABDESC):   run;

NOTE: There were 1 observations read from the data set WORK.ANALFPT.
NOTE: DATA statement used (Total process time):
      real time           0.00 seconds
      cpu time            0.00 seconds
      

MPRINT(TABDESC):   ** # of subj at top of table will not reflect subset of subjects **;
                                                                    The SAS System

MPRINT(TABDESC):   *----------------------------------------------------------------------------;
MPRINT(TABDESC):   * Set up file with duplicate records for total column if necessary ;
MPRINT(TABDESC):   *----------------------------------------------------------------------------;
MPRINT(TABDESC):   data analf analfnot;
MPRINT(TABDESC):   set analf;
MPRINT(TABDESC):   format trt01pn;
MPRINT(TABDESC):   output analf;
MPRINT(TABDESC):   output analfnot;
MPRINT(TABDESC):   trt01pn=3;
MPRINT(TABDESC):   output analf;
MPRINT(TABDESC):   run;

NOTE: There were 100 observations read from the data set WORK.ANALF.
NOTE: The data set WORK.ANALF has 200 observations and 17 variables.
NOTE: The data set WORK.ANALFNOT has 100 observations and 17 variables.
NOTE: DATA statement used (Total process time):
      real time           0.01 seconds
      cpu time            0.00 seconds
      

MPRINT(TABDESC):   proc sort data=analf;
MPRINT(TABDESC):   by trt01pn;
MPRINT(TABDESC):   run;

NOTE: There were 200 observations read from the data set WORK.ANALF.
NOTE: SAS sort was used.
NOTE: The data set WORK.ANALF has 200 observations and 17 variables.
NOTE: PROCEDURE SORT used (Total process time):
      real time           0.00 seconds
      cpu time            0.00 seconds
      

MPRINT(TABDESC):   proc sort data=analfnot;
MPRINT(TABDESC):   by trt01pn;
MPRINT(TABDESC):   run;

NOTE: There were 100 observations read from the data set WORK.ANALFNOT.
NOTE: SAS sort was used.
NOTE: The data set WORK.ANALFNOT has 100 observations and 17 variables.
NOTE: PROCEDURE SORT used (Total process time):
      real time           0.00 seconds
      cpu time            0.00 seconds
      

MPRINT(TABDESC):   data analfall;
MPRINT(TABDESC):   set analfall;
                                                                    The SAS System

MPRINT(TABDESC):   format trt01pn;
MPRINT(TABDESC):   output analfall;
MPRINT(TABDESC):   trt01pn=3;
MPRINT(TABDESC):   output analfall;
MPRINT(TABDESC):   run;

NOTE: There were 100 observations read from the data set WORK.ANALFALL.
NOTE: The data set WORK.ANALFALL has 200 observations and 17 variables.
NOTE: DATA statement used (Total process time):
      real time           0.01 seconds
      cpu time            0.01 seconds
      

MPRINT(TABDESC):   *----------------------------------------------------------------------------;
MPRINT(TABDESC):   * determine total number of patients per &byvar value, if necessary ;
MPRINT(TABDESC):   *----------------------------------------------------------------------------;
MPRINT(TABDESC):   *----------------------------------------------------------------------------;
MPRINT(TABDESC):   * If pairwise=ALL, set to a list of all the pairs in the data ;
MPRINT(TABDESC):   *----------------------------------------------------------------------------;
MPRINT(TABPAIR):   *** change pairwise if = ALL ***;
MPRINT(TABPAIR):   *** call macro for each pair of pair_wise ***;
MPRINT(TABDESC):  ;
'TOOLVER=' v4.19.01   ' MAXCOL=' 2   ' _MAXCOL= '  3
' SHOWALLCOL=' Y
'line 1269 _SHOWALLCOL=' Y
MPRINT(TABDESC):  ;
MPRINT(TABDESC):   proc datasets library = work nolist;
MPRINT(TABDESC):   *delete _tabd1 _tabd2 _tabd3 _tabd4 _tabd5 _tabd6 _tabd7;
MPRINT(TABDESC):   delete _tabd: ;
MPRINT(TABDESC):   *2016-12-29 kchan07 replace _tabd1.... _tabd7;
MPRINT(TABDESC):   quit;

NOTE: Deleting WORK._TABD1 (memtype=DATA).
NOTE: Deleting WORK._TABD1_SW (memtype=DATA).
NOTE: Deleting WORK._TABD2 (memtype=DATA).
NOTE: PROCEDURE DATASETS used (Total process time):
      real time           0.00 seconds
      cpu time            0.00 seconds
      

MPRINT(MK_T_S_DISP):  ;
MPRINT(TABDCAT):   *-----------------------------------------------------------------------------------------------* | Definition of internal macros 
| *-----------------------------------------------------------------------------------------------*;
MPRINT(TABDCAT):   *------------------------------------------------------------------------;
MPRINT(TABDCAT):   * macro tab_sam_hp ;
MPRINT(TABDCAT):   * Calculate Stratum-Adjusted Mantel-Haenszel Proportion ;
                                                                    The SAS System

MPRINT(TABDCAT):   *------------------------------------------------------------------------;
MPRINT(TABDCAT):   *------------------------------------------------------------------------;
MPRINT(TABDCAT):   * macro ciexact ;
MPRINT(TABDCAT):   * Calculate Confidence intervals using exact method - VK 15AUG2007;
MPRINT(TABDCAT):   *------------------------------------------------------------------------;
MPRINT(TABDCAT):   *----------------------------------------------------------------------------;
MPRINT(TABDCAT):   * macro ciprep ;
MPRINT(TABDCAT):   * Prepare file for CI calculation ;
MPRINT(TABDCAT):   *----------------------------------------------------------------------------;
MPRINT(TABDCAT):   *----------------------------------------------------------------------------;
MPRINT(TABDCAT):   * macro ciprop ;
MPRINT(TABDCAT):   * Do CI calculation ;
MPRINT(TABDCAT):   *----------------------------------------------------------------------------;
MPRINT(TABDCAT):   *----------------------------------------------------------------------------;
MPRINT(TABDCAT):   * macro rratio ;
MPRINT(TABDCAT):   * Do risk ratio calculations ;
MPRINT(TABDCAT):   *----------------------------------------------------------------------------;
MPRINT(TABDCAT):   *----------------------------------------------------------------------------;
MPRINT(TABDCAT):   * macro rrcalc ;
MPRINT(TABDCAT):   * Do risk ratio calculations for each selected pair ;
MPRINT(TABDCAT):   *----------------------------------------------------------------------------;
MPRINT(TABDCAT):   *------------------------------------------------------------------;
MPRINT(TABDCAT):   * macro pval ;
MPRINT(TABDCAT):   * p-value calculation ;
MPRINT(TABDCAT):   *------------------------------------------------------------------;
MPRINT(TABDCAT):   *-----------------------------------------------------------------------------------------------------------* | End of internal 
macro definition and beginning of tabdcat main section | 
*-----------------------------------------------------------------------------------------------------------*;
MPRINT(TABDCAT):   *** use default risktype if no local override ***;
MPRINT(TABDCAT):  ;
MPRINT(TABDCAT):   **************************************************;
MPRINT(TABDCAT):   *** modify stratification locally if requested ***;
MPRINT(TABDCAT):   **************************************************;
MPRINT(TABDCAT):   *----------------------------------------------------------------------------;
MPRINT(TABDCAT):   * Get analysis variable attributes (type, label, format) ;
MPRINT(TABDCAT):   * Cancel run if variable .does not. exist ;
MPRINT(TABDCAT):   *----------------------------------------------------------------------------;
MPRINT(TABDCAT):   data _null_;
MPRINT(TABDCAT):   length label1 label2 $250;
MPRINT(TABDCAT):   ds = open("analf","i");
MPRINT(TABDCAT):   var = varnum(ds , "ittfl");
MPRINT(TABDCAT):   if not(var) then do;
MPRINT(TABDCAT):   call symput("_errcode","F");
MPRINT(TABDCAT):   call symput("_errmsg","Categorical analysis variable ittfl .does not. exist - canceling run" );
MPRINT(TABDCAT):   end;
MPRINT(TABDCAT):   else do;
                                                                    The SAS System

MPRINT(TABDCAT):   call symput("catvfmt",varfmt(ds,var));
MPRINT(TABDCAT):   label1 = varlabel(ds,var);
MPRINT(TABDCAT):   if index(label1,'~') > 0 then do;
MPRINT(TABDCAT):   label2 = scan(label1,2,'~');
MPRINT(TABDCAT):   label1 = scan(label1,1,'~');
MPRINT(TABDCAT):   end;
MPRINT(TABDCAT):   call symput("label1",label1);
MPRINT(TABDCAT):   call symput("label2",label2);
MPRINT(TABDCAT):   typ = vartype(ds,var);
MPRINT(TABDCAT):   call symput("type",typ);
MPRINT(TABDCAT):   end;
MPRINT(TABDCAT):   run;

INFO: Character variables have defaulted to a length of 200 at the places given by: (Line):(Column). Truncation can result.
      2532:194 TYP
NOTE: DATA statement used (Total process time):
      real time           0.00 seconds
      cpu time            0.00 seconds
      

MPRINT(TABDCAT):   *****************************************;
MPRINT(TABDCAT):   *** crate template of categories that ***;
MPRINT(TABDCAT):   *** would appear in output. ***;
MPRINT(TABDCAT):   *****************************************;
MPRINT(TABDCAT):   proc sort data = analf out=col (keep= trt01pn) nodupkey;
MPRINT(TABDCAT):   by trt01pn;
MPRINT(TABDCAT):   run;

NOTE: There were 200 observations read from the data set WORK.ANALF.
NOTE: SAS sort was used.
NOTE: 197 observations with duplicate key values were deleted.
NOTE: The data set WORK.COL has 3 observations and 1 variables.
NOTE: PROCEDURE SORT used (Total process time):
      real time           0.00 seconds
      cpu time            0.00 seconds
      

MPRINT(TABDCAT):   ********************************************************************************;
MPRINT(TABDCAT):   *** 1) If there is no format assigned to analysis variabe then ***;
MPRINT(TABDCAT):   *** create template based on data and will alsways incluse missing as a cat. ***;
MPRINT(TABDCAT):   ********************************************************************************;
MPRINT(TABDCAT):   ********************************************************************;
MPRINT(TABDCAT):   *** 2) If there is format assigned to analysis variabe then ***;
MPRINT(TABDCAT):   *** create template based on format (and data, if showall=Y) and ***;
MPRINT(TABDCAT):   *** whether to incluse missing as a cat. ***;
MPRINT(TABDCAT):   ********************************************************************;
                                                                    The SAS System

MPRINT(TABDCAT):   ** this proc summary is to determine numerator - if need only formatted values or not **;
MPRINT(TABDCAT):   proc summary nway data=analf n completetypes noprint;
MPRINT(TABDCAT):   class ittfl / preloadfmt ;
MPRINT(TABDCAT):   output out=_catnumer (keep=ittfl rename=(ittfl=ittfl));
MPRINT(TABDCAT):   run;

NOTE: Multiple concurrent threads will be used to summarize data.
NOTE: There were 200 observations read from the data set WORK.ANALF.
NOTE: The data set WORK._CATNUMER has 1 observations and 1 variables.
NOTE: PROCEDURE SUMMARY used (Total process time):
      real time           0.01 seconds
      cpu time            0.01 seconds
      

MPRINT(TABDCAT):   ** this proc summary is to determine denominator - all non-missing values **;
MPRINT(TABDCAT):   proc summary nway data=analf n completetypes noprint;
MPRINT(TABDCAT):   class ittfl / preloadfmt;
MPRINT(TABDCAT):   output out=_cat (keep=ittfl rename=(ittfl=ittfl));
MPRINT(TABDCAT):   run;

NOTE: Multiple concurrent threads will be used to summarize data.
NOTE: There were 200 observations read from the data set WORK.ANALF.
NOTE: The data set WORK._CAT has 1 observations and 1 variables.
NOTE: PROCEDURE SUMMARY used (Total process time):
      real time           0.02 seconds
      cpu time            0.00 seconds
      

MPRINT(TABDCAT):   proc sort data=_cat;
MPRINT(TABDCAT):   by ittfl;
MPRINT(TABDCAT):   run;

NOTE: There were 1 observations read from the data set WORK._CAT.
NOTE: SAS sort was used.
NOTE: The data set WORK._CAT has 1 observations and 1 variables.
NOTE: PROCEDURE SORT used (Total process time):
      real time           0.00 seconds
      cpu time            0.00 seconds
      

MPRINT(TABDCAT):   *** then output the template ***;
MPRINT(TABDCAT):   data _cat;
MPRINT(TABDCAT):   set col end=eof;
MPRINT(TABDCAT):   do i = 1 to x;
MPRINT(TABDCAT):   set _cat nobs=x point=i;
MPRINT(TABDCAT):   output;
                                                                    The SAS System

MPRINT(TABDCAT):   end;
MPRINT(TABDCAT):   run;

NOTE: There were 3 observations read from the data set WORK.COL.
NOTE: The data set WORK._CAT has 3 observations and 2 variables.
NOTE: DATA statement used (Total process time):
      real time           0.00 seconds
      cpu time            0.01 seconds
      

MPRINT(TABDCAT):   *** make sure missing value is in the template ***;
MPRINT(TABDCAT):   proc sort data=_cat;
MPRINT(TABDCAT):   by trt01pn;
MPRINT(TABDCAT):   run;

NOTE: There were 3 observations read from the data set WORK._CAT.
NOTE: SAS sort was used.
NOTE: The data set WORK._CAT has 3 observations and 2 variables.
NOTE: PROCEDURE SORT used (Total process time):
      real time           0.00 seconds
      cpu time            0.00 seconds
      

MPRINT(TABDCAT):   data _cat;
MPRINT(TABDCAT):   set _cat;
MPRINT(TABDCAT):   by trt01pn;
MPRINT(TABDCAT):   output;
MPRINT(TABDCAT):   if first.trt01pn and ittfl ne ' ' then do;
MPRINT(TABDCAT):   ittfl = ' ';
MPRINT(TABDCAT):   output;
MPRINT(TABDCAT):   end;
MPRINT(TABDCAT):   run;

NOTE: There were 3 observations read from the data set WORK._CAT.
NOTE: The data set WORK._CAT has 6 observations and 2 variables.
NOTE: DATA statement used (Total process time):
      real time           0.00 seconds
      cpu time            0.01 seconds
      

MPRINT(TABDCAT):   *** out option value into template ***;
MPRINT(TABDCAT):   data _cat;
MPRINT(TABDCAT):   set _cat;
MPRINT(TABDCAT):   if ittfl=' ' then do;
MPRINT(TABDCAT):   nomisspc="N";
MPRINT(TABDCAT):   misspct ="N";
                                                                    The SAS System

MPRINT(TABDCAT):   misspval="N";
MPRINT(TABDCAT):   end;
MPRINT(TABDCAT):   run;

NOTE: There were 6 observations read from the data set WORK._CAT.
NOTE: The data set WORK._CAT has 6 observations and 5 variables.
NOTE: DATA statement used (Total process time):
      real time           0.02 seconds
      cpu time            0.00 seconds
      

MPRINT(TABDCAT):   proc sort;
MPRINT(TABDCAT):   by trt01pn ittfl;
MPRINT(TABDCAT):   run;

NOTE: There were 6 observations read from the data set WORK._CAT.
NOTE: SAS sort was used.
NOTE: The data set WORK._CAT has 6 observations and 5 variables.
NOTE: PROCEDURE SORT used (Total process time):
      real time           0.00 seconds
      cpu time            0.00 seconds
      

MPRINT(TABDCAT):   * proc print data=_cat;
MPRINT(TABDCAT):   * title 'Cat. template';
MPRINT(TABDCAT):   * run;
MPRINT(TABDCAT):   *-------------------------;
MPRINT(TABDCAT):   * Count all data ;
MPRINT(TABDCAT):   *-------------------------;
MPRINT(TABDCAT):   proc sort data = analf out = _tabcat1;
MPRINT(TABDCAT):   by trt01pn ittfl;
MPRINT(TABDCAT):   run;

NOTE: There were 200 observations read from the data set WORK.ANALF.
NOTE: SAS sort was used.
NOTE: The data set WORK._TABCAT1 has 200 observations and 17 variables.
NOTE: PROCEDURE SORT used (Total process time):
      real time           0.00 seconds
      cpu time            0.00 seconds
      

MPRINT(TABDCAT):   proc freq data=_tabcat1 noprint;
MPRINT(TABDCAT):   by trt01pn;
MPRINT(TABDCAT):   tables ittfl / missing out=_tabcat3 (drop=percent);
MPRINT(TABDCAT):   * title "Macro tabdcat: File _tabcat3 after first freq ";
MPRINT(TABDCAT):   run;
                                                                    The SAS System


NOTE: There were 200 observations read from the data set WORK._TABCAT1.
NOTE: The data set WORK._TABCAT3 has 3 observations and 3 variables.
NOTE: PROCEDURE FREQ used (Total process time):
      real time           0.02 seconds
      cpu time            0.01 seconds
      

MPRINT(TABDCAT):   ****************************************;
MPRINT(TABDCAT):   *** merge with _cat to expand levels ***;
MPRINT(TABDCAT):   ****************************************;
MPRINT(TABDCAT):   data _tabcat3;
MPRINT(TABDCAT):   merge _tabcat3 (in=int) _cat (in=ins);
MPRINT(TABDCAT):   by trt01pn ittfl;
MPRINT(TABDCAT):   if ins;
MPRINT(TABDCAT):   if not int then count = 0;
MPRINT(TABDCAT):   run;

NOTE: There were 3 observations read from the data set WORK._TABCAT3.
NOTE: There were 6 observations read from the data set WORK._CAT.
NOTE: The data set WORK._TABCAT3 has 6 observations and 6 variables.
NOTE: DATA statement used (Total process time):
      real time           0.02 seconds
      cpu time            0.00 seconds
      

MPRINT(TABDCAT):   * proc print;
MPRINT(TABDCAT):   * title "Macro tabdcat: File _tabcat3 after expanding categories";
MPRINT(TABDCAT):   * run;
MPRINT(TABDCAT):   *-----------------------------------------------------------;
MPRINT(TABDCAT):   * Get column totals for denominator ;
MPRINT(TABDCAT):   * If needed to, change the denominator base on denom option;
MPRINT(TABDCAT):   * then calculate percent from count and coldenom ;
MPRINT(TABDCAT):   *-----------------------------------------------------------;
MPRINT(TABDCAT):   proc summary nway data=_tabcat3 noprint;
MPRINT(TABDCAT):   where nomisspc ne 'Y';
MPRINT(TABDCAT):   class trt01pn;
MPRINT(TABDCAT):   var count;
MPRINT(TABDCAT):   output out=_tabcat3b(keep= trt01pn coldenom) sum=coldenom;
MPRINT(TABDCAT):   run;

NOTE: Multiple concurrent threads will be used to summarize data.
NOTE: There were 6 observations read from the data set WORK._TABCAT3.
      WHERE nomisspc not = 'Y';
NOTE: The data set WORK._TABCAT3B has 3 observations and 2 variables.
NOTE: PROCEDURE SUMMARY used (Total process time):
                                                                    The SAS System

      real time           0.00 seconds
      cpu time            0.00 seconds
      

MPRINT(TABDCAT):   data _tabcat3;
MPRINT(TABDCAT):   merge _tabcat3 (in=in3) _tabcat3b (in=inb) ;
MPRINT(TABDCAT):   by trt01pn;
MPRINT(TABDCAT):   if in3;
MPRINT(TABDCAT):   if not inb then coldenom = 0;
MPRINT(TABDCAT):   ** kdaughtry - 09Sep2008 **;
MPRINT(TABDCAT):   **if coldenom ne 0 and .<count<=coldenom then percent = count / coldenom * 100;
MPRINT(TABDCAT):   if count>0 and coldenom ne 0 and .<count<=coldenom then percent = count / coldenom * 100;
MPRINT(TABDCAT):   run;

NOTE: There were 6 observations read from the data set WORK._TABCAT3.
NOTE: There were 3 observations read from the data set WORK._TABCAT3B.
NOTE: The data set WORK._TABCAT3 has 6 observations and 8 variables.
NOTE: DATA statement used (Total process time):
      real time           0.02 seconds
      cpu time            0.00 seconds
      

MPRINT(TABDCAT):   proc sort data=_tabcat3;
MPRINT(TABDCAT):   by ittfl;
MPRINT(TABDCAT):   run;

NOTE: There were 6 observations read from the data set WORK._TABCAT3.
NOTE: SAS sort was used.
NOTE: The data set WORK._TABCAT3 has 6 observations and 8 variables.
NOTE: PROCEDURE SORT used (Total process time):
      real time           0.00 seconds
      cpu time            0.00 seconds
      

MPRINT(TABDCAT):   proc sort data=_catnumer;
MPRINT(TABDCAT):   by ittfl;
MPRINT(TABDCAT):   run;

NOTE: There were 1 observations read from the data set WORK._CATNUMER.
NOTE: SAS sort was used.
NOTE: The data set WORK._CATNUMER has 1 observations and 1 variables.
NOTE: PROCEDURE SORT used (Total process time):
      real time           0.00 seconds
      cpu time            0.00 seconds
      

                                                                    The SAS System

MPRINT(TABDCAT):   ** only keep &var values from _catnumer dataset since this ds **;
MPRINT(TABDCAT):   ** only contains formatted values of &var **;
MPRINT(TABDCAT):   data _tabcat3;
MPRINT(TABDCAT):   merge _tabcat3 _catnumer (in=inn);
MPRINT(TABDCAT):   by ittfl;
MPRINT(TABDCAT):   if inn or ittfl=' ';
MPRINT(TABDCAT):   run;

NOTE: There were 6 observations read from the data set WORK._TABCAT3.
NOTE: There were 1 observations read from the data set WORK._CATNUMER.
NOTE: The data set WORK._TABCAT3 has 6 observations and 8 variables.
NOTE: DATA statement used (Total process time):
      real time           0.02 seconds
      cpu time            0.02 seconds
      

MPRINT(TABDCAT):   proc sort data=_tabcat3;
MPRINT(TABDCAT):   by trt01pn;
MPRINT(TABDCAT):   run;

NOTE: There were 6 observations read from the data set WORK._TABCAT3.
NOTE: SAS sort was used.
NOTE: The data set WORK._TABCAT3 has 6 observations and 8 variables.
NOTE: PROCEDURE SORT used (Total process time):
      real time           0.00 seconds
      cpu time            0.00 seconds
      

MPRINT(TABDCAT):   * proc print data = _tabcat3 (obs=100);
MPRINT(TABDCAT):   * title "Macro tabdcat: File _tabcat3 after calc deniminator";
MPRINT(TABDCAT):   * run;
MPRINT(TABDCAT):   *----------------------------------------;
MPRINT(TABDCAT):   * Percents without missing ;
MPRINT(TABDCAT):   * numbers in denominator ;
MPRINT(TABDCAT):   *----------------------------------------;
MPRINT(TABDCAT):   *** Total patient count variable, used for calculating cell percents ***;
MPRINT(TABDCAT):   **********************************************************************;
MPRINT(TABDCAT):   *** Recalculate the counts without the missings ***;
MPRINT(TABDCAT):   *** if MISSPCT requested (print missings as a category) ***;
MPRINT(TABDCAT):   *** and NOMISSPC requested (do not use missings in the denominator ***;
MPRINT(TABDCAT):   **********************************************************************;
MPRINT(TABDCAT):   ***************************************************************************;
MPRINT(TABDCAT):   *** test: if n = 100 pct for any subgroup and then skip the calculation ***;
MPRINT(TABDCAT):   *** for cilevelw ***;
MPRINT(TABDCAT):   ***************************************************************************;
MPRINT(TABDCAT):   ******************************************;
                                                                    The SAS System

MPRINT(TABDCAT):   *** put together the display data set ***;
MPRINT(TABDCAT):   ******************************************;
MPRINT(TABDCAT):   data _tabcat4;
MPRINT(TABDCAT):   length statval statval2 statval3 $40 start $200 linlabel $250;
MPRINT(TABDCAT):   set _tabcat3;
MPRINT(TABDCAT):   by trt01pn;
MPRINT(TABDCAT):   array tmpvarn len;
MPRINT(TABDCAT):   array tmpvarc $ statval statval2 statval3 linlabel;
MPRINT(TABDCAT):   retain totcount;
MPRINT(TABDCAT):   if first.trt01pn then totcount = 0;
MPRINT(TABDCAT):   if nomisspc^='Y' then totcount + count;
MPRINT(TABDCAT):   start = left(ittfl);
MPRINT(TABDCAT):   linlabel = left(put(ittfl,$ITTFL.));
MPRINT(TABDCAT):   if trim(linlabel) = '.' or linlabel = ' ' then linlabel = '- Missing -';
MPRINT(TABDCAT):   pct = percent;
MPRINT(TABDCAT):   *** NOMISSPC=Y only calculate cellpct if pct is not missing ***;
MPRINT(TABDCAT):   if (pct ne .) then cellpct = 100*(count/100);
MPRINT(TABDCAT):   else cellpct = .;
MPRINT(TABDCAT):   statval = ' ';
MPRINT(TABDCAT):   statval = put(count, 3. );
MPRINT(TABDCAT):   *** If coldenom requested, show N as N/COLUMN TOTAL ***;
MPRINT(TABDCAT):   if misspct ='N' then delete;
MPRINT(TABDCAT):   * delete missing cat if not used in rpt;
MPRINT(TABDCAT):   * if nomisspc='Y' then delete;
MPRINT(TABDCAT):   * delete missing cat if not part of calculations;
MPRINT(TABDCAT):   drop len ittfl misspct;
MPRINT(TABDCAT):   run;

NOTE: There were 6 observations read from the data set WORK._TABCAT3.
NOTE: The data set WORK._TABCAT4 has 3 observations and 14 variables.
NOTE: DATA statement used (Total process time):
      real time           0.02 seconds
      cpu time            0.00 seconds
      

MPRINT(TABDCAT):   * proc print data=_tabcat4;
MPRINT(TABDCAT):   * title "Macro tabdcat: File _tabcat4 after formating statistics ";
MPRINT(TABDCAT):   * run;
MPRINT(TABDCAT):   proc sort data=_tabcat4;
MPRINT(TABDCAT):   by start linlabel;
MPRINT(TABDCAT):   run;

NOTE: There were 3 observations read from the data set WORK._TABCAT4.
NOTE: SAS sort was used.
NOTE: The data set WORK._TABCAT4 has 3 observations and 14 variables.
NOTE: PROCEDURE SORT used (Total process time):
                                                                    The SAS System

      real time           0.00 seconds
      cpu time            0.00 seconds
      

MPRINT(TABDCAT):   *----------------------------------------------------------------------------;
MPRINT(TABDCAT):   * Transpose the formatted and unformatted statistics ;
MPRINT(TABDCAT):   *----------------------------------------------------------------------------;
MPRINT(TABDCAT):   proc transpose data=_tabcat4 prefix=value out=_tabcat7;
MPRINT(TABDCAT):   var statval;
MPRINT(TABDCAT):   by start linlabel;
MPRINT(TABDCAT):   id trt01pn;
MPRINT(TABDCAT):   where trt01pn is not null;
MPRINT(TABDCAT):   run;

NOTE: There were 3 observations read from the data set WORK._TABCAT4.
      WHERE trt01pn is not null;
NOTE: The data set WORK._TABCAT7 has 1 observations and 6 variables.
NOTE: PROCEDURE TRANSPOSE used (Total process time):
      real time           0.00 seconds
      cpu time            0.00 seconds
      

MPRINT(TABDCAT):   * proc print data = _tabcat7 (obs=100);
MPRINT(TABDCAT):   * title "File _tabcat7 after transpose";
MPRINT(TABDCAT):   * run;
MPRINT(TABDCAT):   *----------------------------------------------------------------------------;
MPRINT(TABDCAT):   * Calculate confidence intervals if requested ;
MPRINT(TABDCAT):   * Redo proc freq, this time with the stratification vars, and run thru ;
MPRINT(TABDCAT):   * stratified CI formula. Output is one record per analysis var value per ;
MPRINT(TABDCAT):   * byvar value ;
MPRINT(TABDCAT):   *----------------------------------------------------------------------------;
MPRINT(TABDCAT):   *----------------------------------------------------------------------------;
MPRINT(TABDCAT):   * Calculate risk ratio if requested ;
MPRINT(TABDCAT):   * Redo proc freq, not using stratification or missing parameters, and call ;
MPRINT(TABDCAT):   * RR formula. Output is one record per analysis var per byvar value ;
MPRINT(TABDCAT):   *----------------------------------------------------------------------------;
MPRINT(TABDCAT):   *---------------------------------------;
MPRINT(TABDCAT):   * CHISQ, CMH, EXACT p-values ;
MPRINT(TABDCAT):   *---------------------------------------;
MPRINT(TABDCAT):   *---------------------------------------------------;
MPRINT(TABDCAT):   * Standard (statified) categorical p-values ;
MPRINT(TABDCAT):   *---------------------------------------------------;
MPRINT(TABDCAT):   proc sort data = analfnot out = _tabcat2;
MPRINT(TABDCAT):   by trt01pn ittfl;
MPRINT(TABDCAT):   run;

                                                                    The SAS System

NOTE: There were 100 observations read from the data set WORK.ANALFNOT.
NOTE: SAS sort was used.
NOTE: The data set WORK._TABCAT2 has 100 observations and 17 variables.
NOTE: PROCEDURE SORT used (Total process time):
      real time           0.00 seconds
      cpu time            0.00 seconds
      

MPRINT(TABDCAT):   *----------------------------------------------------------------------------;
MPRINT(TABDCAT):   * If pairwise p-values are requested, generate and add to the dataset ;
MPRINT(TABDCAT):   *----------------------------------------------------------------------------;
MPRINT(TABDCAT):   *----------------------------------------------------------------------------;
MPRINT(TABDCAT):   * Final data massage before merging with accumulated statistics ;
MPRINT(TABDCAT):   *----------------------------------------------------------------------------;
MPRINT(TABDCAT):   * proc print data = _tabcat7;
MPRINT(TABDCAT):   * title "File _tabcat7 ";
MPRINT(TABDCAT):   * run;
MPRINT(TABDCAT):   data _tabcat7;
MPRINT(TABDCAT):   length label1 label2 $ 250 statord value1 - value3 $40;
MPRINT(TABDCAT):   set _tabcat7;
MPRINT(TABDCAT):   sortord=5;
MPRINT(TABDCAT):   label1="                                                                                                                           
                                                                                                                               ";
MPRINT(TABDCAT):   label2="                                                                                                                           
                                                                                                                               ";
MPRINT(TABDCAT):   type = "CAT ";
MPRINT(TABDCAT):   statord = left(start);
MPRINT(TABDCAT):   array vl {*} value1 - value3;
MPRINT(TABDCAT):   if trim(start) eq '.' or start = ' ' then delete;
MPRINT(TABDCAT):   if trim(linlabel) = '- Missing -' then statord = '999999999';
MPRINT(TABDCAT):   vct = 0;
MPRINT(TABDCAT):   do i = 1 to 3;
MPRINT(TABDCAT):   if vl{i} = ' ' and substr(linlabel,1,10) ^= 'Risk Ratio' then do;
MPRINT(TABDCAT):   vl{i} = put(0, 3. );
MPRINT(TABDCAT):   if "N" = 'Y' and statord = '999999999' then do;
MPRINT(TABDCAT):   vl{i} = put(0, 3. );
MPRINT(TABDCAT):   end;
MPRINT(TABDCAT):   end;
MPRINT(TABDCAT):   *** Reset intentionally set "No CI" back to blank ***;
MPRINT(TABDCAT):   *** if all blank then delete ***;
MPRINT(TABDCAT):   if vl{i} = "No CI" then do;
MPRINT(TABDCAT):   vl{i} = " ";
MPRINT(TABDCAT):   vct + 1;
MPRINT(TABDCAT):   end;
MPRINT(TABDCAT):   end;
MPRINT(TABDCAT):   if vct = 3 then delete;
                                                                    The SAS System

MPRINT(TABDCAT):   drop i vct ;
MPRINT(TABDCAT):   * &var;
MPRINT(TABDCAT):   run;

NOTE: There were 1 observations read from the data set WORK._TABCAT7.
NOTE: The data set WORK._TABCAT7 has 1 observations and 11 variables.
NOTE: DATA statement used (Total process time):
      real time           0.00 seconds
      cpu time            0.00 seconds
      

MPRINT(TABDCAT):   data combine;
MPRINT(TABDCAT):   set combine _tabcat7;
MPRINT(TABDCAT):   format pvalc1 pvalc2;
MPRINT(TABDCAT):   run;

NOTE: There were 0 observations read from the data set WORK.COMBINE.
NOTE: There were 1 observations read from the data set WORK._TABCAT7.
NOTE: The data set WORK.COMBINE has 1 observations and 15 variables.
NOTE: DATA statement used (Total process time):
      real time           0.00 seconds
      cpu time            0.00 seconds
      

MPRINT(TABDCAT):   ***--- End of EXACT CI ---***;
MPRINT(TABDCAT):   * proc print data = combine;
MPRINT(TABDCAT):   * title 'File combine after %tabdcat call';
MPRINT(TABDCAT):   * run;
MPRINT(TABDCAT):   *----------------------------------------------------------------------------;
MPRINT(TABDCAT):   * Cleanup ;
MPRINT(TABDCAT):   *----------------------------------------------------------------------------;
MPRINT(TABDCAT):   proc datasets library = work nolist;
MPRINT(TABDCAT):   delete _tabcat:;
MPRINT(TABDCAT):   quit;

NOTE: Deleting WORK._TABCAT1 (memtype=DATA).
NOTE: Deleting WORK._TABCAT2 (memtype=DATA).
NOTE: Deleting WORK._TABCAT3 (memtype=DATA).
NOTE: Deleting WORK._TABCAT3B (memtype=DATA).
NOTE: Deleting WORK._TABCAT4 (memtype=DATA).
NOTE: Deleting WORK._TABCAT7 (memtype=DATA).
NOTE: PROCEDURE DATASETS used (Total process time):
      real time           0.00 seconds
      cpu time            0.01 seconds
      

                                                                    The SAS System

MPRINT(MK_T_S_DISP):  ;
MPRINT(MK_T_S_DISP):   *OPTIONAL Rand/Enrl/ITT/FASFL pop;
MPRINT(MK_T_S_DISP):   data combine2;
MPRINT(MK_T_S_DISP):   set combine;
MPRINT(MK_T_S_DISP):   if sortord eq 6 then linlabel = strip("All ITT") || ' but Never Dosed';
MPRINT(MK_T_S_DISP):   run;

NOTE: There were 1 observations read from the data set WORK.COMBINE.
NOTE: The data set WORK.COMBINE2 has 1 observations and 15 variables.
NOTE: DATA statement used (Total process time):
      real time           0.00 seconds
      cpu time            0.00 seconds
      

MPRINT(MK_T_S_DISP):   *************************************************************************;
MPRINT(MK_T_S_DISP):   * Process OPT_POPFL Population(s) *;
MPRINT(MK_T_S_DISP):   *************************************************************************;
MPRINT(MK_T_S_DISP):   data pkfl;
MPRINT(MK_T_S_DISP):   set adsl_1;
MPRINT(MK_T_S_DISP):   by subjid;
MPRINT(MK_T_S_DISP):   where pkfl eq 'Y';
MPRINT(MK_T_S_DISP):   format trt01pn trtfmt. ;
MPRINT(MK_T_S_DISP):   label pkfl = ' ';
MPRINT(MK_T_S_DISP):   run;

NOTE: There were 100 observations read from the data set WORK.ADSL_1.
      WHERE pkfl='Y';
NOTE: The data set WORK.PKFL has 100 observations and 16 variables.
NOTE: DATA statement used (Total process time):
      real time           0.02 seconds
      cpu time            0.00 seconds
      

MPRINT(TABDESC):   ** only one of &spctvar,&sdpvar,&stpvar, or &sopvar should be populated **;
MPRINT(TABDESC):   data ck_ssvars;
MPRINT(TABDESC):   sv1=0;
MPRINT(TABDESC):   sv2=0;
MPRINT(TABDESC):   sv3=0;
MPRINT(TABDESC):   sv4=0;
MPRINT(TABDESC):   all_ss=sum(sv1,sv2,sv3,sv4);
MPRINT(TABDESC):   call symput("all_ss",strip(put(all_ss,best.)));
MPRINT(TABDESC):   run;

NOTE: The data set WORK.CK_SSVARS has 1 observations and 5 variables.
NOTE: DATA statement used (Total process time):
      real time           0.00 seconds
                                                                    The SAS System

      cpu time            0.00 seconds
      

MPRINT(TABDESC):   ***--- print all/selected columns ---***;
MPRINT(TABDESC):   ***---31may2007 VK ---***;
MPRINT(TABDESC):   ***--- create data set showing the showallcol values...21Sep2010...saw ---***;
MPRINT(TABDESC):   *----------------------------------------------------------------------------;
MPRINT(TABDESC):   * initialize the dataset that will accumulate the statistic records ;
MPRINT(TABDESC):   *----------------------------------------------------------------------------;
MPRINT(TABDESC):   data combine;
MPRINT(TABDESC):   stop;
MPRINT(TABDESC):   pval1 = .;
MPRINT(TABDESC):   pval2 = .;
MPRINT(TABDESC):   length pvalc1 pvalc2 $10;
MPRINT(TABDESC):   pvalc1='';
MPRINT(TABDESC):   pvalc2='';
MPRINT(TABDESC):   run;

NOTE: The data set WORK.COMBINE has 0 observations and 4 variables.
NOTE: DATA statement used (Total process time):
      real time           0.00 seconds
      cpu time            0.00 seconds
      

MPRINT(TABDESC):   *----------------------------------------------------------------------------;
MPRINT(TABDESC):   * if > 1 byvar variable, set up individual macro vars ;
MPRINT(TABDESC):   *----------------------------------------------------------------------------;
MPRINT(TABDESC):   *----------------------------------------------------------------------------;
MPRINT(TABDESC):   * Prepare for p-value calculations ;
MPRINT(TABDESC):   * if pairwise p-values are requested, calculate how many pairs ;
MPRINT(TABDESC):   *----------------------------------------------------------------------------;
MPRINT(TABDESC):  ;
MPRINT(TABDESC):  ;
MPRINT(TABDESC):  ;
MPRINT(TABDESC):  ;
MPRINT(TABDESC):  ;
MPRINT(TABDESC):  ;
MPRINT(TABDESC):  ;
MPRINT(TABDESC):   *----------------------------------------------------------------------------;
MPRINT(TABDESC):   * Check input dataset for existence, var names, var formats and type ;
MPRINT(TABDESC):   *----------------------------------------------------------------------------;
MPRINT(TABDESC):   data _null_;
MPRINT(TABDESC):   set pkfl;
MPRINT(TABDESC):   where trt01pn <=0;
MPRINT(TABDESC):   if _n_ = 1 then do;
MPRINT(TABDESC):   call symput("_errcode",'F');
                                                                    The SAS System

MPRINT(TABDESC):   call symput("_errmsg","Column variable (in COLVAR) trt01pn contains a zero or a missing "||"value - canceling run" );
MPRINT(TABDESC):   end;
MPRINT(TABDESC):   run;

NOTE: There were 0 observations read from the data set WORK.PKFL.
      WHERE trt01pn<=0;
NOTE: DATA statement used (Total process time):
      real time           0.01 seconds
      cpu time            0.00 seconds
      

MPRINT(TABDESC):   data _null_;
MPRINT(TABDESC):   rc = exist("pkfl","DATA");
MPRINT(TABDESC):   if not(rc) then do;
MPRINT(TABDESC):   call symput("_errcode",'F');
MPRINT(TABDESC):   call symput("_errmsg","Input dataset (in DATA) pkfl does not "||"exist - canceling run" );
MPRINT(TABDESC):   goto errout;
MPRINT(TABDESC):   end;
MPRINT(TABDESC):   ds = open("pkfl","i");
MPRINT(TABDESC):   var = varnum(ds, "trt01pn");
MPRINT(TABDESC):   if not(var) then do;
MPRINT(TABDESC):   call symput("_errcode",'F');
MPRINT(TABDESC):   call symput("_errmsg","Column variable (in COLVAR) trt01pn does not "||"exist - canceling run" );
MPRINT(TABDESC):   goto errout;
MPRINT(TABDESC):   end;
MPRINT(TABDESC):   call symput("_colvarf",varfmt(ds,var));
MPRINT(TABDESC):   *** Check population variables ***;
MPRINT(TABDESC):   *** Check stratification variables ***;
MPRINT(TABDESC):   var = varnum(ds, "subjid");
MPRINT(TABDESC):   if not(var) then do;
MPRINT(TABDESC):   call symput("_errcode",'F');
MPRINT(TABDESC):   call symput("_errmsg","Patient identifying variable (in PTVAR) subjid does not "||"exist - canceling run" );
MPRINT(TABDESC):   goto errout;
MPRINT(TABDESC):   end;
MPRINT(TABDESC):   errout: run;

NOTE: DATA statement used (Total process time):
      real time           0.00 seconds
      cpu time            0.00 seconds
      

MPRINT(TABDESC):   *----------------------------------------------------------------------------;
MPRINT(TABDESC):   * Subset the analysis file for the right sample and ;
MPRINT(TABDESC):   * perform all necessary data massage here. ;
MPRINT(TABDESC):   *----------------------------------------------------------------------------;
MPRINT(TABDESC):   data analf analfall;
                                                                    The SAS System

MPRINT(TABDESC):   set pkfl ;
MPRINT(TABDESC):   ;
MPRINT(TABDESC):   call symput('_empty','0');
MPRINT(TABDESC):   run;

NOTE: There were 100 observations read from the data set WORK.PKFL.
NOTE: The data set WORK.ANALF has 100 observations and 16 variables.
NOTE: The data set WORK.ANALFALL has 100 observations and 16 variables.
NOTE: DATA statement used (Total process time):
      real time           0.02 seconds
      cpu time            0.00 seconds
      

MPRINT(TABDESC):   *----------------------------------------------------------------------------;
MPRINT(TABDESC):   * Find the maximum value of the column variable ;
MPRINT(TABDESC):   * Use the highest value in the data. Override with the highest value in the;
MPRINT(TABDESC):   * format if higher ;
MPRINT(TABDESC):   *----------------------------------------------------------------------------;
MPRINT(GETFMT):   data _null_;
MPRINT(GETFMT):   set sashelp.voption;
MPRINT(GETFMT):   where optname = 'FMTSEARCH';
MPRINT(GETFMT):   length fmtpath $2000;
MPRINT(GETFMT):   fmtpath = 'WORK ' || compress(setting,'()');
MPRINT(GETFMT):   call symput('_fmtpath',fmtpath);
MPRINT(GETFMT):   fmtname = "TRTFMT. ";
MPRINT(GETFMT):   if substr(fmtname,1,1) = '$' then call symput("fmttype","C");
MPRINT(GETFMT):   if substr(fmtname,1,1) ^= '$' then call symput("fmttype","N");
MPRINT(GETFMT):   fmtname = compress(fmtname,'$. ');
MPRINT(GETFMT):   call symput("fmtname",fmtname);
MPRINT(GETFMT):   run;

NOTE: There were 1 observations read from the data set SASHELP.VOPTION.
      WHERE optname='FMTSEARCH';
NOTE: DATA statement used (Total process time):
      real time           0.00 seconds
      cpu time            0.00 seconds
      

MPRINT(GETFMT):   data _getfmt1;
MPRINT(GETFMT):   set sashelp.vcatalg;
MPRINT(GETFMT):   memname = upcase(memname);
MPRINT(GETFMT):   objname = upcase(objname);
MPRINT(GETFMT):   ** kdaughtry - 29Aug2008 **;
MPRINT(GETFMT):   **where memname = 'FORMATS' and trim(objname) = trim("&fmtname");
MPRINT(GETFMT):   where trim(objname) = trim("TRTFMT  ") and libname^='SASHELP' and objtype=:'FORMAT';
MPRINT(GETFMT):   **indx = indexw("%upcase( &_fmtpath)",upcase(trim(libname)));
                                                                    The SAS System

MPRINT(GETFMT):   indx = index("WORK _FMTS_1",upcase(trim(libname)));
MPRINT(GETFMT):   if indx;
MPRINT(GETFMT):   run;

NOTE: There were 2 observations read from the data set SASHELP.VCATALG.
      WHERE (TRIM(objname)='TRTFMT') and (libname not = 'SASHELP') and (objtype=:'FORMAT');
NOTE: The data set WORK._GETFMT1 has 1 observations and 11 variables.
NOTE: DATA statement used (Total process time):
      real time           0.08 seconds
      cpu time            0.01 seconds
      

MPRINT(GETFMT):   proc sort data = _getfmt1;
MPRINT(GETFMT):   by indx;
MPRINT(GETFMT):   run;

NOTE: There were 1 observations read from the data set WORK._GETFMT1.
NOTE: SAS sort was used.
NOTE: The data set WORK._GETFMT1 has 1 observations and 11 variables.
NOTE: PROCEDURE SORT used (Total process time):
      real time           0.00 seconds
      cpu time            0.00 seconds
      

MPRINT(GETFMT):   data _null_;
MPRINT(GETFMT):   set _getfmt1 end = eof;
MPRINT(GETFMT):   **call symput("_flib" || compress(put(_n_,best.)) , libname );
MPRINT(GETFMT):   ** kdaughtry - 29Aug2008 **;
MPRINT(GETFMT):   ** chg _flib to be libname and memname together so can handle format **;
MPRINT(GETFMT):   ** catalogs with a name other than formats **;
MPRINT(GETFMT):   call symput("_flib" || compress(put(_n_,best.)) , compress(libname) || "." || compress(memname) );
MPRINT(GETFMT):   if eof then call symput("_nlib",compress(put(_n_,best.)));
MPRINT(GETFMT):   run;

NOTE: There were 1 observations read from the data set WORK._GETFMT1.
NOTE: DATA statement used (Total process time):
      real time           0.00 seconds
      cpu time            0.01 seconds
      

MPRINT(GETFMT):   proc format library = _FMTS_1.FORMATS cntlout = _getfmt2;
MPRINT(GETFMT):   run;
NOTE: PROCEDURE FORMAT used (Total process time):
      real time           0.11 seconds
      cpu time            0.00 seconds
      
                                                                    The SAS System

NOTE: The data set WORK._GETFMT2 has 499 observations and 21 variables.

MPRINT(GETFMT):   data _tabd1;
MPRINT(GETFMT):   set _getfmt2;
MPRINT(GETFMT):   if upcase(trim(fmtname)) = trim("TRTFMT  ") and upcase(type) = "N" then do;
MPRINT(GETFMT):   start = left(start);
MPRINT(GETFMT):   output;
MPRINT(GETFMT):   call symput('_gotfmt','Y');
MPRINT(GETFMT):   end;
MPRINT(GETFMT):   run;

NOTE: There were 499 observations read from the data set WORK._GETFMT2.
NOTE: The data set WORK._TABD1 has 2 observations and 21 variables.
NOTE: DATA statement used (Total process time):
      real time           0.00 seconds
      cpu time            0.00 seconds
      

MPRINT(TABDESC):  ;
MPRINT(TABDESC):   data _tabd1_sw (keep=trt01pn);
MPRINT(TABDESC):   set _tabd1 end=eof nobs=numobs;
MPRINT(TABDESC):   *** kaling 19jun2015 nobs ***;
MPRINT(TABDESC):   trt01pn = input(left(start),best8.);
MPRINT(TABDESC):   if eof then call symput('ntrt_fmt',compress(put(numobs,5.)) );
MPRINT(TABDESC):   *** kaling 19jun2015 ***;
MPRINT(TABDESC):   run;

NOTE: There were 2 observations read from the data set WORK._TABD1.
NOTE: The data set WORK._TABD1_SW has 2 observations and 1 variables.
NOTE: DATA statement used (Total process time):
      real time           0.00 seconds
      cpu time            0.01 seconds
      

MPRINT(TABDESC):   proc sort data= analf out = analfpt (keep = trt01pn subjid) nodupkey;
MPRINT(TABDESC):   by trt01pn subjid;
MPRINT(TABDESC):   run;

NOTE: There were 100 observations read from the data set WORK.ANALF.
NOTE: SAS sort was used.
NOTE: 0 observations with duplicate key values were deleted.
NOTE: The data set WORK.ANALFPT has 100 observations and 2 variables.
NOTE: PROCEDURE SORT used (Total process time):
      real time           0.01 seconds
      cpu time            0.00 seconds
      
                                                                    The SAS System


MPRINT(TABDESC):   data analfpt;
MPRINT(TABDESC):   set analfpt;
MPRINT(TABDESC):   format trt01pn;
MPRINT(TABDESC):   run;

NOTE: There were 100 observations read from the data set WORK.ANALFPT.
NOTE: The data set WORK.ANALFPT has 100 observations and 2 variables.
NOTE: DATA statement used (Total process time):
      real time           0.00 seconds
      cpu time            0.00 seconds
      

MPRINT(TABDESC):   proc summary data=analfpt nway;
MPRINT(TABDESC):   class trt01pn;
MPRINT(TABDESC):   output out=_tabd2;
MPRINT(TABDESC):   run;

NOTE: Multiple concurrent threads will be used to summarize data.
NOTE: There were 100 observations read from the data set WORK.ANALFPT.
NOTE: The data set WORK._TABD2 has 2 observations and 3 variables.
NOTE: PROCEDURE SUMMARY used (Total process time):
      real time           0.00 seconds
      cpu time            0.01 seconds
      

MPRINT(TABDESC):   data _null_;
MPRINT(TABDESC):   merge _tabd2 (in=_V)
MPRINT(TABDESC):   _tabd1_sw (in=_F) end = eof;
MPRINT(TABDESC):   BY trt01pn;
MPRINT(TABDESC):   LENGTH _A $8 _B $50;
MPRINT(TABDESC):   IF trt01pn NE _N_ THEN DO;
MPRINT(TABDESC):   _A='ER'||'ROR:';
MPRINT(TABDESC):   _B="The value "||strip(put(trt01pn,best.))||'is out of sequence.';
MPRINT(TABDESC):   PUT _A "**---------------------------------------------------------------------------------------**";
MPRINT(TABDESC):   PUT _A "The variable trt01pn and its format must contain consecutive positive integers starting from 1. " _B;
MPRINT(TABDESC):   PUT _A "**---------------------------------------------------------------------------------------**";
MPRINT(TABDESC):   ABORT;
MPRINT(TABDESC):   END;
MPRINT(TABDESC):  ;
MPRINT(TABDESC):   IF _V AND (NOT(_F)) THEN DO;
MPRINT(TABDESC):   _A='WAR'||'NING:';
MPRINT(TABDESC):   _B="You have an unformatted trt01pn value of "||strip(put(trt01pn,best.))||'.';
MPRINT(TABDESC):   PUT _A "**---------------------------------------------------------------------------------------**";
MPRINT(TABDESC):   PUT _A _B " Use the SHOWALLCOL parameter in tabdesc when you have columns you do not wish to display.";
MPRINT(TABDESC):   PUT _A "**---------------------------------------------------------------------------------------**";
                                                                    The SAS System

MPRINT(TABDESC):   END;
MPRINT(TABDESC):   ELSE IF (NOT(_V)) AND _F THEN DO;
MPRINT(TABDESC):   _A='WAR'||'NING:';
MPRINT(TABDESC):   _B="You have a format for the value "||strip(put(trt01pn,best.))||',';
MPRINT(TABDESC):   PUT _A "**---------------------------------------------------------------------------------------**";
MPRINT(TABDESC):   PUT _A _B " but this value does not appear in the passed data.";
MPRINT(TABDESC):   PUT _A "**---------------------------------------------------------------------------------------**";
MPRINT(TABDESC):   END;
MPRINT(TABDESC):   IF NOT(EOF) THEN DO;
MPRINT(TABDESC):   IF NOT(_V) THEN DO;
MPRINT(TABDESC):   _A='WAR'||'NING:';
MPRINT(TABDESC):   _B="You have requested printing the trt01pn value of "||strip(put(trt01pn,best.))||',';
MPRINT(TABDESC):   PUT _A "**---------------------------------------------------------------------------------------**";
MPRINT(TABDESC):   PUT _A _B " but this value is not present in the passed data.";
MPRINT(TABDESC):   PUT _A "**---------------------------------------------------------------------------------------**";
MPRINT(TABDESC):   END;
MPRINT(TABDESC):   END;
MPRINT(TABDESC):  ;
MPRINT(TABDESC):   RUN;

NOTE: There were 2 observations read from the data set WORK._TABD2.
NOTE: There were 2 observations read from the data set WORK._TABD1_SW.
NOTE: DATA statement used (Total process time):
      real time           0.00 seconds
      cpu time            0.00 seconds
      

MPRINT(TABDESC):   ************* kaling begin 19jun2015 ************;
MPRINT(TABDESC):   data _null_;
MPRINT(TABDESC):   if 1 eq 2 then set _tabd2 nobs=ntrt_data;
MPRINT(TABDESC):   maxcol =max(ntrt_data, 2 );
MPRINT(TABDESC):   maxcol_1=maxcol;
MPRINT(TABDESC):   maxcol_1=maxcol +1;
MPRINT(TABDESC):   call symput( 'maxcol',compress(put(maxcol ,5.)) );
MPRINT(TABDESC):   call symput('_maxcol',compress(put(maxcol_1 ,5.)) );
MPRINT(TABDESC):   stop;
MPRINT(TABDESC):   run;

NOTE: DATA statement used (Total process time):
      real time           0.00 seconds
      cpu time            0.00 seconds
      

'TOOLVER=' v4.19.01   ' MAXCOL=' 2   ' _MAXCOL= '  3
' SHOWALLCOL=' Y
'line 721 _SHOWALLCOL=' Y
                                                                    The SAS System

MPRINT(TABDESC):   ************** kaling end 19jun2015 ************;
MPRINT(TABDESC):   data _null_;
MPRINT(TABDESC):   set _tabd2 end = eof;
MPRINT(TABDESC):   call symput("_colct" || compress(put(trt01pn,best.)) , put(_freq_,best.) );
MPRINT(TABDESC):   run;

NOTE: There were 2 observations read from the data set WORK._TABD2.
NOTE: DATA statement used (Total process time):
      real time           0.00 seconds
      cpu time            0.00 seconds
      

MPRINT(TABDESC):   *----------------------------------------------------------------------------;
MPRINT(TABDESC):   * determine total number of patients in each column and in the whole file ;
MPRINT(TABDESC):   *----------------------------------------------------------------------------;
MPRINT(TABDESC):   proc sort data= analf out = analfpt (keep = subjid) nodupkey;
MPRINT(TABDESC):   by subjid;
MPRINT(TABDESC):   run;

NOTE: There were 100 observations read from the data set WORK.ANALF.
NOTE: SAS sort was used.
NOTE: 0 observations with duplicate key values were deleted.
NOTE: The data set WORK.ANALFPT has 100 observations and 1 variables.
NOTE: PROCEDURE SORT used (Total process time):
      real time           0.00 seconds
      cpu time            0.01 seconds
      

MPRINT(TABDESC):   data _null_;
MPRINT(TABDESC):   set analfpt nobs = _freq_;
MPRINT(TABDESC):   call symput("_patct", put(_freq_,best.));
MPRINT(TABDESC):   call symput("_colct3", put(_freq_,best.) );
MPRINT(TABDESC):   if _freq_ = 0 then do;
MPRINT(TABDESC):   call symput("_errcode",'F');
MPRINT(TABDESC):   call symput("_errmsg","No patients meet subset criteria - canceling run" );
MPRINT(TABDESC):   end;
MPRINT(TABDESC):   stop;
MPRINT(TABDESC):   run;

NOTE: There were 1 observations read from the data set WORK.ANALFPT.
NOTE: DATA statement used (Total process time):
      real time           0.00 seconds
      cpu time            0.00 seconds
      

MPRINT(TABDESC):   ** # of subj at top of table will not reflect subset of subjects **;
                                                                    The SAS System

MPRINT(TABDESC):   *----------------------------------------------------------------------------;
MPRINT(TABDESC):   * Set up file with duplicate records for total column if necessary ;
MPRINT(TABDESC):   *----------------------------------------------------------------------------;
MPRINT(TABDESC):   data analf analfnot;
MPRINT(TABDESC):   set analf;
MPRINT(TABDESC):   format trt01pn;
MPRINT(TABDESC):   output analf;
MPRINT(TABDESC):   output analfnot;
MPRINT(TABDESC):   trt01pn=3;
MPRINT(TABDESC):   output analf;
MPRINT(TABDESC):   run;

NOTE: There were 100 observations read from the data set WORK.ANALF.
NOTE: The data set WORK.ANALF has 200 observations and 16 variables.
NOTE: The data set WORK.ANALFNOT has 100 observations and 16 variables.
NOTE: DATA statement used (Total process time):
      real time           0.00 seconds
      cpu time            0.00 seconds
      

MPRINT(TABDESC):   proc sort data=analf;
MPRINT(TABDESC):   by trt01pn;
MPRINT(TABDESC):   run;

NOTE: There were 200 observations read from the data set WORK.ANALF.
NOTE: SAS sort was used.
NOTE: The data set WORK.ANALF has 200 observations and 16 variables.
NOTE: PROCEDURE SORT used (Total process time):
      real time           0.00 seconds
      cpu time            0.00 seconds
      

MPRINT(TABDESC):   proc sort data=analfnot;
MPRINT(TABDESC):   by trt01pn;
MPRINT(TABDESC):   run;

NOTE: There were 100 observations read from the data set WORK.ANALFNOT.
NOTE: SAS sort was used.
NOTE: The data set WORK.ANALFNOT has 100 observations and 16 variables.
NOTE: PROCEDURE SORT used (Total process time):
      real time           0.00 seconds
      cpu time            0.01 seconds
      

MPRINT(TABDESC):   data analfall;
MPRINT(TABDESC):   set analfall;
                                                                    The SAS System

MPRINT(TABDESC):   format trt01pn;
MPRINT(TABDESC):   output analfall;
MPRINT(TABDESC):   trt01pn=3;
MPRINT(TABDESC):   output analfall;
MPRINT(TABDESC):   run;

NOTE: There were 100 observations read from the data set WORK.ANALFALL.
NOTE: The data set WORK.ANALFALL has 200 observations and 16 variables.
NOTE: DATA statement used (Total process time):
      real time           0.00 seconds
      cpu time            0.00 seconds
      

MPRINT(TABDESC):   *----------------------------------------------------------------------------;
MPRINT(TABDESC):   * determine total number of patients per &byvar value, if necessary ;
MPRINT(TABDESC):   *----------------------------------------------------------------------------;
MPRINT(TABDESC):   *----------------------------------------------------------------------------;
MPRINT(TABDESC):   * If pairwise=ALL, set to a list of all the pairs in the data ;
MPRINT(TABDESC):   *----------------------------------------------------------------------------;
MPRINT(TABPAIR):   *** change pairwise if = ALL ***;
MPRINT(TABPAIR):   *** call macro for each pair of pair_wise ***;
MPRINT(TABDESC):  ;
'TOOLVER=' v4.19.01   ' MAXCOL=' 2   ' _MAXCOL= '  3
' SHOWALLCOL=' Y
'line 1269 _SHOWALLCOL=' Y
MPRINT(TABDESC):  ;
MPRINT(TABDESC):   proc datasets library = work nolist;
MPRINT(TABDESC):   *delete _tabd1 _tabd2 _tabd3 _tabd4 _tabd5 _tabd6 _tabd7;
MPRINT(TABDESC):   delete _tabd: ;
MPRINT(TABDESC):   *2016-12-29 kchan07 replace _tabd1.... _tabd7;
MPRINT(TABDESC):   quit;

NOTE: Deleting WORK._TABD1 (memtype=DATA).
NOTE: Deleting WORK._TABD1_SW (memtype=DATA).
NOTE: Deleting WORK._TABD2 (memtype=DATA).
NOTE: PROCEDURE DATASETS used (Total process time):
      real time           0.00 seconds
      cpu time            0.00 seconds
      

MPRINT(MK_T_S_DISP):  ;
MPRINT(TABDCAT):   *-----------------------------------------------------------------------------------------------* | Definition of internal macros 
| *-----------------------------------------------------------------------------------------------*;
MPRINT(TABDCAT):   *------------------------------------------------------------------------;
MPRINT(TABDCAT):   * macro tab_sam_hp ;
MPRINT(TABDCAT):   * Calculate Stratum-Adjusted Mantel-Haenszel Proportion ;
                                                                    The SAS System

MPRINT(TABDCAT):   *------------------------------------------------------------------------;
MPRINT(TABDCAT):   *------------------------------------------------------------------------;
MPRINT(TABDCAT):   * macro ciexact ;
MPRINT(TABDCAT):   * Calculate Confidence intervals using exact method - VK 15AUG2007;
MPRINT(TABDCAT):   *------------------------------------------------------------------------;
MPRINT(TABDCAT):   *----------------------------------------------------------------------------;
MPRINT(TABDCAT):   * macro ciprep ;
MPRINT(TABDCAT):   * Prepare file for CI calculation ;
MPRINT(TABDCAT):   *----------------------------------------------------------------------------;
MPRINT(TABDCAT):   *----------------------------------------------------------------------------;
MPRINT(TABDCAT):   * macro ciprop ;
MPRINT(TABDCAT):   * Do CI calculation ;
MPRINT(TABDCAT):   *----------------------------------------------------------------------------;
MPRINT(TABDCAT):   *----------------------------------------------------------------------------;
MPRINT(TABDCAT):   * macro rratio ;
MPRINT(TABDCAT):   * Do risk ratio calculations ;
MPRINT(TABDCAT):   *----------------------------------------------------------------------------;
MPRINT(TABDCAT):   *----------------------------------------------------------------------------;
MPRINT(TABDCAT):   * macro rrcalc ;
MPRINT(TABDCAT):   * Do risk ratio calculations for each selected pair ;
MPRINT(TABDCAT):   *----------------------------------------------------------------------------;
MPRINT(TABDCAT):   *------------------------------------------------------------------;
MPRINT(TABDCAT):   * macro pval ;
MPRINT(TABDCAT):   * p-value calculation ;
MPRINT(TABDCAT):   *------------------------------------------------------------------;
MPRINT(TABDCAT):   *-----------------------------------------------------------------------------------------------------------* | End of internal 
macro definition and beginning of tabdcat main section | 
*-----------------------------------------------------------------------------------------------------------*;
MPRINT(TABDCAT):   *** use default risktype if no local override ***;
MPRINT(TABDCAT):  ;
MPRINT(TABDCAT):   **************************************************;
MPRINT(TABDCAT):   *** modify stratification locally if requested ***;
MPRINT(TABDCAT):   **************************************************;
MPRINT(TABDCAT):   *----------------------------------------------------------------------------;
MPRINT(TABDCAT):   * Get analysis variable attributes (type, label, format) ;
MPRINT(TABDCAT):   * Cancel run if variable .does not. exist ;
MPRINT(TABDCAT):   *----------------------------------------------------------------------------;
MPRINT(TABDCAT):   data _null_;
MPRINT(TABDCAT):   length label1 label2 $250;
MPRINT(TABDCAT):   ds = open("analf","i");
MPRINT(TABDCAT):   var = varnum(ds , "pkfl");
MPRINT(TABDCAT):   if not(var) then do;
MPRINT(TABDCAT):   call symput("_errcode","F");
MPRINT(TABDCAT):   call symput("_errmsg","Categorical analysis variable pkfl .does not. exist - canceling run" );
MPRINT(TABDCAT):   end;
MPRINT(TABDCAT):   else do;
                                                                    The SAS System

MPRINT(TABDCAT):   call symput("catvfmt",varfmt(ds,var));
MPRINT(TABDCAT):   label1 = varlabel(ds,var);
MPRINT(TABDCAT):   if index(label1,'~') > 0 then do;
MPRINT(TABDCAT):   label2 = scan(label1,2,'~');
MPRINT(TABDCAT):   label1 = scan(label1,1,'~');
MPRINT(TABDCAT):   end;
MPRINT(TABDCAT):   call symput("label1",label1);
MPRINT(TABDCAT):   call symput("label2",label2);
MPRINT(TABDCAT):   typ = vartype(ds,var);
MPRINT(TABDCAT):   call symput("type",typ);
MPRINT(TABDCAT):   end;
MPRINT(TABDCAT):   run;

INFO: Character variables have defaulted to a length of 200 at the places given by: (Line):(Column). Truncation can result.
      2532:194 TYP
NOTE: DATA statement used (Total process time):
      real time           0.00 seconds
      cpu time            0.00 seconds
      

MPRINT(TABDCAT):   *****************************************;
MPRINT(TABDCAT):   *** crate template of categories that ***;
MPRINT(TABDCAT):   *** would appear in output. ***;
MPRINT(TABDCAT):   *****************************************;
MPRINT(TABDCAT):   proc sort data = analf out=col (keep= trt01pn) nodupkey;
MPRINT(TABDCAT):   by trt01pn;
MPRINT(TABDCAT):   run;

NOTE: There were 200 observations read from the data set WORK.ANALF.
NOTE: SAS sort was used.
NOTE: 197 observations with duplicate key values were deleted.
NOTE: The data set WORK.COL has 3 observations and 1 variables.
NOTE: PROCEDURE SORT used (Total process time):
      real time           0.00 seconds
      cpu time            0.00 seconds
      

MPRINT(TABDCAT):   ********************************************************************************;
MPRINT(TABDCAT):   *** 1) If there is no format assigned to analysis variabe then ***;
MPRINT(TABDCAT):   *** create template based on data and will alsways incluse missing as a cat. ***;
MPRINT(TABDCAT):   ********************************************************************************;
MPRINT(TABDCAT):   proc sort data = analf out=_cat (keep=pkfl rename=(pkfl=pkfl)) nodupkey;
MPRINT(TABDCAT):   where pkfl ne ' ';
MPRINT(TABDCAT):   by pkfl;
MPRINT(TABDCAT):   run;

                                                                    The SAS System

NOTE: There were 200 observations read from the data set WORK.ANALF.
      WHERE pkfl not = ' ';
NOTE: SAS sort was used.
NOTE: 199 observations with duplicate key values were deleted.
NOTE: The data set WORK._CAT has 1 observations and 1 variables.
NOTE: PROCEDURE SORT used (Total process time):
      real time           0.00 seconds
      cpu time            0.00 seconds
      

MPRINT(TABDCAT):   proc sort data=_cat;
MPRINT(TABDCAT):   by pkfl;
MPRINT(TABDCAT):   run;

NOTE: Input data set is already sorted, no sorting done.
NOTE: PROCEDURE SORT used (Total process time):
      real time           0.00 seconds
      cpu time            0.00 seconds
      

MPRINT(TABDCAT):   *** then output the template ***;
MPRINT(TABDCAT):   data _cat;
MPRINT(TABDCAT):   set col end=eof;
MPRINT(TABDCAT):   do i = 1 to x;
MPRINT(TABDCAT):   set _cat nobs=x point=i;
MPRINT(TABDCAT):   output;
MPRINT(TABDCAT):   end;
MPRINT(TABDCAT):   run;

NOTE: There were 3 observations read from the data set WORK.COL.
NOTE: The data set WORK._CAT has 3 observations and 2 variables.
NOTE: DATA statement used (Total process time):
      real time           0.00 seconds
      cpu time            0.00 seconds
      

MPRINT(TABDCAT):   *** make sure missing value is in the template ***;
MPRINT(TABDCAT):   proc sort data=_cat;
MPRINT(TABDCAT):   by trt01pn;
MPRINT(TABDCAT):   run;

NOTE: There were 3 observations read from the data set WORK._CAT.
NOTE: SAS sort was used.
NOTE: The data set WORK._CAT has 3 observations and 2 variables.
NOTE: PROCEDURE SORT used (Total process time):
      real time           0.00 seconds
                                                                    The SAS System

      cpu time            0.00 seconds
      

MPRINT(TABDCAT):   data _cat;
MPRINT(TABDCAT):   set _cat;
MPRINT(TABDCAT):   by trt01pn;
MPRINT(TABDCAT):   output;
MPRINT(TABDCAT):   if first.trt01pn and pkfl ne ' ' then do;
MPRINT(TABDCAT):   pkfl = ' ';
MPRINT(TABDCAT):   output;
MPRINT(TABDCAT):   end;
MPRINT(TABDCAT):   run;

NOTE: There were 3 observations read from the data set WORK._CAT.
NOTE: The data set WORK._CAT has 6 observations and 2 variables.
NOTE: DATA statement used (Total process time):
      real time           0.00 seconds
      cpu time            0.01 seconds
      

MPRINT(TABDCAT):   *** out option value into template ***;
MPRINT(TABDCAT):   data _cat;
MPRINT(TABDCAT):   set _cat;
MPRINT(TABDCAT):   if pkfl=' ' then do;
MPRINT(TABDCAT):   nomisspc="Y";
MPRINT(TABDCAT):   misspct ="N";
MPRINT(TABDCAT):   misspval="N";
MPRINT(TABDCAT):   end;
MPRINT(TABDCAT):   run;

NOTE: There were 6 observations read from the data set WORK._CAT.
NOTE: The data set WORK._CAT has 6 observations and 5 variables.
NOTE: DATA statement used (Total process time):
      real time           0.00 seconds
      cpu time            0.00 seconds
      

MPRINT(TABDCAT):   proc sort;
MPRINT(TABDCAT):   by trt01pn pkfl;
MPRINT(TABDCAT):   run;

NOTE: There were 6 observations read from the data set WORK._CAT.
NOTE: SAS sort was used.
NOTE: The data set WORK._CAT has 6 observations and 5 variables.
NOTE: PROCEDURE SORT used (Total process time):
      real time           0.00 seconds
                                                                    The SAS System

      cpu time            0.00 seconds
      

MPRINT(TABDCAT):   * proc print data=_cat;
MPRINT(TABDCAT):   * title 'Cat. template';
MPRINT(TABDCAT):   * run;
MPRINT(TABDCAT):   *-------------------------;
MPRINT(TABDCAT):   * Count all data ;
MPRINT(TABDCAT):   *-------------------------;
MPRINT(TABDCAT):   proc sort data = analf out = _tabcat1;
MPRINT(TABDCAT):   by trt01pn pkfl;
MPRINT(TABDCAT):   run;

NOTE: There were 200 observations read from the data set WORK.ANALF.
NOTE: SAS sort was used.
NOTE: The data set WORK._TABCAT1 has 200 observations and 16 variables.
NOTE: PROCEDURE SORT used (Total process time):
      real time           0.00 seconds
      cpu time            0.00 seconds
      

MPRINT(TABDCAT):   proc freq data=_tabcat1 noprint;
MPRINT(TABDCAT):   by trt01pn;
MPRINT(TABDCAT):   tables pkfl / missing out=_tabcat3 (drop=percent);
MPRINT(TABDCAT):   * title "Macro tabdcat: File _tabcat3 after first freq ";
MPRINT(TABDCAT):   run;

NOTE: There were 200 observations read from the data set WORK._TABCAT1.
NOTE: The data set WORK._TABCAT3 has 3 observations and 3 variables.
NOTE: PROCEDURE FREQ used (Total process time):
      real time           0.00 seconds
      cpu time            0.00 seconds
      

MPRINT(TABDCAT):   ****************************************;
MPRINT(TABDCAT):   *** merge with _cat to expand levels ***;
MPRINT(TABDCAT):   ****************************************;
MPRINT(TABDCAT):   data _tabcat3;
MPRINT(TABDCAT):   merge _tabcat3 (in=int) _cat (in=ins);
MPRINT(TABDCAT):   by trt01pn pkfl;
MPRINT(TABDCAT):   if ins;
MPRINT(TABDCAT):   if not int then count = 0;
MPRINT(TABDCAT):   run;

NOTE: There were 3 observations read from the data set WORK._TABCAT3.
NOTE: There were 6 observations read from the data set WORK._CAT.
                                                                    The SAS System

NOTE: The data set WORK._TABCAT3 has 6 observations and 6 variables.
NOTE: DATA statement used (Total process time):
      real time           0.00 seconds
      cpu time            0.01 seconds
      

MPRINT(TABDCAT):   * proc print;
MPRINT(TABDCAT):   * title "Macro tabdcat: File _tabcat3 after expanding categories";
MPRINT(TABDCAT):   * run;
MPRINT(TABDCAT):   *-----------------------------------------------------------;
MPRINT(TABDCAT):   * Get column totals for denominator ;
MPRINT(TABDCAT):   * If needed to, change the denominator base on denom option;
MPRINT(TABDCAT):   * then calculate percent from count and coldenom ;
MPRINT(TABDCAT):   *-----------------------------------------------------------;
MPRINT(TABDCAT):   proc summary nway data=_tabcat3 noprint;
MPRINT(TABDCAT):   where nomisspc ne 'Y';
MPRINT(TABDCAT):   class trt01pn;
MPRINT(TABDCAT):   var count;
MPRINT(TABDCAT):   output out=_tabcat3b(keep= trt01pn coldenom) sum=coldenom;
MPRINT(TABDCAT):   run;

NOTE: Multiple concurrent threads will be used to summarize data.
NOTE: There were 3 observations read from the data set WORK._TABCAT3.
      WHERE nomisspc not = 'Y';
NOTE: The data set WORK._TABCAT3B has 3 observations and 2 variables.
NOTE: PROCEDURE SUMMARY used (Total process time):
      real time           0.00 seconds
      cpu time            0.00 seconds
      

MPRINT(TABDCAT):   data _tabcat3;
MPRINT(TABDCAT):   merge _tabcat3 (in=in3) _tabcat3b (in=inb) ;
MPRINT(TABDCAT):   by trt01pn;
MPRINT(TABDCAT):   if in3;
MPRINT(TABDCAT):   if not inb then coldenom = 0;
MPRINT(TABDCAT):   ** kdaughtry - 09Sep2008 **;
MPRINT(TABDCAT):   **if coldenom ne 0 and .<count<=coldenom then percent = count / coldenom * 100;
MPRINT(TABDCAT):   if count>0 and coldenom ne 0 and .<count<=coldenom then percent = count / coldenom * 100;
MPRINT(TABDCAT):   run;

NOTE: There were 6 observations read from the data set WORK._TABCAT3.
NOTE: There were 3 observations read from the data set WORK._TABCAT3B.
NOTE: The data set WORK._TABCAT3 has 6 observations and 8 variables.
NOTE: DATA statement used (Total process time):
      real time           0.00 seconds
      cpu time            0.01 seconds
                                                                    The SAS System

      

MPRINT(TABDCAT):   * proc print data = _tabcat3 (obs=100);
MPRINT(TABDCAT):   * title "Macro tabdcat: File _tabcat3 after calc deniminator";
MPRINT(TABDCAT):   * run;
MPRINT(TABDCAT):   *----------------------------------------;
MPRINT(TABDCAT):   * Percents without missing ;
MPRINT(TABDCAT):   * numbers in denominator ;
MPRINT(TABDCAT):   *----------------------------------------;
MPRINT(TABDCAT):   *** Total patient count variable, used for calculating cell percents ***;
MPRINT(TABDCAT):   **********************************************************************;
MPRINT(TABDCAT):   *** Recalculate the counts without the missings ***;
MPRINT(TABDCAT):   *** if MISSPCT requested (print missings as a category) ***;
MPRINT(TABDCAT):   *** and NOMISSPC requested (do not use missings in the denominator ***;
MPRINT(TABDCAT):   **********************************************************************;
MPRINT(TABDCAT):   ***************************************************************************;
MPRINT(TABDCAT):   *** test: if n = 100 pct for any subgroup and then skip the calculation ***;
MPRINT(TABDCAT):   *** for cilevelw ***;
MPRINT(TABDCAT):   ***************************************************************************;
MPRINT(TABDCAT):   ******************************************;
MPRINT(TABDCAT):   *** put together the display data set ***;
MPRINT(TABDCAT):   ******************************************;
MPRINT(TABDCAT):   data _tabcat4;
MPRINT(TABDCAT):   length statval statval2 statval3 $40 start $200 linlabel $250;
MPRINT(TABDCAT):   set _tabcat3;
MPRINT(TABDCAT):   by trt01pn;
MPRINT(TABDCAT):   array tmpvarn len;
MPRINT(TABDCAT):   array tmpvarc $ statval statval2 statval3 linlabel;
MPRINT(TABDCAT):   retain totcount;
MPRINT(TABDCAT):   if first.trt01pn then totcount = 0;
MPRINT(TABDCAT):   if nomisspc^='Y' then totcount + count;
MPRINT(TABDCAT):   start = left(pkfl);
MPRINT(TABDCAT):   linlabel = left(pkfl);
MPRINT(TABDCAT):   if trim(linlabel) = '.' or linlabel = ' ' then linlabel = '- Missing -';
MPRINT(TABDCAT):   pct = percent;
MPRINT(TABDCAT):   *** NOMISSPC=Y only calculate cellpct if pct is not missing ***;
MPRINT(TABDCAT):   if (pct ne .) then cellpct = 100*(count/100);
MPRINT(TABDCAT):   else cellpct = .;
MPRINT(TABDCAT):   statval = ' ';
MPRINT(TABDCAT):   statval = put(count, 3. );
MPRINT(TABDCAT):   *** If coldenom requested, show N as N/COLUMN TOTAL ***;
MPRINT(TABDCAT):   if misspct ='N' then delete;
MPRINT(TABDCAT):   * delete missing cat if not used in rpt;
MPRINT(TABDCAT):   * if nomisspc='Y' then delete;
MPRINT(TABDCAT):   * delete missing cat if not part of calculations;
MPRINT(TABDCAT):   drop len pkfl misspct;
                                                                    The SAS System

MPRINT(TABDCAT):   run;

NOTE: There were 6 observations read from the data set WORK._TABCAT3.
NOTE: The data set WORK._TABCAT4 has 3 observations and 14 variables.
NOTE: DATA statement used (Total process time):
      real time           0.00 seconds
      cpu time            0.00 seconds
      

MPRINT(TABDCAT):   * proc print data=_tabcat4;
MPRINT(TABDCAT):   * title "Macro tabdcat: File _tabcat4 after formating statistics ";
MPRINT(TABDCAT):   * run;
MPRINT(TABDCAT):   proc sort data=_tabcat4;
MPRINT(TABDCAT):   by start linlabel;
MPRINT(TABDCAT):   run;

NOTE: There were 3 observations read from the data set WORK._TABCAT4.
NOTE: SAS sort was used.
NOTE: The data set WORK._TABCAT4 has 3 observations and 14 variables.
NOTE: PROCEDURE SORT used (Total process time):
      real time           0.00 seconds
      cpu time            0.00 seconds
      

MPRINT(TABDCAT):   *----------------------------------------------------------------------------;
MPRINT(TABDCAT):   * Transpose the formatted and unformatted statistics ;
MPRINT(TABDCAT):   *----------------------------------------------------------------------------;
MPRINT(TABDCAT):   proc transpose data=_tabcat4 prefix=value out=_tabcat7;
MPRINT(TABDCAT):   var statval;
MPRINT(TABDCAT):   by start linlabel;
MPRINT(TABDCAT):   id trt01pn;
MPRINT(TABDCAT):   where trt01pn is not null;
MPRINT(TABDCAT):   run;

NOTE: There were 3 observations read from the data set WORK._TABCAT4.
      WHERE trt01pn is not null;
NOTE: The data set WORK._TABCAT7 has 1 observations and 6 variables.
NOTE: PROCEDURE TRANSPOSE used (Total process time):
      real time           0.00 seconds
      cpu time            0.00 seconds
      

MPRINT(TABDCAT):   * proc print data = _tabcat7 (obs=100);
MPRINT(TABDCAT):   * title "File _tabcat7 after transpose";
MPRINT(TABDCAT):   * run;
MPRINT(TABDCAT):   *----------------------------------------------------------------------------;
                                                                    The SAS System

MPRINT(TABDCAT):   * Calculate confidence intervals if requested ;
MPRINT(TABDCAT):   * Redo proc freq, this time with the stratification vars, and run thru ;
MPRINT(TABDCAT):   * stratified CI formula. Output is one record per analysis var value per ;
MPRINT(TABDCAT):   * byvar value ;
MPRINT(TABDCAT):   *----------------------------------------------------------------------------;
MPRINT(TABDCAT):   *----------------------------------------------------------------------------;
MPRINT(TABDCAT):   * Calculate risk ratio if requested ;
MPRINT(TABDCAT):   * Redo proc freq, not using stratification or missing parameters, and call ;
MPRINT(TABDCAT):   * RR formula. Output is one record per analysis var per byvar value ;
MPRINT(TABDCAT):   *----------------------------------------------------------------------------;
MPRINT(TABDCAT):   *---------------------------------------;
MPRINT(TABDCAT):   * CHISQ, CMH, EXACT p-values ;
MPRINT(TABDCAT):   *---------------------------------------;
MPRINT(TABDCAT):   *---------------------------------------------------;
MPRINT(TABDCAT):   * Standard (statified) categorical p-values ;
MPRINT(TABDCAT):   *---------------------------------------------------;
MPRINT(TABDCAT):   proc sort data = analfnot out = _tabcat2;
MPRINT(TABDCAT):   by trt01pn pkfl;
MPRINT(TABDCAT):   run;

NOTE: There were 100 observations read from the data set WORK.ANALFNOT.
NOTE: SAS sort was used.
NOTE: The data set WORK._TABCAT2 has 100 observations and 16 variables.
NOTE: PROCEDURE SORT used (Total process time):
      real time           0.00 seconds
      cpu time            0.00 seconds
      

MPRINT(TABDCAT):   *----------------------------------------------------------------------------;
MPRINT(TABDCAT):   * If pairwise p-values are requested, generate and add to the dataset ;
MPRINT(TABDCAT):   *----------------------------------------------------------------------------;
MPRINT(TABDCAT):   *----------------------------------------------------------------------------;
MPRINT(TABDCAT):   * Final data massage before merging with accumulated statistics ;
MPRINT(TABDCAT):   *----------------------------------------------------------------------------;
MPRINT(TABDCAT):   * proc print data = _tabcat7;
MPRINT(TABDCAT):   * title "File _tabcat7 ";
MPRINT(TABDCAT):   * run;
MPRINT(TABDCAT):   data _tabcat7;
MPRINT(TABDCAT):   length label1 label2 $ 250 statord value1 - value3 $40;
MPRINT(TABDCAT):   set _tabcat7;
MPRINT(TABDCAT):   sortord=8;
MPRINT(TABDCAT):   label1="                                                                                                                           
                                                                                                                               ";
MPRINT(TABDCAT):   label2="                                                                                                                           
                                                                                                                               ";
MPRINT(TABDCAT):   type = "CAT ";
                                                                    The SAS System

MPRINT(TABDCAT):   statord = left(start);
MPRINT(TABDCAT):   array vl {*} value1 - value3;
MPRINT(TABDCAT):   if trim(start) eq '.' or start = ' ' then delete;
MPRINT(TABDCAT):   if trim(linlabel) = '- Missing -' then statord = '999999999';
MPRINT(TABDCAT):   vct = 0;
MPRINT(TABDCAT):   do i = 1 to 3;
MPRINT(TABDCAT):   if vl{i} = ' ' and substr(linlabel,1,10) ^= 'Risk Ratio' then do;
MPRINT(TABDCAT):   vl{i} = put(0, 3. );
MPRINT(TABDCAT):   if "Y" = 'Y' and statord = '999999999' then do;
MPRINT(TABDCAT):   vl{i} = put(0, 3. );
MPRINT(TABDCAT):   end;
MPRINT(TABDCAT):   end;
MPRINT(TABDCAT):   *** Reset intentionally set "No CI" back to blank ***;
MPRINT(TABDCAT):   *** if all blank then delete ***;
MPRINT(TABDCAT):   if vl{i} = "No CI" then do;
MPRINT(TABDCAT):   vl{i} = " ";
MPRINT(TABDCAT):   vct + 1;
MPRINT(TABDCAT):   end;
MPRINT(TABDCAT):   end;
MPRINT(TABDCAT):   if vct = 3 then delete;
MPRINT(TABDCAT):   drop i vct ;
MPRINT(TABDCAT):   * &var;
MPRINT(TABDCAT):   run;

NOTE: There were 1 observations read from the data set WORK._TABCAT7.
NOTE: The data set WORK._TABCAT7 has 1 observations and 11 variables.
NOTE: DATA statement used (Total process time):
      real time           0.00 seconds
      cpu time            0.00 seconds
      

MPRINT(TABDCAT):   data combine;
MPRINT(TABDCAT):   set combine _tabcat7;
MPRINT(TABDCAT):   format pvalc1 pvalc2;
MPRINT(TABDCAT):   run;

NOTE: There were 0 observations read from the data set WORK.COMBINE.
NOTE: There were 1 observations read from the data set WORK._TABCAT7.
NOTE: The data set WORK.COMBINE has 1 observations and 15 variables.
NOTE: DATA statement used (Total process time):
      real time           0.00 seconds
      cpu time            0.00 seconds
      

MPRINT(TABDCAT):   ***--- End of EXACT CI ---***;
MPRINT(TABDCAT):   * proc print data = combine;
                                                                    The SAS System

MPRINT(TABDCAT):   * title 'File combine after %tabdcat call';
MPRINT(TABDCAT):   * run;
MPRINT(TABDCAT):   *----------------------------------------------------------------------------;
MPRINT(TABDCAT):   * Cleanup ;
MPRINT(TABDCAT):   *----------------------------------------------------------------------------;
MPRINT(TABDCAT):   proc datasets library = work nolist;
MPRINT(TABDCAT):   delete _tabcat:;
MPRINT(TABDCAT):   quit;

NOTE: Deleting WORK._TABCAT1 (memtype=DATA).
NOTE: Deleting WORK._TABCAT2 (memtype=DATA).
NOTE: Deleting WORK._TABCAT3 (memtype=DATA).
NOTE: Deleting WORK._TABCAT3B (memtype=DATA).
NOTE: Deleting WORK._TABCAT4 (memtype=DATA).
NOTE: Deleting WORK._TABCAT7 (memtype=DATA).
NOTE: PROCEDURE DATASETS used (Total process time):
      real time           0.00 seconds
      cpu time            0.00 seconds
      

MPRINT(MK_T_S_DISP):  ;
MPRINT(MK_T_S_DISP):   *OPTIONAL population display;
MPRINT(MK_T_S_DISP):   data opt_combine1;
MPRINT(MK_T_S_DISP):   set combine;
MPRINT(MK_T_S_DISP):   if "Pharmacokinetic Analysis Set" ne "" then linlabel = left("Pharmacokinetic Analysis Set");
MPRINT(MK_T_S_DISP):   run;

NOTE: There were 1 observations read from the data set WORK.COMBINE.
NOTE: The data set WORK.OPT_COMBINE1 has 1 observations and 15 variables.
NOTE: DATA statement used (Total process time):
      real time           0.00 seconds
      cpu time            0.00 seconds
      

MPRINT(MK_T_S_DISP):   data opt_combine;
MPRINT(MK_T_S_DISP):   set opt_combine:;
MPRINT(MK_T_S_DISP):   run;

NOTE: There were 1 observations read from the data set WORK.OPT_COMBINE1.
NOTE: The data set WORK.OPT_COMBINE has 1 observations and 15 variables.
NOTE: DATA statement used (Total process time):
      real time           0.00 seconds
      cpu time            0.00 seconds
      

MPRINT(MK_T_S_DISP):   *************************************************************************;
                                                                    The SAS System

MPRINT(MK_T_S_DISP):   * Process Safety Population Vars *;
MPRINT(MK_T_S_DISP):   *************************************************************************;
MPRINT(MK_T_S_DISP):   data safety1(where = (N(trt01pn) ge 1)) safety2(where = (N(trt01pn) ge 1));
MPRINT(MK_T_S_DISP):   set adsl_1(where = (ittfl eq 'Y'));
MPRINT(MK_T_S_DISP):   by subjid;
MPRINT(MK_T_S_DISP):   label saffl = ' ' trt01pn = ' ' trt01pn = ' ';
MPRINT(MK_T_S_DISP):   format trt01pn trtfmt. trt01pn trtfmt. saffl $saffl. comsfl_n compstud.;
MPRINT(MK_T_S_DISP):   call missing(comt01n);
MPRINT(MK_T_S_DISP):   *************************************************************************;
MPRINT(MK_T_S_DISP):   * Counts of all subjects in each period *;
MPRINT(MK_T_S_DISP):   *************************************************************************;
MPRINT(MK_T_S_DISP):   if (comt01fl eq '' or comt01fl eq 'N') and (dct01rs eq '') then comt01n = 1;
MPRINT(MK_T_S_DISP):   * Continuing for period _j;
MPRINT(MK_T_S_DISP):   if (comt01fl eq 'Y') then comt01n = 2;
MPRINT(MK_T_S_DISP):   * Completed for period _j;
MPRINT(MK_T_S_DISP):   if (comt01fl eq '' or comt01fl = 'N') and dct01rs ne '' then comt01n = 3;
MPRINT(MK_T_S_DISP):   * Prematurely Discontinued for period _j;
MPRINT(MK_T_S_DISP):   format comt01n comptrt.;
MPRINT(MK_T_S_DISP):   label comt01n = 'Study Drug Completion Status';
MPRINT(MK_T_S_DISP):   label dct01rs = 'Reason for Premature Discontinuation of Study Drug';
MPRINT(MK_T_S_DISP):   **********************************************************************;
MPRINT(MK_T_S_DISP):   * Study Completion - All studies will have overall study vars *;
MPRINT(MK_T_S_DISP):   **********************************************************************;
MPRINT(MK_T_S_DISP):   if (comsfl eq '') and (dcsreas eq '') then comsfl_n = 1;
MPRINT(MK_T_S_DISP):   * Continuing;
MPRINT(MK_T_S_DISP):   if (comsfl eq 'Y') then comsfl_n = 2;
MPRINT(MK_T_S_DISP):   * Completed;
MPRINT(MK_T_S_DISP):   if (comsfl eq 'N') or (comsfl = '' and dcsreas ne '') then comsfl_n = 3;
MPRINT(MK_T_S_DISP):   * Discontinued;
MPRINT(MK_T_S_DISP):   label comsfl_n = 'Study Completion Status' dcsreas = 'Reason for Premature Discontinuation of Study';
MPRINT(MK_T_S_DISP):   run;

NOTE: There were 100 observations read from the data set WORK.ADSL_1.
      WHERE ittfl='Y';
NOTE: The data set WORK.SAFETY1 has 100 observations and 18 variables.
NOTE: The data set WORK.SAFETY2 has 100 observations and 18 variables.
NOTE: DATA statement used (Total process time):
      real time           0.05 seconds
      cpu time            0.01 seconds
      

MPRINT(TABDESC):   ** only one of &spctvar,&sdpvar,&stpvar, or &sopvar should be populated **;
MPRINT(TABDESC):   data ck_ssvars;
MPRINT(TABDESC):   sv1=0;
MPRINT(TABDESC):   sv2=0;
MPRINT(TABDESC):   sv3=0;
                                                                    The SAS System

MPRINT(TABDESC):   sv4=0;
MPRINT(TABDESC):   all_ss=sum(sv1,sv2,sv3,sv4);
MPRINT(TABDESC):   call symput("all_ss",strip(put(all_ss,best.)));
MPRINT(TABDESC):   run;

NOTE: The data set WORK.CK_SSVARS has 1 observations and 5 variables.
NOTE: DATA statement used (Total process time):
      real time           0.00 seconds
      cpu time            0.00 seconds
      

MPRINT(TABDESC):   ***--- print all/selected columns ---***;
MPRINT(TABDESC):   ***---31may2007 VK ---***;
MPRINT(TABDESC):   ***--- create data set showing the showallcol values...21Sep2010...saw ---***;
MPRINT(TABDESC):   *----------------------------------------------------------------------------;
MPRINT(TABDESC):   * initialize the dataset that will accumulate the statistic records ;
MPRINT(TABDESC):   *----------------------------------------------------------------------------;
MPRINT(TABDESC):   data combine;
MPRINT(TABDESC):   stop;
MPRINT(TABDESC):   pval1 = .;
MPRINT(TABDESC):   pval2 = .;
MPRINT(TABDESC):   length pvalc1 pvalc2 $10;
MPRINT(TABDESC):   pvalc1='';
MPRINT(TABDESC):   pvalc2='';
MPRINT(TABDESC):   run;

NOTE: The data set WORK.COMBINE has 0 observations and 4 variables.
NOTE: DATA statement used (Total process time):
      real time           0.00 seconds
      cpu time            0.00 seconds
      

MPRINT(TABDESC):   *----------------------------------------------------------------------------;
MPRINT(TABDESC):   * if > 1 byvar variable, set up individual macro vars ;
MPRINT(TABDESC):   *----------------------------------------------------------------------------;
MPRINT(TABDESC):   *----------------------------------------------------------------------------;
MPRINT(TABDESC):   * Prepare for p-value calculations ;
MPRINT(TABDESC):   * if pairwise p-values are requested, calculate how many pairs ;
MPRINT(TABDESC):   *----------------------------------------------------------------------------;
MPRINT(TABDESC):  ;
MPRINT(TABDESC):  ;
MPRINT(TABDESC):  ;
MPRINT(TABDESC):  ;
MPRINT(TABDESC):  ;
MPRINT(TABDESC):  ;
MPRINT(TABDESC):  ;
                                                                    The SAS System

MPRINT(TABDESC):   *----------------------------------------------------------------------------;
MPRINT(TABDESC):   * Check input dataset for existence, var names, var formats and type ;
MPRINT(TABDESC):   *----------------------------------------------------------------------------;
MPRINT(TABDESC):   data _null_;
MPRINT(TABDESC):   set safety2;
MPRINT(TABDESC):   where trt01pn <=0;
MPRINT(TABDESC):   if _n_ = 1 then do;
MPRINT(TABDESC):   call symput("_errcode",'F');
MPRINT(TABDESC):   call symput("_errmsg","Column variable (in COLVAR) trt01pn contains a zero or a missing "||"value - canceling run" );
MPRINT(TABDESC):   end;
MPRINT(TABDESC):   run;

NOTE: There were 0 observations read from the data set WORK.SAFETY2.
      WHERE trt01pn<=0;
NOTE: DATA statement used (Total process time):
      real time           0.04 seconds
      cpu time            0.00 seconds
      

MPRINT(TABDESC):   data _null_;
MPRINT(TABDESC):   rc = exist("safety2","DATA");
MPRINT(TABDESC):   if not(rc) then do;
MPRINT(TABDESC):   call symput("_errcode",'F');
MPRINT(TABDESC):   call symput("_errmsg","Input dataset (in DATA) safety2 does not "||"exist - canceling run" );
MPRINT(TABDESC):   goto errout;
MPRINT(TABDESC):   end;
MPRINT(TABDESC):   ds = open("safety2","i");
MPRINT(TABDESC):   var = varnum(ds, "trt01pn");
MPRINT(TABDESC):   if not(var) then do;
MPRINT(TABDESC):   call symput("_errcode",'F');
MPRINT(TABDESC):   call symput("_errmsg","Column variable (in COLVAR) trt01pn does not "||"exist - canceling run" );
MPRINT(TABDESC):   goto errout;
MPRINT(TABDESC):   end;
MPRINT(TABDESC):   call symput("_colvarf",varfmt(ds,var));
MPRINT(TABDESC):   *** Check population variables ***;
MPRINT(TABDESC):   *** Check stratification variables ***;
MPRINT(TABDESC):   var = varnum(ds, "subjid");
MPRINT(TABDESC):   if not(var) then do;
MPRINT(TABDESC):   call symput("_errcode",'F');
MPRINT(TABDESC):   call symput("_errmsg","Patient identifying variable (in PTVAR) subjid does not "||"exist - canceling run" );
MPRINT(TABDESC):   goto errout;
MPRINT(TABDESC):   end;
MPRINT(TABDESC):   errout: run;

NOTE: DATA statement used (Total process time):
      real time           0.00 seconds
                                                                    The SAS System

      cpu time            0.00 seconds
      

MPRINT(TABDESC):   *----------------------------------------------------------------------------;
MPRINT(TABDESC):   * Subset the analysis file for the right sample and ;
MPRINT(TABDESC):   * perform all necessary data massage here. ;
MPRINT(TABDESC):   *----------------------------------------------------------------------------;
MPRINT(TABDESC):   data analf analfall;
MPRINT(TABDESC):   set safety2 ;
MPRINT(TABDESC):   ;
MPRINT(TABDESC):   call symput('_empty','0');
MPRINT(TABDESC):   run;

NOTE: There were 100 observations read from the data set WORK.SAFETY2.
NOTE: The data set WORK.ANALF has 100 observations and 18 variables.
NOTE: The data set WORK.ANALFALL has 100 observations and 18 variables.
NOTE: DATA statement used (Total process time):
      real time           0.03 seconds
      cpu time            0.01 seconds
      

MPRINT(TABDESC):   *----------------------------------------------------------------------------;
MPRINT(TABDESC):   * Find the maximum value of the column variable ;
MPRINT(TABDESC):   * Use the highest value in the data. Override with the highest value in the;
MPRINT(TABDESC):   * format if higher ;
MPRINT(TABDESC):   *----------------------------------------------------------------------------;
MPRINT(GETFMT):   data _null_;
MPRINT(GETFMT):   set sashelp.voption;
MPRINT(GETFMT):   where optname = 'FMTSEARCH';
MPRINT(GETFMT):   length fmtpath $2000;
MPRINT(GETFMT):   fmtpath = 'WORK ' || compress(setting,'()');
MPRINT(GETFMT):   call symput('_fmtpath',fmtpath);
MPRINT(GETFMT):   fmtname = "TRTFMT. ";
MPRINT(GETFMT):   if substr(fmtname,1,1) = '$' then call symput("fmttype","C");
MPRINT(GETFMT):   if substr(fmtname,1,1) ^= '$' then call symput("fmttype","N");
MPRINT(GETFMT):   fmtname = compress(fmtname,'$. ');
MPRINT(GETFMT):   call symput("fmtname",fmtname);
MPRINT(GETFMT):   run;

NOTE: There were 1 observations read from the data set SASHELP.VOPTION.
      WHERE optname='FMTSEARCH';
NOTE: DATA statement used (Total process time):
      real time           0.00 seconds
      cpu time            0.01 seconds
      

                                                                    The SAS System

MPRINT(GETFMT):   data _getfmt1;
MPRINT(GETFMT):   set sashelp.vcatalg;
MPRINT(GETFMT):   memname = upcase(memname);
MPRINT(GETFMT):   objname = upcase(objname);
MPRINT(GETFMT):   ** kdaughtry - 29Aug2008 **;
MPRINT(GETFMT):   **where memname = 'FORMATS' and trim(objname) = trim("&fmtname");
MPRINT(GETFMT):   where trim(objname) = trim("TRTFMT  ") and libname^='SASHELP' and objtype=:'FORMAT';
MPRINT(GETFMT):   **indx = indexw("%upcase( &_fmtpath)",upcase(trim(libname)));
MPRINT(GETFMT):   indx = index("WORK _FMTS_1",upcase(trim(libname)));
MPRINT(GETFMT):   if indx;
MPRINT(GETFMT):   run;

NOTE: There were 2 observations read from the data set SASHELP.VCATALG.
      WHERE (TRIM(objname)='TRTFMT') and (libname not = 'SASHELP') and (objtype=:'FORMAT');
NOTE: The data set WORK._GETFMT1 has 1 observations and 11 variables.
NOTE: DATA statement used (Total process time):
      real time           0.04 seconds
      cpu time            0.00 seconds
      

MPRINT(GETFMT):   proc sort data = _getfmt1;
MPRINT(GETFMT):   by indx;
MPRINT(GETFMT):   run;

NOTE: There were 1 observations read from the data set WORK._GETFMT1.
NOTE: SAS sort was used.
NOTE: The data set WORK._GETFMT1 has 1 observations and 11 variables.
NOTE: PROCEDURE SORT used (Total process time):
      real time           0.00 seconds
      cpu time            0.00 seconds
      

MPRINT(GETFMT):   data _null_;
MPRINT(GETFMT):   set _getfmt1 end = eof;
MPRINT(GETFMT):   **call symput("_flib" || compress(put(_n_,best.)) , libname );
MPRINT(GETFMT):   ** kdaughtry - 29Aug2008 **;
MPRINT(GETFMT):   ** chg _flib to be libname and memname together so can handle format **;
MPRINT(GETFMT):   ** catalogs with a name other than formats **;
MPRINT(GETFMT):   call symput("_flib" || compress(put(_n_,best.)) , compress(libname) || "." || compress(memname) );
MPRINT(GETFMT):   if eof then call symput("_nlib",compress(put(_n_,best.)));
MPRINT(GETFMT):   run;

NOTE: There were 1 observations read from the data set WORK._GETFMT1.
NOTE: DATA statement used (Total process time):
      real time           0.00 seconds
      cpu time            0.00 seconds
                                                                    The SAS System

      

MPRINT(GETFMT):   proc format library = _FMTS_1.FORMATS cntlout = _getfmt2;
MPRINT(GETFMT):   run;
NOTE: PROCEDURE FORMAT used (Total process time):
      real time           0.03 seconds
      cpu time            0.00 seconds
      
NOTE: The data set WORK._GETFMT2 has 499 observations and 21 variables.

MPRINT(GETFMT):   data _tabd1;
MPRINT(GETFMT):   set _getfmt2;
MPRINT(GETFMT):   if upcase(trim(fmtname)) = trim("TRTFMT  ") and upcase(type) = "N" then do;
MPRINT(GETFMT):   start = left(start);
MPRINT(GETFMT):   output;
MPRINT(GETFMT):   call symput('_gotfmt','Y');
MPRINT(GETFMT):   end;
MPRINT(GETFMT):   run;

NOTE: There were 499 observations read from the data set WORK._GETFMT2.
NOTE: The data set WORK._TABD1 has 2 observations and 21 variables.
NOTE: DATA statement used (Total process time):
      real time           0.00 seconds
      cpu time            0.00 seconds
      

MPRINT(TABDESC):  ;
MPRINT(TABDESC):   data _tabd1_sw (keep=trt01pn);
MPRINT(TABDESC):   set _tabd1 end=eof nobs=numobs;
MPRINT(TABDESC):   *** kaling 19jun2015 nobs ***;
MPRINT(TABDESC):   trt01pn = input(left(start),best8.);
MPRINT(TABDESC):   if eof then call symput('ntrt_fmt',compress(put(numobs,5.)) );
MPRINT(TABDESC):   *** kaling 19jun2015 ***;
MPRINT(TABDESC):   run;

NOTE: There were 2 observations read from the data set WORK._TABD1.
NOTE: The data set WORK._TABD1_SW has 2 observations and 1 variables.
NOTE: DATA statement used (Total process time):
      real time           0.00 seconds
      cpu time            0.00 seconds
      

MPRINT(TABDESC):   proc sort data= analf out = analfpt (keep = trt01pn subjid) nodupkey;
MPRINT(TABDESC):   by trt01pn subjid;
MPRINT(TABDESC):   run;

                                                                    The SAS System

NOTE: There were 100 observations read from the data set WORK.ANALF.
NOTE: SAS sort was used.
NOTE: 0 observations with duplicate key values were deleted.
NOTE: The data set WORK.ANALFPT has 100 observations and 2 variables.
NOTE: PROCEDURE SORT used (Total process time):
      real time           0.02 seconds
      cpu time            0.01 seconds
      

MPRINT(TABDESC):   data analfpt;
MPRINT(TABDESC):   set analfpt;
MPRINT(TABDESC):   format trt01pn;
MPRINT(TABDESC):   run;

NOTE: There were 100 observations read from the data set WORK.ANALFPT.
NOTE: The data set WORK.ANALFPT has 100 observations and 2 variables.
NOTE: DATA statement used (Total process time):
      real time           0.00 seconds
      cpu time            0.00 seconds
      

MPRINT(TABDESC):   proc summary data=analfpt nway;
MPRINT(TABDESC):   class trt01pn;
MPRINT(TABDESC):   output out=_tabd2;
MPRINT(TABDESC):   run;

NOTE: Multiple concurrent threads will be used to summarize data.
NOTE: There were 100 observations read from the data set WORK.ANALFPT.
NOTE: The data set WORK._TABD2 has 2 observations and 3 variables.
NOTE: PROCEDURE SUMMARY used (Total process time):
      real time           0.00 seconds
      cpu time            0.00 seconds
      

MPRINT(TABDESC):   data _null_;
MPRINT(TABDESC):   merge _tabd2 (in=_V)
MPRINT(TABDESC):   _tabd1_sw (in=_F) end = eof;
MPRINT(TABDESC):   BY trt01pn;
MPRINT(TABDESC):   LENGTH _A $8 _B $50;
MPRINT(TABDESC):   IF trt01pn NE _N_ THEN DO;
MPRINT(TABDESC):   _A='ER'||'ROR:';
MPRINT(TABDESC):   _B="The value "||strip(put(trt01pn,best.))||'is out of sequence.';
MPRINT(TABDESC):   PUT _A "**---------------------------------------------------------------------------------------**";
MPRINT(TABDESC):   PUT _A "The variable trt01pn and its format must contain consecutive positive integers starting from 1. " _B;
MPRINT(TABDESC):   PUT _A "**---------------------------------------------------------------------------------------**";
MPRINT(TABDESC):   ABORT;
                                                                    The SAS System

MPRINT(TABDESC):   END;
MPRINT(TABDESC):  ;
MPRINT(TABDESC):   IF _V AND (NOT(_F)) THEN DO;
MPRINT(TABDESC):   _A='WAR'||'NING:';
MPRINT(TABDESC):   _B="You have an unformatted trt01pn value of "||strip(put(trt01pn,best.))||'.';
MPRINT(TABDESC):   PUT _A "**---------------------------------------------------------------------------------------**";
MPRINT(TABDESC):   PUT _A _B " Use the SHOWALLCOL parameter in tabdesc when you have columns you do not wish to display.";
MPRINT(TABDESC):   PUT _A "**---------------------------------------------------------------------------------------**";
MPRINT(TABDESC):   END;
MPRINT(TABDESC):   ELSE IF (NOT(_V)) AND _F THEN DO;
MPRINT(TABDESC):   _A='WAR'||'NING:';
MPRINT(TABDESC):   _B="You have a format for the value "||strip(put(trt01pn,best.))||',';
MPRINT(TABDESC):   PUT _A "**---------------------------------------------------------------------------------------**";
MPRINT(TABDESC):   PUT _A _B " but this value does not appear in the passed data.";
MPRINT(TABDESC):   PUT _A "**---------------------------------------------------------------------------------------**";
MPRINT(TABDESC):   END;
MPRINT(TABDESC):   IF NOT(EOF) THEN DO;
MPRINT(TABDESC):   IF NOT(_V) THEN DO;
MPRINT(TABDESC):   _A='WAR'||'NING:';
MPRINT(TABDESC):   _B="You have requested printing the trt01pn value of "||strip(put(trt01pn,best.))||',';
MPRINT(TABDESC):   PUT _A "**---------------------------------------------------------------------------------------**";
MPRINT(TABDESC):   PUT _A _B " but this value is not present in the passed data.";
MPRINT(TABDESC):   PUT _A "**---------------------------------------------------------------------------------------**";
MPRINT(TABDESC):   END;
MPRINT(TABDESC):   END;
MPRINT(TABDESC):  ;
MPRINT(TABDESC):   RUN;

NOTE: There were 2 observations read from the data set WORK._TABD2.
NOTE: There were 2 observations read from the data set WORK._TABD1_SW.
NOTE: DATA statement used (Total process time):
      real time           0.00 seconds
      cpu time            0.01 seconds
      

MPRINT(TABDESC):   ************* kaling begin 19jun2015 ************;
MPRINT(TABDESC):   data _null_;
MPRINT(TABDESC):   if 1 eq 2 then set _tabd2 nobs=ntrt_data;
MPRINT(TABDESC):   maxcol =max(ntrt_data, 2 );
MPRINT(TABDESC):   maxcol_1=maxcol;
MPRINT(TABDESC):   maxcol_1=maxcol +1;
MPRINT(TABDESC):   call symput( 'maxcol',compress(put(maxcol ,5.)) );
MPRINT(TABDESC):   call symput('_maxcol',compress(put(maxcol_1 ,5.)) );
MPRINT(TABDESC):   stop;
MPRINT(TABDESC):   run;

                                                                    The SAS System

NOTE: DATA statement used (Total process time):
      real time           0.00 seconds
      cpu time            0.00 seconds
      

'TOOLVER=' v4.19.01   ' MAXCOL=' 2   ' _MAXCOL= '  3
' SHOWALLCOL=' Y
'line 721 _SHOWALLCOL=' Y
MPRINT(TABDESC):   ************** kaling end 19jun2015 ************;
MPRINT(TABDESC):   data _null_;
MPRINT(TABDESC):   set _tabd2 end = eof;
MPRINT(TABDESC):   call symput("_colct" || compress(put(trt01pn,best.)) , put(_freq_,best.) );
MPRINT(TABDESC):   run;

NOTE: There were 2 observations read from the data set WORK._TABD2.
NOTE: DATA statement used (Total process time):
      real time           0.00 seconds
      cpu time            0.00 seconds
      

MPRINT(TABDESC):   *----------------------------------------------------------------------------;
MPRINT(TABDESC):   * determine total number of patients in each column and in the whole file ;
MPRINT(TABDESC):   *----------------------------------------------------------------------------;
MPRINT(TABDESC):   proc sort data= analf out = analfpt (keep = subjid) nodupkey;
MPRINT(TABDESC):   by subjid;
MPRINT(TABDESC):   run;

NOTE: There were 100 observations read from the data set WORK.ANALF.
NOTE: SAS sort was used.
NOTE: 0 observations with duplicate key values were deleted.
NOTE: The data set WORK.ANALFPT has 100 observations and 1 variables.
NOTE: PROCEDURE SORT used (Total process time):
      real time           0.02 seconds
      cpu time            0.00 seconds
      

MPRINT(TABDESC):   data _null_;
MPRINT(TABDESC):   set analfpt nobs = _freq_;
MPRINT(TABDESC):   call symput("_patct", put(_freq_,best.));
MPRINT(TABDESC):   call symput("_colct3", put(_freq_,best.) );
MPRINT(TABDESC):   if _freq_ = 0 then do;
MPRINT(TABDESC):   call symput("_errcode",'F');
MPRINT(TABDESC):   call symput("_errmsg","No patients meet subset criteria - canceling run" );
MPRINT(TABDESC):   end;
MPRINT(TABDESC):   stop;
MPRINT(TABDESC):   run;
                                                                    The SAS System


NOTE: There were 1 observations read from the data set WORK.ANALFPT.
NOTE: DATA statement used (Total process time):
      real time           0.00 seconds
      cpu time            0.01 seconds
      

MPRINT(TABDESC):   ** # of subj at top of table will not reflect subset of subjects **;
MPRINT(TABDESC):   *----------------------------------------------------------------------------;
MPRINT(TABDESC):   * Set up file with duplicate records for total column if necessary ;
MPRINT(TABDESC):   *----------------------------------------------------------------------------;
MPRINT(TABDESC):   data analf analfnot;
MPRINT(TABDESC):   set analf;
MPRINT(TABDESC):   format trt01pn;
MPRINT(TABDESC):   output analf;
MPRINT(TABDESC):   output analfnot;
MPRINT(TABDESC):   trt01pn=3;
MPRINT(TABDESC):   output analf;
MPRINT(TABDESC):   run;

NOTE: There were 100 observations read from the data set WORK.ANALF.
NOTE: The data set WORK.ANALF has 200 observations and 18 variables.
NOTE: The data set WORK.ANALFNOT has 100 observations and 18 variables.
NOTE: DATA statement used (Total process time):
      real time           0.01 seconds
      cpu time            0.00 seconds
      

MPRINT(TABDESC):   proc sort data=analf;
MPRINT(TABDESC):   by trt01pn;
MPRINT(TABDESC):   run;

NOTE: There were 200 observations read from the data set WORK.ANALF.
NOTE: SAS sort was used.
NOTE: The data set WORK.ANALF has 200 observations and 18 variables.
NOTE: PROCEDURE SORT used (Total process time):
      real time           0.00 seconds
      cpu time            0.00 seconds
      

MPRINT(TABDESC):   proc sort data=analfnot;
MPRINT(TABDESC):   by trt01pn;
MPRINT(TABDESC):   run;

NOTE: There were 100 observations read from the data set WORK.ANALFNOT.
NOTE: SAS sort was used.
                                                                    The SAS System

NOTE: The data set WORK.ANALFNOT has 100 observations and 18 variables.
NOTE: PROCEDURE SORT used (Total process time):
      real time           0.00 seconds
      cpu time            0.00 seconds
      

MPRINT(TABDESC):   data analfall;
MPRINT(TABDESC):   set analfall;
MPRINT(TABDESC):   format trt01pn;
MPRINT(TABDESC):   output analfall;
MPRINT(TABDESC):   trt01pn=3;
MPRINT(TABDESC):   output analfall;
MPRINT(TABDESC):   run;

NOTE: There were 100 observations read from the data set WORK.ANALFALL.
NOTE: The data set WORK.ANALFALL has 200 observations and 18 variables.
NOTE: DATA statement used (Total process time):
      real time           0.01 seconds
      cpu time            0.00 seconds
      

MPRINT(TABDESC):   *----------------------------------------------------------------------------;
MPRINT(TABDESC):   * determine total number of patients per &byvar value, if necessary ;
MPRINT(TABDESC):   *----------------------------------------------------------------------------;
MPRINT(TABDESC):   *----------------------------------------------------------------------------;
MPRINT(TABDESC):   * If pairwise=ALL, set to a list of all the pairs in the data ;
MPRINT(TABDESC):   *----------------------------------------------------------------------------;
MPRINT(TABPAIR):   *** change pairwise if = ALL ***;
MPRINT(TABPAIR):   *** call macro for each pair of pair_wise ***;
MPRINT(TABDESC):  ;
'TOOLVER=' v4.19.01   ' MAXCOL=' 2   ' _MAXCOL= '  3
' SHOWALLCOL=' Y
'line 1269 _SHOWALLCOL=' Y
MPRINT(TABDESC):  ;
MPRINT(TABDESC):   proc datasets library = work nolist;
MPRINT(TABDESC):   *delete _tabd1 _tabd2 _tabd3 _tabd4 _tabd5 _tabd6 _tabd7;
MPRINT(TABDESC):   delete _tabd: ;
MPRINT(TABDESC):   *2016-12-29 kchan07 replace _tabd1.... _tabd7;
MPRINT(TABDESC):   quit;

NOTE: Deleting WORK._TABD1 (memtype=DATA).
NOTE: Deleting WORK._TABD1_SW (memtype=DATA).
NOTE: Deleting WORK._TABD2 (memtype=DATA).
NOTE: PROCEDURE DATASETS used (Total process time):
      real time           0.00 seconds
      cpu time            0.00 seconds
                                                                    The SAS System

      

MPRINT(MK_T_S_DISP):  ;
MPRINT(TABDCAT):   *-----------------------------------------------------------------------------------------------* | Definition of internal macros 
| *-----------------------------------------------------------------------------------------------*;
MPRINT(TABDCAT):   *------------------------------------------------------------------------;
MPRINT(TABDCAT):   * macro tab_sam_hp ;
MPRINT(TABDCAT):   * Calculate Stratum-Adjusted Mantel-Haenszel Proportion ;
MPRINT(TABDCAT):   *------------------------------------------------------------------------;
MPRINT(TABDCAT):   *------------------------------------------------------------------------;
MPRINT(TABDCAT):   * macro ciexact ;
MPRINT(TABDCAT):   * Calculate Confidence intervals using exact method - VK 15AUG2007;
MPRINT(TABDCAT):   *------------------------------------------------------------------------;
MPRINT(TABDCAT):   *----------------------------------------------------------------------------;
MPRINT(TABDCAT):   * macro ciprep ;
MPRINT(TABDCAT):   * Prepare file for CI calculation ;
MPRINT(TABDCAT):   *----------------------------------------------------------------------------;
MPRINT(TABDCAT):   *----------------------------------------------------------------------------;
MPRINT(TABDCAT):   * macro ciprop ;
MPRINT(TABDCAT):   * Do CI calculation ;
MPRINT(TABDCAT):   *----------------------------------------------------------------------------;
MPRINT(TABDCAT):   *----------------------------------------------------------------------------;
MPRINT(TABDCAT):   * macro rratio ;
MPRINT(TABDCAT):   * Do risk ratio calculations ;
MPRINT(TABDCAT):   *----------------------------------------------------------------------------;
MPRINT(TABDCAT):   *----------------------------------------------------------------------------;
MPRINT(TABDCAT):   * macro rrcalc ;
MPRINT(TABDCAT):   * Do risk ratio calculations for each selected pair ;
MPRINT(TABDCAT):   *----------------------------------------------------------------------------;
MPRINT(TABDCAT):   *------------------------------------------------------------------;
MPRINT(TABDCAT):   * macro pval ;
MPRINT(TABDCAT):   * p-value calculation ;
MPRINT(TABDCAT):   *------------------------------------------------------------------;
MPRINT(TABDCAT):   *-----------------------------------------------------------------------------------------------------------* | End of internal 
macro definition and beginning of tabdcat main section | 
*-----------------------------------------------------------------------------------------------------------*;
MPRINT(TABDCAT):   *** use default risktype if no local override ***;
MPRINT(TABDCAT):  ;
MPRINT(TABDCAT):   **************************************************;
MPRINT(TABDCAT):   *** modify stratification locally if requested ***;
MPRINT(TABDCAT):   **************************************************;
MPRINT(TABDCAT):   *----------------------------------------------------------------------------;
MPRINT(TABDCAT):   * Get analysis variable attributes (type, label, format) ;
MPRINT(TABDCAT):   * Cancel run if variable .does not. exist ;
MPRINT(TABDCAT):   *----------------------------------------------------------------------------;
MPRINT(TABDCAT):   data _null_;
                                                                    The SAS System

MPRINT(TABDCAT):   length label1 label2 $250;
MPRINT(TABDCAT):   ds = open("analf","i");
MPRINT(TABDCAT):   var = varnum(ds , "saffl");
MPRINT(TABDCAT):   if not(var) then do;
MPRINT(TABDCAT):   call symput("_errcode","F");
MPRINT(TABDCAT):   call symput("_errmsg","Categorical analysis variable saffl .does not. exist - canceling run" );
MPRINT(TABDCAT):   end;
MPRINT(TABDCAT):   else do;
MPRINT(TABDCAT):   call symput("catvfmt",varfmt(ds,var));
MPRINT(TABDCAT):   label1 = varlabel(ds,var);
MPRINT(TABDCAT):   if index(label1,'~') > 0 then do;
MPRINT(TABDCAT):   label2 = scan(label1,2,'~');
MPRINT(TABDCAT):   label1 = scan(label1,1,'~');
MPRINT(TABDCAT):   end;
MPRINT(TABDCAT):   call symput("label1",label1);
MPRINT(TABDCAT):   call symput("label2",label2);
MPRINT(TABDCAT):   typ = vartype(ds,var);
MPRINT(TABDCAT):   call symput("type",typ);
MPRINT(TABDCAT):   end;
MPRINT(TABDCAT):   run;

INFO: Character variables have defaulted to a length of 200 at the places given by: (Line):(Column). Truncation can result.
      2532:194 TYP
NOTE: DATA statement used (Total process time):
      real time           0.00 seconds
      cpu time            0.00 seconds
      

MPRINT(TABDCAT):   *****************************************;
MPRINT(TABDCAT):   *** crate template of categories that ***;
MPRINT(TABDCAT):   *** would appear in output. ***;
MPRINT(TABDCAT):   *****************************************;
MPRINT(TABDCAT):   proc sort data = analf out=col (keep= trt01pn) nodupkey;
MPRINT(TABDCAT):   by trt01pn;
MPRINT(TABDCAT):   run;

NOTE: There were 200 observations read from the data set WORK.ANALF.
NOTE: SAS sort was used.
NOTE: 197 observations with duplicate key values were deleted.
NOTE: The data set WORK.COL has 3 observations and 1 variables.
NOTE: PROCEDURE SORT used (Total process time):
      real time           0.01 seconds
      cpu time            0.00 seconds
      

MPRINT(TABDCAT):   ********************************************************************************;
                                                                    The SAS System

MPRINT(TABDCAT):   *** 1) If there is no format assigned to analysis variabe then ***;
MPRINT(TABDCAT):   *** create template based on data and will alsways incluse missing as a cat. ***;
MPRINT(TABDCAT):   ********************************************************************************;
MPRINT(TABDCAT):   ********************************************************************;
MPRINT(TABDCAT):   *** 2) If there is format assigned to analysis variabe then ***;
MPRINT(TABDCAT):   *** create template based on format (and data, if showall=Y) and ***;
MPRINT(TABDCAT):   *** whether to incluse missing as a cat. ***;
MPRINT(TABDCAT):   ********************************************************************;
MPRINT(TABDCAT):   ** this proc summary is to determine numerator - if need only formatted values or not **;
MPRINT(TABDCAT):   proc summary nway data=analf n completetypes noprint;
MPRINT(TABDCAT):   where saffl ne ' ';
MPRINT(TABDCAT):   class saffl / preloadfmt ;
MPRINT(TABDCAT):   output out=_catnumer (keep=saffl rename=(saffl=saffl));
MPRINT(TABDCAT):   run;

NOTE: Multiple concurrent threads will be used to summarize data.
NOTE: There were 200 observations read from the data set WORK.ANALF.
      WHERE saffl not = ' ';
NOTE: The data set WORK._CATNUMER has 1 observations and 1 variables.
NOTE: PROCEDURE SUMMARY used (Total process time):
      real time           0.01 seconds
      cpu time            0.00 seconds
      

MPRINT(TABDCAT):   ** this proc summary is to determine denominator - all non-missing values **;
MPRINT(TABDCAT):   proc summary nway data=analf n completetypes noprint;
MPRINT(TABDCAT):   where saffl ne ' ';
MPRINT(TABDCAT):   class saffl / preloadfmt;
MPRINT(TABDCAT):   output out=_cat (keep=saffl rename=(saffl=saffl));
MPRINT(TABDCAT):   run;

NOTE: Multiple concurrent threads will be used to summarize data.
NOTE: There were 200 observations read from the data set WORK.ANALF.
      WHERE saffl not = ' ';
NOTE: The data set WORK._CAT has 1 observations and 1 variables.
NOTE: PROCEDURE SUMMARY used (Total process time):
      real time           0.01 seconds
      cpu time            0.01 seconds
      

MPRINT(TABDCAT):   proc sort data=_cat;
MPRINT(TABDCAT):   by saffl;
MPRINT(TABDCAT):   run;

NOTE: There were 1 observations read from the data set WORK._CAT.
NOTE: SAS sort was used.
                                                                    The SAS System

NOTE: The data set WORK._CAT has 1 observations and 1 variables.
NOTE: PROCEDURE SORT used (Total process time):
      real time           0.00 seconds
      cpu time            0.01 seconds
      

MPRINT(TABDCAT):   *** then output the template ***;
MPRINT(TABDCAT):   data _cat;
MPRINT(TABDCAT):   set col end=eof;
MPRINT(TABDCAT):   do i = 1 to x;
MPRINT(TABDCAT):   set _cat nobs=x point=i;
MPRINT(TABDCAT):   output;
MPRINT(TABDCAT):   end;
MPRINT(TABDCAT):   run;

NOTE: There were 3 observations read from the data set WORK.COL.
NOTE: The data set WORK._CAT has 3 observations and 2 variables.
NOTE: DATA statement used (Total process time):
      real time           0.00 seconds
      cpu time            0.00 seconds
      

MPRINT(TABDCAT):   *** make sure missing value is in the template ***;
MPRINT(TABDCAT):   proc sort data=_cat;
MPRINT(TABDCAT):   by trt01pn;
MPRINT(TABDCAT):   run;

NOTE: There were 3 observations read from the data set WORK._CAT.
NOTE: SAS sort was used.
NOTE: The data set WORK._CAT has 3 observations and 2 variables.
NOTE: PROCEDURE SORT used (Total process time):
      real time           0.00 seconds
      cpu time            0.00 seconds
      

MPRINT(TABDCAT):   data _cat;
MPRINT(TABDCAT):   set _cat;
MPRINT(TABDCAT):   by trt01pn;
MPRINT(TABDCAT):   output;
MPRINT(TABDCAT):   if first.trt01pn and saffl ne ' ' then do;
MPRINT(TABDCAT):   saffl = ' ';
MPRINT(TABDCAT):   output;
MPRINT(TABDCAT):   end;
MPRINT(TABDCAT):   run;

NOTE: There were 3 observations read from the data set WORK._CAT.
                                                                    The SAS System

NOTE: The data set WORK._CAT has 6 observations and 2 variables.
NOTE: DATA statement used (Total process time):
      real time           0.00 seconds
      cpu time            0.00 seconds
      

MPRINT(TABDCAT):   *** out option value into template ***;
MPRINT(TABDCAT):   data _cat;
MPRINT(TABDCAT):   set _cat;
MPRINT(TABDCAT):   if saffl=' ' then do;
MPRINT(TABDCAT):   nomisspc="Y";
MPRINT(TABDCAT):   misspct ="N";
MPRINT(TABDCAT):   misspval="N";
MPRINT(TABDCAT):   end;
MPRINT(TABDCAT):   run;

NOTE: There were 6 observations read from the data set WORK._CAT.
NOTE: The data set WORK._CAT has 6 observations and 5 variables.
NOTE: DATA statement used (Total process time):
      real time           0.00 seconds
      cpu time            0.00 seconds
      

MPRINT(TABDCAT):   proc sort;
MPRINT(TABDCAT):   by trt01pn saffl;
MPRINT(TABDCAT):   run;

NOTE: There were 6 observations read from the data set WORK._CAT.
NOTE: SAS sort was used.
NOTE: The data set WORK._CAT has 6 observations and 5 variables.
NOTE: PROCEDURE SORT used (Total process time):
      real time           0.00 seconds
      cpu time            0.00 seconds
      

MPRINT(TABDCAT):   * proc print data=_cat;
MPRINT(TABDCAT):   * title 'Cat. template';
MPRINT(TABDCAT):   * run;
MPRINT(TABDCAT):   *-------------------------;
MPRINT(TABDCAT):   * Count all data ;
MPRINT(TABDCAT):   *-------------------------;
MPRINT(TABDCAT):   proc sort data = analf out = _tabcat1;
MPRINT(TABDCAT):   by trt01pn saffl;
MPRINT(TABDCAT):   run;

NOTE: There were 200 observations read from the data set WORK.ANALF.
                                                                    The SAS System

NOTE: SAS sort was used.
NOTE: The data set WORK._TABCAT1 has 200 observations and 18 variables.
NOTE: PROCEDURE SORT used (Total process time):
      real time           0.00 seconds
      cpu time            0.00 seconds
      

MPRINT(TABDCAT):   proc freq data=_tabcat1 noprint;
MPRINT(TABDCAT):   by trt01pn;
MPRINT(TABDCAT):   tables saffl / missing out=_tabcat3 (drop=percent);
MPRINT(TABDCAT):   * title "Macro tabdcat: File _tabcat3 after first freq ";
MPRINT(TABDCAT):   run;

NOTE: There were 200 observations read from the data set WORK._TABCAT1.
NOTE: The data set WORK._TABCAT3 has 3 observations and 3 variables.
NOTE: PROCEDURE FREQ used (Total process time):
      real time           0.01 seconds
      cpu time            0.01 seconds
      

MPRINT(TABDCAT):   ****************************************;
MPRINT(TABDCAT):   *** merge with _cat to expand levels ***;
MPRINT(TABDCAT):   ****************************************;
MPRINT(TABDCAT):   data _tabcat3;
MPRINT(TABDCAT):   merge _tabcat3 (in=int) _cat (in=ins);
MPRINT(TABDCAT):   by trt01pn saffl;
MPRINT(TABDCAT):   if ins;
MPRINT(TABDCAT):   if not int then count = 0;
MPRINT(TABDCAT):   run;

NOTE: There were 3 observations read from the data set WORK._TABCAT3.
NOTE: There were 6 observations read from the data set WORK._CAT.
NOTE: The data set WORK._TABCAT3 has 6 observations and 6 variables.
NOTE: DATA statement used (Total process time):
      real time           0.00 seconds
      cpu time            0.00 seconds
      

MPRINT(TABDCAT):   * proc print;
MPRINT(TABDCAT):   * title "Macro tabdcat: File _tabcat3 after expanding categories";
MPRINT(TABDCAT):   * run;
MPRINT(TABDCAT):   *-----------------------------------------------------------;
MPRINT(TABDCAT):   * Get column totals for denominator ;
MPRINT(TABDCAT):   * If needed to, change the denominator base on denom option;
MPRINT(TABDCAT):   * then calculate percent from count and coldenom ;
MPRINT(TABDCAT):   *-----------------------------------------------------------;
                                                                    The SAS System

MPRINT(TABDCAT):   proc summary nway data=_tabcat3 noprint;
MPRINT(TABDCAT):   where nomisspc ne 'Y';
MPRINT(TABDCAT):   class trt01pn;
MPRINT(TABDCAT):   var count;
MPRINT(TABDCAT):   output out=_tabcat3b(keep= trt01pn coldenom) sum=coldenom;
MPRINT(TABDCAT):   run;

NOTE: Multiple concurrent threads will be used to summarize data.
NOTE: There were 3 observations read from the data set WORK._TABCAT3.
      WHERE nomisspc not = 'Y';
NOTE: The data set WORK._TABCAT3B has 3 observations and 2 variables.
NOTE: PROCEDURE SUMMARY used (Total process time):
      real time           0.00 seconds
      cpu time            0.01 seconds
      

MPRINT(TABDCAT):   data _tabcat3;
MPRINT(TABDCAT):   merge _tabcat3 (in=in3) _tabcat3b (in=inb) ;
MPRINT(TABDCAT):   by trt01pn;
MPRINT(TABDCAT):   if in3;
MPRINT(TABDCAT):   if not inb then coldenom = 0;
MPRINT(TABDCAT):   ** kdaughtry - 09Sep2008 **;
MPRINT(TABDCAT):   **if coldenom ne 0 and .<count<=coldenom then percent = count / coldenom * 100;
MPRINT(TABDCAT):   if count>0 and coldenom ne 0 and .<count<=coldenom then percent = count / coldenom * 100;
MPRINT(TABDCAT):   run;

NOTE: There were 6 observations read from the data set WORK._TABCAT3.
NOTE: There were 3 observations read from the data set WORK._TABCAT3B.
NOTE: The data set WORK._TABCAT3 has 6 observations and 8 variables.
NOTE: DATA statement used (Total process time):
      real time           0.01 seconds
      cpu time            0.00 seconds
      

MPRINT(TABDCAT):   proc sort data=_tabcat3;
MPRINT(TABDCAT):   by saffl;
MPRINT(TABDCAT):   run;

NOTE: There were 6 observations read from the data set WORK._TABCAT3.
NOTE: SAS sort was used.
NOTE: The data set WORK._TABCAT3 has 6 observations and 8 variables.
NOTE: PROCEDURE SORT used (Total process time):
      real time           0.00 seconds
      cpu time            0.00 seconds
      

                                                                    The SAS System

MPRINT(TABDCAT):   proc sort data=_catnumer;
MPRINT(TABDCAT):   by saffl;
MPRINT(TABDCAT):   run;

NOTE: There were 1 observations read from the data set WORK._CATNUMER.
NOTE: SAS sort was used.
NOTE: The data set WORK._CATNUMER has 1 observations and 1 variables.
NOTE: PROCEDURE SORT used (Total process time):
      real time           0.00 seconds
      cpu time            0.01 seconds
      

MPRINT(TABDCAT):   ** only keep &var values from _catnumer dataset since this ds **;
MPRINT(TABDCAT):   ** only contains formatted values of &var **;
MPRINT(TABDCAT):   data _tabcat3;
MPRINT(TABDCAT):   merge _tabcat3 _catnumer (in=inn);
MPRINT(TABDCAT):   by saffl;
MPRINT(TABDCAT):   if inn or saffl=' ';
MPRINT(TABDCAT):   run;

NOTE: There were 6 observations read from the data set WORK._TABCAT3.
NOTE: There were 1 observations read from the data set WORK._CATNUMER.
NOTE: The data set WORK._TABCAT3 has 6 observations and 8 variables.
NOTE: DATA statement used (Total process time):
      real time           0.00 seconds
      cpu time            0.00 seconds
      

MPRINT(TABDCAT):   proc sort data=_tabcat3;
MPRINT(TABDCAT):   by trt01pn;
MPRINT(TABDCAT):   run;

NOTE: There were 6 observations read from the data set WORK._TABCAT3.
NOTE: SAS sort was used.
NOTE: The data set WORK._TABCAT3 has 6 observations and 8 variables.
NOTE: PROCEDURE SORT used (Total process time):
      real time           0.00 seconds
      cpu time            0.00 seconds
      

MPRINT(TABDCAT):   * proc print data = _tabcat3 (obs=100);
MPRINT(TABDCAT):   * title "Macro tabdcat: File _tabcat3 after calc deniminator";
MPRINT(TABDCAT):   * run;
MPRINT(TABDCAT):   *----------------------------------------;
MPRINT(TABDCAT):   * Percents without missing ;
MPRINT(TABDCAT):   * numbers in denominator ;
                                                                    The SAS System

MPRINT(TABDCAT):   *----------------------------------------;
MPRINT(TABDCAT):   *** Total patient count variable, used for calculating cell percents ***;
MPRINT(TABDCAT):   **********************************************************************;
MPRINT(TABDCAT):   *** Recalculate the counts without the missings ***;
MPRINT(TABDCAT):   *** if MISSPCT requested (print missings as a category) ***;
MPRINT(TABDCAT):   *** and NOMISSPC requested (do not use missings in the denominator ***;
MPRINT(TABDCAT):   **********************************************************************;
MPRINT(TABDCAT):   ***************************************************************************;
MPRINT(TABDCAT):   *** test: if n = 100 pct for any subgroup and then skip the calculation ***;
MPRINT(TABDCAT):   *** for cilevelw ***;
MPRINT(TABDCAT):   ***************************************************************************;
MPRINT(TABDCAT):   ******************************************;
MPRINT(TABDCAT):   *** put together the display data set ***;
MPRINT(TABDCAT):   ******************************************;
MPRINT(TABDCAT):   data _tabcat4;
MPRINT(TABDCAT):   length statval statval2 statval3 $40 start $200 linlabel $250;
MPRINT(TABDCAT):   set _tabcat3;
MPRINT(TABDCAT):   by trt01pn;
MPRINT(TABDCAT):   array tmpvarn len;
MPRINT(TABDCAT):   array tmpvarc $ statval statval2 statval3 linlabel;
MPRINT(TABDCAT):   retain totcount;
MPRINT(TABDCAT):   if first.trt01pn then totcount = 0;
MPRINT(TABDCAT):   if nomisspc^='Y' then totcount + count;
MPRINT(TABDCAT):   start = left(saffl);
MPRINT(TABDCAT):   linlabel = left(put(saffl,$SAFFL.));
MPRINT(TABDCAT):   if trim(linlabel) = '.' or linlabel = ' ' then linlabel = '- Missing -';
MPRINT(TABDCAT):   pct = percent;
MPRINT(TABDCAT):   *** NOMISSPC=Y only calculate cellpct if pct is not missing ***;
MPRINT(TABDCAT):   if (pct ne .) then cellpct = 100*(count/100);
MPRINT(TABDCAT):   else cellpct = .;
MPRINT(TABDCAT):   statval = ' ';
MPRINT(TABDCAT):   statval = put(count, 3. );
MPRINT(TABDCAT):   *** If coldenom requested, show N as N/COLUMN TOTAL ***;
MPRINT(TABDCAT):   if misspct ='N' then delete;
MPRINT(TABDCAT):   * delete missing cat if not used in rpt;
MPRINT(TABDCAT):   * if nomisspc='Y' then delete;
MPRINT(TABDCAT):   * delete missing cat if not part of calculations;
MPRINT(TABDCAT):   drop len saffl misspct;
MPRINT(TABDCAT):   run;

NOTE: There were 6 observations read from the data set WORK._TABCAT3.
NOTE: The data set WORK._TABCAT4 has 3 observations and 14 variables.
NOTE: DATA statement used (Total process time):
      real time           0.01 seconds
      cpu time            0.00 seconds
      
                                                                    The SAS System


MPRINT(TABDCAT):   * proc print data=_tabcat4;
MPRINT(TABDCAT):   * title "Macro tabdcat: File _tabcat4 after formating statistics ";
MPRINT(TABDCAT):   * run;
MPRINT(TABDCAT):   proc sort data=_tabcat4;
MPRINT(TABDCAT):   by start linlabel;
MPRINT(TABDCAT):   run;

NOTE: There were 3 observations read from the data set WORK._TABCAT4.
NOTE: SAS sort was used.
NOTE: The data set WORK._TABCAT4 has 3 observations and 14 variables.
NOTE: PROCEDURE SORT used (Total process time):
      real time           0.00 seconds
      cpu time            0.00 seconds
      

MPRINT(TABDCAT):   *----------------------------------------------------------------------------;
MPRINT(TABDCAT):   * Transpose the formatted and unformatted statistics ;
MPRINT(TABDCAT):   *----------------------------------------------------------------------------;
MPRINT(TABDCAT):   proc transpose data=_tabcat4 prefix=value out=_tabcat7;
MPRINT(TABDCAT):   var statval;
MPRINT(TABDCAT):   by start linlabel;
MPRINT(TABDCAT):   id trt01pn;
MPRINT(TABDCAT):   where trt01pn is not null;
MPRINT(TABDCAT):   run;

NOTE: There were 3 observations read from the data set WORK._TABCAT4.
      WHERE trt01pn is not null;
NOTE: The data set WORK._TABCAT7 has 1 observations and 6 variables.
NOTE: PROCEDURE TRANSPOSE used (Total process time):
      real time           0.00 seconds
      cpu time            0.01 seconds
      

MPRINT(TABDCAT):   * proc print data = _tabcat7 (obs=100);
MPRINT(TABDCAT):   * title "File _tabcat7 after transpose";
MPRINT(TABDCAT):   * run;
MPRINT(TABDCAT):   *----------------------------------------------------------------------------;
MPRINT(TABDCAT):   * Calculate confidence intervals if requested ;
MPRINT(TABDCAT):   * Redo proc freq, this time with the stratification vars, and run thru ;
MPRINT(TABDCAT):   * stratified CI formula. Output is one record per analysis var value per ;
MPRINT(TABDCAT):   * byvar value ;
MPRINT(TABDCAT):   *----------------------------------------------------------------------------;
MPRINT(TABDCAT):   *----------------------------------------------------------------------------;
MPRINT(TABDCAT):   * Calculate risk ratio if requested ;
MPRINT(TABDCAT):   * Redo proc freq, not using stratification or missing parameters, and call ;
                                                                    The SAS System

MPRINT(TABDCAT):   * RR formula. Output is one record per analysis var per byvar value ;
MPRINT(TABDCAT):   *----------------------------------------------------------------------------;
MPRINT(TABDCAT):   *---------------------------------------;
MPRINT(TABDCAT):   * CHISQ, CMH, EXACT p-values ;
MPRINT(TABDCAT):   *---------------------------------------;
MPRINT(TABDCAT):   *---------------------------------------------------;
MPRINT(TABDCAT):   * Standard (statified) categorical p-values ;
MPRINT(TABDCAT):   *---------------------------------------------------;
MPRINT(TABDCAT):   proc sort data = analfnot out = _tabcat2;
MPRINT(TABDCAT):   by trt01pn saffl;
MPRINT(TABDCAT):   run;

NOTE: There were 100 observations read from the data set WORK.ANALFNOT.
NOTE: SAS sort was used.
NOTE: The data set WORK._TABCAT2 has 100 observations and 18 variables.
NOTE: PROCEDURE SORT used (Total process time):
      real time           0.00 seconds
      cpu time            0.00 seconds
      

MPRINT(TABDCAT):   *----------------------------------------------------------------------------;
MPRINT(TABDCAT):   * If pairwise p-values are requested, generate and add to the dataset ;
MPRINT(TABDCAT):   *----------------------------------------------------------------------------;
MPRINT(TABDCAT):   *----------------------------------------------------------------------------;
MPRINT(TABDCAT):   * Final data massage before merging with accumulated statistics ;
MPRINT(TABDCAT):   *----------------------------------------------------------------------------;
MPRINT(TABDCAT):   * proc print data = _tabcat7;
MPRINT(TABDCAT):   * title "File _tabcat7 ";
MPRINT(TABDCAT):   * run;
MPRINT(TABDCAT):   data _tabcat7;
MPRINT(TABDCAT):   length label1 label2 $ 250 statord value1 - value3 $40;
MPRINT(TABDCAT):   set _tabcat7;
MPRINT(TABDCAT):   sortord=7;
MPRINT(TABDCAT):   label1="                                                                                                                           
                                                                                                                               ";
MPRINT(TABDCAT):   label2="                                                                                                                           
                                                                                                                               ";
MPRINT(TABDCAT):   type = "CAT ";
MPRINT(TABDCAT):   statord = left(start);
MPRINT(TABDCAT):   array vl {*} value1 - value3;
MPRINT(TABDCAT):   if trim(start) eq '.' or start = ' ' then delete;
MPRINT(TABDCAT):   if trim(linlabel) = '- Missing -' then statord = '999999999';
MPRINT(TABDCAT):   vct = 0;
MPRINT(TABDCAT):   do i = 1 to 3;
MPRINT(TABDCAT):   if vl{i} = ' ' and substr(linlabel,1,10) ^= 'Risk Ratio' then do;
MPRINT(TABDCAT):   vl{i} = put(0, 3. );
                                                                    The SAS System

MPRINT(TABDCAT):   if "Y" = 'Y' and statord = '999999999' then do;
MPRINT(TABDCAT):   vl{i} = put(0, 3. );
MPRINT(TABDCAT):   end;
MPRINT(TABDCAT):   end;
MPRINT(TABDCAT):   *** Reset intentionally set "No CI" back to blank ***;
MPRINT(TABDCAT):   *** if all blank then delete ***;
MPRINT(TABDCAT):   if vl{i} = "No CI" then do;
MPRINT(TABDCAT):   vl{i} = " ";
MPRINT(TABDCAT):   vct + 1;
MPRINT(TABDCAT):   end;
MPRINT(TABDCAT):   end;
MPRINT(TABDCAT):   if vct = 3 then delete;
MPRINT(TABDCAT):   drop i vct ;
MPRINT(TABDCAT):   * &var;
MPRINT(TABDCAT):   run;

NOTE: There were 1 observations read from the data set WORK._TABCAT7.
NOTE: The data set WORK._TABCAT7 has 1 observations and 11 variables.
NOTE: DATA statement used (Total process time):
      real time           0.00 seconds
      cpu time            0.01 seconds
      

MPRINT(TABDCAT):   data combine;
MPRINT(TABDCAT):   set combine _tabcat7;
MPRINT(TABDCAT):   format pvalc1 pvalc2;
MPRINT(TABDCAT):   run;

NOTE: There were 0 observations read from the data set WORK.COMBINE.
NOTE: There were 1 observations read from the data set WORK._TABCAT7.
NOTE: The data set WORK.COMBINE has 1 observations and 15 variables.
NOTE: DATA statement used (Total process time):
      real time           0.00 seconds
      cpu time            0.00 seconds
      

MPRINT(TABDCAT):   ***--- End of EXACT CI ---***;
MPRINT(TABDCAT):   * proc print data = combine;
MPRINT(TABDCAT):   * title 'File combine after %tabdcat call';
MPRINT(TABDCAT):   * run;
MPRINT(TABDCAT):   *----------------------------------------------------------------------------;
MPRINT(TABDCAT):   * Cleanup ;
MPRINT(TABDCAT):   *----------------------------------------------------------------------------;
MPRINT(TABDCAT):   proc datasets library = work nolist;
MPRINT(TABDCAT):   delete _tabcat:;
MPRINT(TABDCAT):   quit;
                                                                    The SAS System


NOTE: Deleting WORK._TABCAT1 (memtype=DATA).
NOTE: Deleting WORK._TABCAT2 (memtype=DATA).
NOTE: Deleting WORK._TABCAT3 (memtype=DATA).
NOTE: Deleting WORK._TABCAT3B (memtype=DATA).
NOTE: Deleting WORK._TABCAT4 (memtype=DATA).
NOTE: Deleting WORK._TABCAT7 (memtype=DATA).
NOTE: PROCEDURE DATASETS used (Total process time):
      real time           0.00 seconds
      cpu time            0.00 seconds
      

MPRINT(MK_T_S_DISP):  ;
MPRINT(MK_T_S_DISP):   data combine7;
MPRINT(MK_T_S_DISP):   set combine;
MPRINT(MK_T_S_DISP):   where (start eq 'Y');
MPRINT(MK_T_S_DISP):   run;

NOTE: There were 1 observations read from the data set WORK.COMBINE.
      WHERE start='Y';
NOTE: The data set WORK.COMBINE7 has 1 observations and 15 variables.
NOTE: DATA statement used (Total process time):
      real time           0.00 seconds
      cpu time            0.00 seconds
      

MPRINT(TABDESC):   ** only one of &spctvar,&sdpvar,&stpvar, or &sopvar should be populated **;
MPRINT(TABDESC):   data ck_ssvars;
MPRINT(TABDESC):   sv1=0;
MPRINT(TABDESC):   sv2=0;
MPRINT(TABDESC):   sv3=0;
MPRINT(TABDESC):   sv4=0;
MPRINT(TABDESC):   all_ss=sum(sv1,sv2,sv3,sv4);
MPRINT(TABDESC):   call symput("all_ss",strip(put(all_ss,best.)));
MPRINT(TABDESC):   run;

NOTE: The data set WORK.CK_SSVARS has 1 observations and 5 variables.
NOTE: DATA statement used (Total process time):
      real time           0.00 seconds
      cpu time            0.00 seconds
      

MPRINT(TABDESC):   ***--- print all/selected columns ---***;
MPRINT(TABDESC):   ***---31may2007 VK ---***;
MPRINT(TABDESC):   ***--- create data set showing the showallcol values...21Sep2010...saw ---***;
MPRINT(TABDESC):   *----------------------------------------------------------------------------;
                                                                    The SAS System

MPRINT(TABDESC):   * initialize the dataset that will accumulate the statistic records ;
MPRINT(TABDESC):   *----------------------------------------------------------------------------;
MPRINT(TABDESC):   data combine;
MPRINT(TABDESC):   stop;
MPRINT(TABDESC):   pval1 = .;
MPRINT(TABDESC):   pval2 = .;
MPRINT(TABDESC):   length pvalc1 pvalc2 $10;
MPRINT(TABDESC):   pvalc1='';
MPRINT(TABDESC):   pvalc2='';
MPRINT(TABDESC):   run;

NOTE: The data set WORK.COMBINE has 0 observations and 4 variables.
NOTE: DATA statement used (Total process time):
      real time           0.00 seconds
      cpu time            0.00 seconds
      

MPRINT(TABDESC):   *----------------------------------------------------------------------------;
MPRINT(TABDESC):   * if > 1 byvar variable, set up individual macro vars ;
MPRINT(TABDESC):   *----------------------------------------------------------------------------;
MPRINT(TABDESC):   *----------------------------------------------------------------------------;
MPRINT(TABDESC):   * Prepare for p-value calculations ;
MPRINT(TABDESC):   * if pairwise p-values are requested, calculate how many pairs ;
MPRINT(TABDESC):   *----------------------------------------------------------------------------;
MPRINT(TABDESC):  ;
MPRINT(TABDESC):  ;
MPRINT(TABDESC):  ;
MPRINT(TABDESC):  ;
MPRINT(TABDESC):  ;
MPRINT(TABDESC):  ;
MPRINT(TABDESC):  ;
MPRINT(TABDESC):   *----------------------------------------------------------------------------;
MPRINT(TABDESC):   * Check input dataset for existence, var names, var formats and type ;
MPRINT(TABDESC):   *----------------------------------------------------------------------------;
MPRINT(TABDESC):   data _null_;
MPRINT(TABDESC):   set safety1;
MPRINT(TABDESC):   where trt01pn <=0;
MPRINT(TABDESC):   if _n_ = 1 then do;
MPRINT(TABDESC):   call symput("_errcode",'F');
MPRINT(TABDESC):   call symput("_errmsg","Column variable (in COLVAR) trt01pn contains a zero or a missing "||"value - canceling run" );
MPRINT(TABDESC):   end;
MPRINT(TABDESC):   run;

NOTE: There were 0 observations read from the data set WORK.SAFETY1.
      WHERE trt01pn<=0;
NOTE: DATA statement used (Total process time):
                                                                    The SAS System

      real time           0.02 seconds
      cpu time            0.00 seconds
      

MPRINT(TABDESC):   data _null_;
MPRINT(TABDESC):   rc = exist("safety1","DATA");
MPRINT(TABDESC):   if not(rc) then do;
MPRINT(TABDESC):   call symput("_errcode",'F');
MPRINT(TABDESC):   call symput("_errmsg","Input dataset (in DATA) safety1 does not "||"exist - canceling run" );
MPRINT(TABDESC):   goto errout;
MPRINT(TABDESC):   end;
MPRINT(TABDESC):   ds = open("safety1","i");
MPRINT(TABDESC):   var = varnum(ds, "trt01pn");
MPRINT(TABDESC):   if not(var) then do;
MPRINT(TABDESC):   call symput("_errcode",'F');
MPRINT(TABDESC):   call symput("_errmsg","Column variable (in COLVAR) trt01pn does not "||"exist - canceling run" );
MPRINT(TABDESC):   goto errout;
MPRINT(TABDESC):   end;
MPRINT(TABDESC):   call symput("_colvarf",varfmt(ds,var));
MPRINT(TABDESC):   *** Check population variables ***;
MPRINT(TABDESC):   *** Check stratification variables ***;
MPRINT(TABDESC):   var = varnum(ds, "subjid");
MPRINT(TABDESC):   if not(var) then do;
MPRINT(TABDESC):   call symput("_errcode",'F');
MPRINT(TABDESC):   call symput("_errmsg","Patient identifying variable (in PTVAR) subjid does not "||"exist - canceling run" );
MPRINT(TABDESC):   goto errout;
MPRINT(TABDESC):   end;
MPRINT(TABDESC):   errout: run;

NOTE: DATA statement used (Total process time):
      real time           0.00 seconds
      cpu time            0.01 seconds
      

MPRINT(TABDESC):   *----------------------------------------------------------------------------;
MPRINT(TABDESC):   * Subset the analysis file for the right sample and ;
MPRINT(TABDESC):   * perform all necessary data massage here. ;
MPRINT(TABDESC):   *----------------------------------------------------------------------------;
MPRINT(TABDESC):   data analf analfall;
MPRINT(TABDESC):   set safety1 ;
MPRINT(TABDESC):   ;
MPRINT(TABDESC):   call symput('_empty','0');
MPRINT(TABDESC):   run;

NOTE: There were 100 observations read from the data set WORK.SAFETY1.
NOTE: The data set WORK.ANALF has 100 observations and 18 variables.
                                                                    The SAS System

NOTE: The data set WORK.ANALFALL has 100 observations and 18 variables.
NOTE: DATA statement used (Total process time):
      real time           0.03 seconds
      cpu time            0.01 seconds
      

MPRINT(TABDESC):   *----------------------------------------------------------------------------;
MPRINT(TABDESC):   * Find the maximum value of the column variable ;
MPRINT(TABDESC):   * Use the highest value in the data. Override with the highest value in the;
MPRINT(TABDESC):   * format if higher ;
MPRINT(TABDESC):   *----------------------------------------------------------------------------;
MPRINT(GETFMT):   data _null_;
MPRINT(GETFMT):   set sashelp.voption;
MPRINT(GETFMT):   where optname = 'FMTSEARCH';
MPRINT(GETFMT):   length fmtpath $2000;
MPRINT(GETFMT):   fmtpath = 'WORK ' || compress(setting,'()');
MPRINT(GETFMT):   call symput('_fmtpath',fmtpath);
MPRINT(GETFMT):   fmtname = "TRTFMT. ";
MPRINT(GETFMT):   if substr(fmtname,1,1) = '$' then call symput("fmttype","C");
MPRINT(GETFMT):   if substr(fmtname,1,1) ^= '$' then call symput("fmttype","N");
MPRINT(GETFMT):   fmtname = compress(fmtname,'$. ');
MPRINT(GETFMT):   call symput("fmtname",fmtname);
MPRINT(GETFMT):   run;

NOTE: There were 1 observations read from the data set SASHELP.VOPTION.
      WHERE optname='FMTSEARCH';
NOTE: DATA statement used (Total process time):
      real time           0.00 seconds
      cpu time            0.00 seconds
      

MPRINT(GETFMT):   data _getfmt1;
MPRINT(GETFMT):   set sashelp.vcatalg;
MPRINT(GETFMT):   memname = upcase(memname);
MPRINT(GETFMT):   objname = upcase(objname);
MPRINT(GETFMT):   ** kdaughtry - 29Aug2008 **;
MPRINT(GETFMT):   **where memname = 'FORMATS' and trim(objname) = trim("&fmtname");
MPRINT(GETFMT):   where trim(objname) = trim("TRTFMT  ") and libname^='SASHELP' and objtype=:'FORMAT';
MPRINT(GETFMT):   **indx = indexw("%upcase( &_fmtpath)",upcase(trim(libname)));
MPRINT(GETFMT):   indx = index("WORK _FMTS_1",upcase(trim(libname)));
MPRINT(GETFMT):   if indx;
MPRINT(GETFMT):   run;

NOTE: There were 2 observations read from the data set SASHELP.VCATALG.
      WHERE (TRIM(objname)='TRTFMT') and (libname not = 'SASHELP') and (objtype=:'FORMAT');
NOTE: The data set WORK._GETFMT1 has 1 observations and 11 variables.
                                                                    The SAS System

NOTE: DATA statement used (Total process time):
      real time           0.06 seconds
      cpu time            0.00 seconds
      

MPRINT(GETFMT):   proc sort data = _getfmt1;
MPRINT(GETFMT):   by indx;
MPRINT(GETFMT):   run;

NOTE: There were 1 observations read from the data set WORK._GETFMT1.
NOTE: SAS sort was used.
NOTE: The data set WORK._GETFMT1 has 1 observations and 11 variables.
NOTE: PROCEDURE SORT used (Total process time):
      real time           0.00 seconds
      cpu time            0.00 seconds
      

MPRINT(GETFMT):   data _null_;
MPRINT(GETFMT):   set _getfmt1 end = eof;
MPRINT(GETFMT):   **call symput("_flib" || compress(put(_n_,best.)) , libname );
MPRINT(GETFMT):   ** kdaughtry - 29Aug2008 **;
MPRINT(GETFMT):   ** chg _flib to be libname and memname together so can handle format **;
MPRINT(GETFMT):   ** catalogs with a name other than formats **;
MPRINT(GETFMT):   call symput("_flib" || compress(put(_n_,best.)) , compress(libname) || "." || compress(memname) );
MPRINT(GETFMT):   if eof then call symput("_nlib",compress(put(_n_,best.)));
MPRINT(GETFMT):   run;

NOTE: There were 1 observations read from the data set WORK._GETFMT1.
NOTE: DATA statement used (Total process time):
      real time           0.00 seconds
      cpu time            0.00 seconds
      

MPRINT(GETFMT):   proc format library = _FMTS_1.FORMATS cntlout = _getfmt2;
MPRINT(GETFMT):   run;
NOTE: PROCEDURE FORMAT used (Total process time):
      real time           0.05 seconds
      cpu time            0.01 seconds
      
NOTE: The data set WORK._GETFMT2 has 499 observations and 21 variables.

MPRINT(GETFMT):   data _tabd1;
MPRINT(GETFMT):   set _getfmt2;
MPRINT(GETFMT):   if upcase(trim(fmtname)) = trim("TRTFMT  ") and upcase(type) = "N" then do;
MPRINT(GETFMT):   start = left(start);
MPRINT(GETFMT):   output;
                                                                    The SAS System

MPRINT(GETFMT):   call symput('_gotfmt','Y');
MPRINT(GETFMT):   end;
MPRINT(GETFMT):   run;

NOTE: There were 499 observations read from the data set WORK._GETFMT2.
NOTE: The data set WORK._TABD1 has 2 observations and 21 variables.
NOTE: DATA statement used (Total process time):
      real time           0.00 seconds
      cpu time            0.00 seconds
      

MPRINT(TABDESC):  ;
MPRINT(TABDESC):   data _tabd1_sw (keep=trt01pn);
MPRINT(TABDESC):   set _tabd1 end=eof nobs=numobs;
MPRINT(TABDESC):   *** kaling 19jun2015 nobs ***;
MPRINT(TABDESC):   trt01pn = input(left(start),best8.);
MPRINT(TABDESC):   if eof then call symput('ntrt_fmt',compress(put(numobs,5.)) );
MPRINT(TABDESC):   *** kaling 19jun2015 ***;
MPRINT(TABDESC):   run;

NOTE: There were 2 observations read from the data set WORK._TABD1.
NOTE: The data set WORK._TABD1_SW has 2 observations and 1 variables.
NOTE: DATA statement used (Total process time):
      real time           0.00 seconds
      cpu time            0.00 seconds
      

MPRINT(TABDESC):   proc sort data= analf out = analfpt (keep = trt01pn subjid) nodupkey;
MPRINT(TABDESC):   by trt01pn subjid;
MPRINT(TABDESC):   run;

NOTE: There were 100 observations read from the data set WORK.ANALF.
NOTE: SAS sort was used.
NOTE: 0 observations with duplicate key values were deleted.
NOTE: The data set WORK.ANALFPT has 100 observations and 2 variables.
NOTE: PROCEDURE SORT used (Total process time):
      real time           0.04 seconds
      cpu time            0.00 seconds
      

MPRINT(TABDESC):   data analfpt;
MPRINT(TABDESC):   set analfpt;
MPRINT(TABDESC):   format trt01pn;
MPRINT(TABDESC):   run;

NOTE: There were 100 observations read from the data set WORK.ANALFPT.
                                                                    The SAS System

NOTE: The data set WORK.ANALFPT has 100 observations and 2 variables.
NOTE: DATA statement used (Total process time):
      real time           0.00 seconds
      cpu time            0.00 seconds
      

MPRINT(TABDESC):   proc summary data=analfpt nway;
MPRINT(TABDESC):   class trt01pn;
MPRINT(TABDESC):   output out=_tabd2;
MPRINT(TABDESC):   run;

NOTE: Multiple concurrent threads will be used to summarize data.
NOTE: There were 100 observations read from the data set WORK.ANALFPT.
NOTE: The data set WORK._TABD2 has 2 observations and 3 variables.
NOTE: PROCEDURE SUMMARY used (Total process time):
      real time           0.00 seconds
      cpu time            0.00 seconds
      

MPRINT(TABDESC):   data _null_;
MPRINT(TABDESC):   merge _tabd2 (in=_V)
MPRINT(TABDESC):   _tabd1_sw (in=_F) end = eof;
MPRINT(TABDESC):   BY trt01pn;
MPRINT(TABDESC):   LENGTH _A $8 _B $50;
MPRINT(TABDESC):   IF trt01pn NE _N_ THEN DO;
MPRINT(TABDESC):   _A='ER'||'ROR:';
MPRINT(TABDESC):   _B="The value "||strip(put(trt01pn,best.))||'is out of sequence.';
MPRINT(TABDESC):   PUT _A "**---------------------------------------------------------------------------------------**";
MPRINT(TABDESC):   PUT _A "The variable trt01pn and its format must contain consecutive positive integers starting from 1. " _B;
MPRINT(TABDESC):   PUT _A "**---------------------------------------------------------------------------------------**";
MPRINT(TABDESC):   ABORT;
MPRINT(TABDESC):   END;
MPRINT(TABDESC):  ;
MPRINT(TABDESC):   IF _V AND (NOT(_F)) THEN DO;
MPRINT(TABDESC):   _A='WAR'||'NING:';
MPRINT(TABDESC):   _B="You have an unformatted trt01pn value of "||strip(put(trt01pn,best.))||'.';
MPRINT(TABDESC):   PUT _A "**---------------------------------------------------------------------------------------**";
MPRINT(TABDESC):   PUT _A _B " Use the SHOWALLCOL parameter in tabdesc when you have columns you do not wish to display.";
MPRINT(TABDESC):   PUT _A "**---------------------------------------------------------------------------------------**";
MPRINT(TABDESC):   END;
MPRINT(TABDESC):   ELSE IF (NOT(_V)) AND _F THEN DO;
MPRINT(TABDESC):   _A='WAR'||'NING:';
MPRINT(TABDESC):   _B="You have a format for the value "||strip(put(trt01pn,best.))||',';
MPRINT(TABDESC):   PUT _A "**---------------------------------------------------------------------------------------**";
MPRINT(TABDESC):   PUT _A _B " but this value does not appear in the passed data.";
MPRINT(TABDESC):   PUT _A "**---------------------------------------------------------------------------------------**";
                                                                    The SAS System

MPRINT(TABDESC):   END;
MPRINT(TABDESC):   IF NOT(EOF) THEN DO;
MPRINT(TABDESC):   IF NOT(_V) THEN DO;
MPRINT(TABDESC):   _A='WAR'||'NING:';
MPRINT(TABDESC):   _B="You have requested printing the trt01pn value of "||strip(put(trt01pn,best.))||',';
MPRINT(TABDESC):   PUT _A "**---------------------------------------------------------------------------------------**";
MPRINT(TABDESC):   PUT _A _B " but this value is not present in the passed data.";
MPRINT(TABDESC):   PUT _A "**---------------------------------------------------------------------------------------**";
MPRINT(TABDESC):   END;
MPRINT(TABDESC):   END;
MPRINT(TABDESC):  ;
MPRINT(TABDESC):   RUN;

NOTE: There were 2 observations read from the data set WORK._TABD2.
NOTE: There were 2 observations read from the data set WORK._TABD1_SW.
NOTE: DATA statement used (Total process time):
      real time           0.00 seconds
      cpu time            0.01 seconds
      

MPRINT(TABDESC):   ************* kaling begin 19jun2015 ************;
MPRINT(TABDESC):   data _null_;
MPRINT(TABDESC):   if 1 eq 2 then set _tabd2 nobs=ntrt_data;
MPRINT(TABDESC):   maxcol =max(ntrt_data, 2 );
MPRINT(TABDESC):   maxcol_1=maxcol;
MPRINT(TABDESC):   maxcol_1=maxcol +1;
MPRINT(TABDESC):   call symput( 'maxcol',compress(put(maxcol ,5.)) );
MPRINT(TABDESC):   call symput('_maxcol',compress(put(maxcol_1 ,5.)) );
MPRINT(TABDESC):   stop;
MPRINT(TABDESC):   run;

NOTE: DATA statement used (Total process time):
      real time           0.00 seconds
      cpu time            0.00 seconds
      

'TOOLVER=' v4.19.01   ' MAXCOL=' 2   ' _MAXCOL= '  3
' SHOWALLCOL=' Y
'line 721 _SHOWALLCOL=' Y
MPRINT(TABDESC):   ************** kaling end 19jun2015 ************;
MPRINT(TABDESC):   data _null_;
MPRINT(TABDESC):   set _tabd2 end = eof;
MPRINT(TABDESC):   call symput("_colct" || compress(put(trt01pn,best.)) , put(_freq_,best.) );
MPRINT(TABDESC):   run;

NOTE: There were 2 observations read from the data set WORK._TABD2.
                                                                    The SAS System

NOTE: DATA statement used (Total process time):
      real time           0.00 seconds
      cpu time            0.00 seconds
      

MPRINT(TABDESC):   *----------------------------------------------------------------------------;
MPRINT(TABDESC):   * determine total number of patients in each column and in the whole file ;
MPRINT(TABDESC):   *----------------------------------------------------------------------------;
MPRINT(TABDESC):   proc sort data= analf out = analfpt (keep = subjid) nodupkey;
MPRINT(TABDESC):   by subjid;
MPRINT(TABDESC):   run;

NOTE: There were 100 observations read from the data set WORK.ANALF.
NOTE: SAS sort was used.
NOTE: 0 observations with duplicate key values were deleted.
NOTE: The data set WORK.ANALFPT has 100 observations and 1 variables.
NOTE: PROCEDURE SORT used (Total process time):
      real time           0.05 seconds
      cpu time            0.01 seconds
      

MPRINT(TABDESC):   data _null_;
MPRINT(TABDESC):   set analfpt nobs = _freq_;
MPRINT(TABDESC):   call symput("_patct", put(_freq_,best.));
MPRINT(TABDESC):   call symput("_colct3", put(_freq_,best.) );
MPRINT(TABDESC):   if _freq_ = 0 then do;
MPRINT(TABDESC):   call symput("_errcode",'F');
MPRINT(TABDESC):   call symput("_errmsg","No patients meet subset criteria - canceling run" );
MPRINT(TABDESC):   end;
MPRINT(TABDESC):   stop;
MPRINT(TABDESC):   run;

NOTE: There were 1 observations read from the data set WORK.ANALFPT.
NOTE: DATA statement used (Total process time):
      real time           0.00 seconds
      cpu time            0.00 seconds
      

MPRINT(TABDESC):   ** # of subj at top of table will not reflect subset of subjects **;
MPRINT(TABDESC):   *----------------------------------------------------------------------------;
MPRINT(TABDESC):   * Set up file with duplicate records for total column if necessary ;
MPRINT(TABDESC):   *----------------------------------------------------------------------------;
MPRINT(TABDESC):   data analf analfnot;
MPRINT(TABDESC):   set analf;
MPRINT(TABDESC):   format trt01pn;
MPRINT(TABDESC):   output analf;
                                                                    The SAS System

MPRINT(TABDESC):   output analfnot;
MPRINT(TABDESC):   trt01pn=3;
MPRINT(TABDESC):   output analf;
MPRINT(TABDESC):   run;

NOTE: There were 100 observations read from the data set WORK.ANALF.
NOTE: The data set WORK.ANALF has 200 observations and 18 variables.
NOTE: The data set WORK.ANALFNOT has 100 observations and 18 variables.
NOTE: DATA statement used (Total process time):
      real time           0.01 seconds
      cpu time            0.00 seconds
      

MPRINT(TABDESC):   proc sort data=analf;
MPRINT(TABDESC):   by trt01pn;
MPRINT(TABDESC):   run;

NOTE: There were 200 observations read from the data set WORK.ANALF.
NOTE: SAS sort was used.
NOTE: The data set WORK.ANALF has 200 observations and 18 variables.
NOTE: PROCEDURE SORT used (Total process time):
      real time           0.00 seconds
      cpu time            0.00 seconds
      

MPRINT(TABDESC):   proc sort data=analfnot;
MPRINT(TABDESC):   by trt01pn;
MPRINT(TABDESC):   run;

NOTE: There were 100 observations read from the data set WORK.ANALFNOT.
NOTE: SAS sort was used.
NOTE: The data set WORK.ANALFNOT has 100 observations and 18 variables.
NOTE: PROCEDURE SORT used (Total process time):
      real time           0.00 seconds
      cpu time            0.00 seconds
      

MPRINT(TABDESC):   data analfall;
MPRINT(TABDESC):   set analfall;
MPRINT(TABDESC):   format trt01pn;
MPRINT(TABDESC):   output analfall;
MPRINT(TABDESC):   trt01pn=3;
MPRINT(TABDESC):   output analfall;
MPRINT(TABDESC):   run;

NOTE: There were 100 observations read from the data set WORK.ANALFALL.
                                                                    The SAS System

NOTE: The data set WORK.ANALFALL has 200 observations and 18 variables.
NOTE: DATA statement used (Total process time):
      real time           0.03 seconds
      cpu time            0.01 seconds
      

MPRINT(TABDESC):   *----------------------------------------------------------------------------;
MPRINT(TABDESC):   * determine total number of patients per &byvar value, if necessary ;
MPRINT(TABDESC):   *----------------------------------------------------------------------------;
MPRINT(TABDESC):   *----------------------------------------------------------------------------;
MPRINT(TABDESC):   * If pairwise=ALL, set to a list of all the pairs in the data ;
MPRINT(TABDESC):   *----------------------------------------------------------------------------;
MPRINT(TABPAIR):   *** change pairwise if = ALL ***;
MPRINT(TABPAIR):   *** call macro for each pair of pair_wise ***;
MPRINT(TABDESC):  ;
'TOOLVER=' v4.19.01   ' MAXCOL=' 2   ' _MAXCOL= '  3
' SHOWALLCOL=' Y
'line 1269 _SHOWALLCOL=' Y
MPRINT(TABDESC):  ;
MPRINT(TABDESC):   proc datasets library = work nolist;
MPRINT(TABDESC):   *delete _tabd1 _tabd2 _tabd3 _tabd4 _tabd5 _tabd6 _tabd7;
MPRINT(TABDESC):   delete _tabd: ;
MPRINT(TABDESC):   *2016-12-29 kchan07 replace _tabd1.... _tabd7;
MPRINT(TABDESC):   quit;

NOTE: Deleting WORK._TABD1 (memtype=DATA).
NOTE: Deleting WORK._TABD1_SW (memtype=DATA).
NOTE: Deleting WORK._TABD2 (memtype=DATA).
NOTE: PROCEDURE DATASETS used (Total process time):
      real time           0.00 seconds
      cpu time            0.00 seconds
      

MPRINT(MK_T_S_DISP):  ;
MPRINT(MK_T_S_DISP):   *************************************************************************;
MPRINT(MK_T_S_DISP):   * Multiple trt period variables and by period study status variables *;
MPRINT(MK_T_S_DISP):   *************************************************************************;
MPRINT(TABDCAT):   *-----------------------------------------------------------------------------------------------* | Definition of internal macros 
| *-----------------------------------------------------------------------------------------------*;
MPRINT(TABDCAT):   *------------------------------------------------------------------------;
MPRINT(TABDCAT):   * macro tab_sam_hp ;
MPRINT(TABDCAT):   * Calculate Stratum-Adjusted Mantel-Haenszel Proportion ;
MPRINT(TABDCAT):   *------------------------------------------------------------------------;
MPRINT(TABDCAT):   *------------------------------------------------------------------------;
MPRINT(TABDCAT):   * macro ciexact ;
MPRINT(TABDCAT):   * Calculate Confidence intervals using exact method - VK 15AUG2007;
                                                                    The SAS System

MPRINT(TABDCAT):   *------------------------------------------------------------------------;
MPRINT(TABDCAT):   *----------------------------------------------------------------------------;
MPRINT(TABDCAT):   * macro ciprep ;
MPRINT(TABDCAT):   * Prepare file for CI calculation ;
MPRINT(TABDCAT):   *----------------------------------------------------------------------------;
MPRINT(TABDCAT):   *----------------------------------------------------------------------------;
MPRINT(TABDCAT):   * macro ciprop ;
MPRINT(TABDCAT):   * Do CI calculation ;
MPRINT(TABDCAT):   *----------------------------------------------------------------------------;
MPRINT(TABDCAT):   *----------------------------------------------------------------------------;
MPRINT(TABDCAT):   * macro rratio ;
MPRINT(TABDCAT):   * Do risk ratio calculations ;
MPRINT(TABDCAT):   *----------------------------------------------------------------------------;
MPRINT(TABDCAT):   *----------------------------------------------------------------------------;
MPRINT(TABDCAT):   * macro rrcalc ;
MPRINT(TABDCAT):   * Do risk ratio calculations for each selected pair ;
MPRINT(TABDCAT):   *----------------------------------------------------------------------------;
MPRINT(TABDCAT):   *------------------------------------------------------------------;
MPRINT(TABDCAT):   * macro pval ;
MPRINT(TABDCAT):   * p-value calculation ;
MPRINT(TABDCAT):   *------------------------------------------------------------------;
MPRINT(TABDCAT):   *-----------------------------------------------------------------------------------------------------------* | End of internal 
macro definition and beginning of tabdcat main section | 
*-----------------------------------------------------------------------------------------------------------*;
MPRINT(TABDCAT):   *** use default risktype if no local override ***;
MPRINT(TABDCAT):  ;
MPRINT(TABDCAT):   **************************************************;
MPRINT(TABDCAT):   *** modify stratification locally if requested ***;
MPRINT(TABDCAT):   **************************************************;
MPRINT(TABDCAT):   *----------------------------------------------------------------------------;
MPRINT(TABDCAT):   * Get analysis variable attributes (type, label, format) ;
MPRINT(TABDCAT):   * Cancel run if variable .does not. exist ;
MPRINT(TABDCAT):   *----------------------------------------------------------------------------;
MPRINT(TABDCAT):   data _null_;
MPRINT(TABDCAT):   length label1 label2 $250;
MPRINT(TABDCAT):   ds = open("analf","i");
MPRINT(TABDCAT):   var = varnum(ds , "comt01n");
MPRINT(TABDCAT):   if not(var) then do;
MPRINT(TABDCAT):   call symput("_errcode","F");
MPRINT(TABDCAT):   call symput("_errmsg","Categorical analysis variable comt01n .does not. exist - canceling run" );
MPRINT(TABDCAT):   end;
MPRINT(TABDCAT):   else do;
MPRINT(TABDCAT):   call symput("catvfmt",varfmt(ds,var));
MPRINT(TABDCAT):   label1 = varlabel(ds,var);
MPRINT(TABDCAT):   if index(label1,'~') > 0 then do;
MPRINT(TABDCAT):   label2 = scan(label1,2,'~');
                                                                    The SAS System

MPRINT(TABDCAT):   label1 = scan(label1,1,'~');
MPRINT(TABDCAT):   end;
MPRINT(TABDCAT):   call symput("label1",label1);
MPRINT(TABDCAT):   call symput("label2",label2);
MPRINT(TABDCAT):   typ = vartype(ds,var);
MPRINT(TABDCAT):   call symput("type",typ);
MPRINT(TABDCAT):   end;
MPRINT(TABDCAT):   run;

INFO: Character variables have defaulted to a length of 200 at the places given by: (Line):(Column). Truncation can result.
      2532:194 TYP
NOTE: DATA statement used (Total process time):
      real time           0.00 seconds
      cpu time            0.00 seconds
      

MPRINT(TABDCAT):   *****************************************;
MPRINT(TABDCAT):   *** crate template of categories that ***;
MPRINT(TABDCAT):   *** would appear in output. ***;
MPRINT(TABDCAT):   *****************************************;
MPRINT(TABDCAT):   proc sort data = analf out=col (keep= trt01pn) nodupkey;
MPRINT(TABDCAT):   by trt01pn;
MPRINT(TABDCAT):   run;

NOTE: There were 200 observations read from the data set WORK.ANALF.
NOTE: SAS sort was used.
NOTE: 197 observations with duplicate key values were deleted.
NOTE: The data set WORK.COL has 3 observations and 1 variables.
NOTE: PROCEDURE SORT used (Total process time):
      real time           0.01 seconds
      cpu time            0.00 seconds
      

MPRINT(TABDCAT):   ********************************************************************************;
MPRINT(TABDCAT):   *** 1) If there is no format assigned to analysis variabe then ***;
MPRINT(TABDCAT):   *** create template based on data and will alsways incluse missing as a cat. ***;
MPRINT(TABDCAT):   ********************************************************************************;
MPRINT(TABDCAT):   ********************************************************************;
MPRINT(TABDCAT):   *** 2) If there is format assigned to analysis variabe then ***;
MPRINT(TABDCAT):   *** create template based on format (and data, if showall=Y) and ***;
MPRINT(TABDCAT):   *** whether to incluse missing as a cat. ***;
MPRINT(TABDCAT):   ********************************************************************;
MPRINT(TABDCAT):   ** this proc summary is to determine numerator - if need only formatted values or not **;
MPRINT(TABDCAT):   proc summary nway data=analf n noprint;
MPRINT(TABDCAT):   where comt01n ne .;
MPRINT(TABDCAT):   class comt01n / preloadfmt exclusive;
                                                                    The SAS System

MPRINT(TABDCAT):   output out=_catnumer (keep=comt01n rename=(comt01n=comt01n));
MPRINT(TABDCAT):   run;

NOTE: Multiple concurrent threads will be used to summarize data.
NOTE: There were 200 observations read from the data set WORK.ANALF.
      WHERE comt01n not = .;
NOTE: The data set WORK._CATNUMER has 2 observations and 1 variables.
NOTE: PROCEDURE SUMMARY used (Total process time):
      real time           0.00 seconds
      cpu time            0.00 seconds
      

MPRINT(TABDCAT):   ** this proc summary is to determine denominator - all non-missing values **;
MPRINT(TABDCAT):   proc summary nway data=analf n completetypes noprint;
MPRINT(TABDCAT):   where comt01n ne .;
MPRINT(TABDCAT):   class comt01n / preloadfmt;
MPRINT(TABDCAT):   output out=_cat (keep=comt01n rename=(comt01n=comt01n));
MPRINT(TABDCAT):   run;

NOTE: Multiple concurrent threads will be used to summarize data.
NOTE: There were 200 observations read from the data set WORK.ANALF.
      WHERE comt01n not = .;
NOTE: The data set WORK._CAT has 3 observations and 1 variables.
NOTE: PROCEDURE SUMMARY used (Total process time):
      real time           0.00 seconds
      cpu time            0.01 seconds
      

MPRINT(TABDCAT):   proc sort data=_cat;
MPRINT(TABDCAT):   by comt01n;
MPRINT(TABDCAT):   run;

NOTE: There were 3 observations read from the data set WORK._CAT.
NOTE: SAS sort was used.
NOTE: The data set WORK._CAT has 3 observations and 1 variables.
NOTE: PROCEDURE SORT used (Total process time):
      real time           0.00 seconds
      cpu time            0.00 seconds
      

MPRINT(TABDCAT):   *** then output the template ***;
MPRINT(TABDCAT):   data _cat;
MPRINT(TABDCAT):   set col end=eof;
MPRINT(TABDCAT):   do i = 1 to x;
MPRINT(TABDCAT):   set _cat nobs=x point=i;
MPRINT(TABDCAT):   output;
                                                                    The SAS System

MPRINT(TABDCAT):   end;
MPRINT(TABDCAT):   run;

NOTE: There were 3 observations read from the data set WORK.COL.
NOTE: The data set WORK._CAT has 9 observations and 2 variables.
NOTE: DATA statement used (Total process time):
      real time           0.00 seconds
      cpu time            0.01 seconds
      

MPRINT(TABDCAT):   *** make sure missing value is in the template ***;
MPRINT(TABDCAT):   proc sort data=_cat;
MPRINT(TABDCAT):   by trt01pn;
MPRINT(TABDCAT):   run;

NOTE: There were 9 observations read from the data set WORK._CAT.
NOTE: SAS sort was used.
NOTE: The data set WORK._CAT has 9 observations and 2 variables.
NOTE: PROCEDURE SORT used (Total process time):
      real time           0.00 seconds
      cpu time            0.00 seconds
      

MPRINT(TABDCAT):   data _cat;
MPRINT(TABDCAT):   set _cat;
MPRINT(TABDCAT):   by trt01pn;
MPRINT(TABDCAT):   output;
MPRINT(TABDCAT):   if first.trt01pn and comt01n ne . then do;
MPRINT(TABDCAT):   comt01n = .;
MPRINT(TABDCAT):   output;
MPRINT(TABDCAT):   end;
MPRINT(TABDCAT):   run;

NOTE: There were 9 observations read from the data set WORK._CAT.
NOTE: The data set WORK._CAT has 12 observations and 2 variables.
NOTE: DATA statement used (Total process time):
      real time           0.00 seconds
      cpu time            0.00 seconds
      

MPRINT(TABDCAT):   *** out option value into template ***;
MPRINT(TABDCAT):   data _cat;
MPRINT(TABDCAT):   set _cat;
MPRINT(TABDCAT):   if comt01n=. then do;
MPRINT(TABDCAT):   nomisspc="Y";
MPRINT(TABDCAT):   misspct ="N";
                                                                    The SAS System

MPRINT(TABDCAT):   misspval="N";
MPRINT(TABDCAT):   end;
MPRINT(TABDCAT):   run;

NOTE: There were 12 observations read from the data set WORK._CAT.
NOTE: The data set WORK._CAT has 12 observations and 5 variables.
NOTE: DATA statement used (Total process time):
      real time           0.00 seconds
      cpu time            0.00 seconds
      

MPRINT(TABDCAT):   proc sort;
MPRINT(TABDCAT):   by trt01pn comt01n;
MPRINT(TABDCAT):   run;

NOTE: There were 12 observations read from the data set WORK._CAT.
NOTE: SAS sort was used.
NOTE: The data set WORK._CAT has 12 observations and 5 variables.
NOTE: PROCEDURE SORT used (Total process time):
      real time           0.00 seconds
      cpu time            0.00 seconds
      

MPRINT(TABDCAT):   * proc print data=_cat;
MPRINT(TABDCAT):   * title 'Cat. template';
MPRINT(TABDCAT):   * run;
MPRINT(TABDCAT):   *-------------------------;
MPRINT(TABDCAT):   * Count all data ;
MPRINT(TABDCAT):   *-------------------------;
MPRINT(TABDCAT):   proc sort data = analf out = _tabcat1;
MPRINT(TABDCAT):   by trt01pn comt01n;
MPRINT(TABDCAT):   run;

NOTE: There were 200 observations read from the data set WORK.ANALF.
NOTE: SAS sort was used.
NOTE: The data set WORK._TABCAT1 has 200 observations and 18 variables.
NOTE: PROCEDURE SORT used (Total process time):
      real time           0.00 seconds
      cpu time            0.00 seconds
      

MPRINT(TABDCAT):   proc freq data=_tabcat1 noprint;
MPRINT(TABDCAT):   by trt01pn;
MPRINT(TABDCAT):   tables comt01n / missing out=_tabcat3 (drop=percent);
MPRINT(TABDCAT):   * title "Macro tabdcat: File _tabcat3 after first freq ";
MPRINT(TABDCAT):   run;
                                                                    The SAS System


NOTE: There were 200 observations read from the data set WORK._TABCAT1.
NOTE: The data set WORK._TABCAT3 has 6 observations and 3 variables.
NOTE: PROCEDURE FREQ used (Total process time):
      real time           0.00 seconds
      cpu time            0.00 seconds
      

MPRINT(TABDCAT):   ****************************************;
MPRINT(TABDCAT):   *** merge with _cat to expand levels ***;
MPRINT(TABDCAT):   ****************************************;
MPRINT(TABDCAT):   data _tabcat3;
MPRINT(TABDCAT):   merge _tabcat3 (in=int) _cat (in=ins);
MPRINT(TABDCAT):   by trt01pn comt01n;
MPRINT(TABDCAT):   if ins;
MPRINT(TABDCAT):   if not int then count = 0;
MPRINT(TABDCAT):   run;

NOTE: There were 6 observations read from the data set WORK._TABCAT3.
NOTE: There were 12 observations read from the data set WORK._CAT.
NOTE: The data set WORK._TABCAT3 has 12 observations and 6 variables.
NOTE: DATA statement used (Total process time):
      real time           0.00 seconds
      cpu time            0.00 seconds
      

MPRINT(TABDCAT):   * proc print;
MPRINT(TABDCAT):   * title "Macro tabdcat: File _tabcat3 after expanding categories";
MPRINT(TABDCAT):   * run;
MPRINT(TABDCAT):   *-----------------------------------------------------------;
MPRINT(TABDCAT):   * Get column totals for denominator ;
MPRINT(TABDCAT):   * If needed to, change the denominator base on denom option;
MPRINT(TABDCAT):   * then calculate percent from count and coldenom ;
MPRINT(TABDCAT):   *-----------------------------------------------------------;
MPRINT(TABDCAT):   proc summary nway data=_tabcat3 noprint;
MPRINT(TABDCAT):   where nomisspc ne 'Y';
MPRINT(TABDCAT):   class trt01pn;
MPRINT(TABDCAT):   var count;
MPRINT(TABDCAT):   output out=_tabcat3b(keep= trt01pn coldenom) sum=coldenom;
MPRINT(TABDCAT):   run;

NOTE: Multiple concurrent threads will be used to summarize data.
NOTE: There were 9 observations read from the data set WORK._TABCAT3.
      WHERE nomisspc not = 'Y';
NOTE: The data set WORK._TABCAT3B has 3 observations and 2 variables.
NOTE: PROCEDURE SUMMARY used (Total process time):
                                                                    The SAS System

      real time           0.00 seconds
      cpu time            0.02 seconds
      

MPRINT(TABDCAT):   data _tabcat3;
MPRINT(TABDCAT):   merge _tabcat3 (in=in3) _tabcat3b (in=inb) ;
MPRINT(TABDCAT):   by trt01pn;
MPRINT(TABDCAT):   if in3;
MPRINT(TABDCAT):   if not inb then coldenom = 0;
MPRINT(TABDCAT):   ** kdaughtry - 09Sep2008 **;
MPRINT(TABDCAT):   **if coldenom ne 0 and .<count<=coldenom then percent = count / coldenom * 100;
MPRINT(TABDCAT):   if count>0 and coldenom ne 0 and .<count<=coldenom then percent = count / coldenom * 100;
MPRINT(TABDCAT):   run;

NOTE: There were 12 observations read from the data set WORK._TABCAT3.
NOTE: There were 3 observations read from the data set WORK._TABCAT3B.
NOTE: The data set WORK._TABCAT3 has 12 observations and 8 variables.
NOTE: DATA statement used (Total process time):
      real time           0.00 seconds
      cpu time            0.00 seconds
      

MPRINT(TABDCAT):   proc sort data=_tabcat3;
MPRINT(TABDCAT):   by comt01n;
MPRINT(TABDCAT):   run;

NOTE: There were 12 observations read from the data set WORK._TABCAT3.
NOTE: SAS sort was used.
NOTE: The data set WORK._TABCAT3 has 12 observations and 8 variables.
NOTE: PROCEDURE SORT used (Total process time):
      real time           0.00 seconds
      cpu time            0.00 seconds
      

MPRINT(TABDCAT):   proc sort data=_catnumer;
MPRINT(TABDCAT):   by comt01n;
MPRINT(TABDCAT):   run;

NOTE: There were 2 observations read from the data set WORK._CATNUMER.
NOTE: SAS sort was used.
NOTE: The data set WORK._CATNUMER has 2 observations and 1 variables.
NOTE: PROCEDURE SORT used (Total process time):
      real time           0.00 seconds
      cpu time            0.00 seconds
      

                                                                    The SAS System

MPRINT(TABDCAT):   ** only keep &var values from _catnumer dataset since this ds **;
MPRINT(TABDCAT):   ** only contains formatted values of &var **;
MPRINT(TABDCAT):   data _tabcat3;
MPRINT(TABDCAT):   merge _tabcat3 _catnumer (in=inn);
MPRINT(TABDCAT):   by comt01n;
MPRINT(TABDCAT):   if inn or comt01n=.;
MPRINT(TABDCAT):   run;

NOTE: There were 12 observations read from the data set WORK._TABCAT3.
NOTE: There were 2 observations read from the data set WORK._CATNUMER.
NOTE: The data set WORK._TABCAT3 has 9 observations and 8 variables.
NOTE: DATA statement used (Total process time):
      real time           0.00 seconds
      cpu time            0.00 seconds
      

MPRINT(TABDCAT):   proc sort data=_tabcat3;
MPRINT(TABDCAT):   by trt01pn;
MPRINT(TABDCAT):   run;

NOTE: There were 9 observations read from the data set WORK._TABCAT3.
NOTE: SAS sort was used.
NOTE: The data set WORK._TABCAT3 has 9 observations and 8 variables.
NOTE: PROCEDURE SORT used (Total process time):
      real time           0.00 seconds
      cpu time            0.00 seconds
      

MPRINT(TABDCAT):   * proc print data = _tabcat3 (obs=100);
MPRINT(TABDCAT):   * title "Macro tabdcat: File _tabcat3 after calc deniminator";
MPRINT(TABDCAT):   * run;
MPRINT(TABDCAT):   *----------------------------------------;
MPRINT(TABDCAT):   * Percents without missing ;
MPRINT(TABDCAT):   * numbers in denominator ;
MPRINT(TABDCAT):   *----------------------------------------;
MPRINT(TABDCAT):   *** Total patient count variable, used for calculating cell percents ***;
MPRINT(TABDCAT):   **********************************************************************;
MPRINT(TABDCAT):   *** Recalculate the counts without the missings ***;
MPRINT(TABDCAT):   *** if MISSPCT requested (print missings as a category) ***;
MPRINT(TABDCAT):   *** and NOMISSPC requested (do not use missings in the denominator ***;
MPRINT(TABDCAT):   **********************************************************************;
MPRINT(TABDCAT):   ***************************************************************************;
MPRINT(TABDCAT):   *** test: if n = 100 pct for any subgroup and then skip the calculation ***;
MPRINT(TABDCAT):   *** for cilevelw ***;
MPRINT(TABDCAT):   ***************************************************************************;
MPRINT(TABDCAT):   ******************************************;
                                                                    The SAS System

MPRINT(TABDCAT):   *** put together the display data set ***;
MPRINT(TABDCAT):   ******************************************;
MPRINT(TABDCAT):   data _tabcat4;
MPRINT(TABDCAT):   length statval statval2 statval3 $40 start $200 linlabel $250;
MPRINT(TABDCAT):   set _tabcat3;
MPRINT(TABDCAT):   by trt01pn;
MPRINT(TABDCAT):   array tmpvarn len;
MPRINT(TABDCAT):   array tmpvarc $ statval statval2 statval3 linlabel;
MPRINT(TABDCAT):   retain totcount;
MPRINT(TABDCAT):   if first.trt01pn then totcount = 0;
MPRINT(TABDCAT):   if nomisspc^='Y' then totcount + count;
MPRINT(TABDCAT):   start = left(put(comt01n,best.));
MPRINT(TABDCAT):   linlabel = left(put(comt01n,COMPTRT.));
MPRINT(TABDCAT):   if trim(linlabel) = '.' or linlabel = ' ' then linlabel = '- Missing -';
MPRINT(TABDCAT):   pct = percent;
MPRINT(TABDCAT):   *** NOMISSPC=Y only calculate cellpct if pct is not missing ***;
MPRINT(TABDCAT):   if (pct ne .) then cellpct = 100*(count/100);
MPRINT(TABDCAT):   else cellpct = .;
MPRINT(TABDCAT):   statval = ' ';
MPRINT(TABDCAT):   statval = put(count, 3. );
MPRINT(TABDCAT):   *** If coldenom requested, show N as N/COLUMN TOTAL ***;
MPRINT(TABDCAT):   len = length(statval);
MPRINT(TABDCAT):   *** NOMISSPC=Y only format the nonmissings ***;
MPRINT(TABDCAT):   if (pct ne .) then do;
MPRINT(TABDCAT):   *** Display "0" or "0.0" as "<1" or "<0.1" ***;
MPRINT(TABDCAT):   drop tmppct;
MPRINT(TABDCAT):   tmppct = 10**-1;
MPRINT(TABDCAT):   *** Normal case = percent=0 or is >= threshold ***;
MPRINT(TABDCAT):   if(pct eq 0 or pct>=tmppct) then statval = substr(statval,1,len) || " (" || put(pct,5.1) || "%)";
MPRINT(TABDCAT):   *** Number between 0 and lowest displayable value ***;
MPRINT(TABDCAT):   else statval = substr(statval,1,len) || " ( <" || put(tmppct,3.1) || "%)";
MPRINT(TABDCAT):   end;
MPRINT(TABDCAT):   if misspct ='N' then delete;
MPRINT(TABDCAT):   * delete missing cat if not used in rpt;
MPRINT(TABDCAT):   * if nomisspc='Y' then delete;
MPRINT(TABDCAT):   * delete missing cat if not part of calculations;
MPRINT(TABDCAT):   drop len comt01n misspct;
MPRINT(TABDCAT):   run;

NOTE: There were 9 observations read from the data set WORK._TABCAT3.
NOTE: The data set WORK._TABCAT4 has 6 observations and 14 variables.
NOTE: DATA statement used (Total process time):
      real time           0.00 seconds
      cpu time            0.01 seconds
      

                                                                    The SAS System

MPRINT(TABDCAT):   * proc print data=_tabcat4;
MPRINT(TABDCAT):   * title "Macro tabdcat: File _tabcat4 after formating statistics ";
MPRINT(TABDCAT):   * run;
MPRINT(TABDCAT):   proc sort data=_tabcat4;
MPRINT(TABDCAT):   by start linlabel;
MPRINT(TABDCAT):   run;

NOTE: There were 6 observations read from the data set WORK._TABCAT4.
NOTE: SAS sort was used.
NOTE: The data set WORK._TABCAT4 has 6 observations and 14 variables.
NOTE: PROCEDURE SORT used (Total process time):
      real time           0.00 seconds
      cpu time            0.00 seconds
      

MPRINT(TABDCAT):   *----------------------------------------------------------------------------;
MPRINT(TABDCAT):   * Transpose the formatted and unformatted statistics ;
MPRINT(TABDCAT):   *----------------------------------------------------------------------------;
MPRINT(TABDCAT):   proc transpose data=_tabcat4 prefix=value out=_tabcat7;
MPRINT(TABDCAT):   var statval;
MPRINT(TABDCAT):   by start linlabel;
MPRINT(TABDCAT):   id trt01pn;
MPRINT(TABDCAT):   where trt01pn is not null;
MPRINT(TABDCAT):   run;

NOTE: There were 6 observations read from the data set WORK._TABCAT4.
      WHERE trt01pn is not null;
NOTE: The data set WORK._TABCAT7 has 2 observations and 6 variables.
NOTE: PROCEDURE TRANSPOSE used (Total process time):
      real time           0.00 seconds
      cpu time            0.00 seconds
      

MPRINT(TABDCAT):   * proc print data = _tabcat7 (obs=100);
MPRINT(TABDCAT):   * title "File _tabcat7 after transpose";
MPRINT(TABDCAT):   * run;
MPRINT(TABDCAT):   *----------------------------------------------------------------------------;
MPRINT(TABDCAT):   * Calculate confidence intervals if requested ;
MPRINT(TABDCAT):   * Redo proc freq, this time with the stratification vars, and run thru ;
MPRINT(TABDCAT):   * stratified CI formula. Output is one record per analysis var value per ;
MPRINT(TABDCAT):   * byvar value ;
MPRINT(TABDCAT):   *----------------------------------------------------------------------------;
MPRINT(TABDCAT):   *----------------------------------------------------------------------------;
MPRINT(TABDCAT):   * Calculate risk ratio if requested ;
MPRINT(TABDCAT):   * Redo proc freq, not using stratification or missing parameters, and call ;
MPRINT(TABDCAT):   * RR formula. Output is one record per analysis var per byvar value ;
                                                                    The SAS System

MPRINT(TABDCAT):   *----------------------------------------------------------------------------;
MPRINT(TABDCAT):   *---------------------------------------;
MPRINT(TABDCAT):   * CHISQ, CMH, EXACT p-values ;
MPRINT(TABDCAT):   *---------------------------------------;
MPRINT(TABDCAT):   *---------------------------------------------------;
MPRINT(TABDCAT):   * Standard (statified) categorical p-values ;
MPRINT(TABDCAT):   *---------------------------------------------------;
MPRINT(TABDCAT):   proc sort data = analfnot out = _tabcat2;
MPRINT(TABDCAT):   by trt01pn comt01n;
MPRINT(TABDCAT):   run;

NOTE: There were 100 observations read from the data set WORK.ANALFNOT.
NOTE: SAS sort was used.
NOTE: The data set WORK._TABCAT2 has 100 observations and 18 variables.
NOTE: PROCEDURE SORT used (Total process time):
      real time           0.00 seconds
      cpu time            0.00 seconds
      

MPRINT(TABDCAT):   *----------------------------------------------------------------------------;
MPRINT(TABDCAT):   * If pairwise p-values are requested, generate and add to the dataset ;
MPRINT(TABDCAT):   *----------------------------------------------------------------------------;
MPRINT(TABDCAT):   *----------------------------------------------------------------------------;
MPRINT(TABDCAT):   * Final data massage before merging with accumulated statistics ;
MPRINT(TABDCAT):   *----------------------------------------------------------------------------;
MPRINT(TABDCAT):   * proc print data = _tabcat7;
MPRINT(TABDCAT):   * title "File _tabcat7 ";
MPRINT(TABDCAT):   * run;
MPRINT(TABDCAT):   data _tabcat7;
MPRINT(TABDCAT):   length label1 label2 $ 250 statord value1 - value3 $40;
MPRINT(TABDCAT):   set _tabcat7;
MPRINT(TABDCAT):   sortord=16;
MPRINT(TABDCAT):   label1="Study Drug Completion Status                                                                                               
                                                                                                                               ";
MPRINT(TABDCAT):   label2="                                                                                                                           
                                                                                                                               ";
MPRINT(TABDCAT):   type = "CAT ";
MPRINT(TABDCAT):   statord = left(start);
MPRINT(TABDCAT):   array vl {*} value1 - value3;
MPRINT(TABDCAT):   if trim(start) eq '.' or start = ' ' then delete;
MPRINT(TABDCAT):   if trim(linlabel) = '- Missing -' then statord = '999999999';
MPRINT(TABDCAT):   vct = 0;
MPRINT(TABDCAT):   do i = 1 to 3;
MPRINT(TABDCAT):   if vl{i} = ' ' and substr(linlabel,1,10) ^= 'Risk Ratio' then do;
MPRINT(TABDCAT):   vl{i} = put(0, 3. );
MPRINT(TABDCAT):   len = length(vl{i});
                                                                    The SAS System

MPRINT(TABDCAT):   * vl{i} = substr(vl{i},1,len) || " (" || put(0,&pctfmt) || "%)";
MPRINT(TABDCAT):   if "Y" = 'Y' and statord = '999999999' then do;
MPRINT(TABDCAT):   vl{i} = put(0, 3. );
MPRINT(TABDCAT):   end;
MPRINT(TABDCAT):   end;
MPRINT(TABDCAT):   *** Reset intentionally set "No CI" back to blank ***;
MPRINT(TABDCAT):   *** if all blank then delete ***;
MPRINT(TABDCAT):   if vl{i} = "No CI" then do;
MPRINT(TABDCAT):   vl{i} = " ";
MPRINT(TABDCAT):   vct + 1;
MPRINT(TABDCAT):   end;
MPRINT(TABDCAT):   end;
MPRINT(TABDCAT):   if vct = 3 then delete;
MPRINT(TABDCAT):   drop i vct len ;
MPRINT(TABDCAT):   * &var;
MPRINT(TABDCAT):   run;

NOTE: There were 2 observations read from the data set WORK._TABCAT7.
NOTE: The data set WORK._TABCAT7 has 2 observations and 11 variables.
NOTE: DATA statement used (Total process time):
      real time           0.00 seconds
      cpu time            0.00 seconds
      

MPRINT(TABDCAT):   data combine;
MPRINT(TABDCAT):   set combine _tabcat7;
MPRINT(TABDCAT):   format pvalc1 pvalc2;
MPRINT(TABDCAT):   run;

NOTE: There were 0 observations read from the data set WORK.COMBINE.
NOTE: There were 2 observations read from the data set WORK._TABCAT7.
NOTE: The data set WORK.COMBINE has 2 observations and 15 variables.
NOTE: DATA statement used (Total process time):
      real time           0.00 seconds
      cpu time            0.00 seconds
      

MPRINT(TABDCAT):   ***--- End of EXACT CI ---***;
MPRINT(TABDCAT):   * proc print data = combine;
MPRINT(TABDCAT):   * title 'File combine after %tabdcat call';
MPRINT(TABDCAT):   * run;
MPRINT(TABDCAT):   *----------------------------------------------------------------------------;
MPRINT(TABDCAT):   * Cleanup ;
MPRINT(TABDCAT):   *----------------------------------------------------------------------------;
MPRINT(TABDCAT):   proc datasets library = work nolist;
MPRINT(TABDCAT):   delete _tabcat:;
                                                                    The SAS System

MPRINT(TABDCAT):   quit;

NOTE: Deleting WORK._TABCAT1 (memtype=DATA).
NOTE: Deleting WORK._TABCAT2 (memtype=DATA).
NOTE: Deleting WORK._TABCAT3 (memtype=DATA).
NOTE: Deleting WORK._TABCAT3B (memtype=DATA).
NOTE: Deleting WORK._TABCAT4 (memtype=DATA).
NOTE: Deleting WORK._TABCAT7 (memtype=DATA).
NOTE: PROCEDURE DATASETS used (Total process time):
      real time           0.00 seconds
      cpu time            0.00 seconds
      

MPRINT(MK_T_S_DISP):  ;
MPRINT(MK_T_S_DISP):   *OPTIONAL Period x Trt status;
MPRINT(TABCOUNT):   *** this logic moved to tabdesc ***;
MPRINT(TABCOUNT):  ;
MPRINT(TABCOUNT):   ** if one of subsetting vars (&_spercent, &_sdpvar, &_stpvar, &_spctvar, &_sopvar) **;
MPRINT(TABCOUNT):   ** is specified, then &denom cannot be specified **;
MPRINT(TABCOUNT):  ;
MPRINT(TABCOUNT):   *----------------------------------------------------------------------------;
MPRINT(TABCOUNT):   * Get variable attributes (type, label, format) ;
MPRINT(TABCOUNT):   * Cancel run if variable .does not. exist ;
MPRINT(TABCOUNT):   *----------------------------------------------------------------------------;
MPRINT(TABCOUNT):   data _null_;
MPRINT(TABCOUNT):   length label1 $250;
MPRINT(TABCOUNT):   ds = open("analf","i");
MPRINT(TABCOUNT):   var = varnum(ds , "dct01rs");
MPRINT(TABCOUNT):   if not(var) then do;
MPRINT(TABCOUNT):   call symput("_errcode","F");
MPRINT(TABCOUNT):   call symput("_errmsg","Patient count analysis variable dct01rs "|| '.does not.'||' exist - cancelling run' );
MPRINT(TABCOUNT):   *klc 2016-10-26;
MPRINT(TABCOUNT):   stop;
MPRINT(TABCOUNT):   end;
MPRINT(TABCOUNT):   else do;
MPRINT(TABCOUNT):   label1 = varlabel(ds,var);
MPRINT(TABCOUNT):   label1 = translate(label1,' ','~');
MPRINT(TABCOUNT):   call symput("_ptclab1",trim(label1));
MPRINT(TABCOUNT):   call symput("_ptcfmt1",varfmt(ds,var));
MPRINT(TABCOUNT):   call symput("catvfmt",varfmt(ds,var));
MPRINT(TABCOUNT):   typ = vartype(ds,var);
MPRINT(TABCOUNT):   call symput("type",typ);
MPRINT(TABCOUNT):   end;
MPRINT(TABCOUNT):   run;

INFO: Character variables have defaulted to a length of 200 at the places given by: (Line):(Column). Truncation can result.
                                                                    The SAS System

      2532:71  TYP
NOTE: DATA statement used (Total process time):
      real time           0.00 seconds
      cpu time            0.00 seconds
      

MPRINT(TABCOUNT):   *-----------------------------------------------------------;
MPRINT(TABCOUNT):   * General routine for count and percent statistics ;
MPRINT(TABCOUNT):   *-----------------------------------------------------------;
MPRINT(TABCOUNT):   *-----------------------------------------------------------;
MPRINT(TABCOUNT):   * Do count and percent once for each requested denominator;
MPRINT(TABCOUNT):   *-----------------------------------------------------------;
MPRINT(TABCOUNT):  ;
MPRINT(COUNTPCT):   proc sort data = analf out = _t1 nodupkey;
MPRINT(COUNTPCT):   by trt01pn dct01rs subjid;
MPRINT(COUNTPCT):   run;

NOTE: There were 200 observations read from the data set WORK.ANALF.
NOTE: SAS sort was used.
NOTE: 0 observations with duplicate key values were deleted.
NOTE: The data set WORK._T1 has 200 observations and 18 variables.
NOTE: PROCEDURE SORT used (Total process time):
      real time           0.03 seconds
      cpu time            0.00 seconds
      

MPRINT(COUNTPCT):   proc summary data=_t1 nway;
MPRINT(COUNTPCT):   by trt01pn dct01rs;
MPRINT(COUNTPCT):   format trt01pn dct01rs;
MPRINT(COUNTPCT):   output out=_t2;
MPRINT(COUNTPCT):   run;

NOTE: There were 200 observations read from the data set WORK._T1.
NOTE: The data set WORK._T2 has 9 observations and 4 variables.
NOTE: PROCEDURE SUMMARY used (Total process time):
      real time           0.00 seconds
      cpu time            0.00 seconds
      

MPRINT(COUNTPCT):   * proc print data = _t2 (obs=100);
MPRINT(COUNTPCT):   * title "tabcount: File _t2 after summary with denominator &countby ";
MPRINT(COUNTPCT):   * run;
MPRINT(COUNTPCT):   proc sort data = analf out = _t1 nodupkey;
MPRINT(COUNTPCT):   by trt01pn subjid;
MPRINT(COUNTPCT):   run;

                                                                    The SAS System

NOTE: There were 200 observations read from the data set WORK.ANALF.
NOTE: SAS sort was used.
NOTE: 0 observations with duplicate key values were deleted.
NOTE: The data set WORK._T1 has 200 observations and 18 variables.
NOTE: PROCEDURE SORT used (Total process time):
      real time           0.02 seconds
      cpu time            0.01 seconds
      

MPRINT(COUNTPCT):   proc summary data=_t1 nway;
MPRINT(COUNTPCT):   by trt01pn;
MPRINT(COUNTPCT):   format trt01pn;
MPRINT(COUNTPCT):   output out=_t3;
MPRINT(COUNTPCT):   run;

NOTE: There were 200 observations read from the data set WORK._T1.
NOTE: The data set WORK._T3 has 3 observations and 3 variables.
NOTE: PROCEDURE SUMMARY used (Total process time):
      real time           0.00 seconds
      cpu time            0.00 seconds
      

MPRINT(COUNTPCT):   * proc print data = _t3 (obs=100);
MPRINT(COUNTPCT):   * title "tabcount: File _t3 after summary with denominator &pctby";
MPRINT(COUNTPCT):   * run;
MPRINT(COUNTPCT):   proc sort data = _t2;
MPRINT(COUNTPCT):   by trt01pn;
MPRINT(COUNTPCT):   run;

NOTE: There were 9 observations read from the data set WORK._T2.
NOTE: SAS sort was used.
NOTE: The data set WORK._T2 has 9 observations and 4 variables.
NOTE: PROCEDURE SORT used (Total process time):
      real time           0.00 seconds
      cpu time            0.00 seconds
      

MPRINT(COUNTPCT):   data _tabc1;
MPRINT(COUNTPCT):   merge _t2(drop=_type_) _t3 (rename=(_freq_=denom));
MPRINT(COUNTPCT):   by trt01pn;
MPRINT(COUNTPCT):   **if denom > 0 then &pctvar = 100 * _freq_ / denom;
MPRINT(COUNTPCT):   if denom > 0 and _freq_>0 then pct1 = 100 * _freq_ / denom;
MPRINT(COUNTPCT):   run;

NOTE: There were 9 observations read from the data set WORK._T2.
NOTE: There were 3 observations read from the data set WORK._T3.
                                                                    The SAS System

NOTE: The data set WORK._TABC1 has 9 observations and 6 variables.
NOTE: DATA statement used (Total process time):
      real time           0.00 seconds
      cpu time            0.00 seconds
      

MPRINT(TABCOUNT):  ;
MPRINT(TABCOUNT):   proc sort data = _tabc1;
MPRINT(TABCOUNT):   by dct01rs trt01pn;
MPRINT(TABCOUNT):   run;

NOTE: There were 9 observations read from the data set WORK._TABC1.
NOTE: SAS sort was used.
NOTE: The data set WORK._TABC1 has 9 observations and 6 variables.
NOTE: PROCEDURE SORT used (Total process time):
      real time           0.00 seconds
      cpu time            0.01 seconds
      

MPRINT(TABCOUNT):   data _tabptc3;
MPRINT(TABCOUNT):   set _tabc1;
MPRINT(TABCOUNT):   run;

NOTE: There were 9 observations read from the data set WORK._TABC1.
NOTE: The data set WORK._TABPTC3 has 9 observations and 6 variables.
NOTE: DATA statement used (Total process time):
      real time           0.00 seconds
      cpu time            0.00 seconds
      

MPRINT(TABCOUNT):   * proc print data = _tabc&__I (obs=100);
MPRINT(TABCOUNT):   * title "tabcount: File _tabc&__I after summary ";
MPRINT(TABCOUNT):   * run;
MPRINT(TABCOUNT):   *----------------------------------------------------------------------------;
MPRINT(TABCOUNT):   * Get list of categories specified in the format in variable catvfmt ;
MPRINT(TABCOUNT):   * Flag to indicate if format found in macro variable _gotfmt ;
MPRINT(TABCOUNT):   * Categories in data set _tabptc4 ;
MPRINT(TABCOUNT):   *----------------------------------------------------------------------------;
MPRINT(TABCOUNT):   *---------------------------------------;
MPRINT(TABCOUNT):   * Reformat count and percent ;
MPRINT(TABCOUNT):   *---------------------------------------;
MPRINT(TABCOUNT):   data _tabptc3;
MPRINT(TABCOUNT):   set _tabptc3;
MPRINT(TABCOUNT):   length linlabel $250;
MPRINT(TABCOUNT):   length start $200;
MPRINT(TABCOUNT):   start = left(dct01rs);
                                                                    The SAS System

MPRINT(TABCOUNT):   linlabel=left(dct01rs);
MPRINT(TABCOUNT):   if trim(linlabel) = '.' or linlabel = ' ' then delete;
MPRINT(TABCOUNT):   run;

NOTE: There were 9 observations read from the data set WORK._TABPTC3.
NOTE: The data set WORK._TABPTC3 has 6 observations and 8 variables.
NOTE: DATA statement used (Total process time):
      real time           0.00 seconds
      cpu time            0.00 seconds
      

MPRINT(TABCOUNT):   * proc print data = _tabptc3 (obs=100);
MPRINT(TABCOUNT):   * title "tabcount: File _tabptc3 after formatting statistics ";
MPRINT(TABCOUNT):   * run;
MPRINT(TABCOUNT):   *----------------------------------------------------------------------------;
MPRINT(TABCOUNT):   * If all categories are to be shown, get the list of categories from the ;
MPRINT(TABCOUNT):   * variable format and expand the file to include all the defined categories;
MPRINT(TABCOUNT):   *----------------------------------------------------------------------------;
MPRINT(TABCOUNT):   *--------------------------------------------------------------------------;
MPRINT(TABCOUNT):   * postprocess _tabptc3 to modify START variable if sortby = I and the VAR;
MPRINT(TABCOUNT):   * is numeric. This to accomodate cases where the values might be negative;
MPRINT(TABCOUNT):   *--------------------------------------------------------------------------;
MPRINT(TABCOUNT):   *----------------------------------------------------------------------------;
MPRINT(TABCOUNT):   * Transpose the formatted and unformatted statistics ;
MPRINT(TABCOUNT):   *----------------------------------------------------------------------------;
MPRINT(TABCOUNT):   data _tabptc7 (keep = dct01rs start linlabel value1 - value3 statord1 - statord1 pctx1 - pctx3);
MPRINT(TABCOUNT):   set _tabptc3;
MPRINT(TABCOUNT):   by dct01rs start linlabel notsorted;
MPRINT(TABCOUNT):   length value1- value3 $40 statord1 - statord1 $40 pctx1 - pctx3 $10 pctx_n1 - pctx_n3 8 __temp 8;
MPRINT(TABCOUNT):   *kchan07 2016-11-1;
MPRINT(TABCOUNT):   length statval $ 40;
MPRINT(TABCOUNT):   array outval {*} $ value1 - value3;
MPRINT(TABCOUNT):   array outpct {*} $ pctx1 - pctx3;
MPRINT(TABCOUNT):   array __pn {*} pctx_n1 - pctx_n3;
MPRINT(TABCOUNT):   *kchan07 2016-11-1;
MPRINT(TABCOUNT):   retain value1 - value3 totn pctx1 - pctx3;
MPRINT(TABCOUNT):   statord1 = ' ';
MPRINT(TABCOUNT):   if first.linlabel then do;
MPRINT(TABCOUNT):   totn = 0;
MPRINT(TABCOUNT):   do i = 1 to 3;
MPRINT(TABCOUNT):   outval{i} = ' ';
MPRINT(TABCOUNT):   outpct{i} = ' ';
MPRINT(TABCOUNT):   end;
MPRINT(TABCOUNT):   end;
MPRINT(TABCOUNT):   statval = ' ';
MPRINT(TABCOUNT):   if _freq_ = . then _freq_ = 0;
                                                                    The SAS System

MPRINT(TABCOUNT):   statval = put(_freq_, 3. );
MPRINT(TABCOUNT):   len = length(statval);
MPRINT(TABCOUNT):   *if pct&__I = . then do;
MPRINT(TABCOUNT):   ** kdaughtry 07Oct08 - if count=0, then pct=0 **;
MPRINT(TABCOUNT):   *pct&__I = 0;
MPRINT(TABCOUNT):   *percent = 0;
MPRINT(TABCOUNT):   *end;
MPRINT(TABCOUNT):   if 0 < pct1 < 0.1 then do;
MPRINT(TABCOUNT):   statval = substr(statval,1,len) || " ( <0.1%)";
MPRINT(TABCOUNT):   percent = pct1;
MPRINT(TABCOUNT):   end;
MPRINT(TABCOUNT):   else do;
MPRINT(TABCOUNT):   if pct1 ne . then percent = round(pct1,0.1);
MPRINT(TABCOUNT):   if percent>0 then statval = substr(statval,1,len) || " (" || put(percent,5.1) || "%)";
MPRINT(TABCOUNT):   else statval= substr(statval,1,len);
MPRINT(TABCOUNT):   end;
MPRINT(TABCOUNT):   drop len;
MPRINT(TABCOUNT):   *if (totn=.) then totn = _freq_;
MPRINT(TABCOUNT):   *else if (_freq_>.) then totn = totn + _freq_;
MPRINT(TABCOUNT):   totn=sum(totn, _freq_);
MPRINT(TABCOUNT):   *klc 27may2015;
MPRINT(TABCOUNT):   outval{trt01pn} = statval;
MPRINT(TABCOUNT):   __pn{trt01pn} = percent;
MPRINT(TABCOUNT):   *kchan07 2016-11-1;
MPRINT(TABCOUNT):   outpct{trt01pn} = compress(put(percent,best.));
MPRINT(TABCOUNT):   if last.linlabel then do;
MPRINT(TABCOUNT):   if "F" = "F" then statord1 = put(1000000-totn,z7.);
MPRINT(TABCOUNT):   if "F" = "A" then statord1 = ' ';
MPRINT(TABCOUNT):   if "F" = "I" then statord1 = start;
MPRINT(TABCOUNT):   if "F" = "M" then do;
MPRINT(TABCOUNT):   __temp=pctx_n1;
MPRINT(TABCOUNT):   __temp = max(of pctx_n1 - pctx_n2);
MPRINT(TABCOUNT):   statord1=compress(put(__temp,z9.5));
MPRINT(TABCOUNT):   end;
MPRINT(TABCOUNT):   if "F" = "T" then statord1 = put(percent,6.2);
MPRINT(TABCOUNT):   output;
MPRINT(TABCOUNT):   end;
MPRINT(TABCOUNT):   run;

NOTE: There were 6 observations read from the data set WORK._TABPTC3.
NOTE: The data set WORK._TABPTC7 has 2 observations and 10 variables.
NOTE: DATA statement used (Total process time):
      real time           0.00 seconds
      cpu time            0.00 seconds
      

                                                                    The SAS System

MPRINT(TABCOUNT):   * proc print data = _tabptc7 (obs=100);
MPRINT(TABCOUNT):   * title "tabcount: File _tabptc7 after transpose";
MPRINT(TABCOUNT):   * run;
MPRINT(TABCOUNT):   *---------------------------------------;
MPRINT(TABCOUNT):   * CHISQ, CMH, EXACT p-values ;
MPRINT(TABCOUNT):   *---------------------------------------;
MPRINT(TABCOUNT):   *----------------------------------------------------------------------------;
MPRINT(TABCOUNT):   * If overall p-values are requested, generate and add to the dataset ;
MPRINT(TABCOUNT):   *----------------------------------------------------------------------------;
MPRINT(TABCOUNT):   *----------------------------------------------------------------------------;
MPRINT(TABCOUNT):   * If pairwise p-values are requested, generate and add to the dataset ;
MPRINT(TABCOUNT):   *----------------------------------------------------------------------------;
MPRINT(TABCOUNT):   *---------------------------------------;
MPRINT(TABCOUNT):   * Get Patient With Event totals -------;
MPRINT(TABCOUNT):   *---------------------------------------;
MPRINT(TABCOUNT):   *----------------------------------------------------------------------------;
MPRINT(TABCOUNT):   * Final data massage before merging with accumulated statistics ;
MPRINT(TABCOUNT):   *----------------------------------------------------------------------------;
MPRINT(TABCOUNT):   * proc print data = _tabptc7;
MPRINT(TABCOUNT):   * title "tabcount: File _tabptc7 ";
MPRINT(TABCOUNT):   * run;
MPRINT(TABCOUNT):   data _tabptc7;
MPRINT(TABCOUNT):   set _tabptc7;
MPRINT(TABCOUNT):   length statord $40;
MPRINT(TABCOUNT):   statord = ' ';
MPRINT(TABCOUNT):   sortord=19;
MPRINT(TABCOUNT):   type = "PTCT";
MPRINT(TABCOUNT):   level = 1;
MPRINT(TABCOUNT):   array vl {*} value1 - value3;
MPRINT(TABCOUNT):   if trim(start) eq '.' or start = ' ' then delete;
MPRINT(TABCOUNT):   do i = 1 to 3;
MPRINT(TABCOUNT):   if vl{i} = ' ' then do;
MPRINT(TABCOUNT):   vl{i} = put(0, 3. );
MPRINT(TABCOUNT):   len = length(vl{i});
MPRINT(TABCOUNT):   **vl{i} = substr(vl{i},1,len) || " (" || put(0,&pctfmt) || "%)";
MPRINT(TABCOUNT):   vl{i} = substr(vl{i},1,len);
MPRINT(TABCOUNT):   drop len;
MPRINT(TABCOUNT):   end;
MPRINT(TABCOUNT):   end;
MPRINT(TABCOUNT):   drop i;
MPRINT(TABCOUNT):   length pvalc1 pvalc2 $10;
MPRINT(TABCOUNT):   pvalc1='';
MPRINT(TABCOUNT):   pvalc2='';
MPRINT(TABCOUNT):   run;

NOTE: There were 2 observations read from the data set WORK._TABPTC7.
                                                                    The SAS System

NOTE: The data set WORK._TABPTC7 has 2 observations and 16 variables.
NOTE: DATA statement used (Total process time):
      real time           0.00 seconds
      cpu time            0.01 seconds
      

MPRINT(TABCOUNT):   data _tabptc7;
MPRINT(TABCOUNT):   set _tabptc7;
MPRINT(TABCOUNT):   format pvalc1 pvalc2;
MPRINT(TABCOUNT):   run;

NOTE: There were 2 observations read from the data set WORK._TABPTC7.
NOTE: The data set WORK._TABPTC7 has 2 observations and 16 variables.
NOTE: DATA statement used (Total process time):
      real time           0.00 seconds
      cpu time            0.00 seconds
      

MPRINT(TABCOUNT):   data combine;
MPRINT(TABCOUNT):   set combine _tabptc7;
MPRINT(TABCOUNT):   length label1 $ 250;
MPRINT(TABCOUNT):   if sortord = 19 then do;
MPRINT(TABCOUNT):   if 1 = 1 then label1 = trim("Number Of Participants With Event, Per") || " " || left("Reason for Premature Discontinuation of 
Study Drug");
MPRINT(TABCOUNT):   if 1 > 1 then label1 = left("Reason for Premature Discontinuation of Study Drug");
MPRINT(TABCOUNT):   if 1 < 0 then label1 = trim(label1) || ",";
MPRINT(TABCOUNT):   if 1 > 1 then label1 = "And " || left("Reason for Premature Discontinuation of Study Drug");
MPRINT(TABCOUNT):   end;
MPRINT(TABCOUNT):   run;

NOTE: There were 2 observations read from the data set WORK.COMBINE.
NOTE: There were 2 observations read from the data set WORK._TABPTC7.
NOTE: The data set WORK.COMBINE has 4 observations and 21 variables.
NOTE: DATA statement used (Total process time):
      real time           0.00 seconds
      cpu time            0.00 seconds
      

MPRINT(TABCOUNT):   *----------------------------------------------------------------------------;
MPRINT(TABCOUNT):   * Cleanup ;
MPRINT(TABCOUNT):   *----------------------------------------------------------------------------;
MPRINT(TABCOUNT):   proc datasets library = work nolist;
MPRINT(TABCOUNT):   *delete _tabptc1 _tabptc2 _tabptc3 _tabptc4 _tabptc5 _tabptc6 _tabptc7 _tabptc8 _tabptc9;
MPRINT(TABCOUNT):   delete _tabptc: ;
MPRINT(TABCOUNT):   *2016-11-29 kchan07;
MPRINT(TABCOUNT):   quit;
                                                                    The SAS System


NOTE: Deleting WORK._TABPTC3 (memtype=DATA).
NOTE: Deleting WORK._TABPTC7 (memtype=DATA).
NOTE: PROCEDURE DATASETS used (Total process time):
      real time           0.00 seconds
      cpu time            0.00 seconds
      

MPRINT(MK_T_S_DISP):  ;
MPRINT(MK_T_S_DISP):   data combine;
MPRINT(MK_T_S_DISP):   set combine;
MPRINT(MK_T_S_DISP):   if (sortord eq 19) then linlabel = '   ' || strip(linlabel);
MPRINT(MK_T_S_DISP):   run;
NOTE: There were 4 observations read from the data set WORK.COMBINE.
NOTE: The data set WORK.COMBINE has 4 observations and 21 variables.
NOTE: DATA statement used (Total process time):
      real time           0.00 seconds
      cpu time            0.00 seconds
      

MPRINT(MK_T_S_DISP):   **********************************************************************;
MPRINT(MK_T_S_DISP):   * Study discontinuation vars *;
MPRINT(MK_T_S_DISP):   **********************************************************************;
MPRINT(MK_T_S_DISP):   *************************************************************************;
MPRINT(MK_T_S_DISP):   * Study discon Status *;
MPRINT(MK_T_S_DISP):   *************************************************************************;
MPRINT(MK_T_S_DISP):   *Single period study uses COMSFL and corresponding reasons;
MPRINT(TABDCAT):   *-----------------------------------------------------------------------------------------------* | Definition of internal macros 
| *-----------------------------------------------------------------------------------------------*;
MPRINT(TABDCAT):   *------------------------------------------------------------------------;
MPRINT(TABDCAT):   * macro tab_sam_hp ;
MPRINT(TABDCAT):   * Calculate Stratum-Adjusted Mantel-Haenszel Proportion ;
MPRINT(TABDCAT):   *------------------------------------------------------------------------;
MPRINT(TABDCAT):   *------------------------------------------------------------------------;
MPRINT(TABDCAT):   * macro ciexact ;
MPRINT(TABDCAT):   * Calculate Confidence intervals using exact method - VK 15AUG2007;
MPRINT(TABDCAT):   *------------------------------------------------------------------------;
MPRINT(TABDCAT):   *----------------------------------------------------------------------------;
MPRINT(TABDCAT):   * macro ciprep ;
MPRINT(TABDCAT):   * Prepare file for CI calculation ;
MPRINT(TABDCAT):   *----------------------------------------------------------------------------;
MPRINT(TABDCAT):   *----------------------------------------------------------------------------;
MPRINT(TABDCAT):   * macro ciprop ;
MPRINT(TABDCAT):   * Do CI calculation ;
MPRINT(TABDCAT):   *----------------------------------------------------------------------------;
MPRINT(TABDCAT):   *----------------------------------------------------------------------------;
                                                                    The SAS System

MPRINT(TABDCAT):   * macro rratio ;
MPRINT(TABDCAT):   * Do risk ratio calculations ;
MPRINT(TABDCAT):   *----------------------------------------------------------------------------;
MPRINT(TABDCAT):   *----------------------------------------------------------------------------;
MPRINT(TABDCAT):   * macro rrcalc ;
MPRINT(TABDCAT):   * Do risk ratio calculations for each selected pair ;
MPRINT(TABDCAT):   *----------------------------------------------------------------------------;
MPRINT(TABDCAT):   *------------------------------------------------------------------;
MPRINT(TABDCAT):   * macro pval ;
MPRINT(TABDCAT):   * p-value calculation ;
MPRINT(TABDCAT):   *------------------------------------------------------------------;
MPRINT(TABDCAT):   *-----------------------------------------------------------------------------------------------------------* | End of internal 
macro definition and beginning of tabdcat main section | 
*-----------------------------------------------------------------------------------------------------------*;
MPRINT(TABDCAT):   *** use default risktype if no local override ***;
MPRINT(TABDCAT):  ;
MPRINT(TABDCAT):   **************************************************;
MPRINT(TABDCAT):   *** modify stratification locally if requested ***;
MPRINT(TABDCAT):   **************************************************;
MPRINT(TABDCAT):   *----------------------------------------------------------------------------;
MPRINT(TABDCAT):   * Get analysis variable attributes (type, label, format) ;
MPRINT(TABDCAT):   * Cancel run if variable .does not. exist ;
MPRINT(TABDCAT):   *----------------------------------------------------------------------------;
MPRINT(TABDCAT):   data _null_;
MPRINT(TABDCAT):   length label1 label2 $250;
MPRINT(TABDCAT):   ds = open("analf","i");
MPRINT(TABDCAT):   var = varnum(ds , "comsfl_n");
MPRINT(TABDCAT):   if not(var) then do;
MPRINT(TABDCAT):   call symput("_errcode","F");
MPRINT(TABDCAT):   call symput("_errmsg","Categorical analysis variable comsfl_n .does not. exist - canceling run" );
MPRINT(TABDCAT):   end;
MPRINT(TABDCAT):   else do;
MPRINT(TABDCAT):   call symput("catvfmt",varfmt(ds,var));
MPRINT(TABDCAT):   label1 = varlabel(ds,var);
MPRINT(TABDCAT):   if index(label1,'~') > 0 then do;
MPRINT(TABDCAT):   label2 = scan(label1,2,'~');
MPRINT(TABDCAT):   label1 = scan(label1,1,'~');
MPRINT(TABDCAT):   end;
MPRINT(TABDCAT):   call symput("label1",label1);
MPRINT(TABDCAT):   call symput("label2",label2);
MPRINT(TABDCAT):   typ = vartype(ds,var);
MPRINT(TABDCAT):   call symput("type",typ);
MPRINT(TABDCAT):   end;
MPRINT(TABDCAT):   run;

INFO: Character variables have defaulted to a length of 200 at the places given by: (Line):(Column). Truncation can result.
                                                                    The SAS System

      2532:194 TYP
NOTE: DATA statement used (Total process time):
      real time           0.00 seconds
      cpu time            0.00 seconds
      

MPRINT(TABDCAT):   *****************************************;
MPRINT(TABDCAT):   *** crate template of categories that ***;
MPRINT(TABDCAT):   *** would appear in output. ***;
MPRINT(TABDCAT):   *****************************************;
MPRINT(TABDCAT):   proc sort data = analf out=col (keep= trt01pn) nodupkey;
MPRINT(TABDCAT):   by trt01pn;
MPRINT(TABDCAT):   run;

NOTE: There were 200 observations read from the data set WORK.ANALF.
NOTE: SAS sort was used.
NOTE: 197 observations with duplicate key values were deleted.
NOTE: The data set WORK.COL has 3 observations and 1 variables.
NOTE: PROCEDURE SORT used (Total process time):
      real time           0.01 seconds
      cpu time            0.00 seconds
      

MPRINT(TABDCAT):   ********************************************************************************;
MPRINT(TABDCAT):   *** 1) If there is no format assigned to analysis variabe then ***;
MPRINT(TABDCAT):   *** create template based on data and will alsways incluse missing as a cat. ***;
MPRINT(TABDCAT):   ********************************************************************************;
MPRINT(TABDCAT):   ********************************************************************;
MPRINT(TABDCAT):   *** 2) If there is format assigned to analysis variabe then ***;
MPRINT(TABDCAT):   *** create template based on format (and data, if showall=Y) and ***;
MPRINT(TABDCAT):   *** whether to incluse missing as a cat. ***;
MPRINT(TABDCAT):   ********************************************************************;
MPRINT(TABDCAT):   ** this proc summary is to determine numerator - if need only formatted values or not **;
MPRINT(TABDCAT):   proc summary nway data=analf n noprint;
MPRINT(TABDCAT):   where comsfl_n ne .;
MPRINT(TABDCAT):   class comsfl_n / preloadfmt exclusive;
MPRINT(TABDCAT):   output out=_catnumer (keep=comsfl_n rename=(comsfl_n=comsfl_n));
MPRINT(TABDCAT):   run;

NOTE: Multiple concurrent threads will be used to summarize data.
NOTE: There were 200 observations read from the data set WORK.ANALF.
      WHERE comsfl_n not = .;
NOTE: The data set WORK._CATNUMER has 2 observations and 1 variables.
NOTE: PROCEDURE SUMMARY used (Total process time):
      real time           0.02 seconds
      cpu time            0.01 seconds
                                                                    The SAS System

      

MPRINT(TABDCAT):   ** this proc summary is to determine denominator - all non-missing values **;
MPRINT(TABDCAT):   proc summary nway data=analf n completetypes noprint;
MPRINT(TABDCAT):   where comsfl_n ne .;
MPRINT(TABDCAT):   class comsfl_n / preloadfmt;
MPRINT(TABDCAT):   output out=_cat (keep=comsfl_n rename=(comsfl_n=comsfl_n));
MPRINT(TABDCAT):   run;

NOTE: Multiple concurrent threads will be used to summarize data.
NOTE: There were 200 observations read from the data set WORK.ANALF.
      WHERE comsfl_n not = .;
NOTE: The data set WORK._CAT has 3 observations and 1 variables.
NOTE: PROCEDURE SUMMARY used (Total process time):
      real time           0.02 seconds
      cpu time            0.00 seconds
      

MPRINT(TABDCAT):   proc sort data=_cat;
MPRINT(TABDCAT):   by comsfl_n;
MPRINT(TABDCAT):   run;

NOTE: There were 3 observations read from the data set WORK._CAT.
NOTE: SAS sort was used.
NOTE: The data set WORK._CAT has 3 observations and 1 variables.
NOTE: PROCEDURE SORT used (Total process time):
      real time           0.00 seconds
      cpu time            0.00 seconds
      

MPRINT(TABDCAT):   *** then output the template ***;
MPRINT(TABDCAT):   data _cat;
MPRINT(TABDCAT):   set col end=eof;
MPRINT(TABDCAT):   do i = 1 to x;
MPRINT(TABDCAT):   set _cat nobs=x point=i;
MPRINT(TABDCAT):   output;
MPRINT(TABDCAT):   end;
MPRINT(TABDCAT):   run;

NOTE: There were 3 observations read from the data set WORK.COL.
NOTE: The data set WORK._CAT has 9 observations and 2 variables.
NOTE: DATA statement used (Total process time):
      real time           0.00 seconds
      cpu time            0.01 seconds
      

                                                                    The SAS System

MPRINT(TABDCAT):   *** make sure missing value is in the template ***;
MPRINT(TABDCAT):   proc sort data=_cat;
MPRINT(TABDCAT):   by trt01pn;
MPRINT(TABDCAT):   run;

NOTE: There were 9 observations read from the data set WORK._CAT.
NOTE: SAS sort was used.
NOTE: The data set WORK._CAT has 9 observations and 2 variables.
NOTE: PROCEDURE SORT used (Total process time):
      real time           0.00 seconds
      cpu time            0.00 seconds
      

MPRINT(TABDCAT):   data _cat;
MPRINT(TABDCAT):   set _cat;
MPRINT(TABDCAT):   by trt01pn;
MPRINT(TABDCAT):   output;
MPRINT(TABDCAT):   if first.trt01pn and comsfl_n ne . then do;
MPRINT(TABDCAT):   comsfl_n = .;
MPRINT(TABDCAT):   output;
MPRINT(TABDCAT):   end;
MPRINT(TABDCAT):   run;

NOTE: There were 9 observations read from the data set WORK._CAT.
NOTE: The data set WORK._CAT has 12 observations and 2 variables.
NOTE: DATA statement used (Total process time):
      real time           0.00 seconds
      cpu time            0.00 seconds
      

MPRINT(TABDCAT):   *** out option value into template ***;
MPRINT(TABDCAT):   data _cat;
MPRINT(TABDCAT):   set _cat;
MPRINT(TABDCAT):   if comsfl_n=. then do;
MPRINT(TABDCAT):   nomisspc="Y";
MPRINT(TABDCAT):   misspct ="N";
MPRINT(TABDCAT):   misspval="N";
MPRINT(TABDCAT):   end;
MPRINT(TABDCAT):   run;

NOTE: There were 12 observations read from the data set WORK._CAT.
NOTE: The data set WORK._CAT has 12 observations and 5 variables.
NOTE: DATA statement used (Total process time):
      real time           0.01 seconds
      cpu time            0.01 seconds
      
                                                                    The SAS System


MPRINT(TABDCAT):   proc sort;
MPRINT(TABDCAT):   by trt01pn comsfl_n;
MPRINT(TABDCAT):   run;

NOTE: There were 12 observations read from the data set WORK._CAT.
NOTE: SAS sort was used.
NOTE: The data set WORK._CAT has 12 observations and 5 variables.
NOTE: PROCEDURE SORT used (Total process time):
      real time           0.00 seconds
      cpu time            0.00 seconds
      

MPRINT(TABDCAT):   * proc print data=_cat;
MPRINT(TABDCAT):   * title 'Cat. template';
MPRINT(TABDCAT):   * run;
MPRINT(TABDCAT):   *-------------------------;
MPRINT(TABDCAT):   * Count all data ;
MPRINT(TABDCAT):   *-------------------------;
MPRINT(TABDCAT):   proc sort data = analf out = _tabcat1;
MPRINT(TABDCAT):   by trt01pn comsfl_n;
MPRINT(TABDCAT):   run;

NOTE: There were 200 observations read from the data set WORK.ANALF.
NOTE: SAS sort was used.
NOTE: The data set WORK._TABCAT1 has 200 observations and 18 variables.
NOTE: PROCEDURE SORT used (Total process time):
      real time           0.00 seconds
      cpu time            0.00 seconds
      

MPRINT(TABDCAT):   proc freq data=_tabcat1 noprint;
MPRINT(TABDCAT):   by trt01pn;
MPRINT(TABDCAT):   tables comsfl_n / missing out=_tabcat3 (drop=percent);
MPRINT(TABDCAT):   * title "Macro tabdcat: File _tabcat3 after first freq ";
MPRINT(TABDCAT):   run;

NOTE: There were 200 observations read from the data set WORK._TABCAT1.
NOTE: The data set WORK._TABCAT3 has 6 observations and 3 variables.
NOTE: PROCEDURE FREQ used (Total process time):
      real time           0.01 seconds
      cpu time            0.00 seconds
      

MPRINT(TABDCAT):   ****************************************;
MPRINT(TABDCAT):   *** merge with _cat to expand levels ***;
                                                                    The SAS System

MPRINT(TABDCAT):   ****************************************;
MPRINT(TABDCAT):   data _tabcat3;
MPRINT(TABDCAT):   merge _tabcat3 (in=int) _cat (in=ins);
MPRINT(TABDCAT):   by trt01pn comsfl_n;
MPRINT(TABDCAT):   if ins;
MPRINT(TABDCAT):   if not int then count = 0;
MPRINT(TABDCAT):   run;

NOTE: There were 6 observations read from the data set WORK._TABCAT3.
NOTE: There were 12 observations read from the data set WORK._CAT.
NOTE: The data set WORK._TABCAT3 has 12 observations and 6 variables.
NOTE: DATA statement used (Total process time):
      real time           0.01 seconds
      cpu time            0.00 seconds
      

MPRINT(TABDCAT):   * proc print;
MPRINT(TABDCAT):   * title "Macro tabdcat: File _tabcat3 after expanding categories";
MPRINT(TABDCAT):   * run;
MPRINT(TABDCAT):   *-----------------------------------------------------------;
MPRINT(TABDCAT):   * Get column totals for denominator ;
MPRINT(TABDCAT):   * If needed to, change the denominator base on denom option;
MPRINT(TABDCAT):   * then calculate percent from count and coldenom ;
MPRINT(TABDCAT):   *-----------------------------------------------------------;
MPRINT(TABDCAT):   proc summary nway data=_tabcat3 noprint;
MPRINT(TABDCAT):   where nomisspc ne 'Y';
MPRINT(TABDCAT):   class trt01pn;
MPRINT(TABDCAT):   var count;
MPRINT(TABDCAT):   output out=_tabcat3b(keep= trt01pn coldenom) sum=coldenom;
MPRINT(TABDCAT):   run;

NOTE: Multiple concurrent threads will be used to summarize data.
NOTE: There were 9 observations read from the data set WORK._TABCAT3.
      WHERE nomisspc not = 'Y';
NOTE: The data set WORK._TABCAT3B has 3 observations and 2 variables.
NOTE: PROCEDURE SUMMARY used (Total process time):
      real time           0.00 seconds
      cpu time            0.00 seconds
      

MPRINT(TABDCAT):   data _tabcat3;
MPRINT(TABDCAT):   merge _tabcat3 (in=in3) _tabcat3b (in=inb) ;
MPRINT(TABDCAT):   by trt01pn;
MPRINT(TABDCAT):   if in3;
MPRINT(TABDCAT):   if not inb then coldenom = 0;
MPRINT(TABDCAT):   ** kdaughtry - 09Sep2008 **;
                                                                    The SAS System

MPRINT(TABDCAT):   **if coldenom ne 0 and .<count<=coldenom then percent = count / coldenom * 100;
MPRINT(TABDCAT):   if count>0 and coldenom ne 0 and .<count<=coldenom then percent = count / coldenom * 100;
MPRINT(TABDCAT):   run;

NOTE: There were 12 observations read from the data set WORK._TABCAT3.
NOTE: There were 3 observations read from the data set WORK._TABCAT3B.
NOTE: The data set WORK._TABCAT3 has 12 observations and 8 variables.
NOTE: DATA statement used (Total process time):
      real time           0.01 seconds
      cpu time            0.00 seconds
      

MPRINT(TABDCAT):   proc sort data=_tabcat3;
MPRINT(TABDCAT):   by comsfl_n;
MPRINT(TABDCAT):   run;

NOTE: There were 12 observations read from the data set WORK._TABCAT3.
NOTE: SAS sort was used.
NOTE: The data set WORK._TABCAT3 has 12 observations and 8 variables.
NOTE: PROCEDURE SORT used (Total process time):
      real time           0.00 seconds
      cpu time            0.00 seconds
      

MPRINT(TABDCAT):   proc sort data=_catnumer;
MPRINT(TABDCAT):   by comsfl_n;
MPRINT(TABDCAT):   run;

NOTE: There were 2 observations read from the data set WORK._CATNUMER.
NOTE: SAS sort was used.
NOTE: The data set WORK._CATNUMER has 2 observations and 1 variables.
NOTE: PROCEDURE SORT used (Total process time):
      real time           0.00 seconds
      cpu time            0.00 seconds
      

MPRINT(TABDCAT):   ** only keep &var values from _catnumer dataset since this ds **;
MPRINT(TABDCAT):   ** only contains formatted values of &var **;
MPRINT(TABDCAT):   data _tabcat3;
MPRINT(TABDCAT):   merge _tabcat3 _catnumer (in=inn);
MPRINT(TABDCAT):   by comsfl_n;
MPRINT(TABDCAT):   if inn or comsfl_n=.;
MPRINT(TABDCAT):   run;

NOTE: There were 12 observations read from the data set WORK._TABCAT3.
NOTE: There were 2 observations read from the data set WORK._CATNUMER.
                                                                    The SAS System

NOTE: The data set WORK._TABCAT3 has 9 observations and 8 variables.
NOTE: DATA statement used (Total process time):
      real time           0.01 seconds
      cpu time            0.01 seconds
      

MPRINT(TABDCAT):   proc sort data=_tabcat3;
MPRINT(TABDCAT):   by trt01pn;
MPRINT(TABDCAT):   run;

NOTE: There were 9 observations read from the data set WORK._TABCAT3.
NOTE: SAS sort was used.
NOTE: The data set WORK._TABCAT3 has 9 observations and 8 variables.
NOTE: PROCEDURE SORT used (Total process time):
      real time           0.00 seconds
      cpu time            0.00 seconds
      

MPRINT(TABDCAT):   * proc print data = _tabcat3 (obs=100);
MPRINT(TABDCAT):   * title "Macro tabdcat: File _tabcat3 after calc deniminator";
MPRINT(TABDCAT):   * run;
MPRINT(TABDCAT):   *----------------------------------------;
MPRINT(TABDCAT):   * Percents without missing ;
MPRINT(TABDCAT):   * numbers in denominator ;
MPRINT(TABDCAT):   *----------------------------------------;
MPRINT(TABDCAT):   *** Total patient count variable, used for calculating cell percents ***;
MPRINT(TABDCAT):   **********************************************************************;
MPRINT(TABDCAT):   *** Recalculate the counts without the missings ***;
MPRINT(TABDCAT):   *** if MISSPCT requested (print missings as a category) ***;
MPRINT(TABDCAT):   *** and NOMISSPC requested (do not use missings in the denominator ***;
MPRINT(TABDCAT):   **********************************************************************;
MPRINT(TABDCAT):   ***************************************************************************;
MPRINT(TABDCAT):   *** test: if n = 100 pct for any subgroup and then skip the calculation ***;
MPRINT(TABDCAT):   *** for cilevelw ***;
MPRINT(TABDCAT):   ***************************************************************************;
MPRINT(TABDCAT):   ******************************************;
MPRINT(TABDCAT):   *** put together the display data set ***;
MPRINT(TABDCAT):   ******************************************;
MPRINT(TABDCAT):   data _tabcat4;
MPRINT(TABDCAT):   length statval statval2 statval3 $40 start $200 linlabel $250;
MPRINT(TABDCAT):   set _tabcat3;
MPRINT(TABDCAT):   by trt01pn;
MPRINT(TABDCAT):   array tmpvarn len;
MPRINT(TABDCAT):   array tmpvarc $ statval statval2 statval3 linlabel;
MPRINT(TABDCAT):   retain totcount;
MPRINT(TABDCAT):   if first.trt01pn then totcount = 0;
                                                                    The SAS System

MPRINT(TABDCAT):   if nomisspc^='Y' then totcount + count;
MPRINT(TABDCAT):   start = left(put(comsfl_n,best.));
MPRINT(TABDCAT):   linlabel = left(put(comsfl_n,COMPSTUD.));
MPRINT(TABDCAT):   if trim(linlabel) = '.' or linlabel = ' ' then linlabel = '- Missing -';
MPRINT(TABDCAT):   pct = percent;
MPRINT(TABDCAT):   *** NOMISSPC=Y only calculate cellpct if pct is not missing ***;
MPRINT(TABDCAT):   if (pct ne .) then cellpct = 100*(count/100);
MPRINT(TABDCAT):   else cellpct = .;
MPRINT(TABDCAT):   statval = ' ';
MPRINT(TABDCAT):   statval = put(count, 3. );
MPRINT(TABDCAT):   *** If coldenom requested, show N as N/COLUMN TOTAL ***;
MPRINT(TABDCAT):   len = length(statval);
MPRINT(TABDCAT):   *** NOMISSPC=Y only format the nonmissings ***;
MPRINT(TABDCAT):   if (pct ne .) then do;
MPRINT(TABDCAT):   *** Display "0" or "0.0" as "<1" or "<0.1" ***;
MPRINT(TABDCAT):   drop tmppct;
MPRINT(TABDCAT):   tmppct = 10**-1;
MPRINT(TABDCAT):   *** Normal case = percent=0 or is >= threshold ***;
MPRINT(TABDCAT):   if(pct eq 0 or pct>=tmppct) then statval = substr(statval,1,len) || " (" || put(pct,5.1) || "%)";
MPRINT(TABDCAT):   *** Number between 0 and lowest displayable value ***;
MPRINT(TABDCAT):   else statval = substr(statval,1,len) || " ( <" || put(tmppct,3.1) || "%)";
MPRINT(TABDCAT):   end;
MPRINT(TABDCAT):   if misspct ='N' then delete;
MPRINT(TABDCAT):   * delete missing cat if not used in rpt;
MPRINT(TABDCAT):   * if nomisspc='Y' then delete;
MPRINT(TABDCAT):   * delete missing cat if not part of calculations;
MPRINT(TABDCAT):   drop len comsfl_n misspct;
MPRINT(TABDCAT):   run;

NOTE: There were 9 observations read from the data set WORK._TABCAT3.
NOTE: The data set WORK._TABCAT4 has 6 observations and 14 variables.
NOTE: DATA statement used (Total process time):
      real time           0.02 seconds
      cpu time            0.00 seconds
      

MPRINT(TABDCAT):   * proc print data=_tabcat4;
MPRINT(TABDCAT):   * title "Macro tabdcat: File _tabcat4 after formating statistics ";
MPRINT(TABDCAT):   * run;
MPRINT(TABDCAT):   proc sort data=_tabcat4;
MPRINT(TABDCAT):   by start linlabel;
MPRINT(TABDCAT):   run;

NOTE: There were 6 observations read from the data set WORK._TABCAT4.
NOTE: SAS sort was used.
NOTE: The data set WORK._TABCAT4 has 6 observations and 14 variables.
                                                                    The SAS System

NOTE: PROCEDURE SORT used (Total process time):
      real time           0.00 seconds
      cpu time            0.00 seconds
      

MPRINT(TABDCAT):   *----------------------------------------------------------------------------;
MPRINT(TABDCAT):   * Transpose the formatted and unformatted statistics ;
MPRINT(TABDCAT):   *----------------------------------------------------------------------------;
MPRINT(TABDCAT):   proc transpose data=_tabcat4 prefix=value out=_tabcat7;
MPRINT(TABDCAT):   var statval;
MPRINT(TABDCAT):   by start linlabel;
MPRINT(TABDCAT):   id trt01pn;
MPRINT(TABDCAT):   where trt01pn is not null;
MPRINT(TABDCAT):   run;

NOTE: There were 6 observations read from the data set WORK._TABCAT4.
      WHERE trt01pn is not null;
NOTE: The data set WORK._TABCAT7 has 2 observations and 6 variables.
NOTE: PROCEDURE TRANSPOSE used (Total process time):
      real time           0.00 seconds
      cpu time            0.01 seconds
      

MPRINT(TABDCAT):   * proc print data = _tabcat7 (obs=100);
MPRINT(TABDCAT):   * title "File _tabcat7 after transpose";
MPRINT(TABDCAT):   * run;
MPRINT(TABDCAT):   *----------------------------------------------------------------------------;
MPRINT(TABDCAT):   * Calculate confidence intervals if requested ;
MPRINT(TABDCAT):   * Redo proc freq, this time with the stratification vars, and run thru ;
MPRINT(TABDCAT):   * stratified CI formula. Output is one record per analysis var value per ;
MPRINT(TABDCAT):   * byvar value ;
MPRINT(TABDCAT):   *----------------------------------------------------------------------------;
MPRINT(TABDCAT):   *----------------------------------------------------------------------------;
MPRINT(TABDCAT):   * Calculate risk ratio if requested ;
MPRINT(TABDCAT):   * Redo proc freq, not using stratification or missing parameters, and call ;
MPRINT(TABDCAT):   * RR formula. Output is one record per analysis var per byvar value ;
MPRINT(TABDCAT):   *----------------------------------------------------------------------------;
MPRINT(TABDCAT):   *---------------------------------------;
MPRINT(TABDCAT):   * CHISQ, CMH, EXACT p-values ;
MPRINT(TABDCAT):   *---------------------------------------;
MPRINT(TABDCAT):   *---------------------------------------------------;
MPRINT(TABDCAT):   * Standard (statified) categorical p-values ;
MPRINT(TABDCAT):   *---------------------------------------------------;
MPRINT(TABDCAT):   proc sort data = analfnot out = _tabcat2;
MPRINT(TABDCAT):   by trt01pn comsfl_n;
MPRINT(TABDCAT):   run;
                                                                    The SAS System


NOTE: There were 100 observations read from the data set WORK.ANALFNOT.
NOTE: SAS sort was used.
NOTE: The data set WORK._TABCAT2 has 100 observations and 18 variables.
NOTE: PROCEDURE SORT used (Total process time):
      real time           0.00 seconds
      cpu time            0.00 seconds
      

MPRINT(TABDCAT):   *----------------------------------------------------------------------------;
MPRINT(TABDCAT):   * If pairwise p-values are requested, generate and add to the dataset ;
MPRINT(TABDCAT):   *----------------------------------------------------------------------------;
MPRINT(TABDCAT):   *----------------------------------------------------------------------------;
MPRINT(TABDCAT):   * Final data massage before merging with accumulated statistics ;
MPRINT(TABDCAT):   *----------------------------------------------------------------------------;
MPRINT(TABDCAT):   * proc print data = _tabcat7;
MPRINT(TABDCAT):   * title "File _tabcat7 ";
MPRINT(TABDCAT):   * run;
MPRINT(TABDCAT):   data _tabcat7;
MPRINT(TABDCAT):   length label1 label2 $ 250 statord value1 - value3 $40;
MPRINT(TABDCAT):   set _tabcat7;
MPRINT(TABDCAT):   sortord=150;
MPRINT(TABDCAT):   label1="Study Completion Status                                                                                                    
                                                                                                                               ";
MPRINT(TABDCAT):   label2="                                                                                                                           
                                                                                                                               ";
MPRINT(TABDCAT):   type = "CAT ";
MPRINT(TABDCAT):   statord = left(start);
MPRINT(TABDCAT):   array vl {*} value1 - value3;
MPRINT(TABDCAT):   if trim(start) eq '.' or start = ' ' then delete;
MPRINT(TABDCAT):   if trim(linlabel) = '- Missing -' then statord = '999999999';
MPRINT(TABDCAT):   vct = 0;
MPRINT(TABDCAT):   do i = 1 to 3;
MPRINT(TABDCAT):   if vl{i} = ' ' and substr(linlabel,1,10) ^= 'Risk Ratio' then do;
MPRINT(TABDCAT):   vl{i} = put(0, 3. );
MPRINT(TABDCAT):   len = length(vl{i});
MPRINT(TABDCAT):   * vl{i} = substr(vl{i},1,len) || " (" || put(0,&pctfmt) || "%)";
MPRINT(TABDCAT):   if "Y" = 'Y' and statord = '999999999' then do;
MPRINT(TABDCAT):   vl{i} = put(0, 3. );
MPRINT(TABDCAT):   end;
MPRINT(TABDCAT):   end;
MPRINT(TABDCAT):   *** Reset intentionally set "No CI" back to blank ***;
MPRINT(TABDCAT):   *** if all blank then delete ***;
MPRINT(TABDCAT):   if vl{i} = "No CI" then do;
MPRINT(TABDCAT):   vl{i} = " ";
MPRINT(TABDCAT):   vct + 1;
                                                                    The SAS System

MPRINT(TABDCAT):   end;
MPRINT(TABDCAT):   end;
MPRINT(TABDCAT):   if vct = 3 then delete;
MPRINT(TABDCAT):   drop i vct len ;
MPRINT(TABDCAT):   * &var;
MPRINT(TABDCAT):   run;

NOTE: There were 2 observations read from the data set WORK._TABCAT7.
NOTE: The data set WORK._TABCAT7 has 2 observations and 11 variables.
NOTE: DATA statement used (Total process time):
      real time           0.00 seconds
      cpu time            0.00 seconds
      

MPRINT(TABDCAT):   data combine;
MPRINT(TABDCAT):   set combine _tabcat7;
MPRINT(TABDCAT):   format pvalc1 pvalc2;
MPRINT(TABDCAT):   run;

NOTE: There were 4 observations read from the data set WORK.COMBINE.
NOTE: There were 2 observations read from the data set WORK._TABCAT7.
NOTE: The data set WORK.COMBINE has 6 observations and 21 variables.
NOTE: DATA statement used (Total process time):
      real time           0.00 seconds
      cpu time            0.00 seconds
      

MPRINT(TABDCAT):   ***--- End of EXACT CI ---***;
MPRINT(TABDCAT):   * proc print data = combine;
MPRINT(TABDCAT):   * title 'File combine after %tabdcat call';
MPRINT(TABDCAT):   * run;
MPRINT(TABDCAT):   *----------------------------------------------------------------------------;
MPRINT(TABDCAT):   * Cleanup ;
MPRINT(TABDCAT):   *----------------------------------------------------------------------------;
MPRINT(TABDCAT):   proc datasets library = work nolist;
MPRINT(TABDCAT):   delete _tabcat:;
MPRINT(TABDCAT):   quit;

NOTE: Deleting WORK._TABCAT1 (memtype=DATA).
NOTE: Deleting WORK._TABCAT2 (memtype=DATA).
NOTE: Deleting WORK._TABCAT3 (memtype=DATA).
NOTE: Deleting WORK._TABCAT3B (memtype=DATA).
NOTE: Deleting WORK._TABCAT4 (memtype=DATA).
NOTE: Deleting WORK._TABCAT7 (memtype=DATA).
NOTE: PROCEDURE DATASETS used (Total process time):
      real time           0.00 seconds
                                                                    The SAS System

      cpu time            0.00 seconds
      

MPRINT(MK_T_S_DISP):  ;
MPRINT(MK_T_S_DISP):   *OPTIONAL Overall study discont.;
MPRINT(TABCOUNT):   *** this logic moved to tabdesc ***;
MPRINT(TABCOUNT):  ;
MPRINT(TABCOUNT):   ** if one of subsetting vars (&_spercent, &_sdpvar, &_stpvar, &_spctvar, &_sopvar) **;
MPRINT(TABCOUNT):   ** is specified, then &denom cannot be specified **;
MPRINT(TABCOUNT):  ;
MPRINT(TABCOUNT):   *----------------------------------------------------------------------------;
MPRINT(TABCOUNT):   * Get variable attributes (type, label, format) ;
MPRINT(TABCOUNT):   * Cancel run if variable .does not. exist ;
MPRINT(TABCOUNT):   *----------------------------------------------------------------------------;
MPRINT(TABCOUNT):   data _null_;
MPRINT(TABCOUNT):   length label1 $250;
MPRINT(TABCOUNT):   ds = open("analf","i");
MPRINT(TABCOUNT):   var = varnum(ds , "dcsreas");
MPRINT(TABCOUNT):   if not(var) then do;
MPRINT(TABCOUNT):   call symput("_errcode","F");
MPRINT(TABCOUNT):   call symput("_errmsg","Patient count analysis variable dcsreas "|| '.does not.'||' exist - cancelling run' );
MPRINT(TABCOUNT):   *klc 2016-10-26;
MPRINT(TABCOUNT):   stop;
MPRINT(TABCOUNT):   end;
MPRINT(TABCOUNT):   else do;
MPRINT(TABCOUNT):   label1 = varlabel(ds,var);
MPRINT(TABCOUNT):   label1 = translate(label1,' ','~');
MPRINT(TABCOUNT):   call symput("_ptclab1",trim(label1));
MPRINT(TABCOUNT):   call symput("_ptcfmt1",varfmt(ds,var));
MPRINT(TABCOUNT):   call symput("catvfmt",varfmt(ds,var));
MPRINT(TABCOUNT):   typ = vartype(ds,var);
MPRINT(TABCOUNT):   call symput("type",typ);
MPRINT(TABCOUNT):   end;
MPRINT(TABCOUNT):   run;

INFO: Character variables have defaulted to a length of 200 at the places given by: (Line):(Column). Truncation can result.
      2532:71  TYP
NOTE: DATA statement used (Total process time):
      real time           0.00 seconds
      cpu time            0.00 seconds
      

MPRINT(TABCOUNT):   *-----------------------------------------------------------;
MPRINT(TABCOUNT):   * General routine for count and percent statistics ;
MPRINT(TABCOUNT):   *-----------------------------------------------------------;
MPRINT(TABCOUNT):   *-----------------------------------------------------------;
                                                                    The SAS System

MPRINT(TABCOUNT):   * Do count and percent once for each requested denominator;
MPRINT(TABCOUNT):   *-----------------------------------------------------------;
MPRINT(TABCOUNT):  ;
MPRINT(COUNTPCT):   proc sort data = analf out = _t1 nodupkey;
MPRINT(COUNTPCT):   by trt01pn dcsreas subjid;
MPRINT(COUNTPCT):   run;

NOTE: There were 200 observations read from the data set WORK.ANALF.
NOTE: SAS sort was used.
NOTE: 0 observations with duplicate key values were deleted.
NOTE: The data set WORK._T1 has 200 observations and 18 variables.
NOTE: PROCEDURE SORT used (Total process time):
      real time           0.04 seconds
      cpu time            0.01 seconds
      

MPRINT(COUNTPCT):   proc summary data=_t1 nway;
MPRINT(COUNTPCT):   by trt01pn dcsreas;
MPRINT(COUNTPCT):   format trt01pn dcsreas;
MPRINT(COUNTPCT):   output out=_t2;
MPRINT(COUNTPCT):   run;

NOTE: There were 200 observations read from the data set WORK._T1.
NOTE: The data set WORK._T2 has 9 observations and 4 variables.
NOTE: PROCEDURE SUMMARY used (Total process time):
      real time           0.00 seconds
      cpu time            0.00 seconds
      

MPRINT(COUNTPCT):   * proc print data = _t2 (obs=100);
MPRINT(COUNTPCT):   * title "tabcount: File _t2 after summary with denominator &countby ";
MPRINT(COUNTPCT):   * run;
MPRINT(COUNTPCT):   proc sort data = analf out = _t1 nodupkey;
MPRINT(COUNTPCT):   by trt01pn subjid;
MPRINT(COUNTPCT):   run;

NOTE: There were 200 observations read from the data set WORK.ANALF.
NOTE: SAS sort was used.
NOTE: 0 observations with duplicate key values were deleted.
NOTE: The data set WORK._T1 has 200 observations and 18 variables.
NOTE: PROCEDURE SORT used (Total process time):
      real time           0.02 seconds
      cpu time            0.01 seconds
      

MPRINT(COUNTPCT):   proc summary data=_t1 nway;
                                                                    The SAS System

MPRINT(COUNTPCT):   by trt01pn;
MPRINT(COUNTPCT):   format trt01pn;
MPRINT(COUNTPCT):   output out=_t3;
MPRINT(COUNTPCT):   run;

NOTE: There were 200 observations read from the data set WORK._T1.
NOTE: The data set WORK._T3 has 3 observations and 3 variables.
NOTE: PROCEDURE SUMMARY used (Total process time):
      real time           0.00 seconds
      cpu time            0.00 seconds
      

MPRINT(COUNTPCT):   * proc print data = _t3 (obs=100);
MPRINT(COUNTPCT):   * title "tabcount: File _t3 after summary with denominator &pctby";
MPRINT(COUNTPCT):   * run;
MPRINT(COUNTPCT):   proc sort data = _t2;
MPRINT(COUNTPCT):   by trt01pn;
MPRINT(COUNTPCT):   run;

NOTE: There were 9 observations read from the data set WORK._T2.
NOTE: SAS sort was used.
NOTE: The data set WORK._T2 has 9 observations and 4 variables.
NOTE: PROCEDURE SORT used (Total process time):
      real time           0.00 seconds
      cpu time            0.00 seconds
      

MPRINT(COUNTPCT):   data _tabc1;
MPRINT(COUNTPCT):   merge _t2(drop=_type_) _t3 (rename=(_freq_=denom));
MPRINT(COUNTPCT):   by trt01pn;
MPRINT(COUNTPCT):   **if denom > 0 then &pctvar = 100 * _freq_ / denom;
MPRINT(COUNTPCT):   if denom > 0 and _freq_>0 then pct1 = 100 * _freq_ / denom;
MPRINT(COUNTPCT):   run;

NOTE: There were 9 observations read from the data set WORK._T2.
NOTE: There were 3 observations read from the data set WORK._T3.
NOTE: The data set WORK._TABC1 has 9 observations and 6 variables.
NOTE: DATA statement used (Total process time):
      real time           0.00 seconds
      cpu time            0.00 seconds
      

MPRINT(TABCOUNT):  ;
MPRINT(TABCOUNT):   proc sort data = _tabc1;
MPRINT(TABCOUNT):   by dcsreas trt01pn;
MPRINT(TABCOUNT):   run;
                                                                    The SAS System


NOTE: There were 9 observations read from the data set WORK._TABC1.
NOTE: SAS sort was used.
NOTE: The data set WORK._TABC1 has 9 observations and 6 variables.
NOTE: PROCEDURE SORT used (Total process time):
      real time           0.00 seconds
      cpu time            0.00 seconds
      

MPRINT(TABCOUNT):   data _tabptc3;
MPRINT(TABCOUNT):   set _tabc1;
MPRINT(TABCOUNT):   run;

NOTE: There were 9 observations read from the data set WORK._TABC1.
NOTE: The data set WORK._TABPTC3 has 9 observations and 6 variables.
NOTE: DATA statement used (Total process time):
      real time           0.00 seconds
      cpu time            0.00 seconds
      

MPRINT(TABCOUNT):   * proc print data = _tabc&__I (obs=100);
MPRINT(TABCOUNT):   * title "tabcount: File _tabc&__I after summary ";
MPRINT(TABCOUNT):   * run;
MPRINT(TABCOUNT):   *----------------------------------------------------------------------------;
MPRINT(TABCOUNT):   * Get list of categories specified in the format in variable catvfmt ;
MPRINT(TABCOUNT):   * Flag to indicate if format found in macro variable _gotfmt ;
MPRINT(TABCOUNT):   * Categories in data set _tabptc4 ;
MPRINT(TABCOUNT):   *----------------------------------------------------------------------------;
MPRINT(TABCOUNT):   *---------------------------------------;
MPRINT(TABCOUNT):   * Reformat count and percent ;
MPRINT(TABCOUNT):   *---------------------------------------;
MPRINT(TABCOUNT):   data _tabptc3;
MPRINT(TABCOUNT):   set _tabptc3;
MPRINT(TABCOUNT):   length linlabel $250;
MPRINT(TABCOUNT):   length start $200;
MPRINT(TABCOUNT):   start = left(dcsreas);
MPRINT(TABCOUNT):   linlabel=left(dcsreas);
MPRINT(TABCOUNT):   if trim(linlabel) = '.' or linlabel = ' ' then delete;
MPRINT(TABCOUNT):   run;

NOTE: There were 9 observations read from the data set WORK._TABPTC3.
NOTE: The data set WORK._TABPTC3 has 6 observations and 8 variables.
NOTE: DATA statement used (Total process time):
      real time           0.00 seconds
      cpu time            0.01 seconds
      
                                                                    The SAS System


MPRINT(TABCOUNT):   * proc print data = _tabptc3 (obs=100);
MPRINT(TABCOUNT):   * title "tabcount: File _tabptc3 after formatting statistics ";
MPRINT(TABCOUNT):   * run;
MPRINT(TABCOUNT):   *----------------------------------------------------------------------------;
MPRINT(TABCOUNT):   * If all categories are to be shown, get the list of categories from the ;
MPRINT(TABCOUNT):   * variable format and expand the file to include all the defined categories;
MPRINT(TABCOUNT):   *----------------------------------------------------------------------------;
MPRINT(TABCOUNT):   *--------------------------------------------------------------------------;
MPRINT(TABCOUNT):   * postprocess _tabptc3 to modify START variable if sortby = I and the VAR;
MPRINT(TABCOUNT):   * is numeric. This to accomodate cases where the values might be negative;
MPRINT(TABCOUNT):   *--------------------------------------------------------------------------;
MPRINT(TABCOUNT):   *----------------------------------------------------------------------------;
MPRINT(TABCOUNT):   * Transpose the formatted and unformatted statistics ;
MPRINT(TABCOUNT):   *----------------------------------------------------------------------------;
MPRINT(TABCOUNT):   data _tabptc7 (keep = dcsreas start linlabel value1 - value3 statord1 - statord1 pctx1 - pctx3);
MPRINT(TABCOUNT):   set _tabptc3;
MPRINT(TABCOUNT):   by dcsreas start linlabel notsorted;
MPRINT(TABCOUNT):   length value1- value3 $40 statord1 - statord1 $40 pctx1 - pctx3 $10 pctx_n1 - pctx_n3 8 __temp 8;
MPRINT(TABCOUNT):   *kchan07 2016-11-1;
MPRINT(TABCOUNT):   length statval $ 40;
MPRINT(TABCOUNT):   array outval {*} $ value1 - value3;
MPRINT(TABCOUNT):   array outpct {*} $ pctx1 - pctx3;
MPRINT(TABCOUNT):   array __pn {*} pctx_n1 - pctx_n3;
MPRINT(TABCOUNT):   *kchan07 2016-11-1;
MPRINT(TABCOUNT):   retain value1 - value3 totn pctx1 - pctx3;
MPRINT(TABCOUNT):   statord1 = ' ';
MPRINT(TABCOUNT):   if first.linlabel then do;
MPRINT(TABCOUNT):   totn = 0;
MPRINT(TABCOUNT):   do i = 1 to 3;
MPRINT(TABCOUNT):   outval{i} = ' ';
MPRINT(TABCOUNT):   outpct{i} = ' ';
MPRINT(TABCOUNT):   end;
MPRINT(TABCOUNT):   end;
MPRINT(TABCOUNT):   statval = ' ';
MPRINT(TABCOUNT):   if _freq_ = . then _freq_ = 0;
MPRINT(TABCOUNT):   statval = put(_freq_, 3. );
MPRINT(TABCOUNT):   len = length(statval);
MPRINT(TABCOUNT):   *if pct&__I = . then do;
MPRINT(TABCOUNT):   ** kdaughtry 07Oct08 - if count=0, then pct=0 **;
MPRINT(TABCOUNT):   *pct&__I = 0;
MPRINT(TABCOUNT):   *percent = 0;
MPRINT(TABCOUNT):   *end;
MPRINT(TABCOUNT):   if 0 < pct1 < 0.1 then do;
MPRINT(TABCOUNT):   statval = substr(statval,1,len) || " ( <0.1%)";
MPRINT(TABCOUNT):   percent = pct1;
                                                                    The SAS System

MPRINT(TABCOUNT):   end;
MPRINT(TABCOUNT):   else do;
MPRINT(TABCOUNT):   if pct1 ne . then percent = round(pct1,0.1);
MPRINT(TABCOUNT):   if percent>0 then statval = substr(statval,1,len) || " (" || put(percent,5.1) || "%)";
MPRINT(TABCOUNT):   else statval= substr(statval,1,len);
MPRINT(TABCOUNT):   end;
MPRINT(TABCOUNT):   drop len;
MPRINT(TABCOUNT):   *if (totn=.) then totn = _freq_;
MPRINT(TABCOUNT):   *else if (_freq_>.) then totn = totn + _freq_;
MPRINT(TABCOUNT):   totn=sum(totn, _freq_);
MPRINT(TABCOUNT):   *klc 27may2015;
MPRINT(TABCOUNT):   outval{trt01pn} = statval;
MPRINT(TABCOUNT):   __pn{trt01pn} = percent;
MPRINT(TABCOUNT):   *kchan07 2016-11-1;
MPRINT(TABCOUNT):   outpct{trt01pn} = compress(put(percent,best.));
MPRINT(TABCOUNT):   if last.linlabel then do;
MPRINT(TABCOUNT):   if "F" = "F" then statord1 = put(1000000-totn,z7.);
MPRINT(TABCOUNT):   if "F" = "A" then statord1 = ' ';
MPRINT(TABCOUNT):   if "F" = "I" then statord1 = start;
MPRINT(TABCOUNT):   if "F" = "M" then do;
MPRINT(TABCOUNT):   __temp=pctx_n1;
MPRINT(TABCOUNT):   __temp = max(of pctx_n1 - pctx_n2);
MPRINT(TABCOUNT):   statord1=compress(put(__temp,z9.5));
MPRINT(TABCOUNT):   end;
MPRINT(TABCOUNT):   if "F" = "T" then statord1 = put(percent,6.2);
MPRINT(TABCOUNT):   output;
MPRINT(TABCOUNT):   end;
MPRINT(TABCOUNT):   run;

NOTE: There were 6 observations read from the data set WORK._TABPTC3.
NOTE: The data set WORK._TABPTC7 has 2 observations and 10 variables.
NOTE: DATA statement used (Total process time):
      real time           0.00 seconds
      cpu time            0.00 seconds
      

MPRINT(TABCOUNT):   * proc print data = _tabptc7 (obs=100);
MPRINT(TABCOUNT):   * title "tabcount: File _tabptc7 after transpose";
MPRINT(TABCOUNT):   * run;
MPRINT(TABCOUNT):   *---------------------------------------;
MPRINT(TABCOUNT):   * CHISQ, CMH, EXACT p-values ;
MPRINT(TABCOUNT):   *---------------------------------------;
MPRINT(TABCOUNT):   *----------------------------------------------------------------------------;
MPRINT(TABCOUNT):   * If overall p-values are requested, generate and add to the dataset ;
MPRINT(TABCOUNT):   *----------------------------------------------------------------------------;
MPRINT(TABCOUNT):   *----------------------------------------------------------------------------;
                                                                    The SAS System

MPRINT(TABCOUNT):   * If pairwise p-values are requested, generate and add to the dataset ;
MPRINT(TABCOUNT):   *----------------------------------------------------------------------------;
MPRINT(TABCOUNT):   *---------------------------------------;
MPRINT(TABCOUNT):   * Get Patient With Event totals -------;
MPRINT(TABCOUNT):   *---------------------------------------;
MPRINT(TABCOUNT):   *----------------------------------------------------------------------------;
MPRINT(TABCOUNT):   * Final data massage before merging with accumulated statistics ;
MPRINT(TABCOUNT):   *----------------------------------------------------------------------------;
MPRINT(TABCOUNT):   * proc print data = _tabptc7;
MPRINT(TABCOUNT):   * title "tabcount: File _tabptc7 ";
MPRINT(TABCOUNT):   * run;
MPRINT(TABCOUNT):   data _tabptc7;
MPRINT(TABCOUNT):   set _tabptc7;
MPRINT(TABCOUNT):   length statord $40;
MPRINT(TABCOUNT):   statord = ' ';
MPRINT(TABCOUNT):   sortord=151;
MPRINT(TABCOUNT):   type = "PTCT";
MPRINT(TABCOUNT):   level = 1;
MPRINT(TABCOUNT):   array vl {*} value1 - value3;
MPRINT(TABCOUNT):   if trim(start) eq '.' or start = ' ' then delete;
MPRINT(TABCOUNT):   do i = 1 to 3;
MPRINT(TABCOUNT):   if vl{i} = ' ' then do;
MPRINT(TABCOUNT):   vl{i} = put(0, 3. );
MPRINT(TABCOUNT):   len = length(vl{i});
MPRINT(TABCOUNT):   **vl{i} = substr(vl{i},1,len) || " (" || put(0,&pctfmt) || "%)";
MPRINT(TABCOUNT):   vl{i} = substr(vl{i},1,len);
MPRINT(TABCOUNT):   drop len;
MPRINT(TABCOUNT):   end;
MPRINT(TABCOUNT):   end;
MPRINT(TABCOUNT):   drop i;
MPRINT(TABCOUNT):   length pvalc1 pvalc2 $10;
MPRINT(TABCOUNT):   pvalc1='';
MPRINT(TABCOUNT):   pvalc2='';
MPRINT(TABCOUNT):   run;

NOTE: There were 2 observations read from the data set WORK._TABPTC7.
NOTE: The data set WORK._TABPTC7 has 2 observations and 16 variables.
NOTE: DATA statement used (Total process time):
      real time           0.00 seconds
      cpu time            0.00 seconds
      

MPRINT(TABCOUNT):   data _tabptc7;
MPRINT(TABCOUNT):   set _tabptc7;
MPRINT(TABCOUNT):   format pvalc1 pvalc2;
MPRINT(TABCOUNT):   run;
                                                                    The SAS System


NOTE: There were 2 observations read from the data set WORK._TABPTC7.
NOTE: The data set WORK._TABPTC7 has 2 observations and 16 variables.
NOTE: DATA statement used (Total process time):
      real time           0.00 seconds
      cpu time            0.00 seconds
      

MPRINT(TABCOUNT):   data combine;
MPRINT(TABCOUNT):   set combine _tabptc7;
MPRINT(TABCOUNT):   length label1 $ 250;
MPRINT(TABCOUNT):   if sortord = 151 then do;
MPRINT(TABCOUNT):   if 1 = 1 then label1 = trim("Number Of Participants With Event, Per") || " " || left("Reason for Premature Discontinuation of 
Study");
MPRINT(TABCOUNT):   if 1 > 1 then label1 = left("Reason for Premature Discontinuation of Study");
MPRINT(TABCOUNT):   if 1 < 0 then label1 = trim(label1) || ",";
MPRINT(TABCOUNT):   if 1 > 1 then label1 = "And " || left("Reason for Premature Discontinuation of Study");
MPRINT(TABCOUNT):   end;
MPRINT(TABCOUNT):   run;

NOTE: There were 6 observations read from the data set WORK.COMBINE.
NOTE: There were 2 observations read from the data set WORK._TABPTC7.
NOTE: The data set WORK.COMBINE has 8 observations and 22 variables.
NOTE: DATA statement used (Total process time):
      real time           0.00 seconds
      cpu time            0.01 seconds
      

MPRINT(TABCOUNT):   *----------------------------------------------------------------------------;
MPRINT(TABCOUNT):   * Cleanup ;
MPRINT(TABCOUNT):   *----------------------------------------------------------------------------;
MPRINT(TABCOUNT):   proc datasets library = work nolist;
MPRINT(TABCOUNT):   *delete _tabptc1 _tabptc2 _tabptc3 _tabptc4 _tabptc5 _tabptc6 _tabptc7 _tabptc8 _tabptc9;
MPRINT(TABCOUNT):   delete _tabptc: ;
MPRINT(TABCOUNT):   *2016-11-29 kchan07;
MPRINT(TABCOUNT):   quit;

NOTE: Deleting WORK._TABPTC3 (memtype=DATA).
NOTE: Deleting WORK._TABPTC7 (memtype=DATA).
NOTE: PROCEDURE DATASETS used (Total process time):
      real time           0.00 seconds
      cpu time            0.00 seconds
      

MPRINT(MK_T_S_DISP):  ;
MPRINT(MK_T_S_DISP):   *OPTIONAL Overall study discont. rsn;
                                                                    The SAS System

MPRINT(MK_T_S_DISP):   data combine3;
MPRINT(MK_T_S_DISP):   set combine;
MPRINT(MK_T_S_DISP):   run;

NOTE: There were 8 observations read from the data set WORK.COMBINE.
NOTE: The data set WORK.COMBINE3 has 8 observations and 22 variables.
NOTE: DATA statement used (Total process time):
      real time           0.00 seconds
      cpu time            0.01 seconds
      

MPRINT(MK_T_S_DISP):   *************************************************************************;
MPRINT(MK_T_S_DISP):   * Combine all datasets together *;
MPRINT(MK_T_S_DISP):   * Take care around the Dx and Why datasets, they may not exist for a *;
MPRINT(MK_T_S_DISP):   * particular macro run. *;
MPRINT(MK_T_S_DISP):   *************************************************************************;
MPRINT(MK_T_S_DISP):   data combine(label = "Combine all datasets");
MPRINT(MK_T_S_DISP):   set combine1 combine2 combine7 opt_combine combine3(in = C3);
MPRINT(MK_T_S_DISP):   num_period = symgetn("num_period");
MPRINT(MK_T_S_DISP):   **********************************************************************;
MPRINT(MK_T_S_DISP):   * Delete eff_pop if not selected by user to appear *;
MPRINT(MK_T_S_DISP):   **********************************************************************;
MPRINT(MK_T_S_DISP):   if (C3) and find("PKFL", 'SAFFL') then do;
MPRINT(MK_T_S_DISP):   if sortord eq 7 then delete;
MPRINT(MK_T_S_DISP):   end;
MPRINT(MK_T_S_DISP):   if indexW(label1, "Number Of Participants With Event, Per ") > 0 then do;
MPRINT(MK_T_S_DISP):   x = index(label1, 'Per ') + 4;
MPRINT(MK_T_S_DISP):   if (x gt 0) then label1 = substr(label1, x);
MPRINT(MK_T_S_DISP):   end;
MPRINT(MK_T_S_DISP):   drop x;
MPRINT(MK_T_S_DISP):   run;

NOTE: There were 1 observations read from the data set WORK.COMBINE1.
NOTE: There were 1 observations read from the data set WORK.COMBINE2.
NOTE: There were 1 observations read from the data set WORK.COMBINE7.
NOTE: There were 1 observations read from the data set WORK.OPT_COMBINE.
NOTE: There were 8 observations read from the data set WORK.COMBINE3.
NOTE: The data set WORK.COMBINE has 12 observations and 24 variables.
NOTE: DATA statement used (Total process time):
      real time           0.00 seconds
      cpu time            0.00 seconds
      

MPRINT(MK_T_S_DISP):   proc sort data = combine;
MPRINT(MK_T_S_DISP):   by sortord;
MPRINT(MK_T_S_DISP):   run;
                                                                    The SAS System


NOTE: There were 12 observations read from the data set WORK.COMBINE.
NOTE: SAS sort was used.
NOTE: The data set WORK.COMBINE has 12 observations and 24 variables.
NOTE: PROCEDURE SORT used (Total process time):
      real time           0.00 seconds
      cpu time            0.00 seconds
      

MPRINT(MK_T_S_DISP):   data combine;
MPRINT(MK_T_S_DISP):   set combine;
MPRINT(MK_T_S_DISP):   by sortord;
MPRINT(MK_T_S_DISP):   run;

NOTE: There were 12 observations read from the data set WORK.COMBINE.
NOTE: The data set WORK.COMBINE has 12 observations and 24 variables.
NOTE: DATA statement used (Total process time):
      real time           0.00 seconds
      cpu time            0.00 seconds
      

MPRINT(MK_T_S_DISP):   proc sql noprint;
MPRINT(MK_T_S_DISP):   select distinct sortord into :dctn separated by ',' from combine where (linlabel like 'Reason for Discontinuation of%');
NOTE: No rows were selected.
MPRINT(MK_T_S_DISP):   quit;
NOTE: PROCEDURE SQL used (Total process time):
      real time           0.00 seconds
      cpu time            0.00 seconds
      

MPRINT(MK_T_S_DISP):   data combine;
MPRINT(MK_T_S_DISP):   set combine;
MPRINT(MK_T_S_DISP):   linlabel2 = linlabel;
MPRINT(MK_T_S_DISP):   array vls {3} value1 - value3;
MPRINT(MK_T_S_DISP):   if indexW(linlabel, 'Population Flag') > 1 then delete;
MPRINT(MK_T_S_DISP):   if upcase(linlabel) = "NUMBER OF PARTICIPANTS" then delete;
MPRINT(MK_T_S_DISP):   **********************************************************************;
MPRINT(MK_T_S_DISP):   * If requested to remove middle row of Drug Tx panel *;
MPRINT(MK_T_S_DISP):   **********************************************************************;
MPRINT(MK_T_S_DISP):   if ("Y" eq 'O') and (left(linlabel2) =: 'Completed Study Drug') and (left(label1) eq 'Study Completion Status') then delete;
MPRINT(MK_T_S_DISP):   if (find(linlabel, 'Completed Study Drug')) then do;
MPRINT(MK_T_S_DISP):   *******************************************************************;
MPRINT(MK_T_S_DISP):   * If Oncology flag set, then delete middle row of panel for *;
MPRINT(MK_T_S_DISP):   * Completing Study Drug *;
MPRINT(MK_T_S_DISP):   *******************************************************************;
MPRINT(MK_T_S_DISP):   if ("Y" eq "O") then delete;
                                                                    The SAS System

MPRINT(MK_T_S_DISP):   end;
MPRINT(MK_T_S_DISP):   run;

NOTE: There were 12 observations read from the data set WORK.COMBINE.
NOTE: The data set WORK.COMBINE has 12 observations and 25 variables.
NOTE: DATA statement used (Total process time):
      real time           0.00 seconds
      cpu time            0.00 seconds
      

MPRINT(MK_T_S_DISP):   proc sort data = combine;
MPRINT(MK_T_S_DISP):   by sortord statord;
MPRINT(MK_T_S_DISP):   run;

NOTE: There were 12 observations read from the data set WORK.COMBINE.
NOTE: SAS sort was used.
NOTE: The data set WORK.COMBINE has 12 observations and 25 variables.
NOTE: PROCEDURE SORT used (Total process time):
      real time           0.00 seconds
      cpu time            0.00 seconds
      

MPRINT(MK_T_S_DISP):   data combine;
MPRINT(MK_T_S_DISP):   set combine;
MPRINT(MK_T_S_DISP):   by sortord statord;
MPRINT(MK_T_S_DISP):   array vls {3} value1 - value3;
MPRINT(MK_T_S_DISP):   valdim = dim(vls) - 1;
MPRINT(MK_T_S_DISP):   if "Y" eq 'O' then do;
MPRINT(MK_T_S_DISP):   if (find(label1, 'Study Completion Status')) then do;
MPRINT(MK_T_S_DISP):   if (find(linlabel, 'Completed Study')) then delete;
MPRINT(MK_T_S_DISP):   end;
MPRINT(MK_T_S_DISP):   end;
MPRINT(MK_T_S_DISP):   if (linlabel eq 'Prematurely Discontinued All Study Drug') and (sortord eq 19) then sortord = sortord - 1;
MPRINT(MK_T_S_DISP):   run;

NOTE: There were 12 observations read from the data set WORK.COMBINE.
NOTE: The data set WORK.COMBINE has 12 observations and 26 variables.
NOTE: DATA statement used (Total process time):
      real time           0.00 seconds
      cpu time            0.01 seconds
      

MPRINT(MK_T_S_DISP):   *************************************************************************;
MPRINT(MK_T_S_DISP):   * Prepare table for output *;
MPRINT(MK_T_S_DISP):   *************************************************************************;
MPRINT(TABPREP):   options missing = ' ';
                                                                    The SAS System

MPRINT(TABPREP):   **Set the value of parameter wantrtf = N in the code regardless of the value in the macro call**;
MPRINT(TABPREP):   options pagesize=48;
MPRINT(TABPREP):   ********************************************;
MPRINT(TABPREP):   *** number of columns per page ***;
MPRINT(TABPREP):   *** = # of trt group +1 (if ocprint) ***;
MPRINT(TABPREP):   *** + number of overall p-values ***;
MPRINT(TABPREP):   *** + number of ci column ***;
MPRINT(TABPREP):   *** + number of p-values for comparison***;
MPRINT(TABPREP):   ********************************************;
MPRINT(TABPREP):  ;
MPRINT(TABPREP):  ;
MPRINT(TABPREP):   ;
MPRINT(TABPREP):   data _null_;
MPRINT(TABPREP):   retain maxstat 0;
MPRINT(TABPREP):  ;
MPRINT(TABPREP):   call symput('statmaxl',trim(left(put(maxstat,5.0))) );
MPRINT(TABPREP):   stop;
MPRINT(TABPREP):   run;

NOTE: DATA statement used (Total process time):
      real time           0.00 seconds
      cpu time            0.00 seconds
      

MPRINT(TABPREP):   *kchan07 20april2015;
MPRINT(TABPREP):   data m_combine;
MPRINT(TABPREP):   set combine;
MPRINT(TABPREP):   run;

NOTE: There were 12 observations read from the data set WORK.COMBINE.
NOTE: The data set WORK.M_COMBINE has 12 observations and 26 variables.
NOTE: DATA statement used (Total process time):
      real time           0.00 seconds
      cpu time            0.00 seconds
      

MPRINT(TABPREP):   data _null_;
MPRINT(TABPREP):   set m_combine end = eof;
MPRINT(TABPREP):   retain maxoc 0;
MPRINT(TABPREP):   if eof then call symput ('maxoc',compress(put(maxoc,best.)));
MPRINT(TABPREP):   run;

NOTE: There were 12 observations read from the data set WORK.M_COMBINE.
NOTE: DATA statement used (Total process time):
      real time           0.00 seconds
      cpu time            0.01 seconds
                                                                    The SAS System

      

MPRINT(TABPREP):   data _null_;
MPRINT(TABPREP):   length linlabel $250 value1 - value3 $40;
MPRINT(TABPREP):   level = .;
MPRINT(TABPREP):   set m_combine end = eof;
MPRINT(TABPREP):   retain maxstat maxbyln 0;
MPRINT(TABPREP):   length _lab_ _lab2_ $250;
MPRINT(TABPREP):   lablines = 0;
MPRINT(TABPREP):   lablines = length(compress("~",'~','k'));
MPRINT(TABPREP):   maxstat=max(maxstat,length(value1) );
MPRINT(TABPREP):   if 0 < level < 1 then maxstat = max(maxstat,length(value1)+2 );
MPRINT(TABPREP):   maxstat=max(maxstat,length(value2) );
MPRINT(TABPREP):   if 0 < level < 1 then maxstat = max(maxstat,length(value2)+2 );
MPRINT(TABPREP):   maxstat=max(maxstat,length(value3) );
MPRINT(TABPREP):   if 0 < level < 1 then maxstat = max(maxstat,length(value3)+2 );
MPRINT(TABPREP):   if ^eof then return;
MPRINT(TABPREP):   _lab_ = trim(put(1,TRTFMT. ));
MPRINT(TABPREP):   if "Y" = "Y" and 1 = 3 then _lab_ = "Total";
MPRINT(TABPREP):   call symput ("_collb1", trim(_lab_) );
MPRINT(TABPREP):   if "" ne " " then _lab_ = trim(_lab_) || "~";
MPRINT(TABPREP):   lines = length(compress('~'||_lab_,'~','k'));
MPRINT(TABPREP):   lablines = max(lablines, lines);
MPRINT(TABPREP):   _lab_ = trim(put(2,TRTFMT. ));
MPRINT(TABPREP):   if "Y" = "Y" and 2 = 3 then _lab_ = "Total";
MPRINT(TABPREP):   call symput ("_collb2", trim(_lab_) );
MPRINT(TABPREP):   if "" ne " " then _lab_ = trim(_lab_) || "~";
MPRINT(TABPREP):   lines = length(compress('~'||_lab_,'~','k'));
MPRINT(TABPREP):   lablines = max(lablines, lines);
MPRINT(TABPREP):   _lab_ = trim(put(3,TRTFMT. ));
MPRINT(TABPREP):   if "Y" = "Y" and 3 = 3 then _lab_ = "Total";
MPRINT(TABPREP):   call symput ("_collb3", trim(_lab_) );
MPRINT(TABPREP):   if "" ne " " then _lab_ = trim(_lab_) || "~";
MPRINT(TABPREP):   lines = length(compress('~'||_lab_,'~','k'));
MPRINT(TABPREP):   lablines = max(lablines, lines);
MPRINT(TABPREP):   call symput ( "colhd" , put(lablines + 2 , 3.0 ) );
MPRINT(TABPREP):   _lab2_ = put(1,TRTFMT.);
MPRINT(TABPREP):   if "" ne " " then _lab_ = trim(_lab_) || "~";
MPRINT(TABPREP):   do j = 1 to 10;
MPRINT(TABPREP):   _lab_ = left(scan(_lab2_,j,'~'));
MPRINT(TABPREP):   maxlen = max(0,maxstat,maxlen,length(trim(_lab_)));
MPRINT(TABPREP):   maxhdr = max(0,maxhdr,length(trim(_lab_)));
MPRINT(TABPREP):   end;
MPRINT(TABPREP):   _lab2_ = put(2,TRTFMT.);
MPRINT(TABPREP):   if "" ne " " then _lab_ = trim(_lab_) || "~";
MPRINT(TABPREP):   do j = 1 to 10;
                                                                    The SAS System

MPRINT(TABPREP):   _lab_ = left(scan(_lab2_,j,'~'));
MPRINT(TABPREP):   maxlen = max(0,maxstat,maxlen,length(trim(_lab_)));
MPRINT(TABPREP):   maxhdr = max(0,maxhdr,length(trim(_lab_)));
MPRINT(TABPREP):   end;
MPRINT(TABPREP):   _lab2_ = put(3,TRTFMT.);
MPRINT(TABPREP):   if "" ne " " then _lab_ = trim(_lab_) || "~";
MPRINT(TABPREP):   do j = 1 to 10;
MPRINT(TABPREP):   _lab_ = left(scan(_lab2_,j,'~'));
MPRINT(TABPREP):   maxlen = max(0,maxstat,maxlen,length(trim(_lab_)));
MPRINT(TABPREP):   maxhdr = max(0,maxhdr,length(trim(_lab_)));
MPRINT(TABPREP):   end;
MPRINT(TABPREP):   call symput('statmaxl',trim(left(put(maxlen,5.0))) );
MPRINT(TABPREP):   call symput('statmaxh',trim(left(put(maxhdr,5.0))) );
MPRINT(TABPREP):   _lab_ = "Number Of Participants";
MPRINT(CNTWRAP):   __ind = 0;
MPRINT(CNTWRAP):   if (__ind<0) then __ind = 0;
MPRINT(CNTWRAP):   length _tmp_ _tmp2_ $250;
MPRINT(CNTWRAP):   _wrap_ = 0;
MPRINT(CNTWRAP):   _fill_ = __ind + 2;
MPRINT(CNTWRAP):   _tmp_ = left(_lab_);
MPRINT(CNTWRAP):   if (__ind>0) then _tmp_ = repeat(' ',__ind-1) || left(_lab_);
MPRINT(CNTWRAP):   if length(_tmp_) > 50 then do;
MPRINT(CNTWRAP):   _startcol = __ind + 1;
MPRINT(CNTWRAP):   _endcol = 50;
MPRINT(CNTWRAP):   _done = 0;
MPRINT(CNTWRAP):   do until(_done);
MPRINT(CNTWRAP):   _lettr1_ = substr(_tmp_,_endcol+1,1);
MPRINT(CNTWRAP):   if( _lettr1_ = " " ) then do;
MPRINT(CNTWRAP):   _splitcol = _endcol+1;
MPRINT(CNTWRAP):   _tmp_ = substr(_tmp_,1,_splitcol-1) || "~" || repeat(" ",_fill_-1) || substr(_tmp_,_splitcol+1);
MPRINT(CNTWRAP):   _wrap_ + 1;
MPRINT(CNTWRAP):   end;
MPRINT(CNTWRAP):   else do;
MPRINT(CNTWRAP):   _gotword = 0;
MPRINT(CNTWRAP):   do _j_ = _endcol to _startcol by -1;
MPRINT(CNTWRAP):   _lettr1_ = substr(_tmp_,_j_,1);
MPRINT(CNTWRAP):   if (_lettr1_ = ' ') then do;
MPRINT(CNTWRAP):   _splitcol = _j_;
MPRINT(CNTWRAP):   _tmp_ = substr(_tmp_,1,_splitcol-1) || "~" || repeat(" ",_fill_-1) || substr(_tmp_,_splitcol+1);
MPRINT(CNTWRAP):   _wrap_ + 1;
MPRINT(CNTWRAP):   _gotword = 1;
MPRINT(CNTWRAP):   _j_ = 0;
MPRINT(CNTWRAP):   end;
MPRINT(CNTWRAP):   end;
MPRINT(CNTWRAP):   if (not(_gotword)) then do;
MPRINT(CNTWRAP):   _splitcol = _endcol+1;
                                                                    The SAS System

MPRINT(CNTWRAP):   _tmp_ = substr(_tmp_,1,_splitcol-1) || "~" || repeat(" ",_fill_-1) || substr(_tmp_,_splitcol);
MPRINT(CNTWRAP):   _wrap_ + 1;
MPRINT(CNTWRAP):   end;
MPRINT(CNTWRAP):   end;
MPRINT(CNTWRAP):   _startcol = _splitcol + _fill_ + 1;
MPRINT(CNTWRAP):   _endcol = _splitcol + 50;
MPRINT(CNTWRAP):   if (_endcol ge 250) or (length(substr(_tmp_,_splitcol+1)) le 50) then _done = 1;
MPRINT(CNTWRAP):   end;
MPRINT(CNTWRAP):   if _splitcol then do;
MPRINT(CNTWRAP):   _tmp2_ = substr(_tmp_,_splitcol+1);
MPRINT(CNTWRAP):   if (length(_tmp2_)=50) then do;
MPRINT(CNTWRAP):   _gotword = 0;
MPRINT(CNTWRAP):   do _j_ = 50 to _fill_+1 by -1;
MPRINT(CNTWRAP):   _lettr1_ = substr(_tmp2_,_j_,1);
MPRINT(CNTWRAP):   if (_lettr1_ = ' ') then do;
MPRINT(CNTWRAP):   _tmp2_ = substr(_tmp2_,1,_j_-1) || "~" || repeat(" ",_fill_-1) || substr(_tmp2_,_j_);
MPRINT(CNTWRAP):   _wrap_ + 1;
MPRINT(CNTWRAP):   _gotword = 1;
MPRINT(CNTWRAP):   _j_ = 0;
MPRINT(CNTWRAP):   end;
MPRINT(CNTWRAP):   end;
MPRINT(CNTWRAP):   if (not(_gotword)) then do;
MPRINT(CNTWRAP):   _j_ = 50-1;
MPRINT(CNTWRAP):   _tmp2_ = substr(_tmp2_,1,_j_-1) || "~" || repeat(" ",_fill_-1) || substr(_tmp2_,_j_);
MPRINT(CNTWRAP):   _wrap_ + 1;
MPRINT(CNTWRAP):   end;
MPRINT(CNTWRAP):   _tmp_ = substr(_tmp_,1,_splitcol)||_tmp2_;
MPRINT(CNTWRAP):   end;
MPRINT(CNTWRAP):   else _tmp_ = substr(_tmp_,1,_splitcol)||" "||substr(_tmp_,_splitcol+1);
MPRINT(CNTWRAP):   end;
MPRINT(CNTWRAP):   end;
MPRINT(CNTWRAP):   _tmp_ = _tmp_;
MPRINT(TABPREP):  ;
MPRINT(TABPREP):   texthd = 2 + _wrap_;
MPRINT(TABPREP):   if "N" = "Y" then do;
MPRINT(TABPREP):   _lab_ = "Number Of Participants With Any Event";
MPRINT(CNTWRAP):   __ind = 0;
MPRINT(CNTWRAP):   if (__ind<0) then __ind = 0;
MPRINT(CNTWRAP):   length _tmp_ _tmp2_ $250;
MPRINT(CNTWRAP):   _wrap_ = 0;
MPRINT(CNTWRAP):   _fill_ = __ind + 2;
MPRINT(CNTWRAP):   _tmp_ = left(_lab_);
MPRINT(CNTWRAP):   if (__ind>0) then _tmp_ = repeat(' ',__ind-1) || left(_lab_);
MPRINT(CNTWRAP):   if length(_tmp_) > 50 then do;
MPRINT(CNTWRAP):   _startcol = __ind + 1;
MPRINT(CNTWRAP):   _endcol = 50;
                                                                    The SAS System

MPRINT(CNTWRAP):   _done = 0;
MPRINT(CNTWRAP):   do until(_done);
MPRINT(CNTWRAP):   _lettr1_ = substr(_tmp_,_endcol+1,1);
MPRINT(CNTWRAP):   if( _lettr1_ = " " ) then do;
MPRINT(CNTWRAP):   _splitcol = _endcol+1;
MPRINT(CNTWRAP):   _tmp_ = substr(_tmp_,1,_splitcol-1) || "~" || repeat(" ",_fill_-1) || substr(_tmp_,_splitcol+1);
MPRINT(CNTWRAP):   _wrap_ + 1;
MPRINT(CNTWRAP):   end;
MPRINT(CNTWRAP):   else do;
MPRINT(CNTWRAP):   _gotword = 0;
MPRINT(CNTWRAP):   do _j_ = _endcol to _startcol by -1;
MPRINT(CNTWRAP):   _lettr1_ = substr(_tmp_,_j_,1);
MPRINT(CNTWRAP):   if (_lettr1_ = ' ') then do;
MPRINT(CNTWRAP):   _splitcol = _j_;
MPRINT(CNTWRAP):   _tmp_ = substr(_tmp_,1,_splitcol-1) || "~" || repeat(" ",_fill_-1) || substr(_tmp_,_splitcol+1);
MPRINT(CNTWRAP):   _wrap_ + 1;
MPRINT(CNTWRAP):   _gotword = 1;
MPRINT(CNTWRAP):   _j_ = 0;
MPRINT(CNTWRAP):   end;
MPRINT(CNTWRAP):   end;
MPRINT(CNTWRAP):   if (not(_gotword)) then do;
MPRINT(CNTWRAP):   _splitcol = _endcol+1;
MPRINT(CNTWRAP):   _tmp_ = substr(_tmp_,1,_splitcol-1) || "~" || repeat(" ",_fill_-1) || substr(_tmp_,_splitcol);
MPRINT(CNTWRAP):   _wrap_ + 1;
MPRINT(CNTWRAP):   end;
MPRINT(CNTWRAP):   end;
MPRINT(CNTWRAP):   _startcol = _splitcol + _fill_ + 1;
MPRINT(CNTWRAP):   _endcol = _splitcol + 50;
MPRINT(CNTWRAP):   if (_endcol ge 250) or (length(substr(_tmp_,_splitcol+1)) le 50) then _done = 1;
MPRINT(CNTWRAP):   end;
MPRINT(CNTWRAP):   if _splitcol then do;
MPRINT(CNTWRAP):   _tmp2_ = substr(_tmp_,_splitcol+1);
MPRINT(CNTWRAP):   if (length(_tmp2_)=50) then do;
MPRINT(CNTWRAP):   _gotword = 0;
MPRINT(CNTWRAP):   do _j_ = 50 to _fill_+1 by -1;
MPRINT(CNTWRAP):   _lettr1_ = substr(_tmp2_,_j_,1);
MPRINT(CNTWRAP):   if (_lettr1_ = ' ') then do;
MPRINT(CNTWRAP):   _tmp2_ = substr(_tmp2_,1,_j_-1) || "~" || repeat(" ",_fill_-1) || substr(_tmp2_,_j_);
MPRINT(CNTWRAP):   _wrap_ + 1;
MPRINT(CNTWRAP):   _gotword = 1;
MPRINT(CNTWRAP):   _j_ = 0;
MPRINT(CNTWRAP):   end;
MPRINT(CNTWRAP):   end;
MPRINT(CNTWRAP):   if (not(_gotword)) then do;
MPRINT(CNTWRAP):   _j_ = 50-1;
MPRINT(CNTWRAP):   _tmp2_ = substr(_tmp2_,1,_j_-1) || "~" || repeat(" ",_fill_-1) || substr(_tmp2_,_j_);
                                                                    The SAS System

MPRINT(CNTWRAP):   _wrap_ + 1;
MPRINT(CNTWRAP):   end;
MPRINT(CNTWRAP):   _tmp_ = substr(_tmp_,1,_splitcol)||_tmp2_;
MPRINT(CNTWRAP):   end;
MPRINT(CNTWRAP):   else _tmp_ = substr(_tmp_,1,_splitcol)||" "||substr(_tmp_,_splitcol+1);
MPRINT(CNTWRAP):   end;
MPRINT(CNTWRAP):   end;
MPRINT(CNTWRAP):   _tmp_ = _tmp_;
MPRINT(TABPREP):  ;
MPRINT(TABPREP):   texthd = texthd + _wrap_ + 1;
MPRINT(TABPREP):   end;
MPRINT(TABPREP):   call symput("texthd",compress(put(texthd,best.)));
MPRINT(TABPREP):   run;

NOTE: There were 12 observations read from the data set WORK.M_COMBINE.
NOTE: DATA statement used (Total process time):
      real time           0.02 seconds
      cpu time            0.01 seconds
      

MPRINT(TABPREP):   *--------------------------------------------------------------------------;
MPRINT(TABPREP):   * Set macro vars to control spacing ;
MPRINT(TABPREP):   *--------------------------------------------------------------------------;
MPRINT(TABPREP):   *--------------------------------------------------------------------------;
MPRINT(TABPREP):   * Sort stats file in order needed for report ;
MPRINT(TABPREP):   *--------------------------------------------------------------------------;
MPRINT(TABPREP):   proc sort data=m_combine equals;
MPRINT(TABPREP):   by sortord statord statord1 dct01rs;
MPRINT(TABPREP):   where linlabel ne ' ';
MPRINT(TABPREP):   run;

NOTE: There were 12 observations read from the data set WORK.M_COMBINE.
      WHERE linlabel not = ' ';
NOTE: SAS sort was used.
NOTE: The data set WORK.M_COMBINE has 12 observations and 26 variables.
NOTE: PROCEDURE SORT used (Total process time):
      real time           0.00 seconds
      cpu time            0.00 seconds
      

MPRINT(TABPREP):   **** COPIED THIS CODE FROM TABDRPT....saw...03Nov2010...ticket #1684 *****;
MPRINT(TABPREP):   ***--- number of columns to be printed in the report VK 23SEP2007 ---***;
MPRINT(TABPREP):   ***--- check number of columns to print as specified in showallcol option in tabdesc call ---***;
MPRINT(TABPREP):   ***--- Start ---***;
MPRINT(TABPREP):   ***--- VK 31MAY2007---***;
MPRINT(TABPREP):   ***--- End ---***;
                                                                    The SAS System

MPRINT(TABPREP):   ***--- VK 31MAY2007---***;
MPRINT(TABPREP):   data m_combine;
MPRINT(TABPREP):   set m_combine;
MPRINT(TABPREP):   **** MOVED THIS CODE FROM TABDRPT....saw...23Sep2010...ticket #1684 *****;
MPRINT(TABPREP):   label value1= "Drug A";
MPRINT(TABPREP):   label value2= "Drug B";
MPRINT(TABPREP):   label value3= "Total";
MPRINT(TABPREP):   run;

NOTE: There were 12 observations read from the data set WORK.M_COMBINE.
NOTE: The data set WORK.M_COMBINE has 12 observations and 26 variables.
NOTE: DATA statement used (Total process time):
      real time           0.00 seconds
      cpu time            0.00 seconds
      

MPRINT(TABPREP):   *--------------------------------------------------------------------------;
MPRINT(TABPREP):   * For patient counts, add extra lines for labelling if not all levels of ;
MPRINT(TABPREP):   * stats were generated ;
MPRINT(TABPREP):   *--------------------------------------------------------------------------;
MPRINT(TABPREP):   *--------------------------------------------------------------------------;
MPRINT(TABPREP):   * Count lines needed - determine where page breaks will happen ;
MPRINT(TABPREP):   *--------------------------------------------------------------------------;
MPRINT(TABPREP):   proc sort data=m_combine;
MPRINT(TABPREP):   by sortord;
MPRINT(TABPREP):   run;

NOTE: There were 12 observations read from the data set WORK.M_COMBINE.
NOTE: SAS sort was used.
NOTE: The data set WORK.M_COMBINE has 12 observations and 26 variables.
NOTE: PROCEDURE SORT used (Total process time):
      real time           0.00 seconds
      cpu time            0.00 seconds
      

MPRINT(TABPREP):   data ctlines(keep= sortord nolines);
MPRINT(TABPREP):   level = .;
MPRINT(TABPREP):   set m_combine;
MPRINT(TABPREP):   by sortord;
MPRINT(TABPREP):   retain nolines types;
MPRINT(TABPREP):   if first.sortord then types = type;
MPRINT(TABPREP):   if first.sortord then nolines = 1;
MPRINT(TABPREP):   ind = 3;
MPRINT(TABPREP):   if level ne . then ind = level * 3;
MPRINT(CNTWRAP):   __ind = ind;
MPRINT(CNTWRAP):   if (__ind<0) then __ind = 0;
                                                                    The SAS System

MPRINT(CNTWRAP):   length _tmp_ _tmp2_ $250;
MPRINT(CNTWRAP):   _wrap_ = 0;
MPRINT(CNTWRAP):   _fill_ = __ind + 2;
MPRINT(CNTWRAP):   _tmp_ = left(linlabel);
MPRINT(CNTWRAP):   if (__ind>0) then _tmp_ = repeat(' ',__ind-1) || left(linlabel);
MPRINT(CNTWRAP):   if length(_tmp_) > 50 then do;
MPRINT(CNTWRAP):   _startcol = __ind + 1;
MPRINT(CNTWRAP):   _endcol = 50;
MPRINT(CNTWRAP):   _done = 0;
MPRINT(CNTWRAP):   do until(_done);
MPRINT(CNTWRAP):   _lettr1_ = substr(_tmp_,_endcol+1,1);
MPRINT(CNTWRAP):   if( _lettr1_ = " " ) then do;
MPRINT(CNTWRAP):   _splitcol = _endcol+1;
MPRINT(CNTWRAP):   _tmp_ = substr(_tmp_,1,_splitcol-1) || "~" || repeat(" ",_fill_-1) || substr(_tmp_,_splitcol+1);
MPRINT(CNTWRAP):   _wrap_ + 1;
MPRINT(CNTWRAP):   end;
MPRINT(CNTWRAP):   else do;
MPRINT(CNTWRAP):   _gotword = 0;
MPRINT(CNTWRAP):   do _j_ = _endcol to _startcol by -1;
MPRINT(CNTWRAP):   _lettr1_ = substr(_tmp_,_j_,1);
MPRINT(CNTWRAP):   if (_lettr1_ = ' ') then do;
MPRINT(CNTWRAP):   _splitcol = _j_;
MPRINT(CNTWRAP):   _tmp_ = substr(_tmp_,1,_splitcol-1) || "~" || repeat(" ",_fill_-1) || substr(_tmp_,_splitcol+1);
MPRINT(CNTWRAP):   _wrap_ + 1;
MPRINT(CNTWRAP):   _gotword = 1;
MPRINT(CNTWRAP):   _j_ = 0;
MPRINT(CNTWRAP):   end;
MPRINT(CNTWRAP):   end;
MPRINT(CNTWRAP):   if (not(_gotword)) then do;
MPRINT(CNTWRAP):   _splitcol = _endcol+1;
MPRINT(CNTWRAP):   _tmp_ = substr(_tmp_,1,_splitcol-1) || "~" || repeat(" ",_fill_-1) || substr(_tmp_,_splitcol);
MPRINT(CNTWRAP):   _wrap_ + 1;
MPRINT(CNTWRAP):   end;
MPRINT(CNTWRAP):   end;
MPRINT(CNTWRAP):   _startcol = _splitcol + _fill_ + 1;
MPRINT(CNTWRAP):   _endcol = _splitcol + 50;
MPRINT(CNTWRAP):   if (_endcol ge 250) or (length(substr(_tmp_,_splitcol+1)) le 50) then _done = 1;
MPRINT(CNTWRAP):   end;
MPRINT(CNTWRAP):   if _splitcol then do;
MPRINT(CNTWRAP):   _tmp2_ = substr(_tmp_,_splitcol+1);
MPRINT(CNTWRAP):   if (length(_tmp2_)=50) then do;
MPRINT(CNTWRAP):   _gotword = 0;
MPRINT(CNTWRAP):   do _j_ = 50 to _fill_+1 by -1;
MPRINT(CNTWRAP):   _lettr1_ = substr(_tmp2_,_j_,1);
MPRINT(CNTWRAP):   if (_lettr1_ = ' ') then do;
MPRINT(CNTWRAP):   _tmp2_ = substr(_tmp2_,1,_j_-1) || "~" || repeat(" ",_fill_-1) || substr(_tmp2_,_j_);
                                                                    The SAS System

MPRINT(CNTWRAP):   _wrap_ + 1;
MPRINT(CNTWRAP):   _gotword = 1;
MPRINT(CNTWRAP):   _j_ = 0;
MPRINT(CNTWRAP):   end;
MPRINT(CNTWRAP):   end;
MPRINT(CNTWRAP):   if (not(_gotword)) then do;
MPRINT(CNTWRAP):   _j_ = 50-1;
MPRINT(CNTWRAP):   _tmp2_ = substr(_tmp2_,1,_j_-1) || "~" || repeat(" ",_fill_-1) || substr(_tmp2_,_j_);
MPRINT(CNTWRAP):   _wrap_ + 1;
MPRINT(CNTWRAP):   end;
MPRINT(CNTWRAP):   _tmp_ = substr(_tmp_,1,_splitcol)||_tmp2_;
MPRINT(CNTWRAP):   end;
MPRINT(CNTWRAP):   else _tmp_ = substr(_tmp_,1,_splitcol)||" "||substr(_tmp_,_splitcol+1);
MPRINT(CNTWRAP):   end;
MPRINT(CNTWRAP):   end;
MPRINT(CNTWRAP):   _tmp_ = _tmp_;
MPRINT(TABPREP):  ;
MPRINT(TABPREP):   nolines=nolines + 1 + _wrap_;
MPRINT(TABPREP):   if last.sortord then do;
MPRINT(TABPREP):   if types ne type then nolines+1;
MPRINT(TABPREP):   output;
MPRINT(TABPREP):   end;
MPRINT(TABPREP):   run;

NOTE: There were 12 observations read from the data set WORK.M_COMBINE.
NOTE: The data set WORK.CTLINES has 8 observations and 2 variables.
NOTE: DATA statement used (Total process time):
      real time           0.00 seconds
      cpu time            0.01 seconds
      

MPRINT(TABPREP):   data summary;
MPRINT(TABPREP):   length linlabel $250 value1 - value3 $40;
MPRINT(TABPREP):   merge m_combine ctlines;
MPRINT(TABPREP):   by sortord;
MPRINT(TABPREP):   run;

NOTE: There were 12 observations read from the data set WORK.M_COMBINE.
NOTE: There were 8 observations read from the data set WORK.CTLINES.
NOTE: The data set WORK.SUMMARY has 12 observations and 27 variables.
NOTE: DATA statement used (Total process time):
      real time           0.00 seconds
      cpu time            0.00 seconds
      

MPRINT(TNFSET):   filename _tnftmp temp;
                                                                    The SAS System

MPRINT(TNFSET):   data _null_;
MPRINT(TNFSET):   file _tnftmp lrecl=1000 recfm=v;
MPRINT(TNFSET):   infile "../tools/tnf.inc" lrecl=1000 pad;
MPRINT(TNFSET):   length testtext $ 40;
MPRINT(TNFSET):   input @1 text $1000.;
MPRINT(TNFSET):   testtext = scan(text,1," ");
MPRINT(TNFSET):   if testtext = "/*";
MPRINT(TNFSET):   testtext = scan(text,2," ");
MPRINT(TNFSET):   if upcase(testtext) in ("T-S-DISP" , "DEFAULT");
MPRINT(TNFSET):   testtext = scan(text,3," ");
MPRINT(TNFSET):   if testtext =: "*/";
MPRINT(TNFSET):   put text;
MPRINT(TNFSET):   run;

NOTE: The file _TNFTMP is:
      Filename=/saswork/SAS_workEC7F002065B7_sjgsasappprdg10/#LN00078,
      Owner Name=cpearson1,
      Group Name=NA\domain^users,
      Access Permission=-rw--w-rw-,
      Last Modified=30Aug2026:15:40:39

NOTE: The infile "../tools/tnf.inc" is:
      Filename=/biometrics/gsi_stds/dss_2026/s0000000/final/draft1/tools/tnf.inc,
      Owner Name=cpearson1,
      Group Name=NA\domain^users,
      Access Permission=-rwxrwxrwx,
      Last Modified=30Aug2026:15:39:33,
      File Size (bytes)=10383

NOTE: 6 records were written to the file _TNFTMP.
      The minimum record length was 56.
      The maximum record length was 147.
NOTE: 109 records were read from the infile "../tools/tnf.inc".
      The minimum record length was 0.
      The maximum record length was 187.
NOTE: DATA statement used (Total process time):
      real time           0.02 seconds
      cpu time            0.02 seconds
      

NOTE: %INCLUDE (level 2) file _TNFTMP is file /saswork/SAS_workEC7F002065B7_sjgsasappprdg10/#LN00078.
2533      +/* default       */ %let ttl1 = NO ASSIGNED TITLE FOR JOB &titlekey;
2534      +/* t-s-disp */ %let ttl1 = %str(Table 15.8.1.3.1.2: Participant Disposition);
2535      +/* t-s-disp */ %let ttl2 = %str(All Screened Participants);
2536      +/* t-s-disp */ %let ttl3 = %str(STARS Generated Output);
2537      +/* t-s-disp */ %let fnl1 = %str(Percentages for completion status were calculated based on the number of participants in the Safety
                                                                    The SAS System

2537     !+Analysis Set.);
2538      +/* t-s-disp */ %let fnl2 = %str(Source: Listing 16.2.1.3.1);
NOTE: %INCLUDE (level 2) ending.
NOTE: %INCLUDE (level 1) resuming.
MPRINT(TNFSET):   filename _tnftmp clear;
NOTE: Fileref _TNFTMP has been deassigned.
MPRINT(TNFSET):   title1 j=r "                                                                                                                        
         Gilead Sciences, Inc.";
MPRINT(TNFSET):   title2 j=r "                                                                                                                        
          Study GS-US-000-0000";
MPRINT(TNFSET):   title3 j=c "                                                     Table 15.8.1.3.1.2: Participant Disposition                        
                              ";
MPRINT(TNFSET):   title4 j=c "                                                              All Screened Participants                                 
                              ";
MPRINT(TNFSET):   title5 j=c "                                                                STARS Generated Output                                  
                              ";
MPRINT(TNFSET):   footnote1 j=l "Percentages for completion status were calculated based on the number of participants in the Safety Analysis Set.    
                                 ";
MPRINT(TNFSET):   footnote2 j=l "Source: Listing 16.2.1.3.1                                                                                           
                                 ";
MPRINT(TNFSET):   footnote4 j=l "Data Extracted: ddmmmyyyy                                                                                            
                                 ";
MPRINT(TNFSET):   footnote5 j=l "Source: .../final/draft1/prog/t-s-disp.sas v9.4  Output file: t-s-disp.pdf 30AUG2026:15:40                           
                  PAGE XX OF YYY ";
MPRINT(TABPREP):  ;
MPRINT(TABPREP):   data summary summary2 (keep = sortord linlabel type pageno level _l_ ) hdpage (keep = pageno ) bypage (keep = begpg pageno);
MPRINT(TABPREP):   _newpage = 0;
MPRINT(TABPREP):   length label1 label2 label3 $250;
MPRINT(TABPREP):   label1 = " ";
MPRINT(TABPREP):   label2 = " ";
MPRINT(TABPREP):   label3 = " ";
MPRINT(TABPREP):   level = .;
MPRINT(TABPREP):   set summary end = eof;
MPRINT(TABPREP):   by sortord;
MPRINT(TABPREP):   retain begpg 1;
MPRINT(TABPREP):   retain _l_ 48 pageno 0;
MPRINT(TABPREP):   if (label1=' ') then grphdr = 0;
MPRINT(TABPREP):   else grphdr =1;
MPRINT(TABPREP):   length dummy $250;
MPRINT(TABPREP):   dummy = trim(label1) || " " || trim(label2);
MPRINT(CNTWRAP):   __ind = ind;
MPRINT(CNTWRAP):   if (__ind<0) then __ind = 0;
MPRINT(CNTWRAP):   length _tmp_ _tmp2_ $250;
MPRINT(CNTWRAP):   _wrap_ = 0;
MPRINT(CNTWRAP):   _fill_ = __ind + 2;
MPRINT(CNTWRAP):   _tmp_ = left(dummy);
                                                                    The SAS System

MPRINT(CNTWRAP):   if (__ind>0) then _tmp_ = repeat(' ',__ind-1) || left(dummy);
MPRINT(CNTWRAP):   if length(_tmp_) > 50 then do;
MPRINT(CNTWRAP):   _startcol = __ind + 1;
MPRINT(CNTWRAP):   _endcol = 50;
MPRINT(CNTWRAP):   _done = 0;
MPRINT(CNTWRAP):   do until(_done);
MPRINT(CNTWRAP):   _lettr1_ = substr(_tmp_,_endcol+1,1);
MPRINT(CNTWRAP):   if( _lettr1_ = " " ) then do;
MPRINT(CNTWRAP):   _splitcol = _endcol+1;
MPRINT(CNTWRAP):   _tmp_ = substr(_tmp_,1,_splitcol-1) || "~" || repeat(" ",_fill_-1) || substr(_tmp_,_splitcol+1);
MPRINT(CNTWRAP):   _wrap_ + 1;
MPRINT(CNTWRAP):   end;
MPRINT(CNTWRAP):   else do;
MPRINT(CNTWRAP):   _gotword = 0;
MPRINT(CNTWRAP):   do _j_ = _endcol to _startcol by -1;
MPRINT(CNTWRAP):   _lettr1_ = substr(_tmp_,_j_,1);
MPRINT(CNTWRAP):   if (_lettr1_ = ' ') then do;
MPRINT(CNTWRAP):   _splitcol = _j_;
MPRINT(CNTWRAP):   _tmp_ = substr(_tmp_,1,_splitcol-1) || "~" || repeat(" ",_fill_-1) || substr(_tmp_,_splitcol+1);
MPRINT(CNTWRAP):   _wrap_ + 1;
MPRINT(CNTWRAP):   _gotword = 1;
MPRINT(CNTWRAP):   _j_ = 0;
MPRINT(CNTWRAP):   end;
MPRINT(CNTWRAP):   end;
MPRINT(CNTWRAP):   if (not(_gotword)) then do;
MPRINT(CNTWRAP):   _splitcol = _endcol+1;
MPRINT(CNTWRAP):   _tmp_ = substr(_tmp_,1,_splitcol-1) || "~" || repeat(" ",_fill_-1) || substr(_tmp_,_splitcol);
MPRINT(CNTWRAP):   _wrap_ + 1;
MPRINT(CNTWRAP):   end;
MPRINT(CNTWRAP):   end;
MPRINT(CNTWRAP):   _startcol = _splitcol + _fill_ + 1;
MPRINT(CNTWRAP):   _endcol = _splitcol + 50;
MPRINT(CNTWRAP):   if (_endcol ge 250) or (length(substr(_tmp_,_splitcol+1)) le 50) then _done = 1;
MPRINT(CNTWRAP):   end;
MPRINT(CNTWRAP):   if _splitcol then do;
MPRINT(CNTWRAP):   _tmp2_ = substr(_tmp_,_splitcol+1);
MPRINT(CNTWRAP):   if (length(_tmp2_)=50) then do;
MPRINT(CNTWRAP):   _gotword = 0;
MPRINT(CNTWRAP):   do _j_ = 50 to _fill_+1 by -1;
MPRINT(CNTWRAP):   _lettr1_ = substr(_tmp2_,_j_,1);
MPRINT(CNTWRAP):   if (_lettr1_ = ' ') then do;
MPRINT(CNTWRAP):   _tmp2_ = substr(_tmp2_,1,_j_-1) || "~" || repeat(" ",_fill_-1) || substr(_tmp2_,_j_);
MPRINT(CNTWRAP):   _wrap_ + 1;
MPRINT(CNTWRAP):   _gotword = 1;
MPRINT(CNTWRAP):   _j_ = 0;
MPRINT(CNTWRAP):   end;
                                                                    The SAS System

MPRINT(CNTWRAP):   end;
MPRINT(CNTWRAP):   if (not(_gotword)) then do;
MPRINT(CNTWRAP):   _j_ = 50-1;
MPRINT(CNTWRAP):   _tmp2_ = substr(_tmp2_,1,_j_-1) || "~" || repeat(" ",_fill_-1) || substr(_tmp2_,_j_);
MPRINT(CNTWRAP):   _wrap_ + 1;
MPRINT(CNTWRAP):   end;
MPRINT(CNTWRAP):   _tmp_ = substr(_tmp_,1,_splitcol)||_tmp2_;
MPRINT(CNTWRAP):   end;
MPRINT(CNTWRAP):   else _tmp_ = substr(_tmp_,1,_splitcol)||" "||substr(_tmp_,_splitcol+1);
MPRINT(CNTWRAP):   end;
MPRINT(CNTWRAP):   end;
MPRINT(CNTWRAP):   _tmp_ = _tmp_;
MPRINT(TABPREP):  ;
MPRINT(TABPREP):   grphdr = grphdr + _wrap_;
MPRINT(TABPREP):   if level > 0 then do;
MPRINT(TABPREP):   grphdr = grphdr + level;
MPRINT(TABPREP):   if first.sortord then grphdr = grphdr - 1;
MPRINT(TABPREP):   end;
MPRINT(TABPREP):   ind = 3;
MPRINT(TABPREP):   if level ne . then ind = level * 3;
MPRINT(CNTWRAP):   __ind = ind;
MPRINT(CNTWRAP):   if (__ind<0) then __ind = 0;
MPRINT(CNTWRAP):   length _tmp_ _tmp2_ $250;
MPRINT(CNTWRAP):   _wrap_ = 0;
MPRINT(CNTWRAP):   _fill_ = __ind + 2;
MPRINT(CNTWRAP):   _tmp_ = left(linlabel);
MPRINT(CNTWRAP):   if (__ind>0) then _tmp_ = repeat(' ',__ind-1) || left(linlabel);
MPRINT(CNTWRAP):   if length(_tmp_) > 50 then do;
MPRINT(CNTWRAP):   _startcol = __ind + 1;
MPRINT(CNTWRAP):   _endcol = 50;
MPRINT(CNTWRAP):   _done = 0;
MPRINT(CNTWRAP):   do until(_done);
MPRINT(CNTWRAP):   _lettr1_ = substr(_tmp_,_endcol+1,1);
MPRINT(CNTWRAP):   if( _lettr1_ = " " ) then do;
MPRINT(CNTWRAP):   _splitcol = _endcol+1;
MPRINT(CNTWRAP):   _tmp_ = substr(_tmp_,1,_splitcol-1) || "~" || repeat(" ",_fill_-1) || substr(_tmp_,_splitcol+1);
MPRINT(CNTWRAP):   _wrap_ + 1;
MPRINT(CNTWRAP):   end;
MPRINT(CNTWRAP):   else do;
MPRINT(CNTWRAP):   _gotword = 0;
MPRINT(CNTWRAP):   do _j_ = _endcol to _startcol by -1;
MPRINT(CNTWRAP):   _lettr1_ = substr(_tmp_,_j_,1);
MPRINT(CNTWRAP):   if (_lettr1_ = ' ') then do;
MPRINT(CNTWRAP):   _splitcol = _j_;
MPRINT(CNTWRAP):   _tmp_ = substr(_tmp_,1,_splitcol-1) || "~" || repeat(" ",_fill_-1) || substr(_tmp_,_splitcol+1);
MPRINT(CNTWRAP):   _wrap_ + 1;
                                                                    The SAS System

MPRINT(CNTWRAP):   _gotword = 1;
MPRINT(CNTWRAP):   _j_ = 0;
MPRINT(CNTWRAP):   end;
MPRINT(CNTWRAP):   end;
MPRINT(CNTWRAP):   if (not(_gotword)) then do;
MPRINT(CNTWRAP):   _splitcol = _endcol+1;
MPRINT(CNTWRAP):   _tmp_ = substr(_tmp_,1,_splitcol-1) || "~" || repeat(" ",_fill_-1) || substr(_tmp_,_splitcol);
MPRINT(CNTWRAP):   _wrap_ + 1;
MPRINT(CNTWRAP):   end;
MPRINT(CNTWRAP):   end;
MPRINT(CNTWRAP):   _startcol = _splitcol + _fill_ + 1;
MPRINT(CNTWRAP):   _endcol = _splitcol + 50;
MPRINT(CNTWRAP):   if (_endcol ge 250) or (length(substr(_tmp_,_splitcol+1)) le 50) then _done = 1;
MPRINT(CNTWRAP):   end;
MPRINT(CNTWRAP):   if _splitcol then do;
MPRINT(CNTWRAP):   _tmp2_ = substr(_tmp_,_splitcol+1);
MPRINT(CNTWRAP):   if (length(_tmp2_)=50) then do;
MPRINT(CNTWRAP):   _gotword = 0;
MPRINT(CNTWRAP):   do _j_ = 50 to _fill_+1 by -1;
MPRINT(CNTWRAP):   _lettr1_ = substr(_tmp2_,_j_,1);
MPRINT(CNTWRAP):   if (_lettr1_ = ' ') then do;
MPRINT(CNTWRAP):   _tmp2_ = substr(_tmp2_,1,_j_-1) || "~" || repeat(" ",_fill_-1) || substr(_tmp2_,_j_);
MPRINT(CNTWRAP):   _wrap_ + 1;
MPRINT(CNTWRAP):   _gotword = 1;
MPRINT(CNTWRAP):   _j_ = 0;
MPRINT(CNTWRAP):   end;
MPRINT(CNTWRAP):   end;
MPRINT(CNTWRAP):   if (not(_gotword)) then do;
MPRINT(CNTWRAP):   _j_ = 50-1;
MPRINT(CNTWRAP):   _tmp2_ = substr(_tmp2_,1,_j_-1) || "~" || repeat(" ",_fill_-1) || substr(_tmp2_,_j_);
MPRINT(CNTWRAP):   _wrap_ + 1;
MPRINT(CNTWRAP):   end;
MPRINT(CNTWRAP):   _tmp_ = substr(_tmp_,1,_splitcol)||_tmp2_;
MPRINT(CNTWRAP):   end;
MPRINT(CNTWRAP):   else _tmp_ = substr(_tmp_,1,_splitcol)||" "||substr(_tmp_,_splitcol+1);
MPRINT(CNTWRAP):   end;
MPRINT(CNTWRAP):   end;
MPRINT(CNTWRAP):   linlabel = _tmp_;
MPRINT(TABPREP):  ;
MPRINT(TABPREP):   _add_ = 1 + _wrap_;
MPRINT(TABPREP):   if first.sortord then _add_ + 1;
MPRINT(TABPREP):   _l_ + _add_;
MPRINT(TABPREP):   if (first.sortord) then _l_ + grphdr;
MPRINT(TABPREP):   if ( (first.sortord) and ( _l_ + nolines - grphdr) >= 43 and nolines < (43 - 11 - grphdr) and _l_ > (((43 - 11 ) * 0.75)+11) ) or 
( _l_ >= 43 ) or ( _newpage ) then do;
MPRINT(TABPREP):   first = 1;
                                                                    The SAS System

MPRINT(TABPREP):   pageno + 1;
MPRINT(TABPREP):   _l_ = 11 + grphdr + _add_ + (0>0);
MPRINT(TABPREP):   end;
MPRINT(TABPREP):   if ^first.sortord and type in ('CAT','CONT') then do;
MPRINT(TABPREP):   pval1 = .;
MPRINT(TABPREP):   pval2 = .;
MPRINT(TABPREP):   pvalc1 = '';
MPRINT(TABPREP):   pvalc2 = '';
MPRINT(TABPREP):   ** only set ocharc&__I to missing when risk ratio is not being calc **;
MPRINT(TABPREP):   ** if risk ratio is being calc, then will have same sortord in output **;
MPRINT(TABPREP):   ** and this code will end up setting rr info to missing **;
MPRINT(TABPREP):   end;
MPRINT(TABPREP):   * _end_l_ = _l_;
MPRINT(TABPREP):   output summary;
MPRINT(TABPREP):   if (first or (first.sortord)) then do;
MPRINT(TABPREP):   __otype = type;
MPRINT(TABPREP):   statord = ' ';
MPRINT(TABPREP):   linlabel = ( trim(label1) || " " || trim(label2) );
MPRINT(CNTWRAP):   __ind = 0;
MPRINT(CNTWRAP):   if (__ind<0) then __ind = 0;
MPRINT(CNTWRAP):   length _tmp_ _tmp2_ $250;
MPRINT(CNTWRAP):   _wrap_ = 0;
MPRINT(CNTWRAP):   _fill_ = __ind + 2;
MPRINT(CNTWRAP):   _tmp_ = left(linlabel);
MPRINT(CNTWRAP):   if (__ind>0) then _tmp_ = repeat(' ',__ind-1) || left(linlabel);
MPRINT(CNTWRAP):   if length(_tmp_) > 50 then do;
MPRINT(CNTWRAP):   _startcol = __ind + 1;
MPRINT(CNTWRAP):   _endcol = 50;
MPRINT(CNTWRAP):   _done = 0;
MPRINT(CNTWRAP):   do until(_done);
MPRINT(CNTWRAP):   _lettr1_ = substr(_tmp_,_endcol+1,1);
MPRINT(CNTWRAP):   if( _lettr1_ = " " ) then do;
MPRINT(CNTWRAP):   _splitcol = _endcol+1;
MPRINT(CNTWRAP):   _tmp_ = substr(_tmp_,1,_splitcol-1) || "~" || repeat(" ",_fill_-1) || substr(_tmp_,_splitcol+1);
MPRINT(CNTWRAP):   _wrap_ + 1;
MPRINT(CNTWRAP):   end;
MPRINT(CNTWRAP):   else do;
MPRINT(CNTWRAP):   _gotword = 0;
MPRINT(CNTWRAP):   do _j_ = _endcol to _startcol by -1;
MPRINT(CNTWRAP):   _lettr1_ = substr(_tmp_,_j_,1);
MPRINT(CNTWRAP):   if (_lettr1_ = ' ') then do;
MPRINT(CNTWRAP):   _splitcol = _j_;
MPRINT(CNTWRAP):   _tmp_ = substr(_tmp_,1,_splitcol-1) || "~" || repeat(" ",_fill_-1) || substr(_tmp_,_splitcol+1);
MPRINT(CNTWRAP):   _wrap_ + 1;
MPRINT(CNTWRAP):   _gotword = 1;
MPRINT(CNTWRAP):   _j_ = 0;
                                                                    The SAS System

MPRINT(CNTWRAP):   end;
MPRINT(CNTWRAP):   end;
MPRINT(CNTWRAP):   if (not(_gotword)) then do;
MPRINT(CNTWRAP):   _splitcol = _endcol+1;
MPRINT(CNTWRAP):   _tmp_ = substr(_tmp_,1,_splitcol-1) || "~" || repeat(" ",_fill_-1) || substr(_tmp_,_splitcol);
MPRINT(CNTWRAP):   _wrap_ + 1;
MPRINT(CNTWRAP):   end;
MPRINT(CNTWRAP):   end;
MPRINT(CNTWRAP):   _startcol = _splitcol + _fill_ + 1;
MPRINT(CNTWRAP):   _endcol = _splitcol + 50;
MPRINT(CNTWRAP):   if (_endcol ge 250) or (length(substr(_tmp_,_splitcol+1)) le 50) then _done = 1;
MPRINT(CNTWRAP):   end;
MPRINT(CNTWRAP):   if _splitcol then do;
MPRINT(CNTWRAP):   _tmp2_ = substr(_tmp_,_splitcol+1);
MPRINT(CNTWRAP):   if (length(_tmp2_)=50) then do;
MPRINT(CNTWRAP):   _gotword = 0;
MPRINT(CNTWRAP):   do _j_ = 50 to _fill_+1 by -1;
MPRINT(CNTWRAP):   _lettr1_ = substr(_tmp2_,_j_,1);
MPRINT(CNTWRAP):   if (_lettr1_ = ' ') then do;
MPRINT(CNTWRAP):   _tmp2_ = substr(_tmp2_,1,_j_-1) || "~" || repeat(" ",_fill_-1) || substr(_tmp2_,_j_);
MPRINT(CNTWRAP):   _wrap_ + 1;
MPRINT(CNTWRAP):   _gotword = 1;
MPRINT(CNTWRAP):   _j_ = 0;
MPRINT(CNTWRAP):   end;
MPRINT(CNTWRAP):   end;
MPRINT(CNTWRAP):   if (not(_gotword)) then do;
MPRINT(CNTWRAP):   _j_ = 50-1;
MPRINT(CNTWRAP):   _tmp2_ = substr(_tmp2_,1,_j_-1) || "~" || repeat(" ",_fill_-1) || substr(_tmp2_,_j_);
MPRINT(CNTWRAP):   _wrap_ + 1;
MPRINT(CNTWRAP):   end;
MPRINT(CNTWRAP):   _tmp_ = substr(_tmp_,1,_splitcol)||_tmp2_;
MPRINT(CNTWRAP):   end;
MPRINT(CNTWRAP):   else _tmp_ = substr(_tmp_,1,_splitcol)||" "||substr(_tmp_,_splitcol+1);
MPRINT(CNTWRAP):   end;
MPRINT(CNTWRAP):   end;
MPRINT(CNTWRAP):   linlabel = _tmp_;
MPRINT(TABPREP):  ;
MPRINT(TABPREP):   length _cont $7;
MPRINT(TABPREP):   _cont = ' ';
MPRINT(TABPREP):   if (pageno>1 and _cont>' ') then type = 'ADD1';
MPRINT(TABPREP):   else type = ' ';
MPRINT(TABPREP):   output summary2;
MPRINT(TABPREP):   if (_cont>' ') then do;
MPRINT(TABPREP):   oldlev = level;
MPRINT(TABPREP):   end;
MPRINT(TABPREP):   end;
                                                                    The SAS System

MPRINT(TABPREP):   if eof then output hdpage;
MPRINT(TABPREP):   run;

NOTE: There were 12 observations read from the data set WORK.SUMMARY.
NOTE: The data set WORK.SUMMARY has 12 observations and 52 variables.
NOTE: The data set WORK.SUMMARY2 has 8 observations and 6 variables.
NOTE: The data set WORK.HDPAGE has 1 observations and 1 variables.
NOTE: The data set WORK.BYPAGE has 0 observations and 2 variables.
NOTE: DATA statement used (Total process time):
      real time           0.01 seconds
      cpu time            0.01 seconds
      

MPRINT(TABPREP):   proc sort data=summary2;
MPRINT(TABPREP):   by sortord;
MPRINT(TABPREP):   run;

NOTE: There were 8 observations read from the data set WORK.SUMMARY2.
NOTE: SAS sort was used.
NOTE: The data set WORK.SUMMARY2 has 8 observations and 6 variables.
NOTE: PROCEDURE SORT used (Total process time):
      real time           0.00 seconds
      cpu time            0.00 seconds
      

MPRINT(TABPREP):   data summary2;
MPRINT(TABPREP):   set summary2;
MPRINT(TABPREP):   by sortord;
MPRINT(TABPREP):   if first.sortord and linlabel=' ' then delete;
MPRINT(TABPREP):   run;

NOTE: There were 8 observations read from the data set WORK.SUMMARY2.
NOTE: The data set WORK.SUMMARY2 has 4 observations and 6 variables.
NOTE: DATA statement used (Total process time):
      real time           0.00 seconds
      cpu time            0.00 seconds
      

MPRINT(TABPREP):   proc sort data=summary2;
MPRINT(TABPREP):   by sortord;
MPRINT(TABPREP):   run;

NOTE: There were 4 observations read from the data set WORK.SUMMARY2.
NOTE: SAS sort was used.
NOTE: The data set WORK.SUMMARY2 has 4 observations and 6 variables.
NOTE: PROCEDURE SORT used (Total process time):
                                                                    The SAS System

      real time           0.00 seconds
      cpu time            0.00 seconds
      

MPRINT(TABPREP):   proc sort data=summary;
MPRINT(TABPREP):   by sortord;
MPRINT(TABPREP):   run;

NOTE: There were 12 observations read from the data set WORK.SUMMARY.
NOTE: SAS sort was used.
NOTE: The data set WORK.SUMMARY has 12 observations and 52 variables.
NOTE: PROCEDURE SORT used (Total process time):
      real time           0.00 seconds
      cpu time            0.00 seconds
      

MPRINT(TABPREP):   data summary;
MPRINT(TABPREP):   set summary2 summary;
MPRINT(TABPREP):   by sortord;
MPRINT(TABPREP):   run;

NOTE: There were 4 observations read from the data set WORK.SUMMARY2.
NOTE: There were 12 observations read from the data set WORK.SUMMARY.
NOTE: The data set WORK.SUMMARY has 16 observations and 52 variables.
NOTE: DATA statement used (Total process time):
      real time           0.00 seconds
      cpu time            0.00 seconds
      

MPRINT(TABPREP):   data _null_;
MPRINT(TABPREP):   set summary;
MPRINT(TABPREP):   retain max 0;
MPRINT(TABPREP):   cntr=length(trim(value1));
MPRINT(TABPREP):   if cntr>max then max=cntr;
MPRINT(TABPREP):   cntr=length(trim(value2));
MPRINT(TABPREP):   if cntr>max then max=cntr;
MPRINT(TABPREP):   cntr=length(trim(value3));
MPRINT(TABPREP):   if cntr>max then max=cntr;
MPRINT(TABPREP):   call symput("cntrpad",compress(put(floor(max/2),8.)));
MPRINT(TABPREP):   run;

NOTE: There were 16 observations read from the data set WORK.SUMMARY.
NOTE: DATA statement used (Total process time):
      real time           0.00 seconds
      cpu time            0.00 seconds
      
                                                                    The SAS System


cntrpad=6
MPRINT(TABPREP):   data header1 ( keep = pageno sortord statord linlabel type value1 - value3);
MPRINT(TABPREP):   length linlabel $250 value1 - value3 $40 statord $40 type $20;
MPRINT(TABPREP):   set hdpage (rename = (pageno = pagetot) );
MPRINT(TABPREP):   sortord = 0.01;
MPRINT(TABPREP):   do pageno = 1 to pagetot;
MPRINT(TABPREP):   ** only create num of subj row here if byvar=missing since byvar code below **;
MPRINT(TABPREP):   ** creates num of subj line too **;
MPRINT(TABPREP):   statord = "1";
MPRINT(TABPREP):   type = 'PG1';
MPRINT(TABPREP):   linlabel = ("Number Of Participants");
MPRINT(CNTWRAP):   __ind = 0;
MPRINT(CNTWRAP):   if (__ind<0) then __ind = 0;
MPRINT(CNTWRAP):   length _tmp_ _tmp2_ $250;
MPRINT(CNTWRAP):   _wrap_ = 0;
MPRINT(CNTWRAP):   _fill_ = __ind + 2;
MPRINT(CNTWRAP):   _tmp_ = left(linlabel);
MPRINT(CNTWRAP):   if (__ind>0) then _tmp_ = repeat(' ',__ind-1) || left(linlabel);
MPRINT(CNTWRAP):   if length(_tmp_) > 50 then do;
MPRINT(CNTWRAP):   _startcol = __ind + 1;
MPRINT(CNTWRAP):   _endcol = 50;
MPRINT(CNTWRAP):   _done = 0;
MPRINT(CNTWRAP):   do until(_done);
MPRINT(CNTWRAP):   _lettr1_ = substr(_tmp_,_endcol+1,1);
MPRINT(CNTWRAP):   if( _lettr1_ = " " ) then do;
MPRINT(CNTWRAP):   _splitcol = _endcol+1;
MPRINT(CNTWRAP):   _tmp_ = substr(_tmp_,1,_splitcol-1) || "~" || repeat(" ",_fill_-1) || substr(_tmp_,_splitcol+1);
MPRINT(CNTWRAP):   _wrap_ + 1;
MPRINT(CNTWRAP):   end;
MPRINT(CNTWRAP):   else do;
MPRINT(CNTWRAP):   _gotword = 0;
MPRINT(CNTWRAP):   do _j_ = _endcol to _startcol by -1;
MPRINT(CNTWRAP):   _lettr1_ = substr(_tmp_,_j_,1);
MPRINT(CNTWRAP):   if (_lettr1_ = ' ') then do;
MPRINT(CNTWRAP):   _splitcol = _j_;
MPRINT(CNTWRAP):   _tmp_ = substr(_tmp_,1,_splitcol-1) || "~" || repeat(" ",_fill_-1) || substr(_tmp_,_splitcol+1);
MPRINT(CNTWRAP):   _wrap_ + 1;
MPRINT(CNTWRAP):   _gotword = 1;
MPRINT(CNTWRAP):   _j_ = 0;
MPRINT(CNTWRAP):   end;
MPRINT(CNTWRAP):   end;
MPRINT(CNTWRAP):   if (not(_gotword)) then do;
MPRINT(CNTWRAP):   _splitcol = _endcol+1;
MPRINT(CNTWRAP):   _tmp_ = substr(_tmp_,1,_splitcol-1) || "~" || repeat(" ",_fill_-1) || substr(_tmp_,_splitcol);
MPRINT(CNTWRAP):   _wrap_ + 1;
                                                                    The SAS System

MPRINT(CNTWRAP):   end;
MPRINT(CNTWRAP):   end;
MPRINT(CNTWRAP):   _startcol = _splitcol + _fill_ + 1;
MPRINT(CNTWRAP):   _endcol = _splitcol + 50;
MPRINT(CNTWRAP):   if (_endcol ge 250) or (length(substr(_tmp_,_splitcol+1)) le 50) then _done = 1;
MPRINT(CNTWRAP):   end;
MPRINT(CNTWRAP):   if _splitcol then do;
MPRINT(CNTWRAP):   _tmp2_ = substr(_tmp_,_splitcol+1);
MPRINT(CNTWRAP):   if (length(_tmp2_)=50) then do;
MPRINT(CNTWRAP):   _gotword = 0;
MPRINT(CNTWRAP):   do _j_ = 50 to _fill_+1 by -1;
MPRINT(CNTWRAP):   _lettr1_ = substr(_tmp2_,_j_,1);
MPRINT(CNTWRAP):   if (_lettr1_ = ' ') then do;
MPRINT(CNTWRAP):   _tmp2_ = substr(_tmp2_,1,_j_-1) || "~" || repeat(" ",_fill_-1) || substr(_tmp2_,_j_);
MPRINT(CNTWRAP):   _wrap_ + 1;
MPRINT(CNTWRAP):   _gotword = 1;
MPRINT(CNTWRAP):   _j_ = 0;
MPRINT(CNTWRAP):   end;
MPRINT(CNTWRAP):   end;
MPRINT(CNTWRAP):   if (not(_gotword)) then do;
MPRINT(CNTWRAP):   _j_ = 50-1;
MPRINT(CNTWRAP):   _tmp2_ = substr(_tmp2_,1,_j_-1) || "~" || repeat(" ",_fill_-1) || substr(_tmp2_,_j_);
MPRINT(CNTWRAP):   _wrap_ + 1;
MPRINT(CNTWRAP):   end;
MPRINT(CNTWRAP):   _tmp_ = substr(_tmp_,1,_splitcol)||_tmp2_;
MPRINT(CNTWRAP):   end;
MPRINT(CNTWRAP):   else _tmp_ = substr(_tmp_,1,_splitcol)||" "||substr(_tmp_,_splitcol+1);
MPRINT(CNTWRAP):   end;
MPRINT(CNTWRAP):   end;
MPRINT(CNTWRAP):   linlabel = _tmp_;
MPRINT(TABPREP):  ;
MPRINT(TABPREP):   if (6-length(compress(put( 50, 8.0 )))-1>=0) then value1 = repeat(' ',6-length(compress(put( 50, 8.0 )))-1)||compress(put( 50, 8.0 
));
MPRINT(TABPREP):   if (6-length(compress(put( 50, 8.0 )))-1>=0) then value2 = repeat(' ',6-length(compress(put( 50, 8.0 )))-1)||compress(put( 50, 8.0 
));
MPRINT(TABPREP):   if (6-length(compress(put( 100, 8.0 )))-1>=0) then value3 = repeat(' ',6-length(compress(put( 100, 8.0 )))-1)||compress(put( 100, 
8.0 ));
MPRINT(TABPREP):   output;
MPRINT(TABPREP):   end;
MPRINT(TABPREP):   run;

NOTE: There were 1 observations read from the data set WORK.HDPAGE.
NOTE: The data set WORK.HEADER1 has 1 observations and 8 variables.
NOTE: DATA statement used (Total process time):
      real time           0.00 seconds
      cpu time            0.01 seconds
                                                                    The SAS System

      

MPRINT(TABPREP):   proc sort data = header1;
MPRINT(TABPREP):  ;
MPRINT(TABPREP):   by pageno sortord statord;
MPRINT(TABPREP):   run;

NOTE: There were 1 observations read from the data set WORK.HEADER1.
NOTE: SAS sort was used.
NOTE: The data set WORK.HEADER1 has 1 observations and 8 variables.
NOTE: PROCEDURE SORT used (Total process time):
      real time           0.00 seconds
      cpu time            0.00 seconds
      

MPRINT(TABPREP):   proc sort data = summary;
MPRINT(TABPREP):   by pageno;
MPRINT(TABPREP):   run;

NOTE: There were 16 observations read from the data set WORK.SUMMARY.
NOTE: SAS sort was used.
NOTE: The data set WORK.SUMMARY has 16 observations and 52 variables.
NOTE: PROCEDURE SORT used (Total process time):
      real time           0.00 seconds
      cpu time            0.00 seconds
      

MPRINT(TABPREP):   data summary;
MPRINT(TABPREP):   set header1 summary;
MPRINT(TABPREP):   run;

NOTE: There were 1 observations read from the data set WORK.HEADER1.
NOTE: There were 16 observations read from the data set WORK.SUMMARY.
NOTE: The data set WORK.SUMMARY has 17 observations and 52 variables.
NOTE: DATA statement used (Total process time):
      real time           0.00 seconds
      cpu time            0.00 seconds
      

MPRINT(TABPREP):   proc sort data = summary;
MPRINT(TABPREP):   by pageno sortord statord statord1 dct01rs type;
MPRINT(TABPREP):   run;

NOTE: There were 17 observations read from the data set WORK.SUMMARY.
NOTE: SAS sort was used.
NOTE: The data set WORK.SUMMARY has 17 observations and 52 variables.
                                                                    The SAS System

NOTE: PROCEDURE SORT used (Total process time):
      real time           0.00 seconds
      cpu time            0.00 seconds
      

MPRINT(TABPREP):   ***--- Keep only the variables required in the reporting macro ---***;
MPRINT(TABPREP):   ***--- starting here ---*** ***--- VK 04AUG2006 ---***;
MPRINT(TABPREP):   data summary;
MPRINT(TABPREP):   set summary end=eof;
MPRINT(TABPREP):   retain maxoc 0;
MPRINT(TABPREP):   keep pageno sortord statord: dct01rs type level linlabel value: pval: ;
MPRINT(TABPREP):   if eof then call symput ('maxoc',compress(put(maxoc,best.)));
MPRINT(TABPREP):   run;

NOTE: There were 17 observations read from the data set WORK.SUMMARY.
NOTE: The data set WORK.SUMMARY has 17 observations and 15 variables.
NOTE: DATA statement used (Total process time):
      real time           0.00 seconds
      cpu time            0.00 seconds
      

MPRINT(TABPREP):   data _null_;
MPRINT(TABPREP):   ** create new dataset name that converts any dashes to underscores **;
MPRINT(TABPREP):   length vtitlekey $200.;
MPRINT(TABPREP):   vtitlekey = compress(tranwrd("t-s-disp",'-','_'));
MPRINT(TABPREP):   call symput("vtitlekey",compress(vtitlekey));
MPRINT(TABPREP):   run;

NOTE: DATA statement used (Total process time):
      real time           0.00 seconds
      cpu time            0.00 seconds
      

MPRINT(TABPREP):   *** only output validation dataset if vdata is specified and first character ***;
MPRINT(TABPREP):   *** of titlekey does not start with V (i.e. not a validation program) ***;
MPRINT(TABPREP):   ***--- till here ---*** ***--- VK 04AUG2006 ---***;
MPRINT(TABPREP):  ;
MPRINT(TABPREP):   ***--- starting here ---*** ***--- VK 20JUL2006 ---***;
MPRINT(TABPREP):   data m_macvar;
MPRINT(TABPREP):   set sashelp.vmacro;
MPRINT(TABPREP):   if scope not in ('GLOBAL','AUTOMATIC');
MPRINT(TABPREP):   run;

NOTE: There were 479 observations read from the data set SASHELP.VMACRO.
NOTE: The data set WORK.M_MACVAR has 122 observations and 4 variables.
NOTE: DATA statement used (Total process time):
                                                                    The SAS System

      real time           0.00 seconds
      cpu time            0.00 seconds
      

MPRINT(TABPREP):   *** Merge long macro values back into one record ***;
MPRINT(TABPREP):   data m_macvar (drop=nam);
MPRINT(TABPREP):   set m_macvar;
MPRINT(TABPREP):   format nam $40.;
MPRINT(TABPREP):   retain nam ' ';
MPRINT(TABPREP):   retain seq 0;
MPRINT(TABPREP):   if (name^=nam) then seq = seq + 1;
MPRINT(TABPREP):   output;
MPRINT(TABPREP):   nam = name;
MPRINT(TABPREP):   run;

NOTE: There were 122 observations read from the data set WORK.M_MACVAR.
NOTE: The data set WORK.M_MACVAR has 122 observations and 5 variables.
NOTE: DATA statement used (Total process time):
      real time           0.00 seconds
      cpu time            0.00 seconds
      

MPRINT(TABPREP):   data m_macvar (drop=seq val);
MPRINT(TABPREP):   set m_macvar (rename=(value=val));
MPRINT(TABPREP):   by seq;
MPRINT(TABPREP):   format value $4000.;
MPRINT(TABPREP):   retain value;
MPRINT(TABPREP):   if (first.seq) then do;
MPRINT(TABPREP):   value= val;
MPRINT(TABPREP):   end;
MPRINT(TABPREP):   else do;
MPRINT(TABPREP):   value= substr(value,1,offset)||trim(val);
MPRINT(TABPREP):   end;
MPRINT(TABPREP):   if (last.seq);
MPRINT(TABPREP):   run;

NOTE: There were 122 observations read from the data set WORK.M_MACVAR.
NOTE: The data set WORK.M_MACVAR has 122 observations and 4 variables.
NOTE: DATA statement used (Total process time):
      real time           0.00 seconds
      cpu time            0.01 seconds
      

MPRINT(TABPREP):   *** Merge long macro values back into one record ***;
MPRINT(TABPREP):   ***--- till here ---*** ***--- VK 20JUL2006 ---***;
MPRINT(TABPREP):   * proc print data = m_macvar;
                                                                    The SAS System

MPRINT(TABPREP):   * title3 'File M_MACVAR';
MPRINT(TABPREP):   * run;
MPRINT(TABPREP):   * proc print data = summary;
MPRINT(TABPREP):   * title3 'File SUMMARY as printed by PROC REPORT';
MPRINT(TABPREP):   * run;
MPRINT(MK_T_S_DISP):  ;
MPRINT(MK_T_S_DISP):   proc sort data = summary;
MPRINT(MK_T_S_DISP):   by sortord;
MPRINT(MK_T_S_DISP):   run;

NOTE: There were 17 observations read from the data set WORK.SUMMARY.
NOTE: SAS sort was used.
NOTE: The data set WORK.SUMMARY has 17 observations and 15 variables.
NOTE: PROCEDURE SORT used (Total process time):
      real time           0.00 seconds
      cpu time            0.00 seconds
      

MPRINT(MK_T_S_DISP):   data summary;
MPRINT(MK_T_S_DISP):   set summary;
MPRINT(MK_T_S_DISP):   by sortord;
MPRINT(MK_T_S_DISP):   if (sortord in (18)) then linlabel = left(linlabel);
MPRINT(MK_T_S_DISP):   array vls {3} value1 - value3;
MPRINT(MK_T_S_DISP):   linlabel2 = linlabel;
MPRINT(MK_T_S_DISP):   if upcase(linlabel) = "NUMBER OF PARTICIPANTS" then delete;
MPRINT(MK_T_S_DISP):   if (statord eq ' ') then linlabel2 = linlabel;
MPRINT(MK_T_S_DISP):   linlabel = linlabel2;
MPRINT(MK_T_S_DISP):   retain linlabel2;
MPRINT(MK_T_S_DISP):   if first.sortord then do;
MPRINT(MK_T_S_DISP):   linlabel = left(linlabel);
MPRINT(MK_T_S_DISP):   if last.sortord then do;
MPRINT(MK_T_S_DISP):   if index(linlabel, '~') then linlabel = strip(compbl(linlabel));
MPRINT(MK_T_S_DISP):   end;
MPRINT(MK_T_S_DISP):   end;
MPRINT(MK_T_S_DISP):   run;

NOTE: There were 17 observations read from the data set WORK.SUMMARY.
NOTE: The data set WORK.SUMMARY has 16 observations and 16 variables.
NOTE: DATA statement used (Total process time):
      real time           0.00 seconds
      cpu time            0.00 seconds
      

MPRINT(MK_T_S_DISP):   data summary;
MPRINT(MK_T_S_DISP):   set summary;
MPRINT(MK_T_S_DISP):   array vls {3} value1 - value3;
                                                                    The SAS System

MPRINT(MK_T_S_DISP):   if (statord eq ' ') then linlabel2 = linlabel;
MPRINT(MK_T_S_DISP):   *******************************************************************;
MPRINT(MK_T_S_DISP):   * For Any drug and All drug d/cons, collapse into one line *;
MPRINT(MK_T_S_DISP):   *******************************************************************;
MPRINT(MK_T_S_DISP):   retain linlabel2;
MPRINT(MK_T_S_DISP):   *******************************************************************;
MPRINT(MK_T_S_DISP):   * If Oncology flag set, then delete middle row of panel for *;
MPRINT(MK_T_S_DISP):   * Completing Study Drug *;
MPRINT(MK_T_S_DISP):   *******************************************************************;
MPRINT(MK_T_S_DISP):   retain linlabel2;
MPRINT(MK_T_S_DISP):   run;

NOTE: There were 16 observations read from the data set WORK.SUMMARY.
NOTE: The data set WORK.SUMMARY has 16 observations and 16 variables.
NOTE: DATA statement used (Total process time):
      real time           0.00 seconds
      cpu time            0.00 seconds
      

MPRINT(MK_T_S_DISP):   proc sort data = summary;
MPRINT(MK_T_S_DISP):   by pageno sortord statord;
MPRINT(MK_T_S_DISP):   run;

NOTE: There were 16 observations read from the data set WORK.SUMMARY.
NOTE: SAS sort was used.
NOTE: The data set WORK.SUMMARY has 16 observations and 16 variables.
NOTE: PROCEDURE SORT used (Total process time):
      real time           0.00 seconds
      cpu time            0.00 seconds
      

MPRINT(MK_T_S_DISP):   data summary vdata.t_s_disp;
MPRINT(MK_T_S_DISP):   set summary;
MPRINT(MK_T_S_DISP):   by pageno sortord statord;
MPRINT(MK_T_S_DISP):   if first.sortord then do;
MPRINT(MK_T_S_DISP):   linlabel = left(linlabel);
MPRINT(MK_T_S_DISP):   if last.sortord then do;
MPRINT(MK_T_S_DISP):   if index(linlabel, '~') then linlabel = strip(compbl(linlabel));
MPRINT(MK_T_S_DISP):   end;
MPRINT(MK_T_S_DISP):   end;
MPRINT(MK_T_S_DISP):   run;

NOTE: There were 16 observations read from the data set WORK.SUMMARY.
NOTE: The data set WORK.SUMMARY has 16 observations and 16 variables.
NOTE: The data set VDATA.T_S_DISP has 16 observations and 16 variables.
NOTE: DATA statement used (Total process time):
                                                                    The SAS System

      real time           0.04 seconds
      cpu time            0.01 seconds
      

MPRINT(TABDRPT):   ***--- create local macro variables used locally in previous macro ---***;
MPRINT(TABDRPT):   ***--- starting here ---*** ***--- VK 21JUL2006 ---***;
MPRINT(TABDRPT):   *** use call symput to avoide %bquote maximum nesting issue ***;
MPRINT(TABDRPT):   data _null_;
MPRINT(TABDRPT):   set m_macvar;
MPRINT(TABDRPT):   if (index(' STATS GSPACE SSPACE CWIDTH HEADTOT MMODE DRPTCOL LLABEL EMPTYLBL SORDSKIP COLBRKS PGBRK BYVAR HDRMOD SKIPVAR', ' 
'||trim(name)||' ')=0) then do;
MPRINT(TABDRPT):   call symput( trim(name), trim(value));
MPRINT(TABDRPT):   end;
MPRINT(TABDRPT):   else if ("t-s-disp "=" " and name='TITLEKEY') then call symput( trim(name), trim(value));
MPRINT(TABDRPT):   else if ("t-s-disp "=" " and name='OUTNAME') then call symput( trim(name), trim(value));
MPRINT(TABDRPT):   run;

NOTE: There were 122 observations read from the data set WORK.M_MACVAR.
NOTE: DATA statement used (Total process time):
      real time           0.00 seconds
      cpu time            0.00 seconds
      

MPRINT(TABDRPT):   ;
MPRINT(TABDRPT):   ;
MPRINT(TABDRPT):   ***--- till here ---***;
MPRINT(TABDRPT):   ***--- VK 21JUL2006 ---***;
MPRINT(TABDRPT):   ***--- reformat drptcol to have a space around each valueX with parentheses ***;
MPRINT(TABDRPT):   ;
MPRINT(TABDRPT):   ***--- number of columns to be printed in the report VK 23SEP2007 ---***;
MPRINT(TABDRPT):   ***--- check number of columns to print as specified in showallcol option in tabdesc call ---***;
MPRINT(TABDRPT):   ***--- Start ---***;
MPRINT(TABDRPT):   ***--- VK 31MAY2007---***;
MPRINT(TABDRPT):   ***--- End ---***;
MPRINT(TABDRPT):   ***--- VK 31MAY2007---***;
MPRINT(TABDRPT):   ODS LISTING;
MPRINT(TABDRPT):   ** Remove the following record to clarify if it is a no data situation;
MPRINT(TABDRPT):   data summary;
MPRINT(TABDRPT):   set summary;
MPRINT(TABDRPT):   if _n_=1 and strip(linlabel)="No data available for this table" then delete;
MPRINT(TABDRPT):   run;

NOTE: There were 16 observations read from the data set WORK.SUMMARY.
NOTE: The data set WORK.SUMMARY has 16 observations and 16 variables.
NOTE: DATA statement used (Total process time):
      real time           0.00 seconds
                                                                    The SAS System

      cpu time            0.00 seconds
      

MPRINT(TABDRPT):  ;
nobs=16
MPRINT(PRINTSET):   data _null_;
MPRINT(PRINTSET):   if index("t-s-disp",'-')>0 then hyund="-";
MPRINT(PRINTSET):   else hyund="_";
MPRINT(PRINTSET):   call symput("hyund",compress(hyund));
MPRINT(PRINTSET):   run;

NOTE: DATA statement used (Total process time):
      real time           0.00 seconds
      cpu time            0.00 seconds
      

MPRINT(PRINTSET):   data _null_;
MPRINT(PRINTSET):   formchar='|----|+|----+=|-/\<>*™';
MPRINT(PRINTSET):   substr(formchar,2,1)='_';
MPRINT(PRINTSET):   call symput('formchar',formchar);
MPRINT(PRINTSET):   run;

NOTE: DATA statement used (Total process time):
      real time           0.00 seconds
      cpu time            0.00 seconds
      

MPRINT(PRINTSET):   options orientation = LANDSCAPE papersize = letter topmargin = "1 in" bottommargin = "1 in" leftmargin = "1 in" rightmargin = "1 
in" formchar="|_---|+|----+=|-/\<>*™";
MPRINT(PRINTSET):   options pagesize = 48 linesize = 150 nodate nonumber;
MPRINT(TNFSET):   filename _tnftmp temp;
MPRINT(TNFSET):   data _null_;
MPRINT(TNFSET):   file _tnftmp lrecl=1000 recfm=v;
MPRINT(TNFSET):   infile "../tools/tnf.inc" lrecl=1000 pad;
MPRINT(TNFSET):   length testtext $ 40;
MPRINT(TNFSET):   input @1 text $1000.;
MPRINT(TNFSET):   testtext = scan(text,1," ");
MPRINT(TNFSET):   if testtext = "/*";
MPRINT(TNFSET):   testtext = scan(text,2," ");
MPRINT(TNFSET):   if upcase(testtext) in ("T-S-DISP" , "DEFAULT");
MPRINT(TNFSET):   testtext = scan(text,3," ");
MPRINT(TNFSET):   if testtext =: "*/";
MPRINT(TNFSET):   put text;
MPRINT(TNFSET):   run;

NOTE: The file _TNFTMP is:
                                                                    The SAS System

      Filename=/saswork/SAS_workEC7F002065B7_sjgsasappprdg10/#LN00081,
      Owner Name=cpearson1,
      Group Name=NA\domain^users,
      Access Permission=-rw--w-rw-,
      Last Modified=30Aug2026:15:40:39

NOTE: The infile "../tools/tnf.inc" is:
      Filename=/biometrics/gsi_stds/dss_2026/s0000000/final/draft1/tools/tnf.inc,
      Owner Name=cpearson1,
      Group Name=NA\domain^users,
      Access Permission=-rwxrwxrwx,
      Last Modified=30Aug2026:15:39:33,
      File Size (bytes)=10383

NOTE: 6 records were written to the file _TNFTMP.
      The minimum record length was 56.
      The maximum record length was 147.
NOTE: 109 records were read from the infile "../tools/tnf.inc".
      The minimum record length was 0.
      The maximum record length was 187.
NOTE: DATA statement used (Total process time):
      real time           0.01 seconds
      cpu time            0.00 seconds
      

NOTE: %INCLUDE (level 2) file _TNFTMP is file /saswork/SAS_workEC7F002065B7_sjgsasappprdg10/#LN00081.
2539      +/* default       */ %let ttl1 = NO ASSIGNED TITLE FOR JOB &titlekey;
2540      +/* t-s-disp */ %let ttl1 = %str(Table 15.8.1.3.1.2: Participant Disposition);
2541      +/* t-s-disp */ %let ttl2 = %str(All Screened Participants);
2542      +/* t-s-disp */ %let ttl3 = %str(STARS Generated Output);
2543      +/* t-s-disp */ %let fnl1 = %str(Percentages for completion status were calculated based on the number of participants in the Safety
2543     !+Analysis Set.);
2544      +/* t-s-disp */ %let fnl2 = %str(Source: Listing 16.2.1.3.1);
NOTE: %INCLUDE (level 2) ending.
NOTE: %INCLUDE (level 1) resuming.
MPRINT(TNFSET):   filename _tnftmp clear;
NOTE: Fileref _TNFTMP has been deassigned.
MPRINT(TNFSET):   title1 j=r "                                                                                                                        
         Gilead Sciences, Inc.";
MPRINT(TNFSET):   title2 j=r "                                                                                                                        
          Study GS-US-000-0000";
MPRINT(TNFSET):   title3 j=c "                                                     Table 15.8.1.3.1.2: Participant Disposition                        
                              ";
MPRINT(TNFSET):   title4 j=c "                                                              All Screened Participants                                 
                              ";
MPRINT(TNFSET):   title5 j=c "                                                                STARS Generated Output                                  
                                                                    The SAS System

                              ";
MPRINT(TNFSET):   footnote1 j=l "Percentages for completion status were calculated based on the number of participants in the Safety Analysis Set.    
                                 ";
MPRINT(TNFSET):   footnote2 j=l "Source: Listing 16.2.1.3.1                                                                                           
                                 ";
MPRINT(TNFSET):   footnote4 j=l "Data Extracted: ddmmmyyyy                                                                                            
                                 ";
MPRINT(TNFSET):   footnote5 j=l "Source: .../final/draft1/prog/t-s-disp.sas v9.4  Output file: t-s-disp.pdf 30AUG2026:15:40                           
                  PAGE XX OF YYY ";
MPRINT(PRINTSET):  ;
MPRINT(PRINTSET):   proc printto print = "t-s-disp.out" new ;
MPRINT(PRINTSET):   run;

NOTE: PROCEDURE PRINTTO used (Total process time):
      real time           0.00 seconds
      cpu time            0.00 seconds
      

MPRINT(TABDRPT):  ;
MPRINT(TABDRPT):   filename mprint "__2123191.tmp";
MPRINT(TABDRPT):   option mfile;
MPRINT(TABDRPT):   proc report data = summary split = '~' missing headline spacing = 3 formchar(2) = "_" nowindows;
NOTE: The macro generated output from MPRINT will also be written to external file 
      /biometrics/gsi_stds/dss_2026/s0000000/final/draft1/prog/__2123191.tmp while OPTIONS MPRINT and MFILE are set.
MPRINT(TABDRPT):   column ( '__' ( pageno sortord statord1 dct01rs type linlabel value1 value2 value3 ));
MPRINT(TABDRPT):   *********************************************;
MPRINT(TABDRPT):   *** End of COLUMN statement specification ***;
MPRINT(TABDRPT):   *** begin define statement ***;
MPRINT(TABDRPT):   *********************************************;
MPRINT(TABDRPT):   define pageno / order order=internal noprint;
MPRINT(TABDRPT):   define sortord / order order=internal noprint;
MPRINT(TABDRPT):   define statord1 / order order=internal noprint;
MPRINT(TABDRPT):   define dct01rs / order order=internal noprint;
MPRINT(TABDRPT):   define type / order order=internal noprint;
MPRINT(TABDRPT):   define linlabel / display width = 50 flow "";
MPRINT(TABDRPT):   define value1 / display width=12 center flow "Drug A";
MPRINT(TABDRPT):   define value2 / display width=12 center flow "Drug B";
MPRINT(TABDRPT):   define value3 / display width=12 center flow "Total";
MPRINT(TABDRPT):   *********************************************;
MPRINT(TABDRPT):   *** End of define statement specification ***;
MPRINT(TABDRPT):   *** begin compute statement ***;
MPRINT(TABDRPT):   *********************************************;
MPRINT(TABDRPT):   **********************************************;
MPRINT(TABDRPT):   *** End of compute statement specification ***;
MPRINT(TABDRPT):   *** begin break statement ***;
MPRINT(TABDRPT):   **********************************************;
                                                                    The SAS System

MPRINT(TABDRPT):   break after pageno / page;
MPRINT(TABDRPT):   break before sortord / skip;
MPRINT(TABDRPT):   run;

NOTE: Multiple concurrent threads will be used to summarize data.
NOTE: There were 16 observations read from the data set WORK.SUMMARY.
NOTE: The PROCEDURE REPORT printed page 1.
NOTE: PROCEDURE REPORT used (Total process time):
      real time           0.13 seconds
      cpu time            0.02 seconds
      

MPRINT(TABDRPT):   option nomfile;
MPRINT(TABDRPT):   filename mprint clear;
NOTE: Fileref MPRINT has been deassigned.
MPRINT(RPTEXPORT):   filename rptlog "__2123191.tmp";
MPRINT(RPTEXPORT):   x "rm /biometrics/gsi_stds/dss_2026/s0000000/final/draft1/prog/__2123191.tmp";
MPRINT(TABDRPT):  ;
MPRINT(PAGESET):   proc printto print=print;
MPRINT(PAGESET):   run;

NOTE: PROCEDURE PRINTTO used (Total process time):
      real time           0.00 seconds
      cpu time            0.00 seconds
      

MPRINT(PAGESET):   *** count pages and save text to temporary file ***;
MPRINT(PAGESET):   filename _outfil_ "t-s-disp.out";
MPRINT(PAGESET):   data pagesettext(compress=yes keep=text obsnum) pagesetnums(keep=obsnum_u);
MPRINT(PAGESET):   infile _outfil_ lrecl=200 pad eof=eof;
MPRINT(PAGESET):   input text $char200.;
MPRINT(PAGESET):   obsnum + 1;
MPRINT(PAGESET):   output pagesettext;
MPRINT(PAGESET):   if( index(text,"PAGE XX OF YYY ") ) then do;
MPRINT(PAGESET):   obsnum_u = obsnum-5;
MPRINT(PAGESET):   totpages + 1;
MPRINT(PAGESET):   output pagesetnums;
MPRINT(PAGESET):   end;
MPRINT(PAGESET):   return;
MPRINT(PAGESET):   eof: call symput("totpages",compress(put(totpages,best.)));
MPRINT(PAGESET):   run;

NOTE: The infile _OUTFIL_ is:
      Filename=/biometrics/gsi_stds/dss_2026/s0000000/final/draft1/prog/t-s-disp.out,
      Owner Name=cpearson1,
      Group Name=NA\domain^users,
                                                                    The SAS System

      Access Permission=-rwxrwxrwx,
      Last Modified=30Aug2026:15:40:40,
      File Size (bytes)=4777

NOTE: 48 records were read from the infile _OUTFIL_.
      The minimum record length was 0.
      The maximum record length was 150.
NOTE: The data set WORK.PAGESETTEXT has 48 observations and 2 variables.
NOTE: Compressing data set WORK.PAGESETTEXT increased size by 100.00 percent. 
      Compressed is 2 pages; un-compressed would require 1 pages.
NOTE: The data set WORK.PAGESETNUMS has 1 observations and 1 variables.
NOTE: DATA statement used (Total process time):
      real time           0.01 seconds
      cpu time            0.00 seconds
      

MPRINT(PAGESET):   *** Insert page numbering ***;
MPRINT(PAGESET):   data pagesettext;
MPRINT(PAGESET):   merge pagesettext(in=_txt_) pagesetnums(in=_num_ rename=(obsnum_u=obsnum));
MPRINT(PAGESET):   by obsnum;
MPRINT(PAGESET):   *** insert underline above footnotes ***;
MPRINT(PAGESET):   if _txt_ and _num_ then if text = " " then text = repeat("_",149);
MPRINT(PAGESET):   length pagenumtxt $ 20;
MPRINT(PAGESET):   retain totpages 1;
MPRINT(PAGESET):   file _outfil_ linesize = 200 recfm=v noprint;
MPRINT(PAGESET):   if text = ' ' then put;
MPRINT(PAGESET):   else do;
MPRINT(PAGESET):   if _n_ le 2 and substr(text,1,1) = "0c"x then text=substr(text,2);
MPRINT(PAGESET):   if length(left(text)) > 1 then if substr(left(text),1,2)='zf' then text=substr(left(text),3);
MPRINT(PAGESET):   *** process page numbering ***;
MPRINT(PAGESET):   pnumpos = index(text, "PAGE XX OF YYY ");
MPRINT(PAGESET):   if pnumpos > 0 then do;
MPRINT(PAGESET):   page + 1;
MPRINT(PAGESET):   pagenumtxt = 'Page ' || trim(left(put(page, 6.))) || ' of ' || trim(left(put(totpages, 6.)));
MPRINT(PAGESET):   pagenumlen = length(pagenumtxt);
MPRINT(PAGESET):   text = substr(text, 1, pnumpos-1);
MPRINT(PAGESET):   substr(text, 1+150-pagenumlen) = trim(pagenumtxt);
MPRINT(PAGESET):   end;
MPRINT(PAGESET):   outlen = length(text);
MPRINT(PAGESET):   put text $varying200. outlen;
MPRINT(PAGESET):   end;
MPRINT(PAGESET):   delete;
MPRINT(PAGESET):   run;

NOTE: The file _OUTFIL_ is:
      Filename=/biometrics/gsi_stds/dss_2026/s0000000/final/draft1/prog/t-s-disp.out,
                                                                    The SAS System

      Owner Name=cpearson1,
      Group Name=NA\domain^users,
      Access Permission=-rwxrwxrwx,
      Last Modified=30Aug2026:15:40:40

NOTE: 48 records were written to the file _OUTFIL_.
      The minimum record length was 0.
      The maximum record length was 150.
NOTE: There were 48 observations read from the data set WORK.PAGESETTEXT.
NOTE: There were 1 observations read from the data set WORK.PAGESETNUMS.
NOTE: The data set WORK.PAGESETTEXT has 0 observations and 8 variables.
NOTE: DATA statement used (Total process time):
      real time           0.01 seconds
      cpu time            0.01 seconds
      

MPRINT(TXT2PDF):   **************************************************************************;
MPRINT(TXT2PDF):   ** Count pages in source file &in *;
MPRINT(TXT2PDF):   **************************************************************************;
MPRINT(TXT2PDF):   data _null_;
MPRINT(TXT2PDF):   retain firstobs 1;
MPRINT(TXT2PDF):   infile "t-s-disp.out" pad end=eof;
MPRINT(TXT2PDF):   input char $char1.;
MPRINT(TXT2PDF):   if _n_ = 1 then do;
MPRINT(TXT2PDF):   pages + 1;
MPRINT(TXT2PDF):   if char="1b"x then do;
MPRINT(TXT2PDF):   firstobs = 2;
MPRINT(TXT2PDF):   return;
MPRINT(TXT2PDF):   end;
MPRINT(TXT2PDF):   end;
MPRINT(TXT2PDF):   totlines + 1;
MPRINT(TXT2PDF):   if char = "0c"x then pages + 1;
MPRINT(TXT2PDF):   else if char = "1b"x then do;
MPRINT(TXT2PDF):   pages + 1;
MPRINT(TXT2PDF):   totlines + -1;
MPRINT(TXT2PDF):   end;
MPRINT(TXT2PDF):   if eof then do;
MPRINT(TXT2PDF):   if (pages < totlines/48) then do;
MPRINT(TXT2PDF):   pagemode = "fixed   ";
MPRINT(TXT2PDF):   pages = ceil(totlines/48);
MPRINT(TXT2PDF):   end;
MPRINT(TXT2PDF):   else pagemode = "standard";
MPRINT(TXT2PDF):   call symput("pagemode", trim(pagemode));
MPRINT(TXT2PDF):   call symput("pages", compress(put(pages,8.)));
MPRINT(TXT2PDF):   call symput("firstobs", put(firstobs,1.));
MPRINT(TXT2PDF):   call symput("totlines", put(totlines,8.));
                                                                    The SAS System

MPRINT(TXT2PDF):   createtm = compress(put(time(),time8.),":");
MPRINT(TXT2PDF):   createtm = translate(createtm,"0"," ");
MPRINT(TXT2PDF):   call symput("createdt", put(date(),yymmddn8.)||substr(createtm,1,8));
MPRINT(TXT2PDF):   * put "NOTE: %&sysmacroname Version &toolver: " "page counter diagnostics " / " " pagemode= pages= firstobs= totlines= createtm=;
MPRINT(TXT2PDF):   stop;
MPRINT(TXT2PDF):   end;
MPRINT(TXT2PDF):   run;

NOTE: The infile "t-s-disp.out" is:
      Filename=/biometrics/gsi_stds/dss_2026/s0000000/final/draft1/prog/t-s-disp.out,
      Owner Name=cpearson1,
      Group Name=NA\domain^users,
      Access Permission=-rwxrwxrwx,
      Last Modified=30Aug2026:15:40:40,
      File Size (bytes)=3125

NOTE: 48 records were read from the infile "t-s-disp.out".
      The minimum record length was 0.
      The maximum record length was 150.
NOTE: DATA statement used (Total process time):
      real time           0.01 seconds
      cpu time            0.00 seconds
      

MPRINT(TXT2PDF):   **************************************************************************;
MPRINT(TXT2PDF):   ** Write PDF file &out from source file &in *;
MPRINT(TXT2PDF):   **************************************************************************;
MPRINT(TXT2PDF):   data _null_;
MPRINT(TXT2PDF):   infile "t-s-disp.out" firstobs=1 pad end=eof;
MPRINT(TXT2PDF):   file "t-s-disp.pdf" noprint notitles recfm=v;
MPRINT(TXT2PDF):   length temptxt text setup $ 200;
MPRINT(TXT2PDF):   retain bytecnt objnum 0 crlf 2 lines -1 follow "ET";
MPRINT(TXT2PDF):   array objbyte {22} 8 _temporary_;
MPRINT(TXT2PDF):   array line {96} $ 200 _temporary_;
MPRINT(TXT2PDF):   array header {17} $ 200 _temporary_ ( '%PDF-1.4' "1 0 obj" "<<" "/Creator (cpearson1)" "/CreationDate (D:2026083015404000)" 
"/Producer (%TXT2PDF Version v4.19.01 at Gilead Sciences, Inc.)" "/Title (PDF Conversion of file t-s-disp.out)" ">>" "endobj" "2 0 obj << /Type 
/Catalog /Pages 6 0 R /Outlines 3 0 R >> endobj" "3 0 obj << /Type /Outlines /Count 0 >> endobj" "4 0 obj << /Type /Font /Subtype /Type1 /Name /F1" 
"/BaseFont /CourierNew,Bold /Encoding /WinAnsiEncoding >> endobj" "5 0 obj [ /PDF /Text ] endobj" "6 0 obj << /Type /Pages /Count 1 /Kids [" "7 0 R" 
"] >> endobj" );
MPRINT(TXT2PDF):   ** Write standard PDF document header and general information **;
MPRINT(TXT2PDF):   if _n_ = 1 then do;
MPRINT(TXT2PDF):   do i = 1 to dim(header);
MPRINT(TXT2PDF):   temptxt = header{i};
MPRINT(TXT2PDF):   if indexw(temptxt,"obj") then isobj = 1;
MPRINT(TXT2PDF):   link puttxt;
MPRINT(TXT2PDF):   end;
                                                                    The SAS System

MPRINT(TXT2PDF):   end;
MPRINT(TXT2PDF):   ** Read next text line **;
MPRINT(TXT2PDF):   input text $char200.;
MPRINT(TXT2PDF):   ** Start new page **;
MPRINT(TXT2PDF):   if substr(text,1,1) in ("0c"x,"1b"x) or _n_ = 1 or mod(lines,48)=0 then link toppage;
MPRINT(TXT2PDF):   ** Modify text for proper inclusion in PDF **;
MPRINT(TXT2PDF):   if indexc(text,"0d0cc4"x,"\()") then do;
MPRINT(TXT2PDF):   text = compress(text,"0d0c"x);
MPRINT(TXT2PDF):   text = translate(text,"-","c4"x);
MPRINT(TXT2PDF):   text = tranwrd(text,"\","\\");
MPRINT(TXT2PDF):   text = tranwrd(text,"(","\(");
MPRINT(TXT2PDF):   text = tranwrd(text,")","\)");
MPRINT(TXT2PDF):   end;
MPRINT(TXT2PDF):   ** Store text for later writing **;
MPRINT(TXT2PDF):   lines + 1;
MPRINT(TXT2PDF):   line{lines} = "("||trim(text)||")'";
MPRINT(TXT2PDF):   pagesize + length(line{lines})+crlf;
MPRINT(TXT2PDF):   ** File termination routine **;
MPRINT(TXT2PDF):   if eof then do;
MPRINT(TXT2PDF):   link endpage;
MPRINT(TXT2PDF):   strtxref = bytecnt;
MPRINT(TXT2PDF):   temptxt = "xref";
MPRINT(TXT2PDF):   link puttxt;
MPRINT(TXT2PDF):   temptxt = "0 "||compress(put(objnum+1,8.));
MPRINT(TXT2PDF):   link puttxt;
MPRINT(TXT2PDF):   temptxt = "0000000000 65535 f";
MPRINT(TXT2PDF):   link puttxt;
MPRINT(TXT2PDF):   do i = 1 to objnum;
MPRINT(TXT2PDF):   temptxt = put(objbyte{i},z10.)||" 00000 n";
MPRINT(TXT2PDF):   link puttxt;
MPRINT(TXT2PDF):   end;
MPRINT(TXT2PDF):   temptxt = "trailer << /Size "||compress(put(objnum+1,8.))|| " /Info 1 0 R /Root 2 0 R >>";
MPRINT(TXT2PDF):   link puttxt;
MPRINT(TXT2PDF):   temptxt = "startxref";
MPRINT(TXT2PDF):   link puttxt;
MPRINT(TXT2PDF):   temptxt = compress(put(strtxref,12.));
MPRINT(TXT2PDF):   link puttxt;
MPRINT(TXT2PDF):   temptxt = '%%EOF';
MPRINT(TXT2PDF):   link puttxt;
MPRINT(TXT2PDF):   stop;
MPRINT(TXT2PDF):   end;
MPRINT(TXT2PDF):   return;
MPRINT(TXT2PDF):   ** Beginning of page routine **;
MPRINT(TXT2PDF):   toppage: if substr(text,1,1) = "1b"x then input text $char200.;
MPRINT(TXT2PDF):   if _n_ gt 1 then link endpage;
MPRINT(TXT2PDF):   temptxt = compress(put(objnum+1,8.))|| " 0 obj << /Type /Page /Parent 6 0 R /Resources";
                                                                    The SAS System

MPRINT(TXT2PDF):   isobj = 1;
MPRINT(TXT2PDF):   link puttxt;
MPRINT(TXT2PDF):   temptxt = "<< /Font << /F1 4 0 R >> /ProcSet 5 0 R >>";
MPRINT(TXT2PDF):   link puttxt;
MPRINT(TXT2PDF):   temptxt = "/MediaBox [ 0 0 792 612 ] /Contents " || compress(put(objnum+1,8.)) || " 0 R >> endobj";
MPRINT(TXT2PDF):   link puttxt;
MPRINT(TXT2PDF):   lines = 0;
MPRINT(TXT2PDF):   return;
MPRINT(TXT2PDF):   ** End of page routine - write out one full page worth of text **;
MPRINT(TXT2PDF):   endpage: setup = "BT /F1 7 Tf 10 TL 72 540 Td";
MPRINT(TXT2PDF):   temptxt = compress(put(objnum+1,8.)) || " 0 obj << /Length "|| compress(put(pagesize+length(setup)+length(follow)+crlf,8.))||" >>";
MPRINT(TXT2PDF):   isobj = 1;
MPRINT(TXT2PDF):   link puttxt;
MPRINT(TXT2PDF):   temptxt = "stream";
MPRINT(TXT2PDF):   link puttxt;
MPRINT(TXT2PDF):   temptxt = setup;
MPRINT(TXT2PDF):   link puttxt;
MPRINT(TXT2PDF):   do i = 1 to lines;
MPRINT(TXT2PDF):   temptxt = line{i};
MPRINT(TXT2PDF):   link puttxt;
MPRINT(TXT2PDF):   end;
MPRINT(TXT2PDF):   temptxt = follow;
MPRINT(TXT2PDF):   link puttxt;
MPRINT(TXT2PDF):   temptxt = "endstream";
MPRINT(TXT2PDF):   link puttxt;
MPRINT(TXT2PDF):   temptxt = "endobj";
MPRINT(TXT2PDF):   link puttxt;
MPRINT(TXT2PDF):   pagesize = 0;
MPRINT(TXT2PDF):   return;
MPRINT(TXT2PDF):   ** Write text and accumulate byte count routine **;
MPRINT(TXT2PDF):   puttxt: textlen = length(temptxt);
MPRINT(TXT2PDF):   if isobj then do;
MPRINT(TXT2PDF):   isobj = 0;
MPRINT(TXT2PDF):   objnum + 1;
MPRINT(TXT2PDF):   objbyte{objnum} = bytecnt;
MPRINT(TXT2PDF):   end;
MPRINT(TXT2PDF):   bytecnt + textlen+crlf;
MPRINT(TXT2PDF):   put temptxt $varying200. textlen "0d"x ;
MPRINT(TXT2PDF):   return;
MPRINT(TXT2PDF):   run;

NOTE: The infile "t-s-disp.out" is:
      Filename=/biometrics/gsi_stds/dss_2026/s0000000/final/draft1/prog/t-s-disp.out,
      Owner Name=cpearson1,
      Group Name=NA\domain^users,
      Access Permission=-rwxrwxrwx,
                                                                    The SAS System

      Last Modified=30Aug2026:15:40:40,
      File Size (bytes)=3125

NOTE: The file "t-s-disp.pdf" is:
      Filename=/biometrics/gsi_stds/dss_2026/s0000000/final/draft1/prog/t-s-disp.pdf,
      Owner Name=cpearson1,
      Group Name=NA\domain^users,
      Access Permission=-rwxrwxrwx,
      Last Modified=30Aug2026:15:40:40

NOTE: 48 records were read from the infile "t-s-disp.out".
      The minimum record length was 0.
      The maximum record length was 150.
NOTE: 89 records were written to the file "t-s-disp.pdf".
      The minimum record length was 3.
      The maximum record length was 154.
NOTE: DATA statement used (Total process time):
      real time           0.03 seconds
      cpu time            0.01 seconds
      

MPRINT(TABDRPT):  ;
MPRINT(TABDRPT):   * proc print data = summary;
MPRINT(TABDRPT):   * title3 'File SUMMARY as printed by PROC REPORT';
MPRINT(TABDRPT):   * run;
MPRINT(MK_T_S_DISP):  ;
MPRINT(MK_T_S_DISP):   proc datasets lib = WORK kill memtype = data nolist;
NOTE: Deleting WORK.ADSL_1 (memtype=DATA).
NOTE: Deleting WORK.ANALF (memtype=DATA).
NOTE: Deleting WORK.ANALFALL (memtype=DATA).
NOTE: Deleting WORK.ANALFNOT (memtype=DATA).
NOTE: Deleting WORK.ANALFPT (memtype=DATA).
NOTE: Deleting WORK.BYPAGE (memtype=DATA).
NOTE: Deleting WORK.CK_SSVARS (memtype=DATA).
NOTE: Deleting WORK.COL (memtype=DATA).
NOTE: Deleting WORK.COMBINE (memtype=DATA).
NOTE: Deleting WORK.COMBINE1 (memtype=DATA).
NOTE: Deleting WORK.COMBINE2 (memtype=DATA).
NOTE: Deleting WORK.COMBINE3 (memtype=DATA).
NOTE: Deleting WORK.COMBINE7 (memtype=DATA).
NOTE: Deleting WORK.CTLINES (memtype=DATA).
NOTE: Deleting WORK.HDPAGE (memtype=DATA).
NOTE: Deleting WORK.HEADER1 (memtype=DATA).
NOTE: Deleting WORK.ITTFL (memtype=DATA).
NOTE: Deleting WORK.M_COMBINE (memtype=DATA).
NOTE: Deleting WORK.M_DSOUT1 (memtype=DATA).
                                                                    The SAS System

NOTE: Deleting WORK.M_MACVAR (memtype=DATA).
NOTE: Deleting WORK.M_PIPE (memtype=DATA).
NOTE: Deleting WORK.M_SCRN (memtype=DATA).
NOTE: Deleting WORK.OPT_COMBINE (memtype=DATA).
NOTE: Deleting WORK.OPT_COMBINE1 (memtype=DATA).
NOTE: Deleting WORK.PAGESETNUMS (memtype=DATA).
NOTE: Deleting WORK.PAGESETTEXT (memtype=DATA).
NOTE: Deleting WORK.PKFL (memtype=DATA).
NOTE: Deleting WORK.SAFETY1 (memtype=DATA).
NOTE: Deleting WORK.SAFETY2 (memtype=DATA).
NOTE: Deleting WORK.SUMMARY (memtype=DATA).
NOTE: Deleting WORK.SUMMARY2 (memtype=DATA).
NOTE: Deleting WORK._CAT (memtype=DATA).
NOTE: Deleting WORK._CATNUMER (memtype=DATA).
NOTE: Deleting WORK._GETFMT1 (memtype=DATA).
NOTE: Deleting WORK._GETFMT2 (memtype=DATA).
NOTE: Deleting WORK._T1 (memtype=DATA).
NOTE: Deleting WORK._T2 (memtype=DATA).
NOTE: Deleting WORK._T3 (memtype=DATA).
NOTE: Deleting WORK._TABC1 (memtype=DATA).
MPRINT(MK_T_S_DISP):   run;

MPRINT(MK_T_S_DISP):   quit;

NOTE: PROCEDURE DATASETS used (Total process time):
      real time           0.00 seconds
      cpu time            0.01 seconds
      

2545      +
NOTE: %INCLUDE (level 1) ending.
NOTE: SAS Institute Inc., SAS Campus Drive, Cary, NC USA 27513-2414
NOTE: The SAS System used:
      real time           4.52 seconds
      cpu time            2.11 seconds
      

Grid Job Id: 214367
